ISO-10303-21;
HEADER;
FILE_DESCRIPTION (( 'STEP AP214' ),
    '1' );
FILE_NAME ('IHLP1616AB.STEP',
    '2014-08-20T18:29:42',
    ( '' ),
    ( '' ),
    'SwSTEP 2.0',
    'SolidWorks 2014',
    '' );
FILE_SCHEMA (( 'AUTOMOTIVE_DESIGN' ));
ENDSEC;

DATA;
#1 = DIRECTION ( 'NONE',  ( 0.0000000000000000000, 0.0000000000000000000, 1.000000000000000000 ) ) ;
#2 = SURFACE_SIDE_STYLE ('',( #399 ) ) ;
#3 = VERTEX_POINT ( 'NONE', #328 ) ;
#4 = COLOUR_RGB ( '',0.7529411764705882200, 0.7529411764705882200, 0.7529411764705882200 ) ;
#5 = EDGE_LOOP ( 'NONE', ( #878, #3097, #2742, #3069 ) ) ;
#6 = PLANE ( 'NONE',  #4170 ) ;
#7 = ORIENTED_EDGE ( 'NONE', *, *, #2269, .T. ) ;
#8 = CARTESIAN_POINT ( 'NONE',  ( -0.04318087669441705200, 0.1230718309748114700, 0.3409758418404165200 ) ) ;
#9 = VECTOR ( 'NONE', #1671, 39.37007874015748100 ) ;
#10 = DIRECTION ( 'NONE',  ( 0.0000000000000000000, -0.0000000000000000000, 1.000000000000000000 ) ) ;
#11 = CARTESIAN_POINT ( 'NONE',  ( -0.07274150661567688200, 0.1290718309748114800, 0.2671357095751810700 ) ) ;
#12 = CARTESIAN_POINT ( 'NONE',  ( -0.07276202745065013500, 0.1230675303703593800, 0.2645447334634628000 ) ) ;
#13 = CARTESIAN_POINT ( 'NONE',  ( 0.08981487459984327500, 0.1230643615147993900, 0.2566758358404213100 ) ) ;
#14 = FILL_AREA_STYLE_COLOUR ( '', #784 ) ;
#15 = CARTESIAN_POINT ( 'NONE',  ( -0.07278087669441706000, 0.1230718309748114700, 0.3163758418404165100 ) ) ;
#16 = ORIENTED_EDGE ( 'NONE', *, *, #854, .T. ) ;
#17 = ORIENTED_EDGE ( 'NONE', *, *, #2437, .F. ) ;
#18 = ORIENTED_EDGE ( 'NONE', *, *, #357, .F. ) ;
#19 = ORIENTED_EDGE ( 'NONE', *, *, #369, .F. ) ;
#20 = VERTEX_POINT ( 'NONE', #4122 ) ;
#21 = SURFACE_SIDE_STYLE ('',( #431 ) ) ;
#22 = MECHANICAL_DESIGN_GEOMETRIC_PRESENTATION_REPRESENTATION (  '', ( #92 ), #4014 ) ;
#23 = MECHANICAL_DESIGN_GEOMETRIC_PRESENTATION_REPRESENTATION (  '', ( #3370 ), #1532 ) ;
#24 = FACE_OUTER_BOUND ( 'NONE', #3662, .T. ) ;
#25 = CARTESIAN_POINT ( 'NONE',  ( -0.07278087669441706000, 0.1230718309748114700, 0.2196757618404199800 ) ) ;
#26 = ORIENTED_EDGE ( 'NONE', *, *, #3627, .F. ) ;
#27 = FILL_AREA_STYLE ('',( #437 ) ) ;
#28 = PRESENTATION_LAYER_ASSIGNMENT (  '', '', ( #92 ) ) ;
#29 = FILL_AREA_STYLE ('',( #1689 ) ) ;
#30 = CARTESIAN_POINT ( 'NONE',  ( 0.008519123305576416600, 0.1290718309748114800, 0.2196757618404103500 ) ) ;
#31 = PRESENTATION_STYLE_ASSIGNMENT (( #445 ) ) ;
#32 = PLANE ( 'NONE',  #1928 ) ;
#33 = DIRECTION ( 'NONE',  ( -1.000000000000000000, -0.0000000000000000000, -0.0000000000000000000 ) ) ;
#34 =( GEOMETRIC_REPRESENTATION_CONTEXT ( 3 ) GLOBAL_UNCERTAINTY_ASSIGNED_CONTEXT ( ( #1124 ) ) GLOBAL_UNIT_ASSIGNED_CONTEXT ( ( #1693, #442, #3364 ) ) REPRESENTATION_CONTEXT ( 'NONE', 'WORKASPACE' ) );
#35 = VERTEX_POINT ( 'NONE', #3692 ) ;
#36 = VECTOR ( 'NONE', #505, 39.37007874015748100 ) ;
#37 =( NAMED_UNIT ( * ) PLANE_ANGLE_UNIT ( ) SI_UNIT ( $, .RADIAN. ) );
#38 = EDGE_CURVE ( 'NONE', #3, #35, #3219, .T. ) ;
#39 = ORIENTED_EDGE ( 'NONE', *, *, #3694, .T. ) ;
#40 = PRESENTATION_LAYER_ASSIGNMENT (  '', '', ( #2962 ) ) ;
#41 = PLANE ( 'NONE',  #1240 ) ;
#42 = FACE_OUTER_BOUND ( 'NONE', #1538, .T. ) ;
#43 = DIRECTION ( 'NONE',  ( 0.0000000000000000000, 0.0000000000000000000, 1.000000000000000000 ) ) ;
#44 = DIRECTION ( 'NONE',  ( 0.0000000000000000000, 0.0000000000000000000, -1.000000000000000000 ) ) ;
#45 = DIRECTION ( 'NONE',  ( 0.0000000000000000000, 0.0000000000000000000, -1.000000000000000000 ) ) ;
#46 = ORIENTED_EDGE ( 'NONE', *, *, #4067, .F. ) ;
#47 = EDGE_CURVE ( 'NONE', #54, #3, #1922, .T. ) ;
#48 = CARTESIAN_POINT ( 'NONE',  ( 0.06021912330558299600, 0.1400718309748114600, 0.3163758418404165100 ) ) ;
#49 = FACE_OUTER_BOUND ( 'NONE', #2024, .T. ) ;
#50 = DIRECTION ( 'NONE',  ( -6.123233995736766000E-017, -1.000000000000000000, 1.161425468128656400E-032 ) ) ;
#51 = FILL_AREA_STYLE ('',( #3024 ) ) ;
#52 = SURFACE_STYLE_USAGE ( .BOTH. , #478 ) ;
#53 = DIRECTION ( 'NONE',  ( 1.896751731090606800E-016, -0.0000000000000000000, 1.000000000000000000 ) ) ;
#54 = VERTEX_POINT ( 'NONE', #239 ) ;
#55 = EDGE_LOOP ( 'NONE', ( #937, #1739, #3497, #1139 ) ) ;
#56 = ADVANCED_FACE ( 'NONE', ( #1403 ), #676, .T. ) ;
#57 =( LENGTH_UNIT ( ) NAMED_UNIT ( * ) SI_UNIT ( $, .METRE. ) );
#58 = ORIENTED_EDGE ( 'NONE', *, *, #2623, .F. ) ;
#59 = VERTEX_POINT ( 'NONE', #2057 ) ;
#60 = ORIENTED_EDGE ( 'NONE', *, *, #3643, .T. ) ;
#61 = LENGTH_MEASURE_WITH_UNIT ( LENGTH_MEASURE( 0.02539999999999999900 ), #714 );
#62 =( CONVERSION_BASED_UNIT ( 'INCH', #1078 ) LENGTH_UNIT ( ) NAMED_UNIT ( #3289 ) );
#63 = EDGE_CURVE ( 'NONE', #3394, #3459, #1611, .T. ) ;
#64 = SURFACE_STYLE_USAGE ( .BOTH. , #501 ) ;
#65 = DIRECTION ( 'NONE',  ( 0.0000000000000000000, 0.0000000000000000000, 1.000000000000000000 ) ) ;
#66 = PLANE ( 'NONE',  #1081 ) ;
#67 = VERTEX_POINT ( 'NONE', #4144 ) ;
#68 = MECHANICAL_DESIGN_GEOMETRIC_PRESENTATION_REPRESENTATION (  '', ( #87 ), #443 ) ;
#69 = LINE ( 'NONE', #3855, #2201 ) ;
#70 = VECTOR ( 'NONE', #2405, 39.37007874015748100 ) ;
#71 = CIRCLE ( 'NONE', #2956, 0.005000009999999941100 ) ;
#72 =( NAMED_UNIT ( * ) SI_UNIT ( $, .STERADIAN. ) SOLID_ANGLE_UNIT ( ) );
#73 = CARTESIAN_POINT ( 'NONE',  ( -0.06778087669441704200, 0.1400718309748114600, 0.2029758418404165300 ) ) ;
#74 = FILL_AREA_STYLE_COLOUR ( '', #1656 ) ;
#75 = PRESENTATION_LAYER_ASSIGNMENT (  '', '', ( #87 ) ) ;
#76 = SURFACE_STYLE_USAGE ( .BOTH. , #512 ) ;
#77 =( LENGTH_UNIT ( ) NAMED_UNIT ( * ) SI_UNIT ( $, .METRE. ) );
#78 = FILL_AREA_STYLE_COLOUR ( '', #124 ) ;
#79 =( NAMED_UNIT ( * ) PLANE_ANGLE_UNIT ( ) SI_UNIT ( $, .RADIAN. ) );
#80 =( NAMED_UNIT ( * ) PLANE_ANGLE_UNIT ( ) SI_UNIT ( $, .RADIAN. ) );
#81 = FACE_OUTER_BOUND ( 'NONE', #2869, .T. ) ;
#82 =( NAMED_UNIT ( * ) SI_UNIT ( $, .STERADIAN. ) SOLID_ANGLE_UNIT ( ) );
#83 = EDGE_CURVE ( 'NONE', #54, #3401, #3717, .T. ) ;
#84 = VERTEX_POINT ( 'NONE', #2381 ) ;
#85 = CIRCLE ( 'NONE', #3610, 0.02459999999999999300 ) ;
#86 =( CONVERSION_BASED_UNIT ( 'INCH', #4145 ) LENGTH_UNIT ( ) NAMED_UNIT ( #3577 ) );
#87 = STYLED_ITEM ( 'NONE', ( #1955 ), #3254 ) ;
#88 = ORIENTED_EDGE ( 'NONE', *, *, #1383, .F. ) ;
#89 = ADVANCED_FACE ( 'NONE', ( #2374 ), #253, .T. ) ;
#90 =( NAMED_UNIT ( * ) PLANE_ANGLE_UNIT ( ) SI_UNIT ( $, .RADIAN. ) );
#91 =( LENGTH_UNIT ( ) NAMED_UNIT ( * ) SI_UNIT ( $, .METRE. ) );
#92 = STYLED_ITEM ( 'NONE', ( #1264 ), #3277 ) ;
#93 = AXIS2_PLACEMENT_3D ( 'NONE', #375, #4164, #3741 ) ;
#94 = FILL_AREA_STYLE_COLOUR ( '', #1386 ) ;
#95 = AXIS2_PLACEMENT_3D ( 'NONE', #3050, #2604, #2187 ) ;
#96 = EDGE_LOOP ( 'NONE', ( #1056, #613, #3399, #2204, #2506 ) ) ;
#97 = SURFACE_STYLE_FILL_AREA ( #539 ) ;
#98 = EDGE_CURVE ( 'NONE', #109, #3715, #2694, .T. ) ;
#99 =( GEOMETRIC_REPRESENTATION_CONTEXT ( 3 ) GLOBAL_UNCERTAINTY_ASSIGNED_CONTEXT ( ( #3472 ) ) GLOBAL_UNIT_ASSIGNED_CONTEXT ( ( #229, #3106, #1795 ) ) REPRESENTATION_CONTEXT ( 'NONE', 'WORKASPACE' ) );
#100 = FILL_AREA_STYLE_COLOUR ( '', #1870 ) ;
#101 = STYLED_ITEM ( 'NONE', ( #1589 ), #3667 ) ;
#102 = FILL_AREA_STYLE_COLOUR ( '', #222 ) ;
#103 = AXIS2_PLACEMENT_3D ( 'NONE', #920, #466, #45 ) ;
#104 = SURFACE_STYLE_FILL_AREA ( #548 ) ;
#105 = COLOUR_RGB ( '',0.5019607843137254800, 0.5019607843137254800, 0.5019607843137254800 ) ;
#106 = CARTESIAN_POINT ( 'NONE',  ( 0.08751928130557350100, 0.1230718309748114700, 0.2626758478404200800 ) ) ;
#107 = ORIENTED_EDGE ( 'NONE', *, *, #4007, .T. ) ;
#108 = EDGE_LOOP ( 'NONE', ( #1237, #2274, #4066, #2736 ) ) ;
#109 = VERTEX_POINT ( 'NONE', #1006 ) ;
#110 =( LENGTH_UNIT ( ) NAMED_UNIT ( * ) SI_UNIT ( $, .METRE. ) );
#111 = EDGE_CURVE ( 'NONE', #67, #4121, #1416, .T. ) ;
#112 = ORIENTED_EDGE ( 'NONE', *, *, #3176, .T. ) ;
#113 =( NAMED_UNIT ( * ) SI_UNIT ( $, .STERADIAN. ) SOLID_ANGLE_UNIT ( ) );
#114 = COLOUR_RGB ( '',0.5019607843137254800, 0.5019607843137254800, 0.5019607843137254800 ) ;
#115 = AXIS2_PLACEMENT_3D ( 'NONE', #3752, #3288, #2844 ) ;
#116 = PRESENTATION_STYLE_ASSIGNMENT (( #563 ) ) ;
#117 = EDGE_CURVE ( 'NONE', #3145, #1194, #3487, .T. ) ;
#118 = ORIENTED_EDGE ( 'NONE', *, *, #1942, .T. ) ;
#119 = DIRECTION ( 'NONE',  ( 1.000000000000000000, 0.0000000000000000000, 0.0000000000000000000 ) ) ;
#120 = CARTESIAN_POINT ( 'NONE',  ( -0.04818087669441705600, 0.1230718309748114700, 0.2029758418404165300 ) ) ;
#121 = PRESENTATION_STYLE_ASSIGNMENT (( #569 ) ) ;
#122 = PRESENTATION_STYLE_ASSIGNMENT (( #570 ) ) ;
#123 = CYLINDRICAL_SURFACE ( 'NONE', #2407, 0.005000009999999941100 ) ;
#124 = COLOUR_RGB ( '',0.7529411764705882200, 0.7529411764705882200, 0.7529411764705882200 ) ;
#125 = VECTOR ( 'NONE', #3023, 39.37007874015748100 ) ;
#126 = CARTESIAN_POINT ( 'NONE',  ( -0.04818087669441705600, 0.09557183097481147800, 0.3409758418404165200 ) ) ;
#127 = SURFACE_STYLE_FILL_AREA ( #573 ) ;
#128 = CARTESIAN_POINT ( 'NONE',  ( 0.08981912330558290700, 0.1230324608960713100, 0.2996759218404226900 ) ) ;
#129 = FILL_AREA_STYLE_COLOUR ( '', #158 ) ;
#130 = PLANE ( 'NONE',  #680 ) ;
#131 = PLANE ( 'NONE',  #3571 ) ;
#132 = ORIENTED_EDGE ( 'NONE', *, *, #3407, .T. ) ;
#133 = ADVANCED_FACE ( 'NONE', ( #1200 ), #3456, .F. ) ;
#134 = ORIENTED_EDGE ( 'NONE', *, *, #3287, .T. ) ;
#135 =( LENGTH_UNIT ( ) NAMED_UNIT ( * ) SI_UNIT ( $, .METRE. ) );
#136 =( GEOMETRIC_REPRESENTATION_CONTEXT ( 3 ) GLOBAL_UNCERTAINTY_ASSIGNED_CONTEXT ( ( #3826 ) ) GLOBAL_UNIT_ASSIGNED_CONTEXT ( ( #236, #3117, #1803 ) ) REPRESENTATION_CONTEXT ( 'NONE', 'WORKASPACE' ) );
#137 = COLOUR_RGB ( '',0.7529411764705882200, 0.7529411764705882200, 0.7529411764705882200 ) ;
#138 = SURFACE_STYLE_USAGE ( .BOTH. , #584 ) ;
#139 = PRESENTATION_STYLE_ASSIGNMENT (( #585 ) ) ;
#140 = EDGE_CURVE ( 'NONE', #4045, #3727, #721, .T. ) ;
#141 = LENGTH_MEASURE_WITH_UNIT ( LENGTH_MEASURE( 0.02539999999999999900 ), #686 );
#142 = COLOUR_RGB ( '',0.5019607843137254800, 0.5019607843137254800, 0.5019607843137254800 ) ;
#143 = CARTESIAN_POINT ( 'NONE',  ( -0.07747737377349606100, 0.1267802006431017500, 0.2626758478404107600 ) ) ;
#144 = ORIENTED_EDGE ( 'NONE', *, *, #1639, .T. ) ;
#145 =( GEOMETRIC_REPRESENTATION_CONTEXT ( 3 ) GLOBAL_UNCERTAINTY_ASSIGNED_CONTEXT ( ( #2878 ) ) GLOBAL_UNIT_ASSIGNED_CONTEXT ( ( #3734, #2397, #1150 ) ) REPRESENTATION_CONTEXT ( 'NONE', 'WORKASPACE' ) );
#146 = MECHANICAL_DESIGN_GEOMETRIC_PRESENTATION_REPRESENTATION (  '', ( #3048 ), #1106 ) ;
#147 = CARTESIAN_POINT ( 'NONE',  ( 0.08981335460640378600, 0.1230660591469840800, 0.2632492446763459200 ) ) ;
#148 = CARTESIAN_POINT ( 'NONE',  ( 0.09581912330558323100, 0.2090673221727930000, 0.2196757618404102900 ) ) ;
#149 = DIRECTION ( 'NONE',  ( -0.5773502691896246200, -0.5773502691896279500, -0.5773502691896246200 ) ) ;
#150 = EDGE_CURVE ( 'NONE', #1456, #1757, #2197, .T. ) ;
#151 = LINE ( 'NONE', #3917, #1844 ) ;
#152 = DIRECTION ( 'NONE',  ( -1.505648144656230100E-016, 0.0000000000000000000, 1.000000000000000000 ) ) ;
#153 = PRESENTATION_LAYER_ASSIGNMENT (  '', '', ( #3048 ) ) ;
#154 = CARTESIAN_POINT ( 'NONE',  ( 0.008519123305576416600, 0.1290718309748114800, 0.2196757618404199800 ) ) ;
#155 = FILL_AREA_STYLE_COLOUR ( '', #843 ) ;
#156 = SURFACE_STYLE_FILL_AREA ( #599 ) ;
#157 = ORIENTED_EDGE ( 'NONE', *, *, #3702, .T. ) ;
#158 = COLOUR_RGB ( '',0.5019607843137254800, 0.5019607843137254800, 0.5019607843137254800 ) ;
#159 = ORIENTED_EDGE ( 'NONE', *, *, #521, .T. ) ;
#160 = DIRECTION ( 'NONE',  ( 1.000000000000000000, 0.0000000000000000000, 0.0000000000000000000 ) ) ;
#161 = FACE_OUTER_BOUND ( 'NONE', #1457, .T. ) ;
#162 = PRESENTATION_STYLE_ASSIGNMENT (( #604 ) ) ;
#163 = EDGE_CURVE ( 'NONE', #2596, #3928, #2292, .T. ) ;
#164 = LINE ( 'NONE', #3927, #3072 ) ;
#165 = VERTEX_POINT ( 'NONE', #620 ) ;
#166 = ORIENTED_EDGE ( 'NONE', *, *, #1982, .F. ) ;
#167 = ORIENTED_EDGE ( 'NONE', *, *, #2112, .F. ) ;
#168 = FILL_AREA_STYLE ('',( #609 ) ) ;
#169 = COLOUR_RGB ( '',0.7529411764705882200, 0.7529411764705882200, 0.7529411764705882200 ) ;
#170 = UNCERTAINTY_MEASURE_WITH_UNIT (LENGTH_MEASURE( 1.000000000000000100E-005 ), #1152, 'distance_accuracy_value', 'NONE');
#171 = LENGTH_MEASURE_WITH_UNIT ( LENGTH_MEASURE( 0.02539999999999999900 ), #3033 );
#172 = DIRECTION ( 'NONE',  ( 1.000000000000000000, -0.0000000000000000000, 0.0000000000000000000 ) ) ;
#173 = SURFACE_STYLE_FILL_AREA ( #611 ) ;
#174 = EDGE_CURVE ( 'NONE', #506, #1679, #1039, .T. ) ;
#175 = DIRECTION ( 'NONE',  ( 1.000000000000000000, 0.0000000000000000000, 0.0000000000000000000 ) ) ;
#176 = ORIENTED_EDGE ( 'NONE', *, *, #3176, .F. ) ;
#177 = FILL_AREA_STYLE_COLOUR ( '', #1438 ) ;
#178 = AXIS2_PLACEMENT_3D ( 'NONE', #3481, #3019, #2580 ) ;
#179 = LINE ( 'NONE', #3942, #3460 ) ;
#180 = DIRECTION ( 'NONE',  ( 0.0000000000000000000, 0.0000000000000000000, -1.000000000000000000 ) ) ;
#181 = CARTESIAN_POINT ( 'NONE',  ( -0.06835288210038117900, 0.1290718309748114800, 0.2996759218404222400 ) ) ;
#182 = CARTESIAN_POINT ( 'NONE',  ( -0.07278087669441706000, 0.1230718309748114700, 0.2029758418404165300 ) ) ;
#183 = CARTESIAN_POINT ( 'NONE',  ( 0.08979006118755908400, 0.1230718309748114700, 0.2535114642358209400 ) ) ;
#184 = SURFACE_STYLE_USAGE ( .BOTH. , #622 ) ;
#185 = FACE_OUTER_BOUND ( 'NONE', #2886, .T. ) ;
#186 = CIRCLE ( 'NONE', #1178, 0.02459999999999999300 ) ;
#187 = SURFACE_STYLE_USAGE ( .BOTH. , #624 ) ;
#188 = ORIENTED_EDGE ( 'NONE', *, *, #3722, .T. ) ;
#189 = ADVANCED_FACE ( 'NONE', ( #2595 ), #2857, .T. ) ;
#190 = LENGTH_MEASURE_WITH_UNIT ( LENGTH_MEASURE( 0.02539999999999999900 ), #2994 );
#191 = ORIENTED_EDGE ( 'NONE', *, *, #3849, .T. ) ;
#192 =( GEOMETRIC_REPRESENTATION_CONTEXT ( 3 ) GLOBAL_UNCERTAINTY_ASSIGNED_CONTEXT ( ( #492 ) ) GLOBAL_UNIT_ASSIGNED_CONTEXT ( ( #3763, #2430, #1183 ) ) REPRESENTATION_CONTEXT ( 'NONE', 'WORKASPACE' ) );
#193 = FILL_AREA_STYLE ('',( #632 ) ) ;
#194 = ORIENTED_EDGE ( 'NONE', *, *, #1460, .F. ) ;
#195 = CIRCLE ( 'NONE', #2811, 0.006039370078740163300 ) ;
#196 = EDGE_LOOP ( 'NONE', ( #191, #787, #1627, #895, #176 ) ) ;
#197 = EDGE_LOOP ( 'NONE', ( #2391, #3039, #971, #2834, #1867, #3169, #3844, #2942 ) ) ;
#198 = DIRECTION ( 'NONE',  ( 0.0000000000000000000, 0.0000000000000000000, 1.000000000000000000 ) ) ;
#199 = EDGE_CURVE ( 'NONE', #109, #280, #1182, .T. ) ;
#200 = AXIS2_PLACEMENT_3D ( 'NONE', #1234, #820, #355 ) ;
#201 = SURFACE_SIDE_STYLE ('',( #641 ) ) ;
#202 = LINE ( 'NONE', #2212, #2208 ) ;
#203 = SURFACE_STYLE_FILL_AREA ( #643 ) ;
#204 = COLOUR_RGB ( '',0.7529411764705882200, 0.7529411764705882200, 0.7529411764705882200 ) ;
#205 = VECTOR ( 'NONE', #1832, 39.37007874015748100 ) ;
#206 = DIRECTION ( 'NONE',  ( 0.0000000000000000000, 1.500998996800657300E-016, -1.000000000000000000 ) ) ;
#207 = CARTESIAN_POINT ( 'NONE',  ( 0.08981487459984327500, 0.1230643615147993900, 0.2626758478404199200 ) ) ;
#208 = PRESENTATION_STYLE_ASSIGNMENT (( #648 ) ) ;
#209 = CARTESIAN_POINT ( 'NONE',  ( 0.08977975322684274300, 0.1230718309748114700, 0.2671357095751886200 ) ) ;
#210 = MECHANICAL_DESIGN_GEOMETRIC_PRESENTATION_REPRESENTATION (  '', ( #3341 ), #1686 ) ;
#211 = EDGE_CURVE ( 'NONE', #2188, #3668, #3654, .T. ) ;
#212 = DIRECTION ( 'NONE',  ( 0.0000000000000000000, 1.000000000000000000, 0.0000000000000000000 ) ) ;
#213 = PRESENTATION_LAYER_ASSIGNMENT (  '', '', ( #3341 ) ) ;
#214 = CARTESIAN_POINT ( 'NONE',  ( 0.09581912330558292600, 0.1230324608960713000, 0.2596758418404240800 ) ) ;
#215 = ORIENTED_EDGE ( 'NONE', *, *, #4011, .F. ) ;
#216 = MECHANICAL_DESIGN_GEOMETRIC_PRESENTATION_REPRESENTATION (  '', ( #3043 ), #2593 ) ;
#217 = ORIENTED_EDGE ( 'NONE', *, *, #3054, .T. ) ;
#218 = CIRCLE ( 'NONE', #1812, 0.02459999999999999300 ) ;
#219 = DIRECTION ( 'NONE',  ( 0.0000000000000000000, 1.000000000000000000, 0.0000000000000000000 ) ) ;
#220 = VERTEX_POINT ( 'NONE', #2321 ) ;
#221 = ADVANCED_FACE ( 'NONE', ( #161 ), #1665, .T. ) ;
#222 = COLOUR_RGB ( '',0.7529411764705882200, 0.7529411764705882200, 0.7529411764705882200 ) ;
#223 = CARTESIAN_POINT ( 'NONE',  ( -0.07747737377349606100, 0.1267802006431017500, 0.2626758478404107600 ) ) ;
#224 = CARTESIAN_POINT ( 'NONE',  ( 0.08481912330558298600, 0.1290718309748114800, 0.2997087485525175600 ) ) ;
#225 = LINE ( 'NONE', #3994, #2129 ) ;
#226 = VERTEX_POINT ( 'NONE', #13 ) ;
#227 = FACE_OUTER_BOUND ( 'NONE', #2715, .T. ) ;
#228 = LINE ( 'NONE', #3996, #4001 ) ;
#229 =( CONVERSION_BASED_UNIT ( 'INCH', #1551 ) LENGTH_UNIT ( ) NAMED_UNIT ( #498 ) );
#230 = DIRECTION ( 'NONE',  ( 0.0000000000000000000, 0.0000000000000000000, 1.000000000000000000 ) ) ;
#231 = PLANE ( 'NONE',  #3869 ) ;
#232 = DIRECTION ( 'NONE',  ( 0.0000000000000000000, 0.0000000000000000000, -1.000000000000000000 ) ) ;
#233 = CARTESIAN_POINT ( 'NONE',  ( -0.07048103469440981900, 0.1290718309748114800, 0.2626758478404113700 ) ) ;
#234 = DIRECTION ( 'NONE',  ( 6.123233995736766000E-017, 1.000000000000000000, -1.161425468128656400E-032 ) ) ;
#235 =( LENGTH_UNIT ( ) NAMED_UNIT ( * ) SI_UNIT ( $, .METRE. ) );
#236 =( CONVERSION_BASED_UNIT ( 'INCH', #1509 ) LENGTH_UNIT ( ) NAMED_UNIT ( #519 ) );
#237 = ORIENTED_EDGE ( 'NONE', *, *, #2309, .T. ) ;
#238 = VECTOR ( 'NONE', #50, 39.37007874015748100 ) ;
#239 = CARTESIAN_POINT ( 'NONE',  ( 0.08481912330558298600, 0.1230718309748114700, 0.2676758578404200300 ) ) ;
#240 = LENGTH_MEASURE_WITH_UNIT ( LENGTH_MEASURE( 0.02539999999999999900 ), #837 );
#241 = VERTEX_POINT ( 'NONE', #3792 ) ;
#242 = DIRECTION ( 'NONE',  ( -0.6205514313863174100, 0.7841657484259259000, 1.177032001712751500E-016 ) ) ;
#243 = SURFACE_STYLE_FILL_AREA ( #683 ) ;
#244 =( NAMED_UNIT ( * ) PLANE_ANGLE_UNIT ( ) SI_UNIT ( $, .RADIAN. ) );
#245 = SURFACE_SIDE_STYLE ('',( #685 ) ) ;
#246 = ORIENTED_EDGE ( 'NONE', *, *, #2682, .F. ) ;
#247 = UNCERTAINTY_MEASURE_WITH_UNIT (LENGTH_MEASURE( 1.000000000000000100E-005 ), #3441, 'distance_accuracy_value', 'NONE');
#248 = SURFACE_STYLE_FILL_AREA ( #688 ) ;
#249 = CARTESIAN_POINT ( 'NONE',  ( -0.07278087669441706000, 0.1230324608960713100, 0.2196757618404199800 ) ) ;
#250 = CARTESIAN_POINT ( 'NONE',  ( -0.07277662798867741400, 0.1230643615147993900, 0.2626758478404107600 ) ) ;
#251 = CARTESIAN_POINT ( 'NONE',  ( -0.06835288210038120700, 0.1290718309748114800, 0.3046759318404223000 ) ) ;
#252 =( NAMED_UNIT ( * ) PLANE_ANGLE_UNIT ( ) SI_UNIT ( $, .RADIAN. ) );
#253 = PLANE ( 'NONE',  #1879 ) ;
#254 = CARTESIAN_POINT ( 'NONE',  ( 0.08981912330558321200, 0.2090673221727930300, 0.2996759218404226900 ) ) ;
#255 = SURFACE_SIDE_STYLE ('',( #696 ) ) ;
#256 = DIRECTION ( 'NONE',  ( -3.491481338843133000E-015, -1.000000000000000000, 6.622473273521262800E-031 ) ) ;
#257 = ORIENTED_EDGE ( 'NONE', *, *, #2612, .F. ) ;
#258 = ORIENTED_EDGE ( 'NONE', *, *, #3759, .F. ) ;
#259 = PRESENTATION_STYLE_ASSIGNMENT (( #700 ) ) ;
#260 = PRESENTATION_LAYER_ASSIGNMENT (  '', '', ( #277 ) ) ;
#261 = CARTESIAN_POINT ( 'NONE',  ( 0.08977975322684274300, 0.1290718309748114800, 0.2671357095751886200 ) ) ;
#262 = DIRECTION ( 'NONE',  ( 1.000000000000000000, 0.0000000000000000000, -1.153652024351462100E-016 ) ) ;
#263 = AXIS2_PLACEMENT_3D ( 'NONE', #1225, #807, #341 ) ;
#264 = ORIENTED_EDGE ( 'NONE', *, *, #3940, .F. ) ;
#265 = ORIENTED_EDGE ( 'NONE', *, *, #2591, .T. ) ;
#266 = FACE_OUTER_BOUND ( 'NONE', #2444, .T. ) ;
#267 = VERTEX_POINT ( 'NONE', #3330 ) ;
#268 =( NAMED_UNIT ( * ) SI_UNIT ( $, .STERADIAN. ) SOLID_ANGLE_UNIT ( ) );
#269 = VERTEX_POINT ( 'NONE', #2877 ) ;
#270 = CARTESIAN_POINT ( 'NONE',  ( 0.08481912330558298600, 0.1290718309748114800, 0.2196757618404103500 ) ) ;
#271 = PRESENTATION_STYLE_ASSIGNMENT (( #718 ) ) ;
#272 = CARTESIAN_POINT ( 'NONE',  ( -0.07878087669441810600, 0.1020718309748115100, 0.2996759218404222400 ) ) ;
#273 = CARTESIAN_POINT ( 'NONE',  ( -0.04818087669441705600, 0.09557183097481147800, 0.1783758418404165200 ) ) ;
#274 = CARTESIAN_POINT ( 'NONE',  ( 0.09338187360098379500, 0.1282128706043365600, 0.2551789996308411200 ) ) ;
#275 = LINE ( 'NONE', #4060, #430 ) ;
#276 = DIRECTION ( 'NONE',  ( -1.000000000000000000, 0.0000000000000000000, 0.0000000000000000000 ) ) ;
#277 = STYLED_ITEM ( 'NONE', ( #2017 ), #3089 ) ;
#278 = CARTESIAN_POINT ( 'NONE',  ( -0.1847741550361675600, 0.09557183097481074300, 0.2196757618404200100 ) ) ;
#279 = LINE ( 'NONE', #4064, #2783 ) ;
#280 = VERTEX_POINT ( 'NONE', #2456 ) ;
#281 = ORIENTED_EDGE ( 'NONE', *, *, #2782, .T. ) ;
#282 = PRESENTATION_LAYER_ASSIGNMENT (  '', '', ( #2130 ) ) ;
#283 = COLOUR_RGB ( '',0.7529411764705882200, 0.7529411764705882200, 0.7529411764705882200 ) ;
#284 = DIRECTION ( 'NONE',  ( -1.000000000000000000, 0.0000000000000000000, 0.0000000000000000000 ) ) ;
#285 = ORIENTED_EDGE ( 'NONE', *, *, #1372, .T. ) ;
#286 = VECTOR ( 'NONE', #3740, 39.37007874015748100 ) ;
#287 = VECTOR ( 'NONE', #2426, 39.37007874015748100 ) ;
#288 = ORIENTED_EDGE ( 'NONE', *, *, #1408, .T. ) ;
#289 = VECTOR ( 'NONE', #3897, 39.37007874015748100 ) ;
#290 = CARTESIAN_POINT ( 'NONE',  ( -0.07274150661567688200, 0.1290718309748114800, 0.2522159741056397800 ) ) ;
#291 = AXIS2_PLACEMENT_3D ( 'NONE', #2838, #732, #284 ) ;
#292 = DIRECTION ( 'NONE',  ( -1.896751731090606800E-016, 0.0000000000000000000, -1.000000000000000000 ) ) ;
#293 = COLOUR_RGB ( '',0.5019607843137254800, 0.5019607843137254800, 0.5019607843137254800 ) ;
#294 = CARTESIAN_POINT ( 'NONE',  ( 0.08977975322684274300, 0.1290718309748114800, 0.2671357095751886200 ) ) ;
#295 = CARTESIAN_POINT ( 'NONE',  ( 0.05281912330558290900, 0.1015718309748114700, 0.3046758418404165200 ) ) ;
#296 = LINE ( 'NONE', #4083, #2711 ) ;
#297 = FILL_AREA_STYLE_COLOUR ( '', #1710 ) ;
#298 =( NAMED_UNIT ( * ) SI_UNIT ( $, .STERADIAN. ) SOLID_ANGLE_UNIT ( ) );
#299 = DIRECTION ( 'NONE',  ( 1.000000000000000000, 0.0000000000000000000, -1.896751731090606800E-016 ) ) ;
#300 = DIRECTION ( 'NONE',  ( 1.000000000000000000, 0.0000000000000000000, -1.896751731090606800E-016 ) ) ;
#301 = CARTESIAN_POINT ( 'NONE',  ( -0.04318087669441705900, 0.1400718309748114600, 0.3409758418404165200 ) ) ;
#302 =( LENGTH_UNIT ( ) NAMED_UNIT ( * ) SI_UNIT ( $, .METRE. ) );
#303 = UNCERTAINTY_MEASURE_WITH_UNIT (LENGTH_MEASURE( 1.000000000000000100E-005 ), #999, 'distance_accuracy_value', 'NONE');
#304 = VERTEX_POINT ( 'NONE', #2015 ) ;
#305 = VERTEX_POINT ( 'NONE', #1582 ) ;
#306 = AXIS2_PLACEMENT_3D ( 'NONE', #4087, #3653, #3184 ) ;
#307 = CARTESIAN_POINT ( 'NONE',  ( -0.07277510799523792500, 0.1230660591469840800, 0.2561024390044818700 ) ) ;
#308 = ORIENTED_EDGE ( 'NONE', *, *, #1312, .F. ) ;
#309 = CARTESIAN_POINT ( 'NONE',  ( -0.04318087669441705900, 0.1400718309748114600, 0.3409758418404165200 ) ) ;
#310 = FACE_OUTER_BOUND ( 'NONE', #2737, .T. ) ;
#311 = SURFACE_SIDE_STYLE ('',( #766 ) ) ;
#312 = FACE_OUTER_BOUND ( 'NONE', #3338, .T. ) ;
#313 = CARTESIAN_POINT ( 'NONE',  ( 0.08977975322684274300, 0.1230718309748114700, 0.2522159741056527200 ) ) ;
#314 = CARTESIAN_POINT ( 'NONE',  ( 0.08539112871155016300, 0.1230718309748114700, 0.2996759218404226900 ) ) ;
#315 = ORIENTED_EDGE ( 'NONE', *, *, #3655, .F. ) ;
#316 = PLANE ( 'NONE',  #1909 ) ;
#317 = LINE ( 'NONE', #4111, #2775 ) ;
#318 = FILL_AREA_STYLE ('',( #3329 ) ) ;
#319 = LINE ( 'NONE', #4113, #1708 ) ;
#320 = FILL_AREA_STYLE_COLOUR ( '', #105 ) ;
#321 = PLANE ( 'NONE',  #2434 ) ;
#322 = FILL_AREA_STYLE ('',( #2792 ) ) ;
#323 = LENGTH_MEASURE_WITH_UNIT ( LENGTH_MEASURE( 0.02539999999999999900 ), #651 );
#324 =( LENGTH_UNIT ( ) NAMED_UNIT ( * ) SI_UNIT ( $, .METRE. ) );
#325 = VERTEX_POINT ( 'NONE', #1208 ) ;
#326 =( GEOMETRIC_REPRESENTATION_CONTEXT ( 3 ) GLOBAL_UNCERTAINTY_ASSIGNED_CONTEXT ( ( #3348 ) ) GLOBAL_UNIT_ASSIGNED_CONTEXT ( ( #1311, #37, #2910 ) ) REPRESENTATION_CONTEXT ( 'NONE', 'WORKASPACE' ) );
#327 = ORIENTED_EDGE ( 'NONE', *, *, #4041, .T. ) ;
#328 = CARTESIAN_POINT ( 'NONE',  ( 0.08481912330558298600, 0.1230718309748114700, 0.2516758258404213600 ) ) ;
#329 =( GEOMETRIC_REPRESENTATION_CONTEXT ( 3 ) GLOBAL_UNCERTAINTY_ASSIGNED_CONTEXT ( ( #4097 ) ) GLOBAL_UNIT_ASSIGNED_CONTEXT ( ( #2959, #1658, #409 ) ) REPRESENTATION_CONTEXT ( 'NONE', 'WORKASPACE' ) );
#330 = AXIS2_PLACEMENT_3D ( 'NONE', #1580, #1206, #775 ) ;
#331 = ORIENTED_EDGE ( 'NONE', *, *, #3957, .F. ) ;
#332 = FACE_OUTER_BOUND ( 'NONE', #3006, .T. ) ;
#333 = FACE_OUTER_BOUND ( 'NONE', #1161, .T. ) ;
#334 = DIRECTION ( 'NONE',  ( -1.000000000000000000, 0.0000000000000000000, 0.0000000000000000000 ) ) ;
#335 = CARTESIAN_POINT ( 'NONE',  ( -0.07274150661567688200, 0.1230718309748114700, 0.2522159741056397800 ) ) ;
#336 = MECHANICAL_DESIGN_GEOMETRIC_PRESENTATION_REPRESENTATION (  '', ( #350 ), #2987 ) ;
#337 = CARTESIAN_POINT ( 'NONE',  ( -0.07278087669441706000, 0.09557183097481147800, 0.2086758418404164900 ) ) ;
#338 = SURFACE_STYLE_USAGE ( .BOTH. , #800 ) ;
#339 = ORIENTED_EDGE ( 'NONE', *, *, #2041, .F. ) ;
#340 = LINE ( 'NONE', #4136, #3547 ) ;
#341 = DIRECTION ( 'NONE',  ( -1.896751731090606800E-016, 0.0000000000000000000, -1.000000000000000000 ) ) ;
#342 = CARTESIAN_POINT ( 'NONE',  ( 0.08977975322684274300, 0.1290718309748114800, 0.2522159741056527200 ) ) ;
#343 =( GEOMETRIC_REPRESENTATION_CONTEXT ( 3 ) GLOBAL_UNCERTAINTY_ASSIGNED_CONTEXT ( ( #3404 ) ) GLOBAL_UNIT_ASSIGNED_CONTEXT ( ( #483, #3392, #2077 ) ) REPRESENTATION_CONTEXT ( 'NONE', 'WORKASPACE' ) );
#344 =( NAMED_UNIT ( * ) PLANE_ANGLE_UNIT ( ) SI_UNIT ( $, .RADIAN. ) );
#345 = CARTESIAN_POINT ( 'NONE',  ( -0.04318087669441703800, 0.1400718309748114600, 0.2029758418404165300 ) ) ;
#346 = SURFACE_STYLE_USAGE ( .BOTH. , #812 ) ;
#347 =( CONVERSION_BASED_UNIT ( 'INCH', #2102 ) LENGTH_UNIT ( ) NAMED_UNIT ( #2149 ) );
#348 = PRESENTATION_STYLE_ASSIGNMENT (( #813 ) ) ;
#349 = ORIENTED_EDGE ( 'NONE', *, *, #753, .T. ) ;
#350 = STYLED_ITEM ( 'NONE', ( #1889 ), #3070 ) ;
#351 = VERTEX_POINT ( 'NONE', #777 ) ;
#352 = SURFACE_SIDE_STYLE ('',( #817 ) ) ;
#353 = FILL_AREA_STYLE_COLOUR ( '', #2124 ) ;
#354 = AXIS2_PLACEMENT_3D ( 'NONE', #3564, #3108, #2662 ) ;
#355 = DIRECTION ( 'NONE',  ( -1.000000000000000000, 0.0000000000000000000, 0.0000000000000000000 ) ) ;
#356 = DIRECTION ( 'NONE',  ( -1.000000000000000000, 0.0000000000000000000, -0.0000000000000000000 ) ) ;
#357 = EDGE_CURVE ( 'NONE', #2386, #3251, #319, .T. ) ;
#358 = STYLED_ITEM ( 'NONE', ( #3078 ), #1997 ) ;
#359 = ORIENTED_EDGE ( 'NONE', *, *, #4073, .F. ) ;
#360 = VERTEX_POINT ( 'NONE', #2779 ) ;
#361 = AXIS2_PLACEMENT_3D ( 'NONE', #2968, #2542, #2121 ) ;
#362 =( LENGTH_UNIT ( ) NAMED_UNIT ( * ) SI_UNIT ( $, .METRE. ) );
#363 = STYLED_ITEM ( 'NONE', ( #2972 ), #3354 ) ;
#364 = STYLED_ITEM ( 'NONE', ( #540 ), #1624 ) ;
#365 = VECTOR ( 'NONE', #1566, 39.37007874015748100 ) ;
#366 =( LENGTH_UNIT ( ) NAMED_UNIT ( * ) SI_UNIT ( $, .METRE. ) );
#367 = CARTESIAN_POINT ( 'NONE',  ( 0.08977975322684274300, 0.1230718309748114700, 0.2671357095751886200 ) ) ;
#368 = VERTEX_POINT ( 'NONE', #2346 ) ;
#369 = EDGE_CURVE ( 'NONE', #674, #785, #3207, .T. ) ;
#370 = LINE ( 'NONE', #4158, #2633 ) ;
#371 = PRESENTATION_STYLE_ASSIGNMENT (( #835 ) ) ;
#372 = SURFACE_SIDE_STYLE ('',( #839 ) ) ;
#373 = DIRECTION ( 'NONE',  ( 0.0000000000000000000, -0.0000000000000000000, 1.000000000000000000 ) ) ;
#374 = LINE ( 'NONE', #4163, #286 ) ;
#375 = CARTESIAN_POINT ( 'NONE',  ( -0.03978087669441711400, 0.1025718309748121800, 0.3236759698404213500 ) ) ;
#376 = ORIENTED_EDGE ( 'NONE', *, *, #1074, .F. ) ;
#377 = ORIENTED_EDGE ( 'NONE', *, *, #778, .T. ) ;
#378 = EDGE_CURVE ( 'NONE', #1736, #2179, #1093, .T. ) ;
#379 = DIRECTION ( 'NONE',  ( 1.000000000000000000, 0.0000000000000000000, -1.896751731090606800E-016 ) ) ;
#380 =( NAMED_UNIT ( * ) SI_UNIT ( $, .STERADIAN. ) SOLID_ANGLE_UNIT ( ) );
#381 = ORIENTED_EDGE ( 'NONE', *, *, #3054, .F. ) ;
#382 = COLOUR_RGB ( '',0.7529411764705882200, 0.7529411764705882200, 0.7529411764705882200 ) ;
#383 = VERTEX_POINT ( 'NONE', #3562 ) ;
#384 = EDGE_LOOP ( 'NONE', ( #2842, #822, #958, #2581, #2276, #331, #2767, #2151, #1702, #1527 ) ) ;
#385 = AXIS2_PLACEMENT_3D ( 'NONE', #4184, #3764, #3299 ) ;
#386 = ADVANCED_FACE ( 'NONE', ( #508 ), #499, .T. ) ;
#387 = VECTOR ( 'NONE', #842, 39.37007874015748100 ) ;
#388 = PLANE ( 'NONE',  #1377 ) ;
#389 = FACE_OUTER_BOUND ( 'NONE', #4037, .T. ) ;
#390 = CARTESIAN_POINT ( 'NONE',  ( -0.07274150661567688200, 0.1290718309748114800, 0.2522159741056397800 ) ) ;
#391 = COLOUR_RGB ( '',0.5019607843137254800, 0.5019607843137254800, 0.5019607843137254800 ) ;
#392 = CARTESIAN_POINT ( 'NONE',  ( 0.05681912330558289100, 0.1025718309748121800, 0.2196757618404103500 ) ) ;
#393 =( NAMED_UNIT ( * ) SI_UNIT ( $, .STERADIAN. ) SOLID_ANGLE_UNIT ( ) );
#394 = DIRECTION ( 'NONE',  ( 1.000000000000000000, 0.0000000000000000000, -1.896751731090606800E-016 ) ) ;
#395 =( GEOMETRIC_REPRESENTATION_CONTEXT ( 3 ) GLOBAL_UNCERTAINTY_ASSIGNED_CONTEXT ( ( #1430 ) ) GLOBAL_UNIT_ASSIGNED_CONTEXT ( ( #2452, #1201, #4108 ) ) REPRESENTATION_CONTEXT ( 'NONE', 'WORKASPACE' ) );
#396 = CARTESIAN_POINT ( 'NONE',  ( 0.05681912330558286400, 0.1015718309748117200, 0.2596758418404239700 ) ) ;
#397 = VECTOR ( 'NONE', #2665, 39.37007874015748100 ) ;
#398 = DIRECTION ( 'NONE',  ( -1.000000000000000000, 0.0000000000000000000, 0.0000000000000000000 ) ) ;
#399 = SURFACE_STYLE_FILL_AREA ( #868 ) ;
#400 = EDGE_CURVE ( 'NONE', #1847, #1023, #4146, .T. ) ;
#401 = ORIENTED_EDGE ( 'NONE', *, *, #3064, .F. ) ;
#402 = ORIENTED_EDGE ( 'NONE', *, *, #3007, .T. ) ;
#403 = COLOUR_RGB ( '',0.7529411764705882200, 0.7529411764705882200, 0.7529411764705882200 ) ;
#404 = LENGTH_MEASURE_WITH_UNIT ( LENGTH_MEASURE( 0.02539999999999999900 ), #2614 );
#405 = ORIENTED_EDGE ( 'NONE', *, *, #2354, .T. ) ;
#406 = EDGE_CURVE ( 'NONE', #1679, #1809, #2814, .T. ) ;
#407 = DIRECTION ( 'NONE',  ( 1.000000000000000000, 0.0000000000000000000, -1.896751731090606800E-016 ) ) ;
#408 = MECHANICAL_DESIGN_GEOMETRIC_PRESENTATION_REPRESENTATION (  '', ( #830 ), #3588 ) ;
#409 =( NAMED_UNIT ( * ) SI_UNIT ( $, .STERADIAN. ) SOLID_ANGLE_UNIT ( ) );
#410 = PRESENTATION_LAYER_ASSIGNMENT (  '', '', ( #830 ) ) ;
#411 = CIRCLE ( 'NONE', #1587, 0.005000009999999941100 ) ;
#412 = DIRECTION ( 'NONE',  ( 0.0000000000000000000, 1.000000000000000000, 0.0000000000000000000 ) ) ;
#413 = AXIS2_PLACEMENT_3D ( 'NONE', #2094, #1643, #1268 ) ;
#414 = ORIENTED_EDGE ( 'NONE', *, *, #2634, .F. ) ;
#415 = VECTOR ( 'NONE', #552, 39.37007874015748100 ) ;
#416 =( CONVERSION_BASED_UNIT ( 'INCH', #1290 ) LENGTH_UNIT ( ) NAMED_UNIT ( #1896 ) );
#417 = VECTOR ( 'NONE', #2295, 39.37007874015748100 ) ;
#418 = CARTESIAN_POINT ( 'NONE',  ( -0.07275181457639323700, 0.1230718309748114900, 0.2658402194450142900 ) ) ;
#419 = DIRECTION ( 'NONE',  ( 0.0000000000000000000, -0.0000000000000000000, -1.000000000000000000 ) ) ;
#420 = EDGE_CURVE ( 'NONE', #3987, #20, #859, .T. ) ;
#421 = PLANE ( 'NONE',  #354 ) ;
#422 =( CONVERSION_BASED_UNIT ( 'INCH', #4036 ) LENGTH_UNIT ( ) NAMED_UNIT ( #538 ) );
#423 = CIRCLE ( 'NONE', #550, 0.005000009999999941100 ) ;
#424 = DIRECTION ( 'NONE',  ( -1.896751731090606800E-016, 0.0000000000000000000, -1.000000000000000000 ) ) ;
#425 = ORIENTED_EDGE ( 'NONE', *, *, #3380, .T. ) ;
#426 = ORIENTED_EDGE ( 'NONE', *, *, #3865, .F. ) ;
#427 =( NAMED_UNIT ( * ) SI_UNIT ( $, .STERADIAN. ) SOLID_ANGLE_UNIT ( ) );
#428 = EDGE_CURVE ( 'NONE', #1260, #2572, #2087, .T. ) ;
#429 = ORIENTED_EDGE ( 'NONE', *, *, #2675, .T. ) ;
#430 = VECTOR ( 'NONE', #3622, 39.37007874015748100 ) ;
#431 = SURFACE_STYLE_FILL_AREA ( #896 ) ;
#432 = CIRCLE ( 'NONE', #769, 0.02459999999999999300 ) ;
#433 =( NAMED_UNIT ( * ) PLANE_ANGLE_UNIT ( ) SI_UNIT ( $, .RADIAN. ) );
#434 = LINE ( 'NONE', #25, #2425 ) ;
#435 = VERTEX_POINT ( 'NONE', #2272 ) ;
#436 = CYLINDRICAL_SURFACE ( 'NONE', #578, 0.006500000000000002300 ) ;
#437 = FILL_AREA_STYLE_COLOUR ( '', #1766 ) ;
#438 = DIRECTION ( 'NONE',  ( 0.0000000000000000000, 0.0000000000000000000, -1.000000000000000000 ) ) ;
#439 = VECTOR ( 'NONE', #1155, 39.37007874015748100 ) ;
#440 = LINE ( 'NONE', #30, #3639 ) ;
#441 =( NAMED_UNIT ( * ) PLANE_ANGLE_UNIT ( ) SI_UNIT ( $, .RADIAN. ) );
#442 =( NAMED_UNIT ( * ) PLANE_ANGLE_UNIT ( ) SI_UNIT ( $, .RADIAN. ) );
#443 =( GEOMETRIC_REPRESENTATION_CONTEXT ( 3 ) GLOBAL_UNCERTAINTY_ASSIGNED_CONTEXT ( ( #3554 ) ) GLOBAL_UNIT_ASSIGNED_CONTEXT ( ( #3612, #2286, #1030 ) ) REPRESENTATION_CONTEXT ( 'NONE', 'WORKASPACE' ) );
#444 = COLOUR_RGB ( '',0.7529411764705882200, 0.7529411764705882200, 0.7529411764705882200 ) ;
#445 = SURFACE_STYLE_USAGE ( .BOTH. , #908 ) ;
#446 =( CONVERSION_BASED_UNIT ( 'INCH', #3691 ) LENGTH_UNIT ( ) NAMED_UNIT ( #3546 ) );
#447 = VECTOR ( 'NONE', #1105, 39.37007874015748100 ) ;
#448 =( LENGTH_UNIT ( ) NAMED_UNIT ( * ) SI_UNIT ( $, .METRE. ) );
#449 = DIRECTION ( 'NONE',  ( -6.123233995736766000E-017, -1.000000000000000000, 1.161425468128656400E-032 ) ) ;
#450 = CARTESIAN_POINT ( 'NONE',  ( -0.04818087669441705600, 0.1230718309748114700, 0.1783758418404165200 ) ) ;
#451 =( LENGTH_UNIT ( ) NAMED_UNIT ( * ) SI_UNIT ( $, .METRE. ) );
#452 = ADVANCED_FACE ( 'NONE', ( #2882 ), #1628, .T. ) ;
#453 = ORIENTED_EDGE ( 'NONE', *, *, #2309, .F. ) ;
#454 =( NAMED_UNIT ( * ) SI_UNIT ( $, .STERADIAN. ) SOLID_ANGLE_UNIT ( ) );
#455 = COLOUR_RGB ( '',0.7529411764705882200, 0.7529411764705882200, 0.7529411764705882200 ) ;
#456 = UNCERTAINTY_MEASURE_WITH_UNIT (LENGTH_MEASURE( 1.000000000000000100E-005 ), #1849, 'distance_accuracy_value', 'NONE');
#457 =( NAMED_UNIT ( * ) PLANE_ANGLE_UNIT ( ) SI_UNIT ( $, .RADIAN. ) );
#458 = ORIENTED_EDGE ( 'NONE', *, *, #3007, .F. ) ;
#459 = EDGE_CURVE ( 'NONE', #844, #3140, #4169, .T. ) ;
#460 = VECTOR ( 'NONE', #2813, 39.37007874015748100 ) ;
#461 = DIRECTION ( 'NONE',  ( 0.0000000000000000000, 1.500998996798398500E-016, 1.000000000000000000 ) ) ;
#462 = LENGTH_MEASURE_WITH_UNIT ( LENGTH_MEASURE( 0.02539999999999999900 ), #3011 );
#463 = CIRCLE ( 'NONE', #2683, 0.005000010000000068600 ) ;
#464 = DIRECTION ( 'NONE',  ( 0.0000000000000000000, 1.000000000000000000, 0.0000000000000000000 ) ) ;
#465 = DIRECTION ( 'NONE',  ( -0.7071067811865495700, 0.7071067811865454600, 0.0000000000000000000 ) ) ;
#466 = DIRECTION ( 'NONE',  ( 0.0000000000000000000, 1.000000000000000000, -0.0000000000000000000 ) ) ;
#467 = EDGE_LOOP ( 'NONE', ( #3093, #1331, #1189, #2519 ) ) ;
#468 = AXIS2_PLACEMENT_3D ( 'NONE', #1272, #863, #394 ) ;
#469 = B_SPLINE_CURVE_WITH_KNOTS ( 'NONE', 3,
 ( #250, #4027, #3591, #3132 ),
 .UNSPECIFIED., .F., .F.,
 ( 4, 4 ),
 ( 0.0000000000000000000, 1.000000000000000000 ),
 .UNSPECIFIED. ) ;
#470 = DIRECTION ( 'NONE',  ( 1.000000000000000000, -3.552713678800500900E-015, -1.896751731090606800E-016 ) ) ;
#471 = DIMENSIONAL_EXPONENTS ( 1.000000000000000000, 0.0000000000000000000, 0.0000000000000000000, 0.0000000000000000000, 0.0000000000000000000, 0.0000000000000000000, 0.0000000000000000000 ) ;
#472 =( LENGTH_UNIT ( ) NAMED_UNIT ( * ) SI_UNIT ( $, .METRE. ) );
#473 = CARTESIAN_POINT ( 'NONE',  ( 0.08977975322684274300, 0.1290718309748114800, 0.2196757618404102900 ) ) ;
#474 = EDGE_CURVE ( 'NONE', #3051, #3260, #2412, .T. ) ;
#475 = STYLED_ITEM ( 'NONE', ( #162 ), #452 ) ;
#476 = DIRECTION ( 'NONE',  ( 1.505648144656230100E-016, -0.0000000000000000000, -1.000000000000000000 ) ) ;
#477 = PRESENTATION_STYLE_ASSIGNMENT (( #927 ) ) ;
#478 = SURFACE_SIDE_STYLE ('',( #928 ) ) ;
#479 = MECHANICAL_DESIGN_GEOMETRIC_PRESENTATION_REPRESENTATION (  '', ( #788 ), #2086 ) ;
#480 = DIMENSIONAL_EXPONENTS ( 1.000000000000000000, 0.0000000000000000000, 0.0000000000000000000, 0.0000000000000000000, 0.0000000000000000000, 0.0000000000000000000, 0.0000000000000000000 ) ;
#481 = CARTESIAN_POINT ( 'NONE',  ( -0.07274150661567688200, 0.1230324608960713100, 0.2996759218404222400 ) ) ;
#482 = AXIS2_PLACEMENT_3D ( 'NONE', #1181, #748, #299 ) ;
#483 =( CONVERSION_BASED_UNIT ( 'INCH', #993 ) LENGTH_UNIT ( ) NAMED_UNIT ( #1890 ) );
#484 = ORIENTED_EDGE ( 'NONE', *, *, #3375, .F. ) ;
#485 = COLOUR_RGB ( '',0.5019607843137254800, 0.5019607843137254800, 0.5019607843137254800 ) ;
#486 = DIMENSIONAL_EXPONENTS ( 1.000000000000000000, 0.0000000000000000000, 0.0000000000000000000, 0.0000000000000000000, 0.0000000000000000000, 0.0000000000000000000, 0.0000000000000000000 ) ;
#487 = VERTEX_POINT ( 'NONE', #1162 ) ;
#488 =( GEOMETRIC_REPRESENTATION_CONTEXT ( 3 ) GLOBAL_UNCERTAINTY_ASSIGNED_CONTEXT ( ( #2537 ) ) GLOBAL_UNIT_ASSIGNED_CONTEXT ( ( #1349, #80, #2949 ) ) REPRESENTATION_CONTEXT ( 'NONE', 'WORKASPACE' ) );
#489 = DIMENSIONAL_EXPONENTS ( 1.000000000000000000, 0.0000000000000000000, 0.0000000000000000000, 0.0000000000000000000, 0.0000000000000000000, 0.0000000000000000000, 0.0000000000000000000 ) ;
#490 =( NAMED_UNIT ( * ) PLANE_ANGLE_UNIT ( ) SI_UNIT ( $, .RADIAN. ) );
#491 = EDGE_CURVE ( 'NONE', #2740, #1758, #2027, .T. ) ;
#492 = UNCERTAINTY_MEASURE_WITH_UNIT (LENGTH_MEASURE( 1.000000000000000100E-005 ), #3763, 'distance_accuracy_value', 'NONE');
#493 = VERTEX_POINT ( 'NONE', #3634 ) ;
#494 = B_SPLINE_CURVE_WITH_KNOTS ( 'NONE', 3,
 ( #390, #4179, #3757, #3295 ),
 .UNSPECIFIED., .F., .F.,
 ( 4, 4 ),
 ( 0.0000000000000000000, 1.000000000000000000 ),
 .UNSPECIFIED. ) ;
#495 = DIMENSIONAL_EXPONENTS ( 1.000000000000000000, 0.0000000000000000000, 0.0000000000000000000, 0.0000000000000000000, 0.0000000000000000000, 0.0000000000000000000, 0.0000000000000000000 ) ;
#496 = ORIENTED_EDGE ( 'NONE', *, *, #1173, .F. ) ;
#497 = CIRCLE ( 'NONE', #880, 0.02459999999999999300 ) ;
#498 = DIMENSIONAL_EXPONENTS ( 1.000000000000000000, 0.0000000000000000000, 0.0000000000000000000, 0.0000000000000000000, 0.0000000000000000000, 0.0000000000000000000, 0.0000000000000000000 ) ;
#499 = CYLINDRICAL_SURFACE ( 'NONE', #200, 0.006039370078740163300 ) ;
#500 = DIMENSIONAL_EXPONENTS ( 1.000000000000000000, 0.0000000000000000000, 0.0000000000000000000, 0.0000000000000000000, 0.0000000000000000000, 0.0000000000000000000, 0.0000000000000000000 ) ;
#501 = SURFACE_SIDE_STYLE ('',( #939 ) ) ;
#502 =( CONVERSION_BASED_UNIT ( 'INCH', #1351 ) LENGTH_UNIT ( ) NAMED_UNIT ( #3278 ) );
#503 = EDGE_CURVE ( 'NONE', #351, #3638, #4070, .T. ) ;
#504 = DIRECTION ( 'NONE',  ( 0.0000000000000000000, 1.000000000000000000, 0.0000000000000000000 ) ) ;
#505 = DIRECTION ( 'NONE',  ( 1.896751731090606800E-016, 0.0000000000000000000, 1.000000000000000000 ) ) ;
#506 = VERTEX_POINT ( 'NONE', #1866 ) ;
#507 = DIRECTION ( 'NONE',  ( -1.000000000000000000, -6.982964699952515400E-015, 1.896751731090606800E-016 ) ) ;
#508 = FACE_OUTER_BOUND ( 'NONE', #891, .T. ) ;
#509 = DIMENSIONAL_EXPONENTS ( 1.000000000000000000, 0.0000000000000000000, 0.0000000000000000000, 0.0000000000000000000, 0.0000000000000000000, 0.0000000000000000000, 0.0000000000000000000 ) ;
#510 = CARTESIAN_POINT ( 'NONE',  ( -0.07048103469440981900, 0.1290718309748114800, 0.2516758258404095400 ) ) ;
#511 = PLANE ( 'NONE',  #2883 ) ;
#512 = SURFACE_SIDE_STYLE ('',( #948 ) ) ;
#513 = CARTESIAN_POINT ( 'NONE',  ( 0.09451562038465917400, 0.1267802006431051900, 0.2566758358404213100 ) ) ;
#514 = COLOUR_RGB ( '',0.5019607843137254800, 0.5019607843137254800, 0.5019607843137254800 ) ;
#515 = UNCERTAINTY_MEASURE_WITH_UNIT (LENGTH_MEASURE( 1.000000000000000100E-005 ), #534, 'distance_accuracy_value', 'NONE');
#516 = DIMENSIONAL_EXPONENTS ( 1.000000000000000000, 0.0000000000000000000, 0.0000000000000000000, 0.0000000000000000000, 0.0000000000000000000, 0.0000000000000000000, 0.0000000000000000000 ) ;
#517 = LENGTH_MEASURE_WITH_UNIT ( LENGTH_MEASURE( 0.02539999999999999900 ), #3153 );
#518 = ORIENTED_EDGE ( 'NONE', *, *, #2299, .F. ) ;
#519 = DIMENSIONAL_EXPONENTS ( 1.000000000000000000, 0.0000000000000000000, 0.0000000000000000000, 0.0000000000000000000, 0.0000000000000000000, 0.0000000000000000000, 0.0000000000000000000 ) ;
#520 = LENGTH_MEASURE_WITH_UNIT ( LENGTH_MEASURE( 0.02539999999999999900 ), #929 );
#521 = EDGE_CURVE ( 'NONE', #3904, #4121, #2303, .T. ) ;
#522 = EDGE_LOOP ( 'NONE', ( #1117, #2688, #2605, #3937, #2365, #3204, #1388, #1091 ) ) ;
#523 = DIMENSIONAL_EXPONENTS ( 1.000000000000000000, 0.0000000000000000000, 0.0000000000000000000, 0.0000000000000000000, 0.0000000000000000000, 0.0000000000000000000, 0.0000000000000000000 ) ;
#524 = COLOUR_RGB ( '',0.7529411764705882200, 0.7529411764705882200, 0.7529411764705882200 ) ;
#525 = ORIENTED_EDGE ( 'NONE', *, *, #4094, .F. ) ;
#526 = DIMENSIONAL_EXPONENTS ( 1.000000000000000000, 0.0000000000000000000, 0.0000000000000000000, 0.0000000000000000000, 0.0000000000000000000, 0.0000000000000000000, 0.0000000000000000000 ) ;
#527 = ORIENTED_EDGE ( 'NONE', *, *, #4007, .F. ) ;
#528 = DIMENSIONAL_EXPONENTS ( 1.000000000000000000, 0.0000000000000000000, 0.0000000000000000000, 0.0000000000000000000, 0.0000000000000000000, 0.0000000000000000000, 0.0000000000000000000 ) ;
#529 = ADVANCED_FACE ( 'NONE', ( #4166 ), #6, .F. ) ;
#530 =( GEOMETRIC_REPRESENTATION_CONTEXT ( 3 ) GLOBAL_UNCERTAINTY_ASSIGNED_CONTEXT ( ( #2171 ) ) GLOBAL_UNIT_ASSIGNED_CONTEXT ( ( #3008, #1706, #454 ) ) REPRESENTATION_CONTEXT ( 'NONE', 'WORKASPACE' ) );
#531 = MECHANICAL_DESIGN_GEOMETRIC_PRESENTATION_REPRESENTATION (  '', ( #544 ), #3012 ) ;
#532 = DIMENSIONAL_EXPONENTS ( 1.000000000000000000, 0.0000000000000000000, 0.0000000000000000000, 0.0000000000000000000, 0.0000000000000000000, 0.0000000000000000000, 0.0000000000000000000 ) ;
#533 = DIRECTION ( 'NONE',  ( 1.000000000000000000, 0.0000000000000000000, 0.0000000000000000000 ) ) ;
#534 =( CONVERSION_BASED_UNIT ( 'INCH', #2504 ) LENGTH_UNIT ( ) NAMED_UNIT ( #1836 ) );
#535 = PRESENTATION_LAYER_ASSIGNMENT (  '', '', ( #544 ) ) ;
#536 = VERTEX_POINT ( 'NONE', #2442 ) ;
#537 = COLOUR_RGB ( '',0.7529411764705882200, 0.7529411764705882200, 0.7529411764705882200 ) ;
#538 = DIMENSIONAL_EXPONENTS ( 1.000000000000000000, 0.0000000000000000000, 0.0000000000000000000, 0.0000000000000000000, 0.0000000000000000000, 0.0000000000000000000, 0.0000000000000000000 ) ;
#539 = FILL_AREA_STYLE ('',( #2214 ) ) ;
#540 = PRESENTATION_STYLE_ASSIGNMENT (( #964 ) ) ;
#541 =( NAMED_UNIT ( * ) PLANE_ANGLE_UNIT ( ) SI_UNIT ( $, .RADIAN. ) );
#542 =( LENGTH_UNIT ( ) NAMED_UNIT ( * ) SI_UNIT ( $, .METRE. ) );
#543 = CARTESIAN_POINT ( 'NONE',  ( -0.07747737377349606100, 0.1267802006431017500, 0.2626758478404107600 ) ) ;
#544 = STYLED_ITEM ( 'NONE', ( #2173 ), #2985 ) ;
#545 = DIMENSIONAL_EXPONENTS ( 1.000000000000000000, 0.0000000000000000000, 0.0000000000000000000, 0.0000000000000000000, 0.0000000000000000000, 0.0000000000000000000, 0.0000000000000000000 ) ;
#546 = DIRECTION ( 'NONE',  ( 1.000000000000000000, 0.0000000000000000000, -5.768260121757312800E-017 ) ) ;
#547 = EDGE_CURVE ( 'NONE', #580, #674, #3327, .T. ) ;
#548 = FILL_AREA_STYLE ('',( #969 ) ) ;
#549 = AXIS2_PLACEMENT_3D ( 'NONE', #3267, #2828, #2400 ) ;
#550 = AXIS2_PLACEMENT_3D ( 'NONE', #106, #3883, #3449 ) ;
#551 = DIMENSIONAL_EXPONENTS ( 1.000000000000000000, 0.0000000000000000000, 0.0000000000000000000, 0.0000000000000000000, 0.0000000000000000000, 0.0000000000000000000, 0.0000000000000000000 ) ;
#552 = DIRECTION ( 'NONE',  ( 0.0000000000000000000, -0.0000000000000000000, 1.000000000000000000 ) ) ;
#553 = VERTEX_POINT ( 'NONE', #4096 ) ;
#554 = ORIENTED_EDGE ( 'NONE', *, *, #3273, .T. ) ;
#555 = COLOUR_RGB ( '',0.7529411764705882200, 0.7529411764705882200, 0.7529411764705882200 ) ;
#556 = ORIENTED_EDGE ( 'NONE', *, *, #4078, .T. ) ;
#557 = DIMENSIONAL_EXPONENTS ( 1.000000000000000000, 0.0000000000000000000, 0.0000000000000000000, 0.0000000000000000000, 0.0000000000000000000, 0.0000000000000000000, 0.0000000000000000000 ) ;
#558 = ORIENTED_EDGE ( 'NONE', *, *, #1615, .T. ) ;
#559 = VERTEX_POINT ( 'NONE', #3666 ) ;
#560 = DIMENSIONAL_EXPONENTS ( 1.000000000000000000, 0.0000000000000000000, 0.0000000000000000000, 0.0000000000000000000, 0.0000000000000000000, 0.0000000000000000000, 0.0000000000000000000 ) ;
#561 = DIMENSIONAL_EXPONENTS ( 1.000000000000000000, 0.0000000000000000000, 0.0000000000000000000, 0.0000000000000000000, 0.0000000000000000000, 0.0000000000000000000, 0.0000000000000000000 ) ;
#562 = CIRCLE ( 'NONE', #2747, 0.005000009999999872500 ) ;
#563 = SURFACE_STYLE_USAGE ( .BOTH. , #976 ) ;
#564 = DIMENSIONAL_EXPONENTS ( 1.000000000000000000, 0.0000000000000000000, 0.0000000000000000000, 0.0000000000000000000, 0.0000000000000000000, 0.0000000000000000000, 0.0000000000000000000 ) ;
#565 = PRESENTATION_STYLE_ASSIGNMENT (( #978 ) ) ;
#566 = ORIENTED_EDGE ( 'NONE', *, *, #111, .T. ) ;
#567 = DIMENSIONAL_EXPONENTS ( 1.000000000000000000, 0.0000000000000000000, 0.0000000000000000000, 0.0000000000000000000, 0.0000000000000000000, 0.0000000000000000000, 0.0000000000000000000 ) ;
#568 = DIRECTION ( 'NONE',  ( 0.0000000000000000000, 1.000000000000000000, 0.0000000000000000000 ) ) ;
#569 = SURFACE_STYLE_USAGE ( .BOTH. , #984 ) ;
#570 = SURFACE_STYLE_USAGE ( .BOTH. , #985 ) ;
#571 = LENGTH_MEASURE_WITH_UNIT ( LENGTH_MEASURE( 0.02539999999999999900 ), #3238 );
#572 = LINE ( 'NONE', #126, #289 ) ;
#573 = FILL_AREA_STYLE ('',( #987 ) ) ;
#574 = DIRECTION ( 'NONE',  ( -1.000000000000000000, -6.982964699952515400E-015, 1.896751731090606800E-016 ) ) ;
#575 =( NAMED_UNIT ( * ) SI_UNIT ( $, .STERADIAN. ) SOLID_ANGLE_UNIT ( ) );
#576 = AXIS2_PLACEMENT_3D ( 'NONE', #3620, #3157, #2727 ) ;
#577 = PLANE ( 'NONE',  #3491 ) ;
#578 = AXIS2_PLACEMENT_3D ( 'NONE', #3618, #3155, #2723 ) ;
#579 = DIRECTION ( 'NONE',  ( -3.491481338843133000E-015, 1.000000000000000000, 6.622473273521262800E-031 ) ) ;
#580 = VERTEX_POINT ( 'NONE', #307 ) ;
#581 = ORIENTED_EDGE ( 'NONE', *, *, #2021, .F. ) ;
#582 = MECHANICAL_DESIGN_GEOMETRIC_PRESENTATION_REPRESENTATION (  '', ( #598 ), #3706 ) ;
#583 =( LENGTH_UNIT ( ) NAMED_UNIT ( * ) SI_UNIT ( $, .METRE. ) );
#584 = SURFACE_SIDE_STYLE ('',( #994 ) ) ;
#585 = SURFACE_STYLE_USAGE ( .BOTH. , #996 ) ;
#586 = LENGTH_MEASURE_WITH_UNIT ( LENGTH_MEASURE( 0.02539999999999999900 ), #682 );
#587 = PRESENTATION_LAYER_ASSIGNMENT (  '', '', ( #598 ) ) ;
#588 = LINE ( 'NONE', #143, #4086 ) ;
#589 = ORIENTED_EDGE ( 'NONE', *, *, #2451, .F. ) ;
#590 = LENGTH_MEASURE_WITH_UNIT ( LENGTH_MEASURE( 0.02539999999999999900 ), #583 );
#591 = DIRECTION ( 'NONE',  ( 1.000000000000000000, 0.0000000000000000000, -1.896751731090606800E-016 ) ) ;
#592 = LINE ( 'NONE', #148, #3609 ) ;
#593 = CARTESIAN_POINT ( 'NONE',  ( 0.07748578997224950200, 0.1262384976414782600, 0.2393425085070831100 ) ) ;
#594 = DIRECTION ( 'NONE',  ( 0.0000000000000000000, 0.0000000000000000000, -1.000000000000000000 ) ) ;
#595 = CARTESIAN_POINT ( 'NONE',  ( -0.06778087669441705500, 0.1230718309748114700, 0.3163758418404165100 ) ) ;
#596 = LINE ( 'NONE', #154, #2671 ) ;
#597 = DIRECTION ( 'NONE',  ( 1.000000000000000000, 0.0000000000000000000, -1.896751731090606800E-016 ) ) ;
#598 = STYLED_ITEM ( 'NONE', ( #348 ), #2983 ) ;
#599 = FILL_AREA_STYLE ('',( #1012 ) ) ;
#600 = VECTOR ( 'NONE', #1088, 39.37007874015748100 ) ;
#601 = PRODUCT_DEFINITION_CONTEXT ( 'detailed design', #3606, 'design' ) ;
#602 = ORIENTED_EDGE ( 'NONE', *, *, #3380, .F. ) ;
#603 = DIRECTION ( 'NONE',  ( 0.0000000000000000000, 0.0000000000000000000, 1.000000000000000000 ) ) ;
#604 = SURFACE_STYLE_USAGE ( .BOTH. , #1018 ) ;
#605 = DIRECTION ( 'NONE',  ( 6.123233995736766000E-017, 1.000000000000000000, -1.161425468128656400E-032 ) ) ;
#606 = ORIENTED_EDGE ( 'NONE', *, *, #3447, .T. ) ;
#607 = VERTEX_POINT ( 'NONE', #3194 ) ;
#608 = ORIENTED_EDGE ( 'NONE', *, *, #2063, .F. ) ;
#609 = FILL_AREA_STYLE_COLOUR ( '', #1079 ) ;
#610 = CARTESIAN_POINT ( 'NONE',  ( -0.07278087669441706000, 0.1230718309748114700, 0.3163758418404165100 ) ) ;
#611 = FILL_AREA_STYLE ('',( #1028 ) ) ;
#612 = DIRECTION ( 'NONE',  ( 0.0000000000000000000, 1.000000000000000000, 0.0000000000000000000 ) ) ;
#613 = ORIENTED_EDGE ( 'NONE', *, *, #1725, .T. ) ;
#614 = DIRECTION ( 'NONE',  ( 0.0000000000000000000, -1.000000000000000000, -0.0000000000000000000 ) ) ;
#615 =( NAMED_UNIT ( * ) PLANE_ANGLE_UNIT ( ) SI_UNIT ( $, .RADIAN. ) );
#616 = AXIS2_PLACEMENT_3D ( 'NONE', #1307, #3817, #3369 ) ;
#617 = CARTESIAN_POINT ( 'NONE',  ( 0.08981335460640378600, 0.1230660591469840800, 0.2632492446763459200 ) ) ;
#618 = DIRECTION ( 'NONE',  ( 0.0000000000000000000, -1.000000000000000000, 0.0000000000000000000 ) ) ;
#619 = CARTESIAN_POINT ( 'NONE',  ( 0.06021912330558299600, 0.1400718309748114600, 0.1783758418404165200 ) ) ;
#620 = CARTESIAN_POINT ( 'NONE',  ( -0.04818087669441705600, 0.09557183097481147800, 0.3409758418404165200 ) ) ;
#621 = CARTESIAN_POINT ( 'NONE',  ( 0.08977975322684274300, 0.1230718309748114700, 0.2522159741056527200 ) ) ;
#622 = SURFACE_SIDE_STYLE ('',( #1041 ) ) ;
#623 = PRESENTATION_STYLE_ASSIGNMENT (( #1042 ) ) ;
#624 = SURFACE_SIDE_STYLE ('',( #1045 ) ) ;
#625 = VECTOR ( 'NONE', #3945, 39.37007874015748100 ) ;
#626 = ORIENTED_EDGE ( 'NONE', *, *, #2366, .F. ) ;
#627 = VERTEX_POINT ( 'NONE', #2768 ) ;
#628 = STYLED_ITEM ( 'NONE', ( #751 ), #786 ) ;
#629 = ORIENTED_EDGE ( 'NONE', *, *, #3690, .F. ) ;
#630 = VECTOR ( 'NONE', #2505, 39.37007874015748100 ) ;
#631 = COLOUR_RGB ( '',0.7529411764705882200, 0.7529411764705882200, 0.7529411764705882200 ) ;
#632 = FILL_AREA_STYLE_COLOUR ( '', #2011 ) ;
#633 = MECHANICAL_DESIGN_GEOMETRIC_PRESENTATION_REPRESENTATION (  '', ( #1107 ), #3999 ) ;
#634 = ORIENTED_EDGE ( 'NONE', *, *, #1126, .F. ) ;
#635 = VECTOR ( 'NONE', #4031, 39.37007874015748100 ) ;
#636 = ORIENTED_EDGE ( 'NONE', *, *, #4050, .T. ) ;
#637 = VECTOR ( 'NONE', #33, 39.37007874015748100 ) ;
#638 = VERTEX_POINT ( 'NONE', #2331 ) ;
#639 = DIRECTION ( 'NONE',  ( 0.0000000000000000000, -1.000000000000000000, 0.0000000000000000000 ) ) ;
#640 = PRESENTATION_LAYER_ASSIGNMENT (  '', '', ( #3245 ) ) ;
#641 = SURFACE_STYLE_FILL_AREA ( #1062 ) ;
#642 = DIRECTION ( 'NONE',  ( 0.0000000000000000000, 0.0000000000000000000, -1.000000000000000000 ) ) ;
#643 = FILL_AREA_STYLE ('',( #1177 ) ) ;
#644 = VECTOR ( 'NONE', #1698, 39.37007874015748100 ) ;
#645 = CARTESIAN_POINT ( 'NONE',  ( 0.08981912330558293500, 0.1230636165015859000, 0.3163758418404165100 ) ) ;
#646 = DIRECTION ( 'NONE',  ( 1.000000000000000000, -0.0000000000000000000, -0.0000000000000000000 ) ) ;
#647 = PRESENTATION_STYLE_ASSIGNMENT (( #1070 ) ) ;
#648 = SURFACE_STYLE_USAGE ( .BOTH. , #1071 ) ;
#649 = UNCERTAINTY_MEASURE_WITH_UNIT (LENGTH_MEASURE( 1.000000000000000100E-005 ), #4160, 'distance_accuracy_value', 'NONE');
#650 = CARTESIAN_POINT ( 'NONE',  ( 0.08979158198951330000, 0.1230718309748114700, 0.2656490871759110700 ) ) ;
#651 =( LENGTH_UNIT ( ) NAMED_UNIT ( * ) SI_UNIT ( $, .METRE. ) );
#652 =( NAMED_UNIT ( * ) SI_UNIT ( $, .STERADIAN. ) SOLID_ANGLE_UNIT ( ) );
#653 = CARTESIAN_POINT ( 'NONE',  ( -0.07048103469440981900, 0.1290718309748114800, 0.2626758478404113700 ) ) ;
#654 = FACE_OUTER_BOUND ( 'NONE', #715, .T. ) ;
#655 = LINE ( 'NONE', #214, #659 ) ;
#656 = ORIENTED_EDGE ( 'NONE', *, *, #2619, .T. ) ;
#657 = ORIENTED_EDGE ( 'NONE', *, *, #38, .T. ) ;
#658 = CARTESIAN_POINT ( 'NONE',  ( 0.05681912330558283600, 0.09557183097481070100, 0.2996759218404226900 ) ) ;
#659 = VECTOR ( 'NONE', #3981, 39.37007874015748100 ) ;
#660 = ORIENTED_EDGE ( 'NONE', *, *, #2515, .T. ) ;
#661 = CARTESIAN_POINT ( 'NONE',  ( -0.07635136460271567400, 0.1282030928958328400, 0.2641624684186675800 ) ) ;
#662 = CARTESIAN_POINT ( 'NONE',  ( -0.06778087669441705500, 0.1230718309748114700, 0.2997087485525167200 ) ) ;
#663 = CARTESIAN_POINT ( 'NONE',  ( 0.08981912330558283800, 0.1020718309748114600, 0.2196757618404102900 ) ) ;
#664 =( LENGTH_UNIT ( ) NAMED_UNIT ( * ) SI_UNIT ( $, .METRE. ) );
#665 = VERTEX_POINT ( 'NONE', #1898 ) ;
#666 = CARTESIAN_POINT ( 'NONE',  ( -0.07747737377349606100, 0.1267802006431017500, 0.2566758358404118700 ) ) ;
#667 = CARTESIAN_POINT ( 'NONE',  ( -0.07278087669441706000, 0.1015718309748114700, 0.3163758418404165100 ) ) ;
#668 = PRESENTATION_STYLE_ASSIGNMENT (( #1095 ) ) ;
#669 = DIRECTION ( 'NONE',  ( 0.0000000000000000000, 0.0000000000000000000, 1.000000000000000000 ) ) ;
#670 = DIRECTION ( 'NONE',  ( 0.0000000000000000000, -1.000000000000000000, 0.0000000000000000000 ) ) ;
#671 = DIRECTION ( 'NONE',  ( -1.000000000000000000, -6.982964699952515400E-015, 1.896751731090606800E-016 ) ) ;
#672 = CARTESIAN_POINT ( 'NONE',  ( 0.08977975322684274300, 0.1290718309748114800, 0.2996759218404226900 ) ) ;
#673 =( NAMED_UNIT ( * ) SI_UNIT ( $, .STERADIAN. ) SOLID_ANGLE_UNIT ( ) );
#674 = VERTEX_POINT ( 'NONE', #1484 ) ;
#675 = MECHANICAL_DESIGN_GEOMETRIC_PRESENTATION_REPRESENTATION (  '', ( #679 ), #136 ) ;
#676 = PLANE ( 'NONE',  #3224 ) ;
#677 = PRESENTATION_LAYER_ASSIGNMENT (  '', '', ( #679 ) ) ;
#678 = CARTESIAN_POINT ( 'NONE',  ( 0.09451562038465917400, 0.1267802006431052200, 0.2596758418404205800 ) ) ;
#679 = STYLED_ITEM ( 'NONE', ( #2785 ), #2960 ) ;
#680 = AXIS2_PLACEMENT_3D ( 'NONE', #3902, #3468, #3002 ) ;
#681 =( GEOMETRIC_REPRESENTATION_CONTEXT ( 3 ) GLOBAL_UNCERTAINTY_ASSIGNED_CONTEXT ( ( #1141 ) ) GLOBAL_UNIT_ASSIGNED_CONTEXT ( ( #3794, #2459, #1210 ) ) REPRESENTATION_CONTEXT ( 'NONE', 'WORKASPACE' ) );
#682 =( LENGTH_UNIT ( ) NAMED_UNIT ( * ) SI_UNIT ( $, .METRE. ) );
#683 = FILL_AREA_STYLE ('',( #3700 ) ) ;
#684 = VECTOR ( 'NONE', #234, 39.37007874015748100 ) ;
#685 = SURFACE_STYLE_FILL_AREA ( #1116 ) ;
#686 =( LENGTH_UNIT ( ) NAMED_UNIT ( * ) SI_UNIT ( $, .METRE. ) );
#687 = ORIENTED_EDGE ( 'NONE', *, *, #3986, .T. ) ;
#688 = FILL_AREA_STYLE ('',( #1520 ) ) ;
#689 = DIRECTION ( 'NONE',  ( -1.000000000000000000, 0.0000000000000000000, 1.896751731090606800E-016 ) ) ;
#690 = DIRECTION ( 'NONE',  ( -1.000000000000000000, 0.0000000000000000000, 1.896751731090606800E-016 ) ) ;
#691 = DIRECTION ( 'NONE',  ( 0.0000000000000000000, -1.000000000000000000, 0.0000000000000000000 ) ) ;
#692 = EDGE_CURVE ( 'NONE', #2237, #894, #1080, .T. ) ;
#693 = LINE ( 'NONE', #254, #635 ) ;
#694 =( NAMED_UNIT ( * ) PLANE_ANGLE_UNIT ( ) SI_UNIT ( $, .RADIAN. ) );
#695 = ORIENTED_EDGE ( 'NONE', *, *, #3739, .T. ) ;
#696 = SURFACE_STYLE_FILL_AREA ( #1125 ) ;
#697 = DIRECTION ( 'NONE',  ( 1.896751731090606800E-016, 8.758115402030106700E-047, 1.000000000000000000 ) ) ;
#698 = AXIS2_PLACEMENT_3D ( 'NONE', #678, #242, #4013 ) ;
#699 = VERTEX_POINT ( 'NONE', #3548 ) ;
#700 = SURFACE_STYLE_USAGE ( .BOTH. , #1131 ) ;
#701 = STYLED_ITEM ( 'NONE', ( #208 ), #221 ) ;
#702 = CARTESIAN_POINT ( 'NONE',  ( 0.09159428319781549900, 0.1290718309748114800, 0.2656490889969323500 ) ) ;
#703 = CARTESIAN_POINT ( 'NONE',  ( 0.06521912330558293800, 0.09557183097481147800, 0.3106758418404165800 ) ) ;
#704 = ADVANCED_FACE ( 'NONE', ( #2887 ), #2889, .T. ) ;
#705 = AXIS2_PLACEMENT_3D ( 'NONE', #4021, #3583, #3127 ) ;
#706 = VERTEX_POINT ( 'NONE', #4162 ) ;
#707 = MECHANICAL_DESIGN_GEOMETRIC_PRESENTATION_REPRESENTATION (  '', ( #1017 ), #3397 ) ;
#708 = ORIENTED_EDGE ( 'NONE', *, *, #888, .F. ) ;
#709 = AXIS2_PLACEMENT_3D ( 'NONE', #1418, #1009, #597 ) ;
#710 = ORIENTED_EDGE ( 'NONE', *, *, #211, .T. ) ;
#711 = PRESENTATION_LAYER_ASSIGNMENT (  '', '', ( #3076 ) ) ;
#712 =( NAMED_UNIT ( * ) SI_UNIT ( $, .STERADIAN. ) SOLID_ANGLE_UNIT ( ) );
#713 =( NAMED_UNIT ( * ) SI_UNIT ( $, .STERADIAN. ) SOLID_ANGLE_UNIT ( ) );
#714 =( LENGTH_UNIT ( ) NAMED_UNIT ( * ) SI_UNIT ( $, .METRE. ) );
#715 = EDGE_LOOP ( 'NONE', ( #2906, #3853, #3896, #167, #1278 ) ) ;
#716 = EDGE_CURVE ( 'NONE', #627, #816, #3738, .T. ) ;
#717 = LINE ( 'NONE', #2717, #2284 ) ;
#718 = SURFACE_STYLE_USAGE ( .BOTH. , #1148 ) ;
#719 =( NAMED_UNIT ( * ) PLANE_ANGLE_UNIT ( ) SI_UNIT ( $, .RADIAN. ) );
#720 = LINE ( 'NONE', #272, #3528 ) ;
#721 = LINE ( 'NONE', #273, #1569 ) ;
#722 = CARTESIAN_POINT ( 'NONE',  ( 0.09160675212867845600, 0.1290718309748114800, 0.2537128103152329100 ) ) ;
#723 = PLANE ( 'NONE',  #468 ) ;
#724 =( GEOMETRIC_REPRESENTATION_CONTEXT ( 3 ) GLOBAL_UNCERTAINTY_ASSIGNED_CONTEXT ( ( #2403 ) ) GLOBAL_UNIT_ASSIGNED_CONTEXT ( ( #2118, #881, #3790 ) ) REPRESENTATION_CONTEXT ( 'NONE', 'WORKASPACE' ) );
#725 = DIRECTION ( 'NONE',  ( -1.896751731090606800E-016, 0.0000000000000000000, -1.000000000000000000 ) ) ;
#726 = CIRCLE ( 'NONE', #103, 0.02459999999999999300 ) ;
#727 = LINE ( 'NONE', #278, #3748 ) ;
#728 = DIRECTION ( 'NONE',  ( 1.000000000000000000, 0.0000000000000000000, -1.896751731090606800E-016 ) ) ;
#729 = LENGTH_MEASURE_WITH_UNIT ( LENGTH_MEASURE( 0.02539999999999999900 ), #977 );
#730 = ORIENTED_EDGE ( 'NONE', *, *, #1363, .F. ) ;
#731 = EDGE_CURVE ( 'NONE', #607, #957, #1979, .T. ) ;
#732 = DIRECTION ( 'NONE',  ( 1.896751731090606800E-016, -0.0000000000000000000, 1.000000000000000000 ) ) ;
#733 = MECHANICAL_DESIGN_GEOMETRIC_PRESENTATION_REPRESENTATION (  '', ( #739 ), #801 ) ;
#734 = ORIENTED_EDGE ( 'NONE', *, *, #1670, .F. ) ;
#735 = COLOUR_RGB ( '',0.7529411764705882200, 0.7529411764705882200, 0.7529411764705882200 ) ;
#736 = ORIENTED_EDGE ( 'NONE', *, *, #2659, .F. ) ;
#737 = PRESENTATION_LAYER_ASSIGNMENT (  '', '', ( #739 ) ) ;
#738 = CARTESIAN_POINT ( 'NONE',  ( -0.07455603658665110900, 0.1290718309748114800, 0.2537025946838972200 ) ) ;
#739 = STYLED_ITEM ( 'NONE', ( #2234 ), #2939 ) ;
#740 = EDGE_CURVE ( 'NONE', #3668, #706, #2059, .T. ) ;
#741 = CARTESIAN_POINT ( 'NONE',  ( -0.07274150661567688200, 0.1230324608960713100, 0.2196757618404199800 ) ) ;
#742 = DIRECTION ( 'NONE',  ( 0.0000000000000000000, 0.0000000000000000000, -1.000000000000000000 ) ) ;
#743 = CARTESIAN_POINT ( 'NONE',  ( -0.07278087669441706000, 0.1015718309748114700, 0.3046758418404165200 ) ) ;
#744 = CARTESIAN_POINT ( 'NONE',  ( 0.08481912330558298600, 0.1290718309748114800, 0.2516758258404213600 ) ) ;
#745 = COLOUR_RGB ( '',0.7529411764705882200, 0.7529411764705882200, 0.7529411764705882200 ) ;
#746 = PLANE ( 'NONE',  #2005 ) ;
#747 = LENGTH_MEASURE_WITH_UNIT ( LENGTH_MEASURE( 0.02539999999999999900 ), #3951 );
#748 = DIRECTION ( 'NONE',  ( 1.896751731090606800E-016, 0.0000000000000000000, 1.000000000000000000 ) ) ;
#749 = CARTESIAN_POINT ( 'NONE',  ( -0.07278087669441708800, 0.1015718309748114700, 0.2196757618404103500 ) ) ;
#750 = LINE ( 'NONE', #301, #3036 ) ;
#751 = PRESENTATION_STYLE_ASSIGNMENT (( #1185 ) ) ;
#752 =( CONVERSION_BASED_UNIT ( 'INCH', #1810 ) LENGTH_UNIT ( ) NAMED_UNIT ( #3314 ) );
#753 = EDGE_CURVE ( 'NONE', #935, #493, #3623, .T. ) ;
#754 = ORIENTED_EDGE ( 'NONE', *, *, #1659, .T. ) ;
#755 = ORIENTED_EDGE ( 'NONE', *, *, #740, .F. ) ;
#756 = DIMENSIONAL_EXPONENTS ( 1.000000000000000000, 0.0000000000000000000, 0.0000000000000000000, 0.0000000000000000000, 0.0000000000000000000, 0.0000000000000000000, 0.0000000000000000000 ) ;
#757 = COLOUR_RGB ( '',0.5019607843137254800, 0.5019607843137254800, 0.5019607843137254800 ) ;
#758 = CARTESIAN_POINT ( 'NONE',  ( -0.07277662798867741400, 0.1230643615147993900, 0.2566758358404118700 ) ) ;
#759 = DIMENSIONAL_EXPONENTS ( 1.000000000000000000, 0.0000000000000000000, 0.0000000000000000000, 0.0000000000000000000, 0.0000000000000000000, 0.0000000000000000000, 0.0000000000000000000 ) ;
#760 =( GEOMETRIC_REPRESENTATION_CONTEXT ( 3 ) GLOBAL_UNCERTAINTY_ASSIGNED_CONTEXT ( ( #3148 ) ) GLOBAL_UNIT_ASSIGNED_CONTEXT ( ( #2216, #965, #3878 ) ) REPRESENTATION_CONTEXT ( 'NONE', 'WORKASPACE' ) );
#761 = FACE_OUTER_BOUND ( 'NONE', #1579, .T. ) ;
#762 = EDGE_LOOP ( 'NONE', ( #112, #118, #2270, #2082 ) ) ;
#763 = ADVANCED_FACE ( 'NONE', ( #332 ), #3976, .F. ) ;
#764 = LINE ( 'NONE', #309, #4065 ) ;
#765 = DIMENSIONAL_EXPONENTS ( 1.000000000000000000, 0.0000000000000000000, 0.0000000000000000000, 0.0000000000000000000, 0.0000000000000000000, 0.0000000000000000000, 0.0000000000000000000 ) ;
#766 = SURFACE_STYLE_FILL_AREA ( #1197 ) ;
#767 = VECTOR ( 'NONE', #1199, 39.37007874015748100 ) ;
#768 = DIMENSIONAL_EXPONENTS ( 1.000000000000000000, 0.0000000000000000000, 0.0000000000000000000, 0.0000000000000000000, 0.0000000000000000000, 0.0000000000000000000, 0.0000000000000000000 ) ;
#769 = AXIS2_PLACEMENT_3D ( 'NONE', #3543, #2643, #2223 ) ;
#770 = COLOUR_RGB ( '',0.7529411764705882200, 0.7529411764705882200, 0.7529411764705882200 ) ;
#771 = CARTESIAN_POINT ( 'NONE',  ( 0.08481912330558298600, 0.1400718309748114600, 0.3163758418404165100 ) ) ;
#772 = CARTESIAN_POINT ( 'NONE',  ( -0.06778087669441708300, 0.1230718309748114700, 0.3163758418404164500 ) ) ;
#773 = ORIENTED_EDGE ( 'NONE', *, *, #1942, .F. ) ;
#774 = DIMENSIONAL_EXPONENTS ( 1.000000000000000000, 0.0000000000000000000, 0.0000000000000000000, 0.0000000000000000000, 0.0000000000000000000, 0.0000000000000000000, 0.0000000000000000000 ) ;
#775 = DIRECTION ( 'NONE',  ( -1.000000000000000000, 0.0000000000000000000, 1.896751731090606800E-016 ) ) ;
#776 = DIRECTION ( 'NONE',  ( 0.0000000000000000000, 0.0000000000000000000, 1.000000000000000000 ) ) ;
#777 = CARTESIAN_POINT ( 'NONE',  ( 0.06021912330558299600, 0.1400718309748114600, 0.3409758418404165200 ) ) ;
#778 = EDGE_CURVE ( 'NONE', #3715, #894, #864, .T. ) ;
#779 = DIRECTION ( 'NONE',  ( -3.491481338843133000E-015, -1.000000000000000000, 6.622473273521262800E-031 ) ) ;
#780 =( LENGTH_UNIT ( ) NAMED_UNIT ( * ) SI_UNIT ( $, .METRE. ) );
#781 = DIMENSIONAL_EXPONENTS ( 1.000000000000000000, 0.0000000000000000000, 0.0000000000000000000, 0.0000000000000000000, 0.0000000000000000000, 0.0000000000000000000, 0.0000000000000000000 ) ;
#782 =( NAMED_UNIT ( * ) PLANE_ANGLE_UNIT ( ) SI_UNIT ( $, .RADIAN. ) );
#783 = CARTESIAN_POINT ( 'NONE',  ( 0.08981335460640381400, 0.1230660591469840800, 0.2561024390044974200 ) ) ;
#784 = COLOUR_RGB ( '',0.5019607843137254800, 0.5019607843137254800, 0.5019607843137254800 ) ;
#785 = VERTEX_POINT ( 'NONE', #3300 ) ;
#786 = ADVANCED_FACE ( 'NONE', ( #4075 ), #3766, .T. ) ;
#787 = ORIENTED_EDGE ( 'NONE', *, *, #2577, .T. ) ;
#788 = STYLED_ITEM ( 'NONE', ( #371 ), #3932 ) ;
#789 =( CONVERSION_BASED_UNIT ( 'INCH', #3240 ) LENGTH_UNIT ( ) NAMED_UNIT ( #765 ) );
#790 = CIRCLE ( 'NONE', #385, 0.02459999999999999300 ) ;
#791 = PRESENTATION_LAYER_ASSIGNMENT (  '', '', ( #3850 ) ) ;
#792 = DIRECTION ( 'NONE',  ( 0.0000000000000000000, 0.7071067811865475700, -0.7071067811865475700 ) ) ;
#793 = DIMENSIONAL_EXPONENTS ( 1.000000000000000000, 0.0000000000000000000, 0.0000000000000000000, 0.0000000000000000000, 0.0000000000000000000, 0.0000000000000000000, 0.0000000000000000000 ) ;
#794 = UNCERTAINTY_MEASURE_WITH_UNIT (LENGTH_MEASURE( 1.000000000000000100E-005 ), #1733, 'distance_accuracy_value', 'NONE');
#795 = VECTOR ( 'NONE', #1319, 39.37007874015748100 ) ;
#796 = CARTESIAN_POINT ( 'NONE',  ( -0.07275333537834745300, 0.1230718309748114700, 0.2537025965049184400 ) ) ;
#797 = EDGE_CURVE ( 'NONE', #785, #1279, #3390, .T. ) ;
#798 = VECTOR ( 'NONE', #2872, 39.37007874015748100 ) ;
#799 = LINE ( 'NONE', #337, #2047 ) ;
#800 = SURFACE_SIDE_STYLE ('',( #1220 ) ) ;
#801 =( GEOMETRIC_REPRESENTATION_CONTEXT ( 3 ) GLOBAL_UNCERTAINTY_ASSIGNED_CONTEXT ( ( #3867 ) ) GLOBAL_UNIT_ASSIGNED_CONTEXT ( ( #3889, #2557, #1298 ) ) REPRESENTATION_CONTEXT ( 'NONE', 'WORKASPACE' ) );
#802 = ORIENTED_EDGE ( 'NONE', *, *, #2634, .T. ) ;
#803 = FACE_OUTER_BOUND ( 'NONE', #2199, .T. ) ;
#804 = DIMENSIONAL_EXPONENTS ( 1.000000000000000000, 0.0000000000000000000, 0.0000000000000000000, 0.0000000000000000000, 0.0000000000000000000, 0.0000000000000000000, 0.0000000000000000000 ) ;
#805 = FACE_OUTER_BOUND ( 'NONE', #3600, .T. ) ;
#806 = LINE ( 'NONE', #2798, #3518 ) ;
#807 = DIRECTION ( 'NONE',  ( 0.6205514313857430900, 0.7841657484263804300, -1.177032001711662100E-016 ) ) ;
#808 = DIRECTION ( 'NONE',  ( 7.173819169229555300E-016, 0.0000000000000000000, -1.000000000000000000 ) ) ;
#809 = CIRCLE ( 'NONE', #2064, 0.005000009999999974900 ) ;
#810 = DIMENSIONAL_EXPONENTS ( 1.000000000000000000, 0.0000000000000000000, 0.0000000000000000000, 0.0000000000000000000, 0.0000000000000000000, 0.0000000000000000000, 0.0000000000000000000 ) ;
#811 =( NAMED_UNIT ( * ) SI_UNIT ( $, .STERADIAN. ) SOLID_ANGLE_UNIT ( ) );
#812 = SURFACE_SIDE_STYLE ('',( #1228 ) ) ;
#813 = SURFACE_STYLE_USAGE ( .BOTH. , #1230 ) ;
#814 =( NAMED_UNIT ( * ) SI_UNIT ( $, .STERADIAN. ) SOLID_ANGLE_UNIT ( ) );
#815 = ADVANCED_FACE ( 'NONE', ( #3982 ), #2498, .T. ) ;
#816 = VERTEX_POINT ( 'NONE', #2349 ) ;
#817 = SURFACE_STYLE_FILL_AREA ( #1232 ) ;
#818 = DIRECTION ( 'NONE',  ( -0.5773502691896251800, 0.5773502691896259500, 0.5773502691896259500 ) ) ;
#819 =( GEOMETRIC_REPRESENTATION_CONTEXT ( 3 ) GLOBAL_UNCERTAINTY_ASSIGNED_CONTEXT ( ( #3164 ) ) GLOBAL_UNIT_ASSIGNED_CONTEXT ( ( #3366, #2045, #811 ) ) REPRESENTATION_CONTEXT ( 'NONE', 'WORKASPACE' ) );
#820 = DIRECTION ( 'NONE',  ( -1.896751731090606800E-016, 0.0000000000000000000, -1.000000000000000000 ) ) ;
#821 = DIRECTION ( 'NONE',  ( 0.0000000000000000000, 0.0000000000000000000, -1.000000000000000000 ) ) ;
#822 = ORIENTED_EDGE ( 'NONE', *, *, #3697, .F. ) ;
#823 = VERTEX_POINT ( 'NONE', #1914 ) ;
#824 = EDGE_CURVE ( 'NONE', #3051, #536, #1502, .T. ) ;
#825 = MECHANICAL_DESIGN_GEOMETRIC_PRESENTATION_REPRESENTATION (  '', ( #1043 ), #1588 ) ;
#826 = LENGTH_MEASURE_WITH_UNIT ( LENGTH_MEASURE( 0.02539999999999999900 ), #2210 );
#827 = COLOUR_RGB ( '',0.7529411764705882200, 0.7529411764705882200, 0.7529411764705882200 ) ;
#828 = UNCERTAINTY_MEASURE_WITH_UNIT (LENGTH_MEASURE( 1.000000000000000100E-005 ), #789, 'distance_accuracy_value', 'NONE');
#829 = PRESENTATION_LAYER_ASSIGNMENT (  '', '', ( #2156 ) ) ;
#830 = STYLED_ITEM ( 'NONE', ( #3947 ), #3029 ) ;
#831 = FILL_AREA_STYLE_COLOUR ( '', #735 ) ;
#832 = ORIENTED_EDGE ( 'NONE', *, *, #3306, .F. ) ;
#833 =( NAMED_UNIT ( * ) SI_UNIT ( $, .STERADIAN. ) SOLID_ANGLE_UNIT ( ) );
#834 = DIRECTION ( 'NONE',  ( 0.0000000000000000000, -1.000000000000000000, 0.0000000000000000000 ) ) ;
#835 = SURFACE_STYLE_USAGE ( .BOTH. , #1247 ) ;
#836 =( NAMED_UNIT ( * ) SI_UNIT ( $, .STERADIAN. ) SOLID_ANGLE_UNIT ( ) );
#837 =( LENGTH_UNIT ( ) NAMED_UNIT ( * ) SI_UNIT ( $, .METRE. ) );
#838 = EDGE_CURVE ( 'NONE', #1678, #894, #4000, .T. ) ;
#839 = SURFACE_STYLE_FILL_AREA ( #1248 ) ;
#840 =( NAMED_UNIT ( * ) PLANE_ANGLE_UNIT ( ) SI_UNIT ( $, .RADIAN. ) );
#841 = DIRECTION ( 'NONE',  ( 0.0000000000000000000, 1.000000000000000000, 0.0000000000000000000 ) ) ;
#842 = DIRECTION ( 'NONE',  ( 1.000000000000000000, 0.0000000000000000000, -1.896751731090606800E-016 ) ) ;
#843 = COLOUR_RGB ( '',0.7529411764705882200, 0.7529411764705882200, 0.7529411764705882200 ) ;
#844 = VERTEX_POINT ( 'NONE', #2663 ) ;
#845 = UNCERTAINTY_MEASURE_WITH_UNIT (LENGTH_MEASURE( 1.000000000000000100E-005 ), #2607, 'distance_accuracy_value', 'NONE');
#846 = DIRECTION ( 'NONE',  ( 0.0000000000000000000, 1.000000000000000000, 0.0000000000000000000 ) ) ;
#847 = ADVANCED_FACE ( 'NONE', ( #2982 ), #231, .F. ) ;
#848 = ORIENTED_EDGE ( 'NONE', *, *, #2343, .T. ) ;
#849 = VERTEX_POINT ( 'NONE', #342 ) ;
#850 = ORIENTED_EDGE ( 'NONE', *, *, #420, .F. ) ;
#851 = MECHANICAL_DESIGN_GEOMETRIC_PRESENTATION_REPRESENTATION (  '', ( #909 ), #2566 ) ;
#852 = COLOUR_RGB ( '',0.7529411764705882200, 0.7529411764705882200, 0.7529411764705882200 ) ;
#853 = PRESENTATION_LAYER_ASSIGNMENT (  '', '', ( #909 ) ) ;
#854 = EDGE_CURVE ( 'NONE', #2559, #2237, #4138, .T. ) ;
#855 = PRESENTATION_STYLE_ASSIGNMENT (( #1263 ) ) ;
#856 = VECTOR ( 'NONE', #2311, 39.37007874015748100 ) ;
#857 = CARTESIAN_POINT ( 'NONE',  ( -0.07278087669441706000, 0.1015718309748114700, 0.2146758418404165200 ) ) ;
#858 = B_SPLINE_CURVE_WITH_KNOTS ( 'NONE', 3,
 ( #621, #183, #3946, #3514 ),
 .UNSPECIFIED., .F., .F.,
 ( 4, 4 ),
 ( 0.0000000000000000000, 0.8714318651446325600 ),
 .UNSPECIFIED. ) ;
#859 = B_SPLINE_CURVE_WITH_KNOTS ( 'NONE', 3,
 ( #1530, #1134, #702, #261 ),
 .UNSPECIFIED., .F., .F.,
 ( 4, 4 ),
 ( 0.0000000000000000000, 1.000000000000000000 ),
 .UNSPECIFIED. ) ;
#860 = LINE ( 'NONE', #392, #3436 ) ;
#861 =( LENGTH_UNIT ( ) NAMED_UNIT ( * ) SI_UNIT ( $, .METRE. ) );
#862 =( LENGTH_UNIT ( ) NAMED_UNIT ( * ) SI_UNIT ( $, .METRE. ) );
#863 = DIRECTION ( 'NONE',  ( 1.896751731090606800E-016, -0.0000000000000000000, 1.000000000000000000 ) ) ;
#864 = LINE ( 'NONE', #396, #3964 ) ;
#865 = CIRCLE ( 'NONE', #616, 0.005000010000000068600 ) ;
#866 = CARTESIAN_POINT ( 'NONE',  ( 0.08981912330558293500, 0.1230718309748114700, 0.3163758418404165100 ) ) ;
#867 = FACE_OUTER_BOUND ( 'NONE', #2978, .T. ) ;
#868 = FILL_AREA_STYLE ('',( #1275 ) ) ;
#869 = EDGE_CURVE ( 'NONE', #1166, #267, #1784, .T. ) ;
#870 = ORIENTED_EDGE ( 'NONE', *, *, #3273, .F. ) ;
#871 = COLOUR_RGB ( '',0.7529411764705882200, 0.7529411764705882200, 0.7529411764705882200 ) ;
#872 = VERTEX_POINT ( 'NONE', #1118 ) ;
#873 = DIRECTION ( 'NONE',  ( 0.0000000000000000000, 1.000000000000000000, 0.0000000000000000000 ) ) ;
#874 = ADVANCED_FACE ( 'NONE', ( #3798 ), #1917, .T. ) ;
#875 = MECHANICAL_DESIGN_GEOMETRIC_PRESENTATION_REPRESENTATION (  '', ( #3191 ), #3255 ) ;
#876 = CARTESIAN_POINT ( 'NONE',  ( 0.06521912330558293800, 0.1230718309748114700, 0.3163758418404165100 ) ) ;
#877 = PRESENTATION_STYLE_ASSIGNMENT (( #1281 ) ) ;
#878 = ORIENTED_EDGE ( 'NONE', *, *, #1363, .T. ) ;
#879 = COLOUR_RGB ( '',0.5019607843137254800, 0.5019607843137254800, 0.5019607843137254800 ) ;
#880 = AXIS2_PLACEMENT_3D ( 'NONE', #1505, #4005, #3568 ) ;
#881 =( NAMED_UNIT ( * ) PLANE_ANGLE_UNIT ( ) SI_UNIT ( $, .RADIAN. ) );
#882 = CARTESIAN_POINT ( 'NONE',  ( -0.07274150661567689600, 0.1230718309748114700, 0.2671357095751810700 ) ) ;
#883 = DIRECTION ( 'NONE',  ( 0.0000000000000000000, -1.000000000000000000, 0.0000000000000000000 ) ) ;
#884 =( NAMED_UNIT ( * ) SI_UNIT ( $, .STERADIAN. ) SOLID_ANGLE_UNIT ( ) );
#885 = DIRECTION ( 'NONE',  ( -0.5773502691896244000, -0.5773502691896277300, 0.5773502691896251800 ) ) ;
#886 =( LENGTH_UNIT ( ) NAMED_UNIT ( * ) SI_UNIT ( $, .METRE. ) );
#887 = PRESENTATION_STYLE_ASSIGNMENT (( #1288 ) ) ;
#888 = EDGE_CURVE ( 'NONE', #2810, #1137, #1860, .T. ) ;
#889 = LENGTH_MEASURE_WITH_UNIT ( LENGTH_MEASURE( 0.02539999999999999900 ), #2516 );
#890 = CARTESIAN_POINT ( 'NONE',  ( 0.08977975322684274300, 0.1290718309748114800, 0.2596758418404240800 ) ) ;
#891 = EDGE_LOOP ( 'NONE', ( #2058, #2800, #107, #1770, #4074, #2083, #1294, #2174 ) ) ;
#892 = ORIENTED_EDGE ( 'NONE', *, *, #4120, .F. ) ;
#893 = COLOUR_RGB ( '',0.5019607843137254800, 0.5019607843137254800, 0.5019607843137254800 ) ;
#894 = VERTEX_POINT ( 'NONE', #2666 ) ;
#895 = ORIENTED_EDGE ( 'NONE', *, *, #3743, .T. ) ;
#896 = FILL_AREA_STYLE ('',( #1296 ) ) ;
#897 = MECHANICAL_DESIGN_GEOMETRIC_PRESENTATION_REPRESENTATION (  '', ( #906 ), #2033 ) ;
#898 = CYLINDRICAL_SURFACE ( 'NONE', #1109, 0.005000009999999974900 ) ;
#899 =( NAMED_UNIT ( * ) PLANE_ANGLE_UNIT ( ) SI_UNIT ( $, .RADIAN. ) );
#900 = DIRECTION ( 'NONE',  ( 0.0000000000000000000, 0.0000000000000000000, 1.000000000000000000 ) ) ;
#901 = PRESENTATION_LAYER_ASSIGNMENT (  '', '', ( #906 ) ) ;
#902 = ORIENTED_EDGE ( 'NONE', *, *, #1615, .F. ) ;
#903 = DIRECTION ( 'NONE',  ( 0.0000000000000000000, 0.0000000000000000000, 1.000000000000000000 ) ) ;
#904 = CARTESIAN_POINT ( 'NONE',  ( 0.08981912330558293500, 0.1230718309748114700, 0.3163758418404165100 ) ) ;
#905 = DIRECTION ( 'NONE',  ( 0.0000000000000000000, -0.0000000000000000000, 1.000000000000000000 ) ) ;
#906 = STYLED_ITEM ( 'NONE', ( #3848 ), #2743 ) ;
#907 = FACE_OUTER_BOUND ( 'NONE', #2409, .T. ) ;
#908 = SURFACE_SIDE_STYLE ('',( #1304 ) ) ;
#909 = STYLED_ITEM ( 'NONE', ( #3530 ), #2764 ) ;
#910 = CARTESIAN_POINT ( 'NONE',  ( -0.07274150661567688200, 0.1290718309748114800, 0.2996759218404222400 ) ) ;
#911 =( LENGTH_UNIT ( ) NAMED_UNIT ( * ) SI_UNIT ( $, .METRE. ) );
#912 = LINE ( 'NONE', #450, #637 ) ;
#913 = VECTOR ( 'NONE', #2602, 39.37007874015748100 ) ;
#914 =( NAMED_UNIT ( * ) SI_UNIT ( $, .STERADIAN. ) SOLID_ANGLE_UNIT ( ) );
#915 = CARTESIAN_POINT ( 'NONE',  ( -0.07278087669441706000, 0.1230636165015858600, 0.3163758418404165100 ) ) ;
#916 = AXIS2_PLACEMENT_3D ( 'NONE', #741, #292, #4079 ) ;
#917 = VECTOR ( 'NONE', #728, 39.37007874015748100 ) ;
#918 = CARTESIAN_POINT ( 'NONE',  ( -0.04318087669441705200, 0.1230718309748114700, 0.3163758418404164500 ) ) ;
#919 = CARTESIAN_POINT ( 'NONE',  ( 0.05281912330558290900, 0.1015718309748115300, 0.2146758418404165200 ) ) ;
#920 = CARTESIAN_POINT ( 'NONE',  ( -0.04818087669441705600, 0.1230718309748114700, 0.2029758418404165300 ) ) ;
#921 = ORIENTED_EDGE ( 'NONE', *, *, #1707, .T. ) ;
#922 = VECTOR ( 'NONE', #152, 39.37007874015748100 ) ;
#923 = CARTESIAN_POINT ( 'NONE',  ( 0.09581912330558292600, 0.1230324608960713000, 0.2996759218404226900 ) ) ;
#924 = LINE ( 'NONE', #473, #238 ) ;
#925 = PRODUCT_RELATED_PRODUCT_CATEGORY ( 'part', '', ( #1919 ) ) ;
#926 = CARTESIAN_POINT ( 'NONE',  ( -0.06778087669441704200, 0.1400718309748114600, 0.2029758418404165300 ) ) ;
#927 = SURFACE_STYLE_USAGE ( .BOTH. , #1321 ) ;
#928 = SURFACE_STYLE_FILL_AREA ( #1323 ) ;
#929 =( LENGTH_UNIT ( ) NAMED_UNIT ( * ) SI_UNIT ( $, .METRE. ) );
#930 =( GEOMETRIC_REPRESENTATION_CONTEXT ( 3 ) GLOBAL_UNCERTAINTY_ASSIGNED_CONTEXT ( ( #828 ) ) GLOBAL_UNIT_ASSIGNED_CONTEXT ( ( #789, #3696, #2360 ) ) REPRESENTATION_CONTEXT ( 'NONE', 'WORKASPACE' ) );
#931 = PRESENTATION_LAYER_ASSIGNMENT (  '', '', ( #1017 ) ) ;
#932 = PLANE ( 'NONE',  #1650 ) ;
#933 = FACE_OUTER_BOUND ( 'NONE', #1672, .T. ) ;
#934 = ORIENTED_EDGE ( 'NONE', *, *, #1659, .F. ) ;
#935 = VERTEX_POINT ( 'NONE', #3112 ) ;
#936 = ORIENTED_EDGE ( 'NONE', *, *, #3400, .T. ) ;
#937 = ORIENTED_EDGE ( 'NONE', *, *, #3075, .T. ) ;
#938 = LENGTH_MEASURE_WITH_UNIT ( LENGTH_MEASURE( 0.02539999999999999900 ), #2335 );
#939 = SURFACE_STYLE_FILL_AREA ( #1335 ) ;
#940 = CARTESIAN_POINT ( 'NONE',  ( 0.06021912330558299600, 0.1230718309748114700, 0.2029758418404165300 ) ) ;
#941 = CARTESIAN_POINT ( 'NONE',  ( -0.07274150661567688200, 0.1290718309748114800, 0.2596758418404240800 ) ) ;
#942 = EDGE_LOOP ( 'NONE', ( #1806, #3523, #257, #2650, #1598 ) ) ;
#943 =( LENGTH_UNIT ( ) NAMED_UNIT ( * ) SI_UNIT ( $, .METRE. ) );
#944 = DIRECTION ( 'NONE',  ( 6.982964699952515400E-015, -1.000000000000000000, -1.324495038277953400E-030 ) ) ;
#945 = COLOUR_RGB ( '',0.7529411764705882200, 0.7529411764705882200, 0.7529411764705882200 ) ;
#946 = CARTESIAN_POINT ( 'NONE',  ( -0.03578087669441700600, 0.1015718309748114700, 0.2146758418404165200 ) ) ;
#947 = DIRECTION ( 'NONE',  ( 0.0000000000000000000, -1.000000000000000000, 0.0000000000000000000 ) ) ;
#948 = SURFACE_STYLE_FILL_AREA ( #1344 ) ;
#949 = CARTESIAN_POINT ( 'NONE',  ( 0.09338961121387869000, 0.1282030928958343100, 0.2551892152621650900 ) ) ;
#950 =( NAMED_UNIT ( * ) PLANE_ANGLE_UNIT ( ) SI_UNIT ( $, .RADIAN. ) );
#951 = STYLED_ITEM ( 'NONE', ( #1362 ), #2719 ) ;
#952 = MECHANICAL_DESIGN_GEOMETRIC_PRESENTATION_REPRESENTATION (  '', ( #1047 ), #2669 ) ;
#953 = AXIS2_PLACEMENT_3D ( 'NONE', #3266, #2825, #2396 ) ;
#954 = ORIENTED_EDGE ( 'NONE', *, *, #3773, .T. ) ;
#955 = COLOUR_RGB ( '',0.5019607843137254800, 0.5019607843137254800, 0.5019607843137254800 ) ;
#956 =( GEOMETRIC_REPRESENTATION_CONTEXT ( 3 ) GLOBAL_UNCERTAINTY_ASSIGNED_CONTEXT ( ( #4035 ) ) GLOBAL_UNIT_ASSIGNED_CONTEXT ( ( #2137, #899, #3809 ) ) REPRESENTATION_CONTEXT ( 'NONE', 'WORKASPACE' ) );
#957 = VERTEX_POINT ( 'NONE', #2243 ) ;
#958 = ORIENTED_EDGE ( 'NONE', *, *, #2203, .F. ) ;
#959 = PRESENTATION_LAYER_ASSIGNMENT (  '', '', ( #1047 ) ) ;
#960 =( CONVERSION_BASED_UNIT ( 'INCH', #826 ) LENGTH_UNIT ( ) NAMED_UNIT ( #1865 ) );
#961 = DIRECTION ( 'NONE',  ( 0.0000000000000000000, 1.000000000000000000, 0.0000000000000000000 ) ) ;
#962 = ORIENTED_EDGE ( 'NONE', *, *, #2112, .T. ) ;
#963 = DIRECTION ( 'NONE',  ( -0.0000000000000000000, 1.000000000000000000, -0.0000000000000000000 ) ) ;
#964 = SURFACE_STYLE_USAGE ( .BOTH. , #1368 ) ;
#965 =( NAMED_UNIT ( * ) PLANE_ANGLE_UNIT ( ) SI_UNIT ( $, .RADIAN. ) );
#966 =( NAMED_UNIT ( * ) SI_UNIT ( $, .STERADIAN. ) SOLID_ANGLE_UNIT ( ) );
#967 = CARTESIAN_POINT ( 'NONE',  ( -0.07277662798867741400, 0.1230643615147993900, 0.2626758478404107600 ) ) ;
#968 = CARTESIAN_POINT ( 'NONE',  ( 0.06521912330558293800, 0.09557183097481147800, 0.3106758418404165800 ) ) ;
#969 = FILL_AREA_STYLE_COLOUR ( '', #555 ) ;
#970 = CARTESIAN_POINT ( 'NONE',  ( 0.08481912330558298600, 0.1290718309748114800, 0.2029758418404165300 ) ) ;
#971 = ORIENTED_EDGE ( 'NONE', *, *, #2030, .T. ) ;
#972 = EDGE_LOOP ( 'NONE', ( #832, #3071, #3750, #3544, #1461, #281, #954, #2330 ) ) ;
#973 = LENGTH_MEASURE_WITH_UNIT ( LENGTH_MEASURE( 0.02539999999999999900 ), #3537 );
#974 = VERTEX_POINT ( 'NONE', #1799 ) ;
#975 =( GEOMETRIC_REPRESENTATION_CONTEXT ( 3 ) GLOBAL_UNCERTAINTY_ASSIGNED_CONTEXT ( ( #2088 ) ) GLOBAL_UNIT_ASSIGNED_CONTEXT ( ( #1773, #541, #3440 ) ) REPRESENTATION_CONTEXT ( 'NONE', 'WORKASPACE' ) );
#976 = SURFACE_SIDE_STYLE ('',( #1385 ) ) ;
#977 =( LENGTH_UNIT ( ) NAMED_UNIT ( * ) SI_UNIT ( $, .METRE. ) );
#978 = SURFACE_STYLE_USAGE ( .BOTH. , #1387 ) ;
#979 =( NAMED_UNIT ( * ) SI_UNIT ( $, .STERADIAN. ) SOLID_ANGLE_UNIT ( ) );
#980 = ORIENTED_EDGE ( 'NONE', *, *, #1963, .F. ) ;
#981 = FACE_OUTER_BOUND ( 'NONE', #3545, .T. ) ;
#982 = CARTESIAN_POINT ( 'NONE',  ( -0.07278087669441706000, 0.09557183097481147800, 0.2029758418404165300 ) ) ;
#983 =( NAMED_UNIT ( * ) PLANE_ANGLE_UNIT ( ) SI_UNIT ( $, .RADIAN. ) );
#984 = SURFACE_SIDE_STYLE ('',( #1391 ) ) ;
#985 = SURFACE_SIDE_STYLE ('',( #1392 ) ) ;
#986 = CARTESIAN_POINT ( 'NONE',  ( 0.06521912330558293800, 0.09557183097481147800, 0.3409758418404165200 ) ) ;
#987 = FILL_AREA_STYLE_COLOUR ( '', #1740 ) ;
#988 = CARTESIAN_POINT ( 'NONE',  ( -0.1847741550361675600, 0.09557183097481074300, 0.2996759218404222400 ) ) ;
#989 = CARTESIAN_POINT ( 'NONE',  ( 0.08981335460640381400, 0.1230660591469840800, 0.2561024390044974200 ) ) ;
#990 = CARTESIAN_POINT ( 'NONE',  ( -0.07878087669441735700, 0.2090673221727799800, 0.2996759218404222400 ) ) ;
#991 = VERTEX_POINT ( 'NONE', #1395 ) ;
#992 = LENGTH_MEASURE_WITH_UNIT ( LENGTH_MEASURE( 0.02539999999999999900 ), #91 );
#993 = LENGTH_MEASURE_WITH_UNIT ( LENGTH_MEASURE( 0.02539999999999999900 ), #1726 );
#994 = SURFACE_STYLE_FILL_AREA ( #1404 ) ;
#995 = VECTOR ( 'NONE', #1469, 39.37007874015748100 ) ;
#996 = SURFACE_SIDE_STYLE ('',( #1405 ) ) ;
#997 =( NAMED_UNIT ( * ) SI_UNIT ( $, .STERADIAN. ) SOLID_ANGLE_UNIT ( ) );
#998 = CARTESIAN_POINT ( 'NONE',  ( -0.06778087669441704200, 0.1290718309748114800, 0.2196757618404199800 ) ) ;
#999 =( CONVERSION_BASED_UNIT ( 'INCH', #3416 ) LENGTH_UNIT ( ) NAMED_UNIT ( #3347 ) );
#1000 =( NAMED_UNIT ( * ) SI_UNIT ( $, .STERADIAN. ) SOLID_ANGLE_UNIT ( ) );
#1001 = ORIENTED_EDGE ( 'NONE', *, *, #4105, .T. ) ;
#1002 = CARTESIAN_POINT ( 'NONE',  ( 0.008519123305576423500, 0.1290718309748114800, 0.2516758258404095400 ) ) ;
#1003 = FILL_AREA_STYLE_COLOUR ( '', #1717 ) ;
#1004 = LINE ( 'NONE', #593, #1309 ) ;
#1005 = DIRECTION ( 'NONE',  ( 1.000000000000000000, -0.0000000000000000000, 0.0000000000000000000 ) ) ;
#1006 = CARTESIAN_POINT ( 'NONE',  ( 0.08931912330558283700, 0.1015718309748115000, 0.2196757618404102900 ) ) ;
#1007 = ADVANCED_FACE ( 'NONE', ( #3724 ), #3843, .T. ) ;
#1008 = DIRECTION ( 'NONE',  ( 0.0000000000000000000, -0.0000000000000000000, 1.000000000000000000 ) ) ;
#1009 = DIRECTION ( 'NONE',  ( 1.896751731090606800E-016, 0.0000000000000000000, 1.000000000000000000 ) ) ;
#1010 = MECHANICAL_DESIGN_GEOMETRIC_PRESENTATION_REPRESENTATION (  '', ( #951 ), #329 ) ;
#1011 =( CONVERSION_BASED_UNIT ( 'INCH', #1170 ) LENGTH_UNIT ( ) NAMED_UNIT ( #551 ) );
#1012 = FILL_AREA_STYLE_COLOUR ( '', #631 ) ;
#1013 = PRESENTATION_LAYER_ASSIGNMENT (  '', '', ( #951 ) ) ;
#1014 = ORIENTED_EDGE ( 'NONE', *, *, #3849, .F. ) ;
#1015 = CARTESIAN_POINT ( 'NONE',  ( 0.0000000000000000000, 0.0000000000000000000, 0.0000000000000000000 ) ) ;
#1016 = AXIS2_PLACEMENT_3D ( 'NONE', #2871, #2446, #2004 ) ;
#1017 = STYLED_ITEM ( 'NONE', ( #887 ), #3746 ) ;
#1018 = SURFACE_SIDE_STYLE ('',( #1425 ) ) ;
#1019 = CARTESIAN_POINT ( 'NONE',  ( -0.07274150661567688200, 0.1290718309748114800, 0.2196757618404199800 ) ) ;
#1020 = FACE_OUTER_BOUND ( 'NONE', #1515, .T. ) ;
#1021 = EDGE_CURVE ( 'NONE', #3664, #3928, #3233, .T. ) ;
#1022 = ORIENTED_EDGE ( 'NONE', *, *, #824, .F. ) ;
#1023 = VERTEX_POINT ( 'NONE', #1522 ) ;
#1024 = AXIS2_PLACEMENT_3D ( 'NONE', #1465, #639, #198 ) ;
#1025 = ORIENTED_EDGE ( 'NONE', *, *, #3865, .T. ) ;
#1026 = DIRECTION ( 'NONE',  ( -1.000000000000000000, -0.0000000000000000000, 1.896751731090606800E-016 ) ) ;
#1027 = PLANE ( 'NONE',  #2716 ) ;
#1028 = FILL_AREA_STYLE_COLOUR ( '', #1144 ) ;
#1029 = CARTESIAN_POINT ( 'NONE',  ( 0.08751928130557350100, 0.1230718309748114700, 0.2566758358404213100 ) ) ;
#1030 =( NAMED_UNIT ( * ) SI_UNIT ( $, .STERADIAN. ) SOLID_ANGLE_UNIT ( ) );
#1031 = ORIENTED_EDGE ( 'NONE', *, *, #3768, .F. ) ;
#1032 = EDGE_CURVE ( 'NONE', #3051, #1678, #1935, .T. ) ;
#1033 = CARTESIAN_POINT ( 'NONE',  ( -0.03978087669441710000, 0.09557183097481074300, 0.2996759218404221900 ) ) ;
#1034 = PRESENTATION_STYLE_ASSIGNMENT (( #1443 ) ) ;
#1035 = AXIS2_PLACEMENT_3D ( 'NONE', #2745, #2308, #1872 ) ;
#1036 = DIRECTION ( 'NONE',  ( 0.0000000000000000000, -1.000000000000000000, 0.0000000000000000000 ) ) ;
#1037 = CARTESIAN_POINT ( 'NONE',  ( 0.06021912330558299600, 0.1400718309748114600, 0.3163758418404165100 ) ) ;
#1038 = LINE ( 'NONE', #181, #1755 ) ;
#1039 = LINE ( 'NONE', #182, #625 ) ;
#1040 = DIRECTION ( 'NONE',  ( -0.0000000000000000000, -1.000000000000000000, -0.0000000000000000000 ) ) ;
#1041 = SURFACE_STYLE_FILL_AREA ( #1449 ) ;
#1042 = SURFACE_STYLE_USAGE ( .BOTH. , #1450 ) ;
#1043 = STYLED_ITEM ( 'NONE', ( #1345 ), #189 ) ;
#1044 = COLOUR_RGB ( '',0.7529411764705882200, 0.7529411764705882200, 0.7529411764705882200 ) ;
#1045 = SURFACE_STYLE_FILL_AREA ( #1452 ) ;
#1046 = PRESENTATION_STYLE_ASSIGNMENT (( #1453 ) ) ;
#1047 = STYLED_ITEM ( 'NONE', ( #3671 ), #2733 ) ;
#1048 = EDGE_LOOP ( 'NONE', ( #4152, #194, #3171, #1837 ) ) ;
#1049 = EDGE_CURVE ( 'NONE', #785, #991, #469, .T. ) ;
#1050 = ORIENTED_EDGE ( 'NONE', *, *, #1163, .T. ) ;
#1051 = AXIS2_PLACEMENT_3D ( 'NONE', #1504, #1099, #671 ) ;
#1052 = DIRECTION ( 'NONE',  ( 1.000000000000000000, 0.0000000000000000000, -1.896751731090606800E-016 ) ) ;
#1053 =( GEOMETRIC_REPRESENTATION_CONTEXT ( 3 ) GLOBAL_UNCERTAINTY_ASSIGNED_CONTEXT ( ( #1704 ) ) GLOBAL_UNIT_ASSIGNED_CONTEXT ( ( #3854, #2520, #1265 ) ) REPRESENTATION_CONTEXT ( 'NONE', 'WORKASPACE' ) );
#1054 = ORIENTED_EDGE ( 'NONE', *, *, #2329, .F. ) ;
#1055 = COLOUR_RGB ( '',0.7529411764705882200, 0.7529411764705882200, 0.7529411764705882200 ) ;
#1056 = ORIENTED_EDGE ( 'NONE', *, *, #1470, .F. ) ;
#1057 = PRESENTATION_LAYER_ASSIGNMENT (  '', '', ( #350 ) ) ;
#1058 = VERTEX_POINT ( 'NONE', #2263 ) ;
#1059 = STYLED_ITEM ( 'NONE', ( #2147 ), #3952 ) ;
#1060 = CARTESIAN_POINT ( 'NONE',  ( 0.08481912330558298600, 0.1230718309748114700, 0.3163758418404165100 ) ) ;
#1061 = EDGE_CURVE ( 'NONE', #1758, #1300, #2691, .T. ) ;
#1062 = FILL_AREA_STYLE ('',( #1468 ) ) ;
#1063 = LINE ( 'NONE', #1903, #1306 ) ;
#1064 = DIRECTION ( 'NONE',  ( 0.0000000000000000000, 1.000000000000000000, -0.0000000000000000000 ) ) ;
#1065 = DIRECTION ( 'NONE',  ( -1.000000000000000000, 3.552713678800500900E-015, 1.896751731090606800E-016 ) ) ;
#1066 = CIRCLE ( 'NONE', #1035, 0.005000009999999872500 ) ;
#1067 =( LENGTH_UNIT ( ) NAMED_UNIT ( * ) SI_UNIT ( $, .METRE. ) );
#1068 = LINE ( 'NONE', #645, #2350 ) ;
#1069 = CARTESIAN_POINT ( 'NONE',  ( 0.1268191233055829500, 0.1015718309748114700, 0.2146758418404165200 ) ) ;
#1070 = SURFACE_STYLE_USAGE ( .BOTH. , #1476 ) ;
#1071 = SURFACE_SIDE_STYLE ('',( #1477 ) ) ;
#1072 = CARTESIAN_POINT ( 'NONE',  ( 0.08980328553849688300, 0.1230661677653198300, 0.2641624702396974700 ) ) ;
#1073 =( NAMED_UNIT ( * ) PLANE_ANGLE_UNIT ( ) SI_UNIT ( $, .RADIAN. ) );
#1074 = EDGE_CURVE ( 'NONE', #607, #383, #592, .T. ) ;
#1075 = CARTESIAN_POINT ( 'NONE',  ( 0.08981912330558293500, 0.09557183097481147800, 0.3163758418404165100 ) ) ;
#1076 = ORIENTED_EDGE ( 'NONE', *, *, #778, .F. ) ;
#1077 = ORIENTED_EDGE ( 'NONE', *, *, #3672, .T. ) ;
#1078 = LENGTH_MEASURE_WITH_UNIT ( LENGTH_MEASURE( 0.02539999999999999900 ), #1333 );
#1079 = COLOUR_RGB ( '',0.5019607843137254800, 0.5019607843137254800, 0.5019607843137254800 ) ;
#1080 = LINE ( 'NONE', #658, #1464 ) ;
#1081 = AXIS2_PLACEMENT_3D ( 'NONE', #1127, #697, #256 ) ;
#1082 = ORIENTED_EDGE ( 'NONE', *, *, #3753, .T. ) ;
#1083 = ADVANCED_FACE ( 'NONE', ( #3650 ), #3663, .T. ) ;
#1084 = PRESENTATION_STYLE_ASSIGNMENT (( #1488 ) ) ;
#1085 =( CONVERSION_BASED_UNIT ( 'INCH', #938 ) LENGTH_UNIT ( ) NAMED_UNIT ( #516 ) );
#1086 = CARTESIAN_POINT ( 'NONE',  ( -0.07455603658665110900, 0.1290718309748114800, 0.2656490889969243000 ) ) ;
#1087 = CIRCLE ( 'NONE', #1024, 0.02459999999999999300 ) ;
#1088 = DIRECTION ( 'NONE',  ( 1.000000000000000000, 0.0000000000000000000, -1.896751731090606800E-016 ) ) ;
#1089 = DIRECTION ( 'NONE',  ( 1.000000000000000000, 0.0000000000000000000, -0.0000000000000000000 ) ) ;
#1090 =( GEOMETRIC_REPRESENTATION_CONTEXT ( 3 ) GLOBAL_UNCERTAINTY_ASSIGNED_CONTEXT ( ( #4165 ) ) GLOBAL_UNIT_ASSIGNED_CONTEXT ( ( #3578, #2254, #997 ) ) REPRESENTATION_CONTEXT ( 'NONE', 'WORKASPACE' ) );
#1091 = ORIENTED_EDGE ( 'NONE', *, *, #2977, .T. ) ;
#1092 = CARTESIAN_POINT ( 'NONE',  ( -0.07590904227664330200, 0.1255390977803302600, 0.2566758358404118700 ) ) ;
#1093 = LINE ( 'NONE', #667, #3635 ) ;
#1094 = EDGE_CURVE ( 'NONE', #638, #699, #1961, .T. ) ;
#1095 = SURFACE_STYLE_USAGE ( .BOTH. , #1501 ) ;
#1096 =( NAMED_UNIT ( * ) SI_UNIT ( $, .STERADIAN. ) SOLID_ANGLE_UNIT ( ) );
#1097 = CARTESIAN_POINT ( 'NONE',  ( 0.08981912330558293500, 0.1015718309748114700, 0.3163758418404165100 ) ) ;
#1098 = CARTESIAN_POINT ( 'NONE',  ( 0.06021912330558299600, 0.1400718309748114600, 0.2029758418404165300 ) ) ;
#1099 = DIRECTION ( 'NONE',  ( 1.896751731090606800E-016, 0.0000000000000000000, 1.000000000000000000 ) ) ;
#1100 = LINE ( 'NONE', #672, #684 ) ;
#1101 = COLOUR_RGB ( '',0.5019607843137254800, 0.5019607843137254800, 0.5019607843137254800 ) ;
#1102 = PRESENTATION_LAYER_ASSIGNMENT (  '', '', ( #1107 ) ) ;
#1103 = ORIENTED_EDGE ( 'NONE', *, *, #491, .T. ) ;
#1104 = LENGTH_MEASURE_WITH_UNIT ( LENGTH_MEASURE( 0.02539999999999999900 ), #3264 );
#1105 = DIRECTION ( 'NONE',  ( -0.0000000000000000000, 0.0000000000000000000, -1.000000000000000000 ) ) ;
#1106 =( GEOMETRIC_REPRESENTATION_CONTEXT ( 3 ) GLOBAL_UNCERTAINTY_ASSIGNED_CONTEXT ( ( #3513 ) ) GLOBAL_UNIT_ASSIGNED_CONTEXT ( ( #3585, #2259, #1000 ) ) REPRESENTATION_CONTEXT ( 'NONE', 'WORKASPACE' ) );
#1107 = STYLED_ITEM ( 'NONE', ( #2600 ), #2678 ) ;
#1108 = EDGE_LOOP ( 'NONE', ( #3425, #1146, #3035, #288 ) ) ;
#1109 = AXIS2_PLACEMENT_3D ( 'NONE', #653, #212, #3977 ) ;
#1110 = VECTOR ( 'NONE', #1026, 39.37007874015748100 ) ;
#1111 = COLOUR_RGB ( '',0.5019607843137254800, 0.5019607843137254800, 0.5019607843137254800 ) ;
#1112 = UNCERTAINTY_MEASURE_WITH_UNIT (LENGTH_MEASURE( 1.000000000000000100E-005 ), #2019, 'distance_accuracy_value', 'NONE');
#1113 = VECTOR ( 'NONE', #3175, 39.37007874015748100 ) ;
#1114 = DIRECTION ( 'NONE',  ( -1.000000000000000000, -6.982964699952515400E-015, 1.896751731090606800E-016 ) ) ;
#1115 = ORIENTED_EDGE ( 'NONE', *, *, #2278, .T. ) ;
#1116 = FILL_AREA_STYLE ('',( #1519 ) ) ;
#1117 = ORIENTED_EDGE ( 'NONE', *, *, #1749, .F. ) ;
#1118 = CARTESIAN_POINT ( 'NONE',  ( 0.08751928130557350100, 0.1290718309748114800, 0.2516758258404213600 ) ) ;
#1119 = COLOUR_RGB ( '',0.7529411764705882200, 0.7529411764705882200, 0.7529411764705882200 ) ;
#1120 = DIRECTION ( 'NONE',  ( -1.896751731090606800E-016, 0.0000000000000000000, -1.000000000000000000 ) ) ;
#1121 = CARTESIAN_POINT ( 'NONE',  ( -0.07278087669441707400, 0.1015718309748114700, 0.2996759218404227400 ) ) ;
#1122 = CARTESIAN_POINT ( 'NONE',  ( 0.08481912330558298600, 0.1400718309748114600, 0.2029758418404165300 ) ) ;
#1123 = CARTESIAN_POINT ( 'NONE',  ( -0.07274150661567689600, 0.1230718309748114700, 0.2522159741056397800 ) ) ;
#1124 = UNCERTAINTY_MEASURE_WITH_UNIT (LENGTH_MEASURE( 1.000000000000000100E-005 ), #1693, 'distance_accuracy_value', 'NONE');
#1125 = FILL_AREA_STYLE ('',( #1526 ) ) ;
#1126 = EDGE_CURVE ( 'NONE', #935, #706, #720, .T. ) ;
#1127 = CARTESIAN_POINT ( 'NONE',  ( 0.09581912330558323100, 0.2090673221727930000, 0.2996759218404226900 ) ) ;
#1128 = FACE_OUTER_BOUND ( 'NONE', #1592, .T. ) ;
#1129 = ORIENTED_EDGE ( 'NONE', *, *, #731, .F. ) ;
#1130 =( CONVERSION_BASED_UNIT ( 'INCH', #2845 ) LENGTH_UNIT ( ) NAMED_UNIT ( #3352 ) );
#1131 = SURFACE_SIDE_STYLE ('',( #1528 ) ) ;
#1132 = LENGTH_MEASURE_WITH_UNIT ( LENGTH_MEASURE( 0.02539999999999999900 ), #3515 );
#1133 = CIRCLE ( 'NONE', #1324, 0.02459999999999999300 ) ;
#1134 = CARTESIAN_POINT ( 'NONE',  ( 0.09338961121387867600, 0.1282030928958343400, 0.2641624684186760800 ) ) ;
#1135 = LINE ( 'NONE', #703, #3107 ) ;
#1136 = ORIENTED_EDGE ( 'NONE', *, *, #1094, .F. ) ;
#1137 = VERTEX_POINT ( 'NONE', #3154 ) ;
#1138 = ADVANCED_FACE ( 'NONE', ( #3615 ), #2522, .F. ) ;
#1139 = ORIENTED_EDGE ( 'NONE', *, *, #1420, .F. ) ;
#1140 = CYLINDRICAL_SURFACE ( 'NONE', #178, 0.02460000000000002500 ) ;
#1141 = UNCERTAINTY_MEASURE_WITH_UNIT (LENGTH_MEASURE( 1.000000000000000100E-005 ), #3794, 'distance_accuracy_value', 'NONE');
#1142 = AXIS2_PLACEMENT_3D ( 'NONE', #2351, #1916, #1503 ) ;
#1143 =( GEOMETRIC_REPRESENTATION_CONTEXT ( 3 ) GLOBAL_UNCERTAINTY_ASSIGNED_CONTEXT ( ( #2546 ) ) GLOBAL_UNIT_ASSIGNED_CONTEXT ( ( #1011, #3921, #2590 ) ) REPRESENTATION_CONTEXT ( 'NONE', 'WORKASPACE' ) );
#1144 = COLOUR_RGB ( '',0.5019607843137254800, 0.5019607843137254800, 0.5019607843137254800 ) ;
#1145 = LENGTH_MEASURE_WITH_UNIT ( LENGTH_MEASURE( 0.02539999999999999900 ), #362 );
#1146 = ORIENTED_EDGE ( 'NONE', *, *, #2427, .T. ) ;
#1147 = DIRECTION ( 'NONE',  ( -0.0000000000000000000, -0.0000000000000000000, 1.000000000000000000 ) ) ;
#1148 = SURFACE_SIDE_STYLE ('',( #1540 ) ) ;
#1149 = DIRECTION ( 'NONE',  ( -1.000000000000000000, 0.0000000000000000000, 1.896751731090606800E-016 ) ) ;
#1150 =( NAMED_UNIT ( * ) SI_UNIT ( $, .STERADIAN. ) SOLID_ANGLE_UNIT ( ) );
#1151 = EDGE_CURVE ( 'NONE', #3715, #2559, #860, .T. ) ;
#1152 =( CONVERSION_BASED_UNIT ( 'INCH', #2953 ) LENGTH_UNIT ( ) NAMED_UNIT ( #756 ) );
#1153 = DIRECTION ( 'NONE',  ( 1.000000000000000000, 0.0000000000000000000, 0.0000000000000000000 ) ) ;
#1154 = CARTESIAN_POINT ( 'NONE',  ( 0.08977975322684274300, 0.1290718309748114800, 0.2522159741056527700 ) ) ;
#1155 = DIRECTION ( 'NONE',  ( -0.0000000000000000000, 0.0000000000000000000, -1.000000000000000000 ) ) ;
#1156 = CARTESIAN_POINT ( 'NONE',  ( -0.07228087669441697600, 0.1020718309748115300, 0.2996759218404222400 ) ) ;
#1157 = DIRECTION ( 'NONE',  ( -1.000000000000000000, 0.0000000000000000000, 1.896751731090606800E-016 ) ) ;
#1158 = CARTESIAN_POINT ( 'NONE',  ( 0.09581912330558323100, 0.1020718309748114600, 0.2196757618404102900 ) ) ;
#1159 = COLOUR_RGB ( '',0.5019607843137254800, 0.5019607843137254800, 0.5019607843137254800 ) ;
#1160 = UNCERTAINTY_MEASURE_WITH_UNIT (LENGTH_MEASURE( 1.000000000000000100E-005 ), #347, 'distance_accuracy_value', 'NONE');
#1161 = EDGE_LOOP ( 'NONE', ( #2414, #381, #1631, #3726 ) ) ;
#1162 = CARTESIAN_POINT ( 'NONE',  ( -0.04318087669441705900, 0.1400718309748114600, 0.3409758418404165200 ) ) ;
#1163 = EDGE_CURVE ( 'NONE', #2179, #2596, #3297, .T. ) ;
#1164 = ORIENTED_EDGE ( 'NONE', *, *, #1982, .T. ) ;
#1165 = MECHANICAL_DESIGN_GEOMETRIC_PRESENTATION_REPRESENTATION (  '', ( #4008 ), #1591 ) ;
#1166 = VERTEX_POINT ( 'NONE', #1986 ) ;
#1167 = CARTESIAN_POINT ( 'NONE',  ( -0.07635136460271567400, 0.1282030928958328400, 0.2551892152621545500 ) ) ;
#1168 = CIRCLE ( 'NONE', #1485, 0.02459999999999999300 ) ;
#1169 = UNCERTAINTY_MEASURE_WITH_UNIT (LENGTH_MEASURE( 1.000000000000000100E-005 ), #2946, 'distance_accuracy_value', 'NONE');
#1170 = LENGTH_MEASURE_WITH_UNIT ( LENGTH_MEASURE( 0.02539999999999999900 ), #2267 );
#1171 = PLANE ( 'NONE',  #916 ) ;
#1172 = DIRECTION ( 'NONE',  ( 0.0000000000000000000, 1.000000000000000000, -0.0000000000000000000 ) ) ;
#1173 = EDGE_CURVE ( 'NONE', #536, #2131, #3761, .T. ) ;
#1174 = VECTOR ( 'NONE', #461, 39.37007874015748100 ) ;
#1175 =( NAMED_UNIT ( * ) PLANE_ANGLE_UNIT ( ) SI_UNIT ( $, .RADIAN. ) );
#1176 = DIRECTION ( 'NONE',  ( -1.000000000000000000, 0.0000000000000000000, 0.0000000000000000000 ) ) ;
#1177 = FILL_AREA_STYLE_COLOUR ( '', #1635 ) ;
#1178 = AXIS2_PLACEMENT_3D ( 'NONE', #48, #3833, #3384 ) ;
#1179 = DIRECTION ( 'NONE',  ( -1.000000000000000000, 0.0000000000000000000, 1.153652024351462100E-016 ) ) ;
#1180 =( NAMED_UNIT ( * ) SI_UNIT ( $, .STERADIAN. ) SOLID_ANGLE_UNIT ( ) );
#1181 = CARTESIAN_POINT ( 'NONE',  ( 0.008519123305576432200, 0.1290718309748114800, 0.2996759218404221900 ) ) ;
#1182 = LINE ( 'NONE', #749, #3779 ) ;
#1183 =( NAMED_UNIT ( * ) SI_UNIT ( $, .STERADIAN. ) SOLID_ANGLE_UNIT ( ) );
#1184 = FILL_AREA_STYLE_COLOUR ( '', #827 ) ;
#1185 = SURFACE_STYLE_USAGE ( .BOTH. , #1567 ) ;
#1186 = COLOUR_RGB ( '',0.5019607843137254800, 0.5019607843137254800, 0.5019607843137254800 ) ;
#1187 =( GEOMETRIC_REPRESENTATION_CONTEXT ( 3 ) GLOBAL_UNCERTAINTY_ASSIGNED_CONTEXT ( ( #2198 ) ) GLOBAL_UNIT_ASSIGNED_CONTEXT ( ( #2422, #1175, #4081 ) ) REPRESENTATION_CONTEXT ( 'NONE', 'WORKASPACE' ) );
#1188 = ADVANCED_FACE ( 'NONE', ( #3553 ), #746, .T. ) ;
#1189 = ORIENTED_EDGE ( 'NONE', *, *, #3643, .F. ) ;
#1190 = VERTEX_POINT ( 'NONE', #8 ) ;
#1191 = UNCERTAINTY_MEASURE_WITH_UNIT (LENGTH_MEASURE( 1.000000000000000100E-005 ), #2820, 'distance_accuracy_value', 'NONE');
#1192 = CARTESIAN_POINT ( 'NONE',  ( -0.07278087669441706000, 0.1230718309748114700, 0.2564847034648998800 ) ) ;
#1193 = COLOUR_RGB ( '',0.5019607843137254800, 0.5019607843137254800, 0.5019607843137254800 ) ;
#1194 = VERTEX_POINT ( 'NONE', #3778 ) ;
#1195 = CARTESIAN_POINT ( 'NONE',  ( -0.07878087669441703700, 0.1230324608960713000, 0.2996759218404222400 ) ) ;
#1196 = FACE_OUTER_BOUND ( 'NONE', #1338, .T. ) ;
#1197 = FILL_AREA_STYLE ('',( #1576 ) ) ;
#1198 = EDGE_CURVE ( 'NONE', #3904, #4091, #3315, .T. ) ;
#1199 = DIRECTION ( 'NONE',  ( -0.0000000000000000000, -1.000000000000000000, -0.0000000000000000000 ) ) ;
#1200 = FACE_OUTER_BOUND ( 'NONE', #467, .T. ) ;
#1201 =( NAMED_UNIT ( * ) PLANE_ANGLE_UNIT ( ) SI_UNIT ( $, .RADIAN. ) );
#1202 = CARTESIAN_POINT ( 'NONE',  ( -0.07277237928293776900, 0.1230568920547873000, 0.2626758478404107600 ) ) ;
#1203 = B_SPLINE_CURVE_WITH_KNOTS ( 'NONE', 3,
 ( #2375, #1939, #1525, #1123 ),
 .UNSPECIFIED., .F., .F.,
 ( 4, 4 ),
 ( 0.1285681348566289400, 1.000000000000000000 ),
 .UNSPECIFIED. ) ;
#1204 = ORIENTED_EDGE ( 'NONE', *, *, #2447, .F. ) ;
#1205 = COLOUR_RGB ( '',0.7529411764705882200, 0.7529411764705882200, 0.7529411764705882200 ) ;
#1206 = DIRECTION ( 'NONE',  ( -1.896751731090606800E-016, 0.0000000000000000000, -1.000000000000000000 ) ) ;
#1207 = CARTESIAN_POINT ( 'NONE',  ( -0.07278087669441706000, 0.1015718309748114700, 0.3163758418404165100 ) ) ;
#1208 = CARTESIAN_POINT ( 'NONE',  ( -0.07048103469440981900, 0.1230718309748114700, 0.2516758258404095400 ) ) ;
#1209 = CARTESIAN_POINT ( 'NONE',  ( 0.08981912330558321200, 0.2090673221727930300, 0.2196757618404102900 ) ) ;
#1210 =( NAMED_UNIT ( * ) SI_UNIT ( $, .STERADIAN. ) SOLID_ANGLE_UNIT ( ) );
#1211 =( NAMED_UNIT ( * ) PLANE_ANGLE_UNIT ( ) SI_UNIT ( $, .RADIAN. ) );
#1212 = EDGE_LOOP ( 'NONE', ( #902, #426, #3695, #58, #850 ) ) ;
#1213 = CIRCLE ( 'NONE', #306, 0.02459999999999999300 ) ;
#1214 = ORIENTED_EDGE ( 'NONE', *, *, #3367, .F. ) ;
#1215 = B_SPLINE_CURVE_WITH_KNOTS ( 'NONE', 3,
 ( #2245, #1802, #1397, #989 ),
 .UNSPECIFIED., .F., .F.,
 ( 4, 4 ),
 ( 0.0000000000000000000, 1.000000000000000000 ),
 .UNSPECIFIED. ) ;
#1216 = FACE_OUTER_BOUND ( 'NONE', #3823, .T. ) ;
#1217 = CARTESIAN_POINT ( 'NONE',  ( 0.06521912330558293800, 0.09557183097481147800, 0.2086758418404164900 ) ) ;
#1218 = CARTESIAN_POINT ( 'NONE',  ( -0.07276503892733103600, 0.1230661677653198100, 0.2551892134411332100 ) ) ;
#1219 = DIRECTION ( 'NONE',  ( -0.0000000000000000000, 0.0000000000000000000, -1.000000000000000000 ) ) ;
#1220 = SURFACE_STYLE_FILL_AREA ( #1597 ) ;
#1221 = ORIENTED_EDGE ( 'NONE', *, *, #1767, .T. ) ;
#1222 =( LENGTH_UNIT ( ) NAMED_UNIT ( * ) SI_UNIT ( $, .METRE. ) );
#1223 =( LENGTH_UNIT ( ) NAMED_UNIT ( * ) SI_UNIT ( $, .METRE. ) );
#1224 = DIRECTION ( 'NONE',  ( 0.0000000000000000000, 0.0000000000000000000, 1.000000000000000000 ) ) ;
#1225 = CARTESIAN_POINT ( 'NONE',  ( -0.07747737377349606100, 0.1267802006431017500, 0.2596758418404113100 ) ) ;
#1226 = DIRECTION ( 'NONE',  ( 1.000000000000000000, 0.0000000000000000000, 7.173819169229555300E-016 ) ) ;
#1227 = MECHANICAL_DESIGN_GEOMETRIC_PRESENTATION_REPRESENTATION (  '', ( #1289 ), #1090 ) ;
#1228 = SURFACE_STYLE_FILL_AREA ( #1605 ) ;
#1229 =( NAMED_UNIT ( * ) SI_UNIT ( $, .STERADIAN. ) SOLID_ANGLE_UNIT ( ) );
#1230 = SURFACE_SIDE_STYLE ('',( #1607 ) ) ;
#1231 = ORIENTED_EDGE ( 'NONE', *, *, #2362, .F. ) ;
#1232 = FILL_AREA_STYLE ('',( #1610 ) ) ;
#1233 = CARTESIAN_POINT ( 'NONE',  ( 0.001885789972249600600, 0.06390516430814484300, 0.1770091751737498400 ) ) ;
#1234 = CARTESIAN_POINT ( 'NONE',  ( 0.08977975322684277100, 0.1230324608960713100, 0.3163126452199946900 ) ) ;
#1235 = CARTESIAN_POINT ( 'NONE',  ( -0.04818087669441705600, 0.1230718309748114700, 0.3409758418404165200 ) ) ;
#1236 = UNCERTAINTY_MEASURE_WITH_UNIT (LENGTH_MEASURE( 1.000000000000000100E-005 ), #3816, 'distance_accuracy_value', 'NONE');
#1237 = ORIENTED_EDGE ( 'NONE', *, *, #3633, .T. ) ;
#1238 = PRESENTATION_LAYER_ASSIGNMENT (  '', '', ( #1289 ) ) ;
#1239 = AXIS2_PLACEMENT_3D ( 'NONE', #3015, #2576, #2161 ) ;
#1240 = AXIS2_PLACEMENT_3D ( 'NONE', #3149, #2709, #2280 ) ;
#1241 = PRESENTATION_STYLE_ASSIGNMENT (( #1617 ) ) ;
#1242 = DIRECTION ( 'NONE',  ( 0.0000000000000000000, 0.0000000000000000000, 1.000000000000000000 ) ) ;
#1243 = EDGE_LOOP ( 'NONE', ( #629, #3346, #2976, #1129, #1164 ) ) ;
#1244 = FACE_OUTER_BOUND ( 'NONE', #1108, .T. ) ;
#1245 = CARTESIAN_POINT ( 'NONE',  ( -0.06778087669441704200, 0.1400718309748114600, 0.2029758418404165300 ) ) ;
#1246 = VECTOR ( 'NONE', #2971, 39.37007874015748100 ) ;
#1247 = SURFACE_SIDE_STYLE ('',( #1622 ) ) ;
#1248 = FILL_AREA_STYLE ('',( #1623 ) ) ;
#1249 = LENGTH_MEASURE_WITH_UNIT ( LENGTH_MEASURE( 0.02539999999999999900 ), #2988 );
#1250 =( LENGTH_UNIT ( ) NAMED_UNIT ( * ) SI_UNIT ( $, .METRE. ) );
#1251 =( CONVERSION_BASED_UNIT ( 'INCH', #4072 ) LENGTH_UNIT ( ) NAMED_UNIT ( #1910 ) );
#1252 =( NAMED_UNIT ( * ) SI_UNIT ( $, .STERADIAN. ) SOLID_ANGLE_UNIT ( ) );
#1253 = CARTESIAN_POINT ( 'NONE',  ( 0.008519123305576416600, 0.1230718309748114700, 0.2196757618404103500 ) ) ;
#1254 = VECTOR ( 'NONE', #1447, 39.37007874015748100 ) ;
#1255 = ORIENTED_EDGE ( 'NONE', *, *, #2030, .F. ) ;
#1256 = CARTESIAN_POINT ( 'NONE',  ( 0.008519123305576425200, 0.1290718309748114800, 0.2596758418404240800 ) ) ;
#1257 =( GEOMETRIC_REPRESENTATION_CONTEXT ( 3 ) GLOBAL_UNCERTAINTY_ASSIGNED_CONTEXT ( ( #3405 ) ) GLOBAL_UNIT_ASSIGNED_CONTEXT ( ( #4134, #2796, #1516 ) ) REPRESENTATION_CONTEXT ( 'NONE', 'WORKASPACE' ) );
#1258 = ORIENTED_EDGE ( 'NONE', *, *, #1460, .T. ) ;
#1259 = ORIENTED_EDGE ( 'NONE', *, *, #3714, .F. ) ;
#1260 = VERTEX_POINT ( 'NONE', #2003 ) ;
#1261 = VECTOR ( 'NONE', #885, 39.37007874015748100 ) ;
#1262 =( CONVERSION_BASED_UNIT ( 'INCH', #889 ) LENGTH_UNIT ( ) NAMED_UNIT ( #1869 ) );
#1263 = SURFACE_STYLE_USAGE ( .BOTH. , #1637 ) ;
#1264 = PRESENTATION_STYLE_ASSIGNMENT (( #1638 ) ) ;
#1265 =( NAMED_UNIT ( * ) SI_UNIT ( $, .STERADIAN. ) SOLID_ANGLE_UNIT ( ) );
#1266 = CARTESIAN_POINT ( 'NONE',  ( 0.08481912330558298600, 0.1290718309748114800, 0.2676758578404200300 ) ) ;
#1267 = VECTOR ( 'NONE', #1410, 39.37007874015748100 ) ;
#1268 = DIRECTION ( 'NONE',  ( 0.0000000000000000000, 0.0000000000000000000, 1.000000000000000000 ) ) ;
#1269 = CIRCLE ( 'NONE', #1393, 0.006500000000000002300 ) ;
#1270 = PRESENTATION_STYLE_ASSIGNMENT (( #1644 ) ) ;
#1271 =( CONVERSION_BASED_UNIT ( 'INCH', #1699 ) LENGTH_UNIT ( ) NAMED_UNIT ( #3270 ) );
#1272 = CARTESIAN_POINT ( 'NONE',  ( 0.08977975322684274300, 0.1230324608960713100, 0.2996759218404226900 ) ) ;
#1273 = DIRECTION ( 'NONE',  ( 1.000000000000000000, 0.0000000000000000000, 0.0000000000000000000 ) ) ;
#1274 = PLANE ( 'NONE',  #3508 ) ;
#1275 = FILL_AREA_STYLE_COLOUR ( '', #524 ) ;
#1276 = B_SPLINE_CURVE_WITH_KNOTS ( 'NONE', 3,
 ( #882, #418, #12, #3791 ),
 .UNSPECIFIED., .F., .F.,
 ( 4, 4 ),
 ( 0.0000000000000000000, 0.8714318651433440300 ),
 .UNSPECIFIED. ) ;
#1277 = MECHANICAL_DESIGN_GEOMETRIC_PRESENTATION_REPRESENTATION (  '', ( #1286 ), #1674 ) ;
#1278 = ORIENTED_EDGE ( 'NONE', *, *, #3710, .T. ) ;
#1279 = VERTEX_POINT ( 'NONE', #1575 ) ;
#1280 = CARTESIAN_POINT ( 'NONE',  ( 0.008519123305576425200, 0.1290718309748114800, 0.2596758418404240800 ) ) ;
#1281 = SURFACE_STYLE_USAGE ( .BOTH. , #1660 ) ;
#1282 = ORIENTED_EDGE ( 'NONE', *, *, #2203, .T. ) ;
#1283 = DIRECTION ( 'NONE',  ( 0.0000000000000000000, 0.0000000000000000000, -1.000000000000000000 ) ) ;
#1284 = CARTESIAN_POINT ( 'NONE',  ( -0.07278087669441706000, 0.1015718309748114700, 0.3409758418404165200 ) ) ;
#1285 = CARTESIAN_POINT ( 'NONE',  ( 0.08281912330558281700, 0.1315718309748115900, 0.2746758418404166000 ) ) ;
#1286 = STYLED_ITEM ( 'NONE', ( #116 ), #2649 ) ;
#1287 = VECTOR ( 'NONE', #2641, 39.37007874015748100 ) ;
#1288 = SURFACE_STYLE_USAGE ( .BOTH. , #1668 ) ;
#1289 = STYLED_ITEM ( 'NONE', ( #1926 ), #2653 ) ;
#1290 = LENGTH_MEASURE_WITH_UNIT ( LENGTH_MEASURE( 0.02539999999999999900 ), #1663 );
#1291 = LINE ( 'NONE', #890, #3979 ) ;
#1292 = ORIENTED_EDGE ( 'NONE', *, *, #692, .T. ) ;
#1293 = ORIENTED_EDGE ( 'NONE', *, *, #2846, .F. ) ;
#1294 = ORIENTED_EDGE ( 'NONE', *, *, #4011, .T. ) ;
#1295 = ORIENTED_EDGE ( 'NONE', *, *, #1690, .T. ) ;
#1296 = FILL_AREA_STYLE_COLOUR ( '', #1684 ) ;
#1297 = VECTOR ( 'NONE', #2233, 39.37007874015748100 ) ;
#1298 =( NAMED_UNIT ( * ) SI_UNIT ( $, .STERADIAN. ) SOLID_ANGLE_UNIT ( ) );
#1299 = DIRECTION ( 'NONE',  ( 0.0000000000000000000, -1.000000000000000000, 0.0000000000000000000 ) ) ;
#1300 = VERTEX_POINT ( 'NONE', #1195 ) ;
#1301 = CARTESIAN_POINT ( 'NONE',  ( 0.08981912330558293500, 0.1015718309748114700, 0.3163758418404165100 ) ) ;
#1302 = LINE ( 'NONE', #904, #1815 ) ;
#1303 = DIRECTION ( 'NONE',  ( 0.0000000000000000000, 1.000000000000000000, 0.0000000000000000000 ) ) ;
#1304 = SURFACE_STYLE_FILL_AREA ( #1694 ) ;
#1305 = LINE ( 'NONE', #910, #1945 ) ;
#1306 = VECTOR ( 'NONE', #1492, 39.37007874015748100 ) ;
#1307 = CARTESIAN_POINT ( 'NONE',  ( -0.06835288210038120700, 0.1230718309748114700, 0.3046759318404223000 ) ) ;
#1308 =( GEOMETRIC_REPRESENTATION_CONTEXT ( 3 ) GLOBAL_UNCERTAINTY_ASSIGNED_CONTEXT ( ( #3031 ) ) GLOBAL_UNIT_ASSIGNED_CONTEXT ( ( #2324, #1073, #3975 ) ) REPRESENTATION_CONTEXT ( 'NONE', 'WORKASPACE' ) );
#1309 = VECTOR ( 'NONE', #149, 39.37007874015748900 ) ;
#1310 = FACE_OUTER_BOUND ( 'NONE', #1863, .T. ) ;
#1311 =( CONVERSION_BASED_UNIT ( 'INCH', #1536 ) LENGTH_UNIT ( ) NAMED_UNIT ( #3637 ) );
#1312 = EDGE_CURVE ( 'NONE', #487, #1190, #764, .T. ) ;
#1313 = LINE ( 'NONE', #915, #1174 ) ;
#1314 = DIRECTION ( 'NONE',  ( 1.505648144656230100E-016, 0.0000000000000000000, -1.000000000000000000 ) ) ;
#1315 = CARTESIAN_POINT ( 'NONE',  ( -0.07274150661567688200, 0.1290718309748114800, 0.2996759218404222400 ) ) ;
#1316 = ORIENTED_EDGE ( 'NONE', *, *, #1049, .F. ) ;
#1317 = MANIFOLD_SOLID_BREP ( 'Combine1', #3004 ) ;
#1318 = LINE ( 'NONE', #923, #3142 ) ;
#1319 = DIRECTION ( 'NONE',  ( 0.0000000000000000000, -1.000000000000000000, 0.0000000000000000000 ) ) ;
#1320 = LINE ( 'NONE', #926, #1833 ) ;
#1321 = SURFACE_SIDE_STYLE ('',( #1723 ) ) ;
#1322 = EDGE_CURVE ( 'NONE', #109, #241, #3669, .T. ) ;
#1323 = FILL_AREA_STYLE ('',( #1724 ) ) ;
#1324 = AXIS2_PLACEMENT_3D ( 'NONE', #1555, #1172, #742 ) ;
#1325 = VECTOR ( 'NONE', #546, 39.37007874015748100 ) ;
#1326 = EDGE_LOOP ( 'NONE', ( #1614, #458, #3138, #1231 ) ) ;
#1327 = PRESENTATION_LAYER_ASSIGNMENT (  '', '', ( #3043 ) ) ;
#1328 = PRESENTATION_STYLE_ASSIGNMENT (( #1734 ) ) ;
#1329 = ADVANCED_FACE ( 'NONE', ( #42 ), #1681, .T. ) ;
#1330 = ORIENTED_EDGE ( 'NONE', *, *, #47, .F. ) ;
#1331 = ORIENTED_EDGE ( 'NONE', *, *, #2623, .T. ) ;
#1332 = ORIENTED_EDGE ( 'NONE', *, *, #3312, .F. ) ;
#1333 =( LENGTH_UNIT ( ) NAMED_UNIT ( * ) SI_UNIT ( $, .METRE. ) );
#1334 = CIRCLE ( 'NONE', #2934, 0.006039370078740154700 ) ;
#1335 = FILL_AREA_STYLE ('',( #2185 ) ) ;
#1336 = CARTESIAN_POINT ( 'NONE',  ( -0.07274150661567688200, 0.1290718309748114800, 0.2671357095751810700 ) ) ;
#1337 = LINE ( 'NONE', #941, #36 ) ;
#1338 = EDGE_LOOP ( 'NONE', ( #2213, #1728, #527, #1214, #936 ) ) ;
#1339 = EDGE_CURVE ( 'NONE', #2786, #2706, #3576, .T. ) ;
#1340 = CARTESIAN_POINT ( 'NONE',  ( -0.1847741550361675600, 0.09557183097481074300, 0.2596758418404241400 ) ) ;
#1341 =( NAMED_UNIT ( * ) PLANE_ANGLE_UNIT ( ) SI_UNIT ( $, .RADIAN. ) );
#1342 = CARTESIAN_POINT ( 'NONE',  ( 0.08981912330558293500, 0.1230718309748114700, 0.2996759218404226900 ) ) ;
#1343 = CARTESIAN_POINT ( 'NONE',  ( -0.07278087669441706000, 0.1230718309748114700, 0.2996759218404222400 ) ) ;
#1344 = FILL_AREA_STYLE ('',( #1751 ) ) ;
#1345 = PRESENTATION_STYLE_ASSIGNMENT (( #1752 ) ) ;
#1346 = CARTESIAN_POINT ( 'NONE',  ( 0.09159428319781549900, 0.1290718309748114800, 0.2537025946839089300 ) ) ;
#1347 =( CONVERSION_BASED_UNIT ( 'INCH', #404 ) LENGTH_UNIT ( ) NAMED_UNIT ( #1876 ) );
#1348 = COLOUR_RGB ( '',0.7529411764705882200, 0.7529411764705882200, 0.7529411764705882200 ) ;
#1349 =( CONVERSION_BASED_UNIT ( 'INCH', #2932 ) LENGTH_UNIT ( ) NAMED_UNIT ( #3326 ) );
#1350 =( NAMED_UNIT ( * ) PLANE_ANGLE_UNIT ( ) SI_UNIT ( $, .RADIAN. ) );
#1351 = LENGTH_MEASURE_WITH_UNIT ( LENGTH_MEASURE( 0.02539999999999999900 ), #1742 );
#1352 = ORIENTED_EDGE ( 'NONE', *, *, #98, .T. ) ;
#1353 = ADVANCED_FACE ( 'NONE', ( #3231 ), #1612, .F. ) ;
#1354 = ORIENTED_EDGE ( 'NONE', *, *, #3306, .T. ) ;
#1355 = MECHANICAL_DESIGN_GEOMETRIC_PRESENTATION_REPRESENTATION (  '', ( #1560 ), #1143 ) ;
#1356 =( LENGTH_UNIT ( ) NAMED_UNIT ( * ) SI_UNIT ( $, .METRE. ) );
#1357 = VECTOR ( 'NONE', #3279, 39.37007874015748100 ) ;
#1358 = COLOUR_RGB ( '',0.5019607843137254800, 0.5019607843137254800, 0.5019607843137254800 ) ;
#1359 = EDGE_LOOP ( 'NONE', ( #2965, #3517, #2514, #2164 ) ) ;
#1360 = MECHANICAL_DESIGN_GEOMETRIC_PRESENTATION_REPRESENTATION (  '', ( #1373 ), #2337 ) ;
#1361 = ORIENTED_EDGE ( 'NONE', *, *, #1402, .T. ) ;
#1362 = PRESENTATION_STYLE_ASSIGNMENT (( #1765 ) ) ;
#1363 = EDGE_CURVE ( 'NONE', #3771, #3613, #1662, .T. ) ;
#1364 = CARTESIAN_POINT ( 'NONE',  ( -0.07048103469440981900, 0.1230718309748114700, 0.2566758358404094800 ) ) ;
#1365 = EDGE_LOOP ( 'NONE', ( #3749, #1001, #3961, #1204 ) ) ;
#1366 = COLOUR_RGB ( '',0.7529411764705882200, 0.7529411764705882200, 0.7529411764705882200 ) ;
#1367 = CARTESIAN_POINT ( 'NONE',  ( 0.08481912330558298600, 0.1400718309748114600, 0.2196757618404103500 ) ) ;
#1368 = SURFACE_SIDE_STYLE ('',( #1772 ) ) ;
#1369 = DIRECTION ( 'NONE',  ( -3.491481338843133000E-015, 1.000000000000000000, 6.622473273521262800E-031 ) ) ;
#1370 = LINE ( 'NONE', #968, #1325 ) ;
#1371 = DIRECTION ( 'NONE',  ( -0.0000000000000000000, -1.000000000000000000, -0.0000000000000000000 ) ) ;
#1372 = EDGE_CURVE ( 'NONE', #1950, #2386, #2383, .T. ) ;
#1373 = STYLED_ITEM ( 'NONE', ( #3047 ), #2601 ) ;
#1374 = CARTESIAN_POINT ( 'NONE',  ( 0.06021912330558299600, 0.1230718309748114700, 0.3409758418404165200 ) ) ;
#1375 = EDGE_LOOP ( 'NONE', ( #2358, #1817, #264, #3032, #215 ) ) ;
#1376 = ORIENTED_EDGE ( 'NONE', *, *, #2362, .T. ) ;
#1377 = AXIS2_PLACEMENT_3D ( 'NONE', #4177, #3754, #3293 ) ;
#1378 = CIRCLE ( 'NONE', #2230, 0.02459999999999999300 ) ;
#1379 = VECTOR ( 'NONE', #1371, 39.37007874015748100 ) ;
#1380 = PRESENTATION_STYLE_ASSIGNMENT (( #1783 ) ) ;
#1381 = EDGE_LOOP ( 'NONE', ( #2618, #2674, #18, #1082 ) ) ;
#1382 = AXIS2_PLACEMENT_3D ( 'NONE', #345, #4139, #3709 ) ;
#1383 = EDGE_CURVE ( 'NONE', #3140, #665, #1135, .T. ) ;
#1384 =( NAMED_UNIT ( * ) PLANE_ANGLE_UNIT ( ) SI_UNIT ( $, .RADIAN. ) );
#1385 = SURFACE_STYLE_FILL_AREA ( #1791 ) ;
#1386 = COLOUR_RGB ( '',0.5019607843137254800, 0.5019607843137254800, 0.5019607843137254800 ) ;
#1387 = SURFACE_SIDE_STYLE ('',( #1792 ) ) ;
#1388 = ORIENTED_EDGE ( 'NONE', *, *, #2645, .F. ) ;
#1389 = CARTESIAN_POINT ( 'NONE',  ( 0.08931912330558283700, 0.1015718309748115000, 0.2996759218404226900 ) ) ;
#1390 = EDGE_CURVE ( 'NONE', #325, #3470, #4042, .T. ) ;
#1391 = SURFACE_STYLE_FILL_AREA ( #1796 ) ;
#1392 = SURFACE_STYLE_FILL_AREA ( #1797 ) ;
#1393 = AXIS2_PLACEMENT_3D ( 'NONE', #2848, #2421, #1981 ) ;
#1394 = DIRECTION ( 'NONE',  ( 0.0000000000000000000, 0.0000000000000000000, -1.000000000000000000 ) ) ;
#1395 = CARTESIAN_POINT ( 'NONE',  ( -0.07277510799523792500, 0.1230660591469840600, 0.2632492446763405900 ) ) ;
#1396 = LINE ( 'NONE', #988, #3496 ) ;
#1397 = CARTESIAN_POINT ( 'NONE',  ( 0.08981912330558293500, 0.1230718309748114700, 0.2562935710894013700 ) ) ;
#1398 = COLOUR_RGB ( '',0.5019607843137254800, 0.5019607843137254800, 0.5019607843137254800 ) ;
#1399 = LINE ( 'NONE', #990, #2761 ) ;
#1400 = VECTOR ( 'NONE', #591, 39.37007874015748100 ) ;
#1401 = ORIENTED_EDGE ( 'NONE', *, *, #3359, .T. ) ;
#1402 = EDGE_CURVE ( 'NONE', #935, #1736, #2702, .T. ) ;
#1403 = FACE_OUTER_BOUND ( 'NONE', #1908, .T. ) ;
#1404 = FILL_AREA_STYLE ('',( #3998 ) ) ;
#1405 = SURFACE_STYLE_FILL_AREA ( #1811 ) ;
#1406 = LENGTH_MEASURE_WITH_UNIT ( LENGTH_MEASURE( 0.02539999999999999900 ), #1067 );
#1407 = CIRCLE ( 'NONE', #2211, 0.005000009999999974900 ) ;
#1408 = EDGE_CURVE ( 'NONE', #3904, #2740, #1426, .T. ) ;
#1409 =( GEOMETRIC_REPRESENTATION_CONTEXT ( 3 ) GLOBAL_UNCERTAINTY_ASSIGNED_CONTEXT ( ( #3044 ) ) GLOBAL_UNIT_ASSIGNED_CONTEXT ( ( #422, #3335, #2020 ) ) REPRESENTATION_CONTEXT ( 'NONE', 'WORKASPACE' ) );
#1410 = DIRECTION ( 'NONE',  ( -1.896751731090606800E-016, 0.0000000000000000000, -1.000000000000000000 ) ) ;
#1411 = ORIENTED_EDGE ( 'NONE', *, *, #140, .F. ) ;
#1412 = DIRECTION ( 'NONE',  ( -1.000000000000000000, -0.0000000000000000000, -0.0000000000000000000 ) ) ;
#1413 = DIRECTION ( 'NONE',  ( 1.896751731090606800E-016, 0.0000000000000000000, 1.000000000000000000 ) ) ;
#1414 = FILL_AREA_STYLE_COLOUR ( '', #455 ) ;
#1415 = CARTESIAN_POINT ( 'NONE',  ( -0.07278087669441706000, 0.1230718309748114700, 0.3163758418404165100 ) ) ;
#1416 = LINE ( 'NONE', #595, #922 ) ;
#1417 = CARTESIAN_POINT ( 'NONE',  ( 0.08481912330558298600, 0.1290718309748114800, 0.2029758418404165300 ) ) ;
#1418 = CARTESIAN_POINT ( 'NONE',  ( 0.008519123305576416600, 0.1290718309748114800, 0.2196757618404103500 ) ) ;
#1419 = LENGTH_MEASURE_WITH_UNIT ( LENGTH_MEASURE( 0.02539999999999999900 ), #4155 );
#1420 = EDGE_CURVE ( 'NONE', #2131, #2981, #164, .T. ) ;
#1421 = PLANE ( 'NONE',  #93 ) ;
#1422 = ORIENTED_EDGE ( 'NONE', *, *, #63, .T. ) ;
#1423 = PRESENTATION_LAYER_ASSIGNMENT (  '', '', ( #1427 ) ) ;
#1424 = COLOUR_RGB ( '',0.7529411764705882200, 0.7529411764705882200, 0.7529411764705882200 ) ;
#1425 = SURFACE_STYLE_FILL_AREA ( #1831 ) ;
#1426 = LINE ( 'NONE', #1019, #3074 ) ;
#1427 = STYLED_ITEM ( 'NONE', ( #1241 ), #2598 ) ;
#1428 = B_SPLINE_CURVE_WITH_KNOTS ( 'NONE', 3,
 ( #1554, #1167, #738, #290 ),
 .UNSPECIFIED., .F., .F.,
 ( 4, 4 ),
 ( 0.0000000000000000000, 1.000000000000000000 ),
 .UNSPECIFIED. ) ;
#1429 = ORIENTED_EDGE ( 'NONE', *, *, #2639, .F. ) ;
#1430 = UNCERTAINTY_MEASURE_WITH_UNIT (LENGTH_MEASURE( 1.000000000000000100E-005 ), #2452, 'distance_accuracy_value', 'NONE');
#1431 = CYLINDRICAL_SURFACE ( 'NONE', #1142, 0.006500000000000002300 ) ;
#1432 = ORIENTED_EDGE ( 'NONE', *, *, #2710, .F. ) ;
#1433 = ADVANCED_FACE ( 'NONE', ( #3195 ), #3066, .T. ) ;
#1434 = AXIS2_PLACEMENT_3D ( 'NONE', #2283, #1845, #1439 ) ;
#1435 = ORIENTED_EDGE ( 'NONE', *, *, #3455, .F. ) ;
#1436 = CARTESIAN_POINT ( 'NONE',  ( -0.07278087669441708800, 0.1015718309748114700, 0.2196757618404199800 ) ) ;
#1437 = FACE_OUTER_BOUND ( 'NONE', #1048, .T. ) ;
#1438 = COLOUR_RGB ( '',0.7529411764705882200, 0.7529411764705882200, 0.7529411764705882200 ) ;
#1439 = DIRECTION ( 'NONE',  ( 1.000000000000000000, -0.0000000000000000000, 0.0000000000000000000 ) ) ;
#1440 = CARTESIAN_POINT ( 'NONE',  ( -0.07278087669441706000, 0.1230718309748114700, 0.2196757618404199800 ) ) ;
#1441 = ORIENTED_EDGE ( 'NONE', *, *, #2619, .F. ) ;
#1442 = CARTESIAN_POINT ( 'NONE',  ( 0.08481912330558298600, 0.1400718309748114600, 0.2029758418404165300 ) ) ;
#1443 = SURFACE_STYLE_USAGE ( .BOTH. , #1851 ) ;
#1444 = CARTESIAN_POINT ( 'NONE',  ( 0.08981912330558293500, 0.1230718309748114700, 0.2196757618404102900 ) ) ;
#1445 = ADVANCED_FACE ( 'NONE', ( #3263 ), #2986, .T. ) ;
#1446 = DIRECTION ( 'NONE',  ( 1.000000000000000000, 0.0000000000000000000, 0.0000000000000000000 ) ) ;
#1447 = DIRECTION ( 'NONE',  ( -0.0000000000000000000, -0.0000000000000000000, 1.000000000000000000 ) ) ;
#1448 = CARTESIAN_POINT ( 'NONE',  ( 0.06521912330558293800, 0.1230718309748114700, 0.3409758418404165200 ) ) ;
#1449 = FILL_AREA_STYLE ('',( #1856 ) ) ;
#1450 = SURFACE_SIDE_STYLE ('',( #1857 ) ) ;
#1451 = VECTOR ( 'NONE', #1314, 39.37007874015748100 ) ;
#1452 = FILL_AREA_STYLE ('',( #2075 ) ) ;
#1453 = SURFACE_STYLE_USAGE ( .BOTH. , #1861 ) ;
#1454 = COLOUR_RGB ( '',0.7529411764705882200, 0.7529411764705882200, 0.7529411764705882200 ) ;
#1455 = LENGTH_MEASURE_WITH_UNIT ( LENGTH_MEASURE( 0.02539999999999999900 ), #780 );
#1456 = VERTEX_POINT ( 'NONE', #3943 ) ;
#1457 = EDGE_LOOP ( 'NONE', ( #1533, #1352, #377, #2812, #3242, #4142, #2224, #3572, #3092, #921 ) ) ;
#1458 = PRESENTATION_LAYER_ASSIGNMENT (  '', '', ( #1512 ) ) ;
#1459 = CARTESIAN_POINT ( 'NONE',  ( 0.008519123305576416600, 0.1230718309748114700, 0.2196757618404199800 ) ) ;
#1460 = EDGE_CURVE ( 'NONE', #2744, #844, #3510, .T. ) ;
#1461 = ORIENTED_EDGE ( 'NONE', *, *, #2380, .F. ) ;
#1462 = VERTEX_POINT ( 'NONE', #1750 ) ;
#1463 = ORIENTED_EDGE ( 'NONE', *, *, #1630, .F. ) ;
#1464 = VECTOR ( 'NONE', #219, 39.37007874015748100 ) ;
#1465 = CARTESIAN_POINT ( 'NONE',  ( -0.04318087669441705200, 0.1400718309748114600, 0.3163758418404164500 ) ) ;
#1466 = CIRCLE ( 'NONE', #2436, 0.006500000000000002300 ) ;
#1467 = PRESENTATION_LAYER_ASSIGNMENT (  '', '', ( #1560 ) ) ;
#1468 = FILL_AREA_STYLE_COLOUR ( '', #893 ) ;
#1469 = DIRECTION ( 'NONE',  ( -0.0000000000000000000, 0.7071067811865492400, -0.7071067811865459100 ) ) ;
#1470 = EDGE_CURVE ( 'NONE', #3193, #493, #2191, .T. ) ;
#1471 = DIRECTION ( 'NONE',  ( 1.000000000000000000, 0.0000000000000000000, 0.0000000000000000000 ) ) ;
#1472 = CARTESIAN_POINT ( 'NONE',  ( -0.04818087669441705600, 0.1230718309748114700, 0.3163758418404165100 ) ) ;
#1473 = CARTESIAN_POINT ( 'NONE',  ( 0.09581912330558292600, 0.1230324608960713000, 0.2196757618404102900 ) ) ;
#1474 = DIRECTION ( 'NONE',  ( 0.0000000000000000000, -0.0000000000000000000, 1.000000000000000000 ) ) ;
#1475 = LINE ( 'NONE', #1069, #2836 ) ;
#1476 = SURFACE_SIDE_STYLE ('',( #1886 ) ) ;
#1477 = SURFACE_STYLE_FILL_AREA ( #1887 ) ;
#1478 = CARTESIAN_POINT ( 'NONE',  ( 0.08981062589410363000, 0.1230568920547873100, 0.2626758478404199200 ) ) ;
#1479 = COLOUR_RGB ( '',0.5019607843137254800, 0.5019607843137254800, 0.5019607843137254800 ) ;
#1480 = DIRECTION ( 'NONE',  ( -3.491481338843133000E-015, 1.000000000000000000, 6.622473273521262800E-031 ) ) ;
#1481 = ADVANCED_FACE ( 'NONE', ( #2926 ), #511, .T. ) ;
#1482 = ORIENTED_EDGE ( 'NONE', *, *, #3797, .T. ) ;
#1483 = ORIENTED_EDGE ( 'NONE', *, *, #3710, .F. ) ;
#1484 = CARTESIAN_POINT ( 'NONE',  ( -0.07277662798867741400, 0.1230643615147993900, 0.2566758358404118700 ) ) ;
#1485 = AXIS2_PLACEMENT_3D ( 'NONE', #918, #464, #43 ) ;
#1486 = CIRCLE ( 'NONE', #2569, 0.02459999999999999300 ) ;
#1487 = ORIENTED_EDGE ( 'NONE', *, *, #3722, .F. ) ;
#1488 = SURFACE_STYLE_USAGE ( .BOTH. , #1901 ) ;
#1489 = VECTOR ( 'NONE', #3139, 39.37007874015748100 ) ;
#1490 = B_SPLINE_CURVE_WITH_KNOTS ( 'NONE', 3,
 ( #1753, #1346, #949, #513 ),
 .UNSPECIFIED., .F., .F.,
 ( 4, 4 ),
 ( 0.0000000000000000000, 1.000000000000000000 ),
 .UNSPECIFIED. ) ;
#1491 = MECHANICAL_DESIGN_GEOMETRIC_PRESENTATION_REPRESENTATION (  '', ( #1675 ), #3028 ) ;
#1492 = DIRECTION ( 'NONE',  ( 0.0000000000000000000, 1.000000000000000000, 0.0000000000000000000 ) ) ;
#1493 = CARTESIAN_POINT ( 'NONE',  ( -0.07278087669441707400, 0.1015718309748114700, 0.2996759218404222400 ) ) ;
#1494 = LENGTH_MEASURE_WITH_UNIT ( LENGTH_MEASURE( 0.02539999999999999900 ), #1223 );
#1495 = DIRECTION ( 'NONE',  ( 0.0000000000000000000, 0.0000000000000000000, 1.000000000000000000 ) ) ;
#1496 = EDGE_LOOP ( 'NONE', ( #4149, #3930, #1103, #2996, #3832, #870, #2624, #1781 ) ) ;
#1497 = COLOUR_RGB ( '',0.7529411764705882200, 0.7529411764705882200, 0.7529411764705882200 ) ;
#1498 = CARTESIAN_POINT ( 'NONE',  ( -0.07434071077979054200, 0.1242979949175587700, 0.2566758358404118700 ) ) ;
#1499 =( LENGTH_UNIT ( ) NAMED_UNIT ( * ) SI_UNIT ( $, .METRE. ) );
#1500 = DIRECTION ( 'NONE',  ( -0.0000000000000000000, -0.0000000000000000000, 1.000000000000000000 ) ) ;
#1501 = SURFACE_SIDE_STYLE ('',( #1913 ) ) ;
#1502 = LINE ( 'NONE', #1097, #3872 ) ;
#1503 = DIRECTION ( 'NONE',  ( -1.000000000000000000, 0.0000000000000000000, 0.0000000000000000000 ) ) ;
#1504 = CARTESIAN_POINT ( 'NONE',  ( -0.1847741550361675600, 0.09557183097481074300, 0.2996759218404222400 ) ) ;
#1505 = CARTESIAN_POINT ( 'NONE',  ( 0.06521912330558293800, 0.1230718309748114700, 0.3163758418404165100 ) ) ;
#1506 =( LENGTH_UNIT ( ) NAMED_UNIT ( * ) SI_UNIT ( $, .METRE. ) );
#1507 = ORIENTED_EDGE ( 'NONE', *, *, #3714, .T. ) ;
#1508 = CARTESIAN_POINT ( 'NONE',  ( 0.08481912330558298600, 0.1230718309748114700, 0.3163758418404165100 ) ) ;
#1509 = LENGTH_MEASURE_WITH_UNIT ( LENGTH_MEASURE( 0.02539999999999999900 ), #1506 );
#1510 = ORIENTED_EDGE ( 'NONE', *, *, #1074, .T. ) ;
#1511 = MECHANICAL_DESIGN_GEOMETRIC_PRESENTATION_REPRESENTATION (  '', ( #1512 ), #3670 ) ;
#1512 = STYLED_ITEM ( 'NONE', ( #2477 ), #2460 ) ;
#1513 = CARTESIAN_POINT ( 'NONE',  ( -0.1847741550361676200, 0.1015718309748107500, 0.2196757618404200100 ) ) ;
#1514 =( CONVERSION_BASED_UNIT ( 'INCH', #2281 ) LENGTH_UNIT ( ) NAMED_UNIT ( #3256 ) );
#1515 = EDGE_LOOP ( 'NONE', ( #3574, #2890, #1255, #2841, #1793 ) ) ;
#1516 =( NAMED_UNIT ( * ) SI_UNIT ( $, .STERADIAN. ) SOLID_ANGLE_UNIT ( ) );
#1517 = VECTOR ( 'NONE', #2141, 39.37007874015748100 ) ;
#1518 =( NAMED_UNIT ( * ) SI_UNIT ( $, .STERADIAN. ) SOLID_ANGLE_UNIT ( ) );
#1519 = FILL_AREA_STYLE_COLOUR ( '', #114 ) ;
#1520 = FILL_AREA_STYLE_COLOUR ( '', #1776 ) ;
#1521 = CARTESIAN_POINT ( 'NONE',  ( 0.08931912330558283700, 0.1020718309748114800, 0.2196757618404102900 ) ) ;
#1522 = CARTESIAN_POINT ( 'NONE',  ( 0.08751928130557350100, 0.1290718309748114800, 0.2676758578404200300 ) ) ;
#1523 = LINE ( 'NONE', #1122, #2485 ) ;
#1524 =( CONVERSION_BASED_UNIT ( 'INCH', #2630 ) LENGTH_UNIT ( ) NAMED_UNIT ( #1843 ) );
#1525 = CARTESIAN_POINT ( 'NONE',  ( -0.07275181457639323700, 0.1230718309748114700, 0.2535114642358070600 ) ) ;
#1526 = FILL_AREA_STYLE_COLOUR ( '', #382 ) ;
#1527 = ORIENTED_EDGE ( 'NONE', *, *, #2420, .F. ) ;
#1528 = SURFACE_STYLE_FILL_AREA ( #1944 ) ;
#1529 = FACE_OUTER_BOUND ( 'NONE', #2475, .T. ) ;
#1530 = CARTESIAN_POINT ( 'NONE',  ( 0.09451562038465917400, 0.1267802006431052200, 0.2626758478404199200 ) ) ;
#1531 = DIRECTION ( 'NONE',  ( 1.000000000000000000, 0.0000000000000000000, 0.0000000000000000000 ) ) ;
#1532 =( GEOMETRIC_REPRESENTATION_CONTEXT ( 3 ) GLOBAL_UNCERTAINTY_ASSIGNED_CONTEXT ( ( #2700 ) ) GLOBAL_UNIT_ASSIGNED_CONTEXT ( ( #2651, #1384, #113 ) ) REPRESENTATION_CONTEXT ( 'NONE', 'WORKASPACE' ) );
#1533 = ORIENTED_EDGE ( 'NONE', *, *, #199, .F. ) ;
#1534 = EDGE_LOOP ( 'NONE', ( #1948, #425, #660, #1259 ) ) ;
#1535 = ORIENTED_EDGE ( 'NONE', *, *, #211, .F. ) ;
#1536 = LENGTH_MEASURE_WITH_UNIT ( LENGTH_MEASURE( 0.02539999999999999900 ), #2573 );
#1537 =( NAMED_UNIT ( * ) PLANE_ANGLE_UNIT ( ) SI_UNIT ( $, .RADIAN. ) );
#1538 = EDGE_LOOP ( 'NONE', ( #2511, #558, #2454, #246 ) ) ;
#1539 = CARTESIAN_POINT ( 'NONE',  ( -0.07278087669441706000, 0.1230718309748114700, 0.3163758418404165100 ) ) ;
#1540 = SURFACE_STYLE_FILL_AREA ( #1958 ) ;
#1541 = CARTESIAN_POINT ( 'NONE',  ( 0.06521912330558292400, 0.1230718309748114700, 0.2196757618404102900 ) ) ;
#1542 =( NAMED_UNIT ( * ) SI_UNIT ( $, .STERADIAN. ) SOLID_ANGLE_UNIT ( ) );
#1543 = DIRECTION ( 'NONE',  ( 0.0000000000000000000, 1.000000000000000000, 0.0000000000000000000 ) ) ;
#1544 = CARTESIAN_POINT ( 'NONE',  ( 0.08481912330558298600, 0.1230718309748114700, 0.3163758418404165100 ) ) ;
#1545 = DIRECTION ( 'NONE',  ( -1.000000000000000000, 0.0000000000000000000, 0.0000000000000000000 ) ) ;
#1546 = CARTESIAN_POINT ( 'NONE',  ( 0.09581912330558323100, 0.1020718309748114600, 0.2996759218404226900 ) ) ;
#1547 = LINE ( 'NONE', #1158, #917 ) ;
#1548 = VERTEX_POINT ( 'NONE', #2319 ) ;
#1549 = DIRECTION ( 'NONE',  ( 0.0000000000000000000, 1.000000000000000000, 0.0000000000000000000 ) ) ;
#1550 = ORIENTED_EDGE ( 'NONE', *, *, #378, .T. ) ;
#1551 = LENGTH_MEASURE_WITH_UNIT ( LENGTH_MEASURE( 0.02539999999999999900 ), #1499 );
#1552 = COLOUR_RGB ( '',0.7529411764705882200, 0.7529411764705882200, 0.7529411764705882200 ) ;
#1553 = ORIENTED_EDGE ( 'NONE', *, *, #174, .F. ) ;
#1554 = CARTESIAN_POINT ( 'NONE',  ( -0.07747737377349606100, 0.1267802006431017500, 0.2566758358404118700 ) ) ;
#1555 = CARTESIAN_POINT ( 'NONE',  ( -0.04818087669441705600, 0.09557183097481147800, 0.2029758418404165300 ) ) ;
#1556 =( NAMED_UNIT ( * ) PLANE_ANGLE_UNIT ( ) SI_UNIT ( $, .RADIAN. ) );
#1557 = MECHANICAL_DESIGN_GEOMETRIC_PRESENTATION_REPRESENTATION (  '', ( #1574 ), #99 ) ;
#1558 = DIRECTION ( 'NONE',  ( -1.896751731090606800E-016, 0.0000000000000000000, -1.000000000000000000 ) ) ;
#1559 = DIRECTION ( 'NONE',  ( 3.491483361109382100E-015, 1.000000000000000000, -6.622477109258271200E-031 ) ) ;
#1560 = STYLED_ITEM ( 'NONE', ( #3597 ), #3685 ) ;
#1561 = CARTESIAN_POINT ( 'NONE',  ( 0.1268191233055829500, 0.1015718309748114700, 0.3046758418404165200 ) ) ;
#1562 = CIRCLE ( 'NONE', #2762, 0.005000009999999941100 ) ;
#1563 =( NAMED_UNIT ( * ) PLANE_ANGLE_UNIT ( ) SI_UNIT ( $, .RADIAN. ) );
#1564 = PRESENTATION_LAYER_ASSIGNMENT (  '', '', ( #1574 ) ) ;
#1565 = DIRECTION ( 'NONE',  ( 1.000000000000000000, 0.0000000000000000000, -1.896751731090606800E-016 ) ) ;
#1566 = DIRECTION ( 'NONE',  ( -1.000000000000000000, -0.0000000000000000000, 5.768260121757312800E-017 ) ) ;
#1567 = SURFACE_SIDE_STYLE ('',( #1990 ) ) ;
#1568 = PRESENTATION_STYLE_ASSIGNMENT (( #1992 ) ) ;
#1569 = VECTOR ( 'NONE', #4058, 39.37007874015748100 ) ;
#1570 = ORIENTED_EDGE ( 'NONE', *, *, #1372, .F. ) ;
#1571 = EDGE_LOOP ( 'NONE', ( #2127, #4150, #285, #4006, #2621, #1590, #2597, #2816 ) ) ;
#1572 = CARTESIAN_POINT ( 'NONE',  ( -0.07278087669441706000, 0.1230718309748114700, 0.2562935710893878800 ) ) ;
#1573 = VERTEX_POINT ( 'NONE', #1885 ) ;
#1574 = STYLED_ITEM ( 'NONE', ( #2778 ), #2443 ) ;
#1575 = CARTESIAN_POINT ( 'NONE',  ( -0.07747737377349606100, 0.1267802006431017500, 0.2626758478404107600 ) ) ;
#1576 = FILL_AREA_STYLE_COLOUR ( '', #955 ) ;
#1577 = CARTESIAN_POINT ( 'NONE',  ( -0.04818087669441705600, 0.1230718309748114700, 0.3409758418404165200 ) ) ;
#1578 = CARTESIAN_POINT ( 'NONE',  ( -0.07276503892733103600, 0.1230661677653198100, 0.2641624702396888100 ) ) ;
#1579 = EDGE_LOOP ( 'NONE', ( #3924, #3402, #2202, #773, #2646 ) ) ;
#1580 = CARTESIAN_POINT ( 'NONE',  ( 0.008519123305576425200, 0.1290718309748114800, 0.2676758578404113700 ) ) ;
#1581 = LINE ( 'NONE', #1207, #1583 ) ;
#1582 = CARTESIAN_POINT ( 'NONE',  ( -0.04818087669441705600, 0.1230718309748114700, 0.3409758418404165200 ) ) ;
#1583 = VECTOR ( 'NONE', #776, 39.37007874015748100 ) ;
#1584 = LINE ( 'NONE', #1209, #3795 ) ;
#1585 = PRESENTATION_LAYER_ASSIGNMENT (  '', '', ( #1675 ) ) ;
#1586 = MECHANICAL_DESIGN_GEOMETRIC_PRESENTATION_REPRESENTATION (  '', ( #2913 ), #2507 ) ;
#1587 = AXIS2_PLACEMENT_3D ( 'NONE', #4003, #3464, #2997 ) ;
#1588 =( GEOMETRIC_REPRESENTATION_CONTEXT ( 3 ) GLOBAL_UNCERTAINTY_ASSIGNED_CONTEXT ( ( #1169 ) ) GLOBAL_UNIT_ASSIGNED_CONTEXT ( ( #2946, #1645, #393 ) ) REPRESENTATION_CONTEXT ( 'NONE', 'WORKASPACE' ) );
#1589 = PRESENTATION_STYLE_ASSIGNMENT (( #2023 ) ) ;
#1590 = ORIENTED_EDGE ( 'NONE', *, *, #1630, .T. ) ;
#1591 =( GEOMETRIC_REPRESENTATION_CONTEXT ( 3 ) GLOBAL_UNCERTAINTY_ASSIGNED_CONTEXT ( ( #4141 ) ) GLOBAL_UNIT_ASSIGNED_CONTEXT ( ( #3252, #1952, #712 ) ) REPRESENTATION_CONTEXT ( 'NONE', 'WORKASPACE' ) );
#1592 = EDGE_LOOP ( 'NONE', ( #2918, #339, #3226, #2039, #3103, #1929, #2990, #566, #1687, #2342, #414, #1282 ) ) ;
#1593 = ORIENTED_EDGE ( 'NONE', *, *, #3167, .T. ) ;
#1594 = PLANE ( 'NONE',  #2830 ) ;
#1595 = CARTESIAN_POINT ( 'NONE',  ( -0.07277237928293776900, 0.1230568920547873000, 0.2566758358404118700 ) ) ;
#1596 = DIRECTION ( 'NONE',  ( 1.000000000000000000, 0.0000000000000000000, -0.0000000000000000000 ) ) ;
#1597 = FILL_AREA_STYLE ('',( #3357 ) ) ;
#1598 = ORIENTED_EDGE ( 'NONE', *, *, #199, .T. ) ;
#1599 = STYLED_ITEM ( 'NONE', ( #1046 ), #3322 ) ;
#1600 = DIRECTION ( 'NONE',  ( 0.0000000000000000000, 1.000000000000000000, 0.0000000000000000000 ) ) ;
#1601 = PLANE ( 'NONE',  #263 ) ;
#1602 = CARTESIAN_POINT ( 'NONE',  ( 0.05681912330558280800, 0.1025718309748121800, 0.3236759698404214100 ) ) ;
#1603 = VECTOR ( 'NONE', #2014, 39.37007874015748100 ) ;
#1604 =( CONVERSION_BASED_UNIT ( 'INCH', #2664 ) LENGTH_UNIT ( ) NAMED_UNIT ( #1904 ) );
#1605 = FILL_AREA_STYLE ('',( #2046 ) ) ;
#1606 =( LENGTH_UNIT ( ) NAMED_UNIT ( * ) SI_UNIT ( $, .METRE. ) );
#1607 = SURFACE_STYLE_FILL_AREA ( #2048 ) ;
#1608 = EDGE_CURVE ( 'NONE', #2981, #3453, #1475, .T. ) ;
#1609 = ORIENTED_EDGE ( 'NONE', *, *, #2738, .F. ) ;
#1610 = FILL_AREA_STYLE_COLOUR ( '', #3141 ) ;
#1611 = LINE ( 'NONE', #1233, #3055 ) ;
#1612 = PLANE ( 'NONE',  #3216 ) ;
#1613 =( GEOMETRIC_REPRESENTATION_CONTEXT ( 3 ) GLOBAL_UNCERTAINTY_ASSIGNED_CONTEXT ( ( #845 ) ) GLOBAL_UNIT_ASSIGNED_CONTEXT ( ( #2607, #1341, #72 ) ) REPRESENTATION_CONTEXT ( 'NONE', 'WORKASPACE' ) );
#1614 = ORIENTED_EDGE ( 'NONE', *, *, #3965, .T. ) ;
#1615 = EDGE_CURVE ( 'NONE', #435, #3987, #1732, .T. ) ;
#1616 = PRESENTATION_STYLE_ASSIGNMENT (( #2060 ) ) ;
#1617 = SURFACE_STYLE_USAGE ( .BOTH. , #2065 ) ;
#1618 = PRESENTATION_STYLE_ASSIGNMENT (( #2066 ) ) ;
#1619 = CARTESIAN_POINT ( 'NONE',  ( 0.08481912330558298600, 0.1400718309748114600, 0.2029758418404165300 ) ) ;
#1620 = ORIENTED_EDGE ( 'NONE', *, *, #1951, .T. ) ;
#1621 = CARTESIAN_POINT ( 'NONE',  ( -0.07278087669441706000, 0.1015718309748114700, 0.2996759218404222400 ) ) ;
#1622 = SURFACE_STYLE_FILL_AREA ( #2071 ) ;
#1623 = FILL_AREA_STYLE_COLOUR ( '', #1648 ) ;
#1624 = ADVANCED_FACE ( 'NONE', ( #2833 ), #2013, .T. ) ;
#1625 = VECTOR ( 'NONE', #1147, 39.37007874015748100 ) ;
#1626 = LINE ( 'NONE', #1253, #387 ) ;
#1627 = ORIENTED_EDGE ( 'NONE', *, *, #3980, .F. ) ;
#1628 = PLANE ( 'NONE',  #3933 ) ;
#1629 =( NAMED_UNIT ( * ) PLANE_ANGLE_UNIT ( ) SI_UNIT ( $, .RADIAN. ) );
#1630 = EDGE_CURVE ( 'NONE', #267, #4045, #317, .T. ) ;
#1631 = ORIENTED_EDGE ( 'NONE', *, *, #3965, .F. ) ;
#1632 = ORIENTED_EDGE ( 'NONE', *, *, #503, .T. ) ;
#1633 = ORIENTED_EDGE ( 'NONE', *, *, #2970, .T. ) ;
#1634 =( NAMED_UNIT ( * ) SI_UNIT ( $, .STERADIAN. ) SOLID_ANGLE_UNIT ( ) );
#1635 = COLOUR_RGB ( '',0.7529411764705882200, 0.7529411764705882200, 0.7529411764705882200 ) ;
#1636 = MECHANICAL_DESIGN_GEOMETRIC_PRESENTATION_REPRESENTATION (  '', ( #1642 ), #760 ) ;
#1637 = SURFACE_SIDE_STYLE ('',( #2090 ) ) ;
#1638 = SURFACE_STYLE_USAGE ( .BOTH. , #2091 ) ;
#1639 = EDGE_CURVE ( 'NONE', #241, #2559, #3205, .T. ) ;
#1640 = DIRECTION ( 'NONE',  ( -1.000000000000000000, 0.0000000000000000000, 1.896751731090606800E-016 ) ) ;
#1641 =( GEOMETRIC_REPRESENTATION_CONTEXT ( 3 ) GLOBAL_UNCERTAINTY_ASSIGNED_CONTEXT ( ( #2050 ) ) GLOBAL_UNIT_ASSIGNED_CONTEXT ( ( #1514, #244, #833 ) ) REPRESENTATION_CONTEXT ( 'NONE', 'WORKASPACE' ) );
#1642 = STYLED_ITEM ( 'NONE', ( #647 ), #2416 ) ;
#1643 = DIRECTION ( 'NONE',  ( -1.000000000000000000, 0.0000000000000000000, 0.0000000000000000000 ) ) ;
#1644 = SURFACE_STYLE_USAGE ( .BOTH. , #2095 ) ;
#1645 =( NAMED_UNIT ( * ) PLANE_ANGLE_UNIT ( ) SI_UNIT ( $, .RADIAN. ) );
#1646 = DIRECTION ( 'NONE',  ( 0.0000000000000000000, 1.000000000000000000, 0.0000000000000000000 ) ) ;
#1647 = AXIS2_PLACEMENT_3D ( 'NONE', #2119, #1664, #1283 ) ;
#1648 = COLOUR_RGB ( '',0.5019607843137254800, 0.5019607843137254800, 0.5019607843137254800 ) ;
#1649 = DIRECTION ( 'NONE',  ( -1.000000000000000000, 6.982964699952515400E-015, 1.896751731090606800E-016 ) ) ;
#1650 = AXIS2_PLACEMENT_3D ( 'NONE', #481, #53, #3838 ) ;
#1651 = FACE_OUTER_BOUND ( 'NONE', #1381, .T. ) ;
#1652 = EDGE_CURVE ( 'NONE', #674, #1462, #2741, .T. ) ;
#1653 = ORIENTED_EDGE ( 'NONE', *, *, #1021, .F. ) ;
#1654 =( NAMED_UNIT ( * ) SI_UNIT ( $, .STERADIAN. ) SOLID_ANGLE_UNIT ( ) );
#1655 = MECHANICAL_DESIGN_GEOMETRIC_PRESENTATION_REPRESENTATION (  '', ( #277 ), #3570 ) ;
#1656 = COLOUR_RGB ( '',0.7529411764705882200, 0.7529411764705882200, 0.7529411764705882200 ) ;
#1657 = ORIENTED_EDGE ( 'NONE', *, *, #3037, .T. ) ;
#1658 =( NAMED_UNIT ( * ) PLANE_ANGLE_UNIT ( ) SI_UNIT ( $, .RADIAN. ) );
#1659 = EDGE_CURVE ( 'NONE', #3394, #1809, #228, .T. ) ;
#1660 = SURFACE_SIDE_STYLE ('',( #2113 ) ) ;
#1661 = ORIENTED_EDGE ( 'NONE', *, *, #2612, .T. ) ;
#1662 = CIRCLE ( 'NONE', #3130, 0.02459999999999999300 ) ;
#1663 =( LENGTH_UNIT ( ) NAMED_UNIT ( * ) SI_UNIT ( $, .METRE. ) );
#1664 = DIRECTION ( 'NONE',  ( 0.0000000000000000000, -1.000000000000000000, 0.0000000000000000000 ) ) ;
#1665 = PLANE ( 'NONE',  #1787 ) ;
#1666 = LINE ( 'NONE', #1285, #1261 ) ;
#1667 = CYLINDRICAL_SURFACE ( 'NONE', #1647, 0.02459999999999999300 ) ;
#1668 = SURFACE_SIDE_STYLE ('',( #2125 ) ) ;
#1669 =( LENGTH_UNIT ( ) NAMED_UNIT ( * ) SI_UNIT ( $, .METRE. ) );
#1670 = EDGE_CURVE ( 'NONE', #3613, #665, #2660, .T. ) ;
#1671 = DIRECTION ( 'NONE',  ( 1.000000000000000000, 0.0000000000000000000, -1.896751731090606800E-016 ) ) ;
#1672 = EDGE_LOOP ( 'NONE', ( #1332, #3377, #166, #1510 ) ) ;
#1673 = EDGE_LOOP ( 'NONE', ( #1031, #1258, #2550, #3427, #734, #730, #3063, #2817, #2441, #695, #1376, #754, #3745, #1441, #1411, #1933 ) ) ;
#1674 =( GEOMETRIC_REPRESENTATION_CONTEXT ( 3 ) GLOBAL_UNCERTAINTY_ASSIGNED_CONTEXT ( ( #3079 ) ) GLOBAL_UNIT_ASSIGNED_CONTEXT ( ( #1683, #433, #3355 ) ) REPRESENTATION_CONTEXT ( 'NONE', 'WORKASPACE' ) );
#1675 = STYLED_ITEM ( 'NONE', ( #2967 ), #3608 ) ;
#1676 = COLOUR_RGB ( '',0.5019607843137254800, 0.5019607843137254800, 0.5019607843137254800 ) ;
#1677 =( NAMED_UNIT ( * ) PLANE_ANGLE_UNIT ( ) SI_UNIT ( $, .RADIAN. ) );
#1678 = VERTEX_POINT ( 'NONE', #1389 ) ;
#1679 = VERTEX_POINT ( 'NONE', #982 ) ;
#1680 = EDGE_CURVE ( 'NONE', #1023, #20, #1562, .T. ) ;
#1681 = PLANE ( 'NONE',  #698 ) ;
#1682 = B_SPLINE_SURFACE_WITH_KNOTS ( 'NONE', 1, 3, ( 
 ( #3186, #2758, #2322, #1888 ),
 ( #1478, #1072, #650, #209 ) ),
 .UNSPECIFIED., .F., .F., .F.,
 ( 2, 2 ),
 ( 4, 4 ),
 ( 0.0000000000000000000, 1.000000000000000000 ),
 ( 0.0000000000000000000, 1.000000000000000000 ),
 .UNSPECIFIED. ) ;
#1683 =( CONVERSION_BASED_UNIT ( 'INCH', #1249 ) LENGTH_UNIT ( ) NAMED_UNIT ( #1862 ) );
#1684 = COLOUR_RGB ( '',0.7529411764705882200, 0.7529411764705882200, 0.7529411764705882200 ) ;
#1685 = CARTESIAN_POINT ( 'NONE',  ( -0.04318087669441703800, 0.1400718309748114600, 0.2029758418404165300 ) ) ;
#1686 =( GEOMETRIC_REPRESENTATION_CONTEXT ( 3 ) GLOBAL_UNCERTAINTY_ASSIGNED_CONTEXT ( ( #3526 ) ) GLOBAL_UNIT_ASSIGNED_CONTEXT ( ( #1692, #441, #3363 ) ) REPRESENTATION_CONTEXT ( 'NONE', 'WORKASPACE' ) );
#1687 = ORIENTED_EDGE ( 'NONE', *, *, #2427, .F. ) ;
#1688 = LINE ( 'NONE', #1301, #2746 ) ;
#1689 = FILL_AREA_STYLE_COLOUR ( '', #1205 ) ;
#1690 = EDGE_CURVE ( 'NONE', #2787, #849, #1747, .T. ) ;
#1691 = CARTESIAN_POINT ( 'NONE',  ( 0.06521912330558293800, 0.1230718309748114700, 0.3163758418404165100 ) ) ;
#1692 =( CONVERSION_BASED_UNIT ( 'INCH', #190 ) LENGTH_UNIT ( ) NAMED_UNIT ( #3307 ) );
#1693 =( CONVERSION_BASED_UNIT ( 'INCH', #3819 ) LENGTH_UNIT ( ) NAMED_UNIT ( #3542 ) );
#1694 = FILL_AREA_STYLE ('',( #2144 ) ) ;
#1695 =( LENGTH_UNIT ( ) NAMED_UNIT ( * ) SI_UNIT ( $, .METRE. ) );
#1696 = PRESENTATION_STYLE_ASSIGNMENT (( #2145 ) ) ;
#1697 = DIRECTION ( 'NONE',  ( -3.491481338843133000E-015, -1.000000000000000000, 6.622473273521262800E-031 ) ) ;
#1698 = DIRECTION ( 'NONE',  ( -1.000000000000000000, -6.982964699952515400E-015, 1.896751731090606800E-016 ) ) ;
#1699 = LENGTH_MEASURE_WITH_UNIT ( LENGTH_MEASURE( 0.02539999999999999900 ), #2526 );
#1700 = COLOUR_RGB ( '',0.7921568627450980000, 0.8196078431372548800, 0.9333333333333333500 ) ;
#1701 = PRESENTATION_STYLE_ASSIGNMENT (( #2150 ) ) ;
#1702 = ORIENTED_EDGE ( 'NONE', *, *, #1049, .T. ) ;
#1703 = LENGTH_MEASURE_WITH_UNIT ( LENGTH_MEASURE( 0.02539999999999999900 ), #1222 );
#1704 = UNCERTAINTY_MEASURE_WITH_UNIT (LENGTH_MEASURE( 1.000000000000000100E-005 ), #3854, 'distance_accuracy_value', 'NONE');
#1705 = STYLED_ITEM ( 'NONE', ( #31 ), #3783 ) ;
#1706 =( NAMED_UNIT ( * ) PLANE_ANGLE_UNIT ( ) SI_UNIT ( $, .RADIAN. ) );
#1707 = EDGE_CURVE ( 'NONE', #3453, #280, #1688, .T. ) ;
#1708 = VECTOR ( 'NONE', #3681, 39.37007874015748100 ) ;
#1709 =( CONVERSION_BASED_UNIT ( 'INCH', #462 ) LENGTH_UNIT ( ) NAMED_UNIT ( #759 ) );
#1710 = COLOUR_RGB ( '',0.7529411764705882200, 0.7529411764705882200, 0.7529411764705882200 ) ;
#1711 = CARTESIAN_POINT ( 'NONE',  ( -0.03578087669441700600, 0.1015718309748114700, 0.3046758418404165200 ) ) ;
#1712 = ADVANCED_FACE ( 'NONE', ( #2928 ), #2140, .F. ) ;
#1713 = UNCERTAINTY_MEASURE_WITH_UNIT (LENGTH_MEASURE( 1.000000000000000100E-005 ), #3559, 'distance_accuracy_value', 'NONE');
#1714 = CARTESIAN_POINT ( 'NONE',  ( -0.06778087669441704200, 0.1290718309748114800, 0.2029758418404165300 ) ) ;
#1715 = CARTESIAN_POINT ( 'NONE',  ( 0.04681912330558289000, 0.09557183097481147800, 0.3106758418404165800 ) ) ;
#1716 = ORIENTED_EDGE ( 'NONE', *, *, #1767, .F. ) ;
#1717 = COLOUR_RGB ( '',0.7529411764705882200, 0.7529411764705882200, 0.7529411764705882200 ) ;
#1718 = MECHANICAL_DESIGN_GEOMETRIC_PRESENTATION_REPRESENTATION (  '', ( #1829 ), #2538 ) ;
#1719 = CARTESIAN_POINT ( 'NONE',  ( -0.07274150661567688200, 0.1230718309748114700, 0.2196757618404200100 ) ) ;
#1720 = PRESENTATION_STYLE_ASSIGNMENT (( #2167 ) ) ;
#1721 = CARTESIAN_POINT ( 'NONE',  ( -0.04318087669441703800, 0.1400718309748114600, 0.1783758418404165200 ) ) ;
#1722 = DIRECTION ( 'NONE',  ( 0.0000000000000000000, 0.0000000000000000000, -1.000000000000000000 ) ) ;
#1723 = SURFACE_STYLE_FILL_AREA ( #2170 ) ;
#1724 = FILL_AREA_STYLE_COLOUR ( '', #169 ) ;
#1725 = EDGE_CURVE ( 'NONE', #3193, #3886, #2685, .T. ) ;
#1726 =( LENGTH_UNIT ( ) NAMED_UNIT ( * ) SI_UNIT ( $, .METRE. ) );
#1727 = PRESENTATION_LAYER_ASSIGNMENT (  '', '', ( #1829 ) ) ;
#1728 = ORIENTED_EDGE ( 'NONE', *, *, #3911, .T. ) ;
#1729 = APPLICATION_PROTOCOL_DEFINITION ( 'draft international standard', 'automotive_design', 1998, #3606 ) ;
#1730 = AXIS2_PLACEMENT_3D ( 'NONE', #120, #3894, #3462 ) ;
#1731 = COLOUR_RGB ( '',0.5019607843137254800, 0.5019607843137254800, 0.5019607843137254800 ) ;
#1732 = B_SPLINE_CURVE_WITH_KNOTS ( 'NONE', 3,
 ( #207, #3972, #3536, #3082 ),
 .UNSPECIFIED., .F., .F.,
 ( 4, 4 ),
 ( 0.0000000000000000000, 1.000000000000000000 ),
 .UNSPECIFIED. ) ;
#1733 =( CONVERSION_BASED_UNIT ( 'INCH', #171 ) LENGTH_UNIT ( ) NAMED_UNIT ( #781 ) );
#1734 = SURFACE_STYLE_USAGE ( .BOTH. , #2177 ) ;
#1735 = MECHANICAL_DESIGN_GEOMETRIC_PRESENTATION_REPRESENTATION (  '', ( #364 ), #724 ) ;
#1736 = VERTEX_POINT ( 'NONE', #1621 ) ;
#1737 = STYLED_ITEM ( 'NONE', ( #2622 ), #529 ) ;
#1738 = EDGE_CURVE ( 'NONE', #3492, #67, #2069, .T. ) ;
#1739 = ORIENTED_EDGE ( 'NONE', *, *, #459, .F. ) ;
#1740 = COLOUR_RGB ( '',0.5019607843137254800, 0.5019607843137254800, 0.5019607843137254800 ) ;
#1741 = CARTESIAN_POINT ( 'NONE',  ( -0.07274150661567688200, 0.1290718309748114800, 0.2196757618404199800 ) ) ;
#1742 =( LENGTH_UNIT ( ) NAMED_UNIT ( * ) SI_UNIT ( $, .METRE. ) );
#1743 = CARTESIAN_POINT ( 'NONE',  ( -0.07274150661567688200, 0.1270718309748114800, 0.2671357095751810700 ) ) ;
#1744 = CARTESIAN_POINT ( 'NONE',  ( 0.08981912330558283800, 0.1020718309748114800, 0.2996759218404226900 ) ) ;
#1745 = ORIENTED_EDGE ( 'NONE', *, *, #3697, .T. ) ;
#1746 = PLANE ( 'NONE',  #2626 ) ;
#1747 = B_SPLINE_CURVE_WITH_KNOTS ( 'NONE', 3,
 ( #3893, #3461, #2992, #2560 ),
 .UNSPECIFIED., .F., .F.,
 ( 4, 4 ),
 ( 0.0000000000000000000, 1.000000000000000000 ),
 .UNSPECIFIED. ) ;
#1748 = CARTESIAN_POINT ( 'NONE',  ( 0.08977975322684274300, 0.1230718309748114700, 0.2671357095751886200 ) ) ;
#1749 = EDGE_CURVE ( 'NONE', #3886, #974, #370, .T. ) ;
#1750 = CARTESIAN_POINT ( 'NONE',  ( -0.07747737377349606100, 0.1267802006431017500, 0.2566758358404118700 ) ) ;
#1751 = FILL_AREA_STYLE_COLOUR ( '', #1366 ) ;
#1752 = SURFACE_STYLE_USAGE ( .BOTH. , #2193 ) ;
#1753 = CARTESIAN_POINT ( 'NONE',  ( 0.08977975322684274300, 0.1290718309748114800, 0.2522159741056527200 ) ) ;
#1754 = VECTOR ( 'NONE', #1394, 39.37007874015748100 ) ;
#1755 = VECTOR ( 'NONE', #3944, 39.37007874015748100 ) ;
#1756 = COLOUR_RGB ( '',0.5019607843137254800, 0.5019607843137254800, 0.5019607843137254800 ) ;
#1757 = VERTEX_POINT ( 'NONE', #2824 ) ;
#1758 = VERTEX_POINT ( 'NONE', #2393 ) ;
#1759 = ADVANCED_FACE ( 'NONE', ( #2661 ), #1746, .T. ) ;
#1760 = AXIS2_PLACEMENT_3D ( 'NONE', #876, #412, #10 ) ;
#1761 = ORIENTED_EDGE ( 'NONE', *, *, #2332, .F. ) ;
#1762 = VECTOR ( 'NONE', #1446, 39.37007874015748100 ) ;
#1763 = ORIENTED_EDGE ( 'NONE', *, *, #3962, .F. ) ;
#1764 =( GEOMETRIC_REPRESENTATION_CONTEXT ( 3 ) GLOBAL_UNCERTAINTY_ASSIGNED_CONTEXT ( ( #2401 ) ) GLOBAL_UNIT_ASSIGNED_CONTEXT ( ( #3258, #1954, #713 ) ) REPRESENTATION_CONTEXT ( 'NONE', 'WORKASPACE' ) );
#1765 = SURFACE_STYLE_USAGE ( .BOTH. , #2206 ) ;
#1766 = COLOUR_RGB ( '',0.5019607843137254800, 0.5019607843137254800, 0.5019607843137254800 ) ;
#1767 = EDGE_CURVE ( 'NONE', #360, #2237, #69, .T. ) ;
#1768 = DIRECTION ( 'NONE',  ( 0.0000000000000000000, -1.000000000000000000, 0.0000000000000000000 ) ) ;
#1769 =( LENGTH_UNIT ( ) NAMED_UNIT ( * ) SI_UNIT ( $, .METRE. ) );
#1770 = ORIENTED_EDGE ( 'NONE', *, *, #3627, .T. ) ;
#1771 = LINE ( 'NONE', #1367, #1789 ) ;
#1772 = SURFACE_STYLE_FILL_AREA ( #2215 ) ;
#1773 =( CONVERSION_BASED_UNIT ( 'INCH', #3398 ) LENGTH_UNIT ( ) NAMED_UNIT ( #2143 ) );
#1774 = PRESENTATION_STYLE_ASSIGNMENT (( #2217 ) ) ;
#1775 = DIRECTION ( 'NONE',  ( -1.000000000000000000, -3.491481338843133000E-015, 1.896751731090606800E-016 ) ) ;
#1776 = COLOUR_RGB ( '',0.7529411764705882200, 0.7529411764705882200, 0.7529411764705882200 ) ;
#1777 = DIRECTION ( 'NONE',  ( 1.000000000000000000, 0.0000000000000000000, -1.896751731090606800E-016 ) ) ;
#1778 = CARTESIAN_POINT ( 'NONE',  ( 0.08981912330558293500, 0.1230718309748114700, 0.3163758418404165100 ) ) ;
#1779 = LINE ( 'NONE', #970, #415 ) ;
#1780 = EDGE_CURVE ( 'NONE', #3630, #1137, #2521, .T. ) ;
#1781 = ORIENTED_EDGE ( 'NONE', *, *, #2529, .T. ) ;
#1782 = EDGE_LOOP ( 'NONE', ( #656, #1553, #3742, #606 ) ) ;
#1783 = SURFACE_STYLE_USAGE ( .BOTH. , #2227 ) ;
#1784 = CIRCLE ( 'NONE', #3804, 0.02459999999999999300 ) ;
#1785 = ORIENTED_EDGE ( 'NONE', *, *, #1126, .T. ) ;
#1786 = STYLED_ITEM ( 'NONE', ( #3030 ), #3298 ) ;
#1787 = AXIS2_PLACEMENT_3D ( 'NONE', #1284, #883, #419 ) ;
#1788 = UNCERTAINTY_MEASURE_WITH_UNIT (LENGTH_MEASURE( 1.000000000000000100E-005 ), #1251, 'distance_accuracy_value', 'NONE');
#1789 = VECTOR ( 'NONE', #963, 39.37007874015748100 ) ;
#1790 = LENGTH_MEASURE_WITH_UNIT ( LENGTH_MEASURE( 0.02539999999999999900 ), #1250 );
#1791 = FILL_AREA_STYLE ('',( #3991 ) ) ;
#1792 = SURFACE_STYLE_FILL_AREA ( #2235 ) ;
#1793 = ORIENTED_EDGE ( 'NONE', *, *, #491, .F. ) ;
#1794 = DIRECTION ( 'NONE',  ( 0.0000000000000000000, 0.0000000000000000000, -1.000000000000000000 ) ) ;
#1795 =( NAMED_UNIT ( * ) SI_UNIT ( $, .STERADIAN. ) SOLID_ANGLE_UNIT ( ) );
#1796 = FILL_AREA_STYLE ('',( #2240 ) ) ;
#1797 = FILL_AREA_STYLE ('',( #2241 ) ) ;
#1798 = CARTESIAN_POINT ( 'NONE',  ( 0.08981912330558293500, 0.09557183097481147800, 0.3163758418404165100 ) ) ;
#1799 = CARTESIAN_POINT ( 'NONE',  ( -0.06835288210038117900, 0.1230718309748114700, 0.2996759218404221900 ) ) ;
#1800 = DIRECTION ( 'NONE',  ( 1.000000000000000000, 0.0000000000000000000, -1.896751731090606800E-016 ) ) ;
#1801 =( NAMED_UNIT ( * ) PLANE_ANGLE_UNIT ( ) SI_UNIT ( $, .RADIAN. ) );
#1802 = CARTESIAN_POINT ( 'NONE',  ( 0.08981912330558293500, 0.1230718309748114700, 0.2564847034649113100 ) ) ;
#1803 =( NAMED_UNIT ( * ) SI_UNIT ( $, .STERADIAN. ) SOLID_ANGLE_UNIT ( ) );
#1804 = STYLED_ITEM ( 'NONE', ( #2501 ), #2376 ) ;
#1805 = CARTESIAN_POINT ( 'NONE',  ( -0.07228087669441696200, 0.09557183097481154700, 0.2996759218404222400 ) ) ;
#1806 = ORIENTED_EDGE ( 'NONE', *, *, #3438, .F. ) ;
#1807 = FACE_OUTER_BOUND ( 'NONE', #1375, .T. ) ;
#1808 = PRESENTATION_STYLE_ASSIGNMENT (( #2249 ) ) ;
#1809 = VERTEX_POINT ( 'NONE', #2943 ) ;
#1810 = LENGTH_MEASURE_WITH_UNIT ( LENGTH_MEASURE( 0.02539999999999999900 ), #1994 );
#1811 = FILL_AREA_STYLE ('',( #2252 ) ) ;
#1812 = AXIS2_PLACEMENT_3D ( 'NONE', #1098, #670, #232 ) ;
#1813 = PRESENTATION_LAYER_ASSIGNMENT (  '', '', ( #1804 ) ) ;
#1814 = B_SPLINE_CURVE_WITH_KNOTS ( 'NONE', 3,
 ( #147, #3913, #3483, #3021 ),
 .UNSPECIFIED., .F., .F.,
 ( 4, 4 ),
 ( 0.0000000000000000000, 1.000000000000000000 ),
 .UNSPECIFIED. ) ;
#1815 = VECTOR ( 'NONE', #438, 39.37007874015748100 ) ;
#1816 = CARTESIAN_POINT ( 'NONE',  ( -0.07228087669441694800, 0.09557183097481152000, 0.2596758418404240800 ) ) ;
#1817 = ORIENTED_EDGE ( 'NONE', *, *, #4002, .T. ) ;
#1818 =( LENGTH_UNIT ( ) NAMED_UNIT ( * ) SI_UNIT ( $, .METRE. ) );
#1819 = CARTESIAN_POINT ( 'NONE',  ( -0.04818087669441705600, 0.1230718309748114700, 0.1783758418404165200 ) ) ;
#1820 = CARTESIAN_POINT ( 'NONE',  ( -0.07878087669441703700, 0.1230324608960713000, 0.2596758418404240800 ) ) ;
#1821 = DIRECTION ( 'NONE',  ( 1.000000000000000000, 0.0000000000000000000, 0.0000000000000000000 ) ) ;
#1822 = DIRECTION ( 'NONE',  ( -1.000000000000000000, 6.982964699952515400E-015, 1.896751731090606800E-016 ) ) ;
#1823 = LINE ( 'NONE', #1417, #3905 ) ;
#1824 = PLANE ( 'NONE',  #709 ) ;
#1825 = COLOUR_RGB ( '',0.7529411764705882200, 0.7529411764705882200, 0.7529411764705882200 ) ;
#1826 = DIRECTION ( 'NONE',  ( 1.000000000000000000, 0.0000000000000000000, 0.0000000000000000000 ) ) ;
#1827 = MECHANICAL_DESIGN_GEOMETRIC_PRESENTATION_REPRESENTATION (  '', ( #2018 ), #3305 ) ;
#1828 = ORIENTED_EDGE ( 'NONE', *, *, #753, .F. ) ;
#1829 = STYLED_ITEM ( 'NONE', ( #3860 ), #2406 ) ;
#1830 = DIMENSIONAL_EXPONENTS ( 1.000000000000000000, 0.0000000000000000000, 0.0000000000000000000, 0.0000000000000000000, 0.0000000000000000000, 0.0000000000000000000, 0.0000000000000000000 ) ;
#1831 = FILL_AREA_STYLE ('',( #2701 ) ) ;
#1832 = DIRECTION ( 'NONE',  ( 0.0000000000000000000, -1.000000000000000000, 0.0000000000000000000 ) ) ;
#1833 = VECTOR ( 'NONE', #476, 39.37007874015748100 ) ;
#1834 = ORIENTED_EDGE ( 'NONE', *, *, #3660, .T. ) ;
#1835 = ORIENTED_EDGE ( 'NONE', *, *, #3244, .T. ) ;
#1836 = DIMENSIONAL_EXPONENTS ( 1.000000000000000000, 0.0000000000000000000, 0.0000000000000000000, 0.0000000000000000000, 0.0000000000000000000, 0.0000000000000000000, 0.0000000000000000000 ) ;
#1837 = ORIENTED_EDGE ( 'NONE', *, *, #1608, .F. ) ;
#1838 = VECTOR ( 'NONE', #1722, 39.37007874015748100 ) ;
#1839 = LINE ( 'NONE', #1436, #1110 ) ;
#1840 = LENGTH_MEASURE_WITH_UNIT ( LENGTH_MEASURE( 0.02539999999999999900 ), #302 );
#1841 = DIMENSIONAL_EXPONENTS ( 1.000000000000000000, 0.0000000000000000000, 0.0000000000000000000, 0.0000000000000000000, 0.0000000000000000000, 0.0000000000000000000, 0.0000000000000000000 ) ;
#1842 = AXIS2_PLACEMENT_3D ( 'NONE', #3619, #3156, #2726 ) ;
#1843 = DIMENSIONAL_EXPONENTS ( 1.000000000000000000, 0.0000000000000000000, 0.0000000000000000000, 0.0000000000000000000, 0.0000000000000000000, 0.0000000000000000000, 0.0000000000000000000 ) ;
#1844 = VECTOR ( 'NONE', #3486, 39.37007874015748100 ) ;
#1845 = DIRECTION ( 'NONE',  ( 0.0000000000000000000, 0.7071067811865454600, -0.7071067811865495700 ) ) ;
#1846 = DIRECTION ( 'NONE',  ( 1.000000000000000000, 0.0000000000000000000, -1.896751731090606800E-016 ) ) ;
#1847 = VERTEX_POINT ( 'NONE', #1266 ) ;
#1848 = LINE ( 'NONE', #1033, #2937 ) ;
#1849 =( CONVERSION_BASED_UNIT ( 'INCH', #517 ) LENGTH_UNIT ( ) NAMED_UNIT ( #480 ) );
#1850 = DIMENSIONAL_EXPONENTS ( 1.000000000000000000, 0.0000000000000000000, 0.0000000000000000000, 0.0000000000000000000, 0.0000000000000000000, 0.0000000000000000000, 0.0000000000000000000 ) ;
#1851 = SURFACE_SIDE_STYLE ('',( #2289 ) ) ;
#1852 = LINE ( 'NONE', #1444, #3693 ) ;
#1853 = CARTESIAN_POINT ( 'NONE',  ( -0.04818087669441705600, 0.1230718309748114700, 0.3409758418404165200 ) ) ;
#1854 = CARTESIAN_POINT ( 'NONE',  ( -0.07278087669441706000, 0.09557183097481147800, 0.3163758418404165100 ) ) ;
#1855 = LINE ( 'NONE', #1448, #4015 ) ;
#1856 = FILL_AREA_STYLE_COLOUR ( '', #1044 ) ;
#1857 = SURFACE_STYLE_FILL_AREA ( #2296 ) ;
#1858 = DIMENSIONAL_EXPONENTS ( 1.000000000000000000, 0.0000000000000000000, 0.0000000000000000000, 0.0000000000000000000, 0.0000000000000000000, 0.0000000000000000000, 0.0000000000000000000 ) ;
#1859 = CARTESIAN_POINT ( 'NONE',  ( -0.04818087669441705600, 0.09557183097481147800, 0.1783758418404165200 ) ) ;
#1860 = CIRCLE ( 'NONE', #3807, 0.005000009999999974900 ) ;
#1861 = SURFACE_SIDE_STYLE ('',( #2298 ) ) ;
#1862 = DIMENSIONAL_EXPONENTS ( 1.000000000000000000, 0.0000000000000000000, 0.0000000000000000000, 0.0000000000000000000, 0.0000000000000000000, 0.0000000000000000000, 0.0000000000000000000 ) ;
#1863 = EDGE_LOOP ( 'NONE', ( #1422, #1609, #2055, #934 ) ) ;
#1864 = ORIENTED_EDGE ( 'NONE', *, *, #3672, .F. ) ;
#1865 = DIMENSIONAL_EXPONENTS ( 1.000000000000000000, 0.0000000000000000000, 0.0000000000000000000, 0.0000000000000000000, 0.0000000000000000000, 0.0000000000000000000, 0.0000000000000000000 ) ;
#1866 = CARTESIAN_POINT ( 'NONE',  ( -0.07278087669441706000, 0.1230718309748114700, 0.2029758418404165300 ) ) ;
#1867 = ORIENTED_EDGE ( 'NONE', *, *, #174, .T. ) ;
#1868 = ORIENTED_EDGE ( 'NONE', *, *, #1339, .T. ) ;
#1869 = DIMENSIONAL_EXPONENTS ( 1.000000000000000000, 0.0000000000000000000, 0.0000000000000000000, 0.0000000000000000000, 0.0000000000000000000, 0.0000000000000000000, 0.0000000000000000000 ) ;
#1870 = COLOUR_RGB ( '',0.5019607843137254800, 0.5019607843137254800, 0.5019607843137254800 ) ;
#1871 = ORIENTED_EDGE ( 'NONE', *, *, #716, .F. ) ;
#1872 = DIRECTION ( 'NONE',  ( 1.000000000000000000, 0.0000000000000000000, 0.0000000000000000000 ) ) ;
#1873 = DIMENSIONAL_EXPONENTS ( 1.000000000000000000, 0.0000000000000000000, 0.0000000000000000000, 0.0000000000000000000, 0.0000000000000000000, 0.0000000000000000000, 0.0000000000000000000 ) ;
#1874 = PRESENTATION_LAYER_ASSIGNMENT (  '', '', ( #2394 ) ) ;
#1875 = FACE_OUTER_BOUND ( 'NONE', #1976, .T. ) ;
#1876 = DIMENSIONAL_EXPONENTS ( 1.000000000000000000, 0.0000000000000000000, 0.0000000000000000000, 0.0000000000000000000, 0.0000000000000000000, 0.0000000000000000000, 0.0000000000000000000 ) ;
#1877 = PLANE ( 'NONE',  #1760 ) ;
#1878 = CARTESIAN_POINT ( 'NONE',  ( 0.08981912330558293500, 0.09557183097481147800, 0.3106758418404165800 ) ) ;
#1879 = AXIS2_PLACEMENT_3D ( 'NONE', #4030, #3593, #3135 ) ;
#1880 = DIRECTION ( 'NONE',  ( 0.0000000000000000000, 1.000000000000000000, 0.0000000000000000000 ) ) ;
#1881 = CARTESIAN_POINT ( 'NONE',  ( 0.08977975322684274300, 0.1230718309748114700, 0.2996759218404226900 ) ) ;
#1882 = LINE ( 'NONE', #1473, #2523 ) ;
#1883 = DIMENSIONAL_EXPONENTS ( 1.000000000000000000, 0.0000000000000000000, 0.0000000000000000000, 0.0000000000000000000, 0.0000000000000000000, 0.0000000000000000000, 0.0000000000000000000 ) ;
#1884 = DIRECTION ( 'NONE',  ( 0.0000000000000000000, 1.000000000000000000, 0.0000000000000000000 ) ) ;
#1885 = CARTESIAN_POINT ( 'NONE',  ( 0.08539112871155016300, 0.1290718309748114800, 0.2996759218404226900 ) ) ;
#1886 = SURFACE_STYLE_FILL_AREA ( #2320 ) ;
#1887 = FILL_AREA_STYLE ('',( #4088 ) ) ;
#1888 = CARTESIAN_POINT ( 'NONE',  ( 0.08977975322684274300, 0.1290718309748114800, 0.2671357095751886200 ) ) ;
#1889 = PRESENTATION_STYLE_ASSIGNMENT (( #2323 ) ) ;
#1890 = DIMENSIONAL_EXPONENTS ( 1.000000000000000000, 0.0000000000000000000, 0.0000000000000000000, 0.0000000000000000000, 0.0000000000000000000, 0.0000000000000000000, 0.0000000000000000000 ) ;
#1891 =( NAMED_UNIT ( * ) PLANE_ANGLE_UNIT ( ) SI_UNIT ( $, .RADIAN. ) );
#1892 = DIMENSIONAL_EXPONENTS ( 1.000000000000000000, 0.0000000000000000000, 0.0000000000000000000, 0.0000000000000000000, 0.0000000000000000000, 0.0000000000000000000, 0.0000000000000000000 ) ;
#1893 = DIRECTION ( 'NONE',  ( 1.896751731090606800E-016, -8.758115402030106700E-047, 1.000000000000000000 ) ) ;
#1894 = ORIENTED_EDGE ( 'NONE', *, *, #1151, .T. ) ;
#1895 = EDGE_LOOP ( 'NONE', ( #3450, #1463, #3147, #1401 ) ) ;
#1896 = DIMENSIONAL_EXPONENTS ( 1.000000000000000000, 0.0000000000000000000, 0.0000000000000000000, 0.0000000000000000000, 0.0000000000000000000, 0.0000000000000000000, 0.0000000000000000000 ) ;
#1897 = FACE_OUTER_BOUND ( 'NONE', #4023, .T. ) ;
#1898 = CARTESIAN_POINT ( 'NONE',  ( 0.08981912330558293500, 0.09557183097481147800, 0.3106758418404165800 ) ) ;
#1899 = VERTEX_POINT ( 'NONE', #857 ) ;
#1900 = DIMENSIONAL_EXPONENTS ( 1.000000000000000000, 0.0000000000000000000, 0.0000000000000000000, 0.0000000000000000000, 0.0000000000000000000, 0.0000000000000000000, 0.0000000000000000000 ) ;
#1901 = SURFACE_SIDE_STYLE ('',( #2334 ) ) ;
#1902 = DIMENSIONAL_EXPONENTS ( 1.000000000000000000, 0.0000000000000000000, 0.0000000000000000000, 0.0000000000000000000, 0.0000000000000000000, 0.0000000000000000000, 0.0000000000000000000 ) ;
#1903 = CARTESIAN_POINT ( 'NONE',  ( -0.06778087669441704200, 0.1400718309748114600, 0.2516758258404095400 ) ) ;
#1904 = DIMENSIONAL_EXPONENTS ( 1.000000000000000000, 0.0000000000000000000, 0.0000000000000000000, 0.0000000000000000000, 0.0000000000000000000, 0.0000000000000000000, 0.0000000000000000000 ) ;
#1905 = LINE ( 'NONE', #1493, #600 ) ;
#1906 = CARTESIAN_POINT ( 'NONE',  ( -0.04818087669441705600, 0.1230718309748114700, 0.1783758418404165200 ) ) ;
#1907 = PRESENTATION_STYLE_ASSIGNMENT (( #2340 ) ) ;
#1908 = EDGE_LOOP ( 'NONE', ( #634, #349, #3358, #1864 ) ) ;
#1909 = AXIS2_PLACEMENT_3D ( 'NONE', #2327, #1893, #1480 ) ;
#1910 = DIMENSIONAL_EXPONENTS ( 1.000000000000000000, 0.0000000000000000000, 0.0000000000000000000, 0.0000000000000000000, 0.0000000000000000000, 0.0000000000000000000, 0.0000000000000000000 ) ;
#1911 = CARTESIAN_POINT ( 'NONE',  ( -0.07277662798867741400, 0.1230643615147993900, 0.2566758358404118700 ) ) ;
#1912 = CARTESIAN_POINT ( 'NONE',  ( -0.07278087669441706000, 0.1230718309748114700, 0.3163758418404165100 ) ) ;
#1913 = SURFACE_STYLE_FILL_AREA ( #2347 ) ;
#1914 = CARTESIAN_POINT ( 'NONE',  ( 0.09451562038465917400, 0.1267802006431051900, 0.2566758358404213100 ) ) ;
#1915 = DIMENSIONAL_EXPONENTS ( 1.000000000000000000, 0.0000000000000000000, 0.0000000000000000000, 0.0000000000000000000, 0.0000000000000000000, 0.0000000000000000000, 0.0000000000000000000 ) ;
#1916 = DIRECTION ( 'NONE',  ( -1.896751731090606800E-016, 0.0000000000000000000, -1.000000000000000000 ) ) ;
#1917 = PLANE ( 'NONE',  #1051 ) ;
#1918 = DIRECTION ( 'NONE',  ( -0.0000000000000000000, -1.000000000000000000, -0.0000000000000000000 ) ) ;
#1919 = PRODUCT ( 'IHLP1616AB', 'IHLP1616AB', '', ( #2175 ) ) ;
#1920 =( NAMED_UNIT ( * ) PLANE_ANGLE_UNIT ( ) SI_UNIT ( $, .RADIAN. ) );
#1921 = ORIENTED_EDGE ( 'NONE', *, *, #2772, .F. ) ;
#1922 = LINE ( 'NONE', #1508, #447 ) ;
#1923 = ORIENTED_EDGE ( 'NONE', *, *, #1339, .F. ) ;
#1924 = MECHANICAL_DESIGN_GEOMETRIC_PRESENTATION_REPRESENTATION (  '', ( #2022 ), #2631 ) ;
#1925 =( GEOMETRIC_REPRESENTATION_CONTEXT ( 3 ) GLOBAL_UNCERTAINTY_ASSIGNED_CONTEXT ( ( #3703 ) ) GLOBAL_UNIT_ASSIGNED_CONTEXT ( ( #2195, #950, #3862 ) ) REPRESENTATION_CONTEXT ( 'NONE', 'WORKASPACE' ) );
#1926 = PRESENTATION_STYLE_ASSIGNMENT (( #2361 ) ) ;
#1927 = LINE ( 'NONE', #1513, #2025 ) ;
#1928 = AXIS2_PLACEMENT_3D ( 'NONE', #1415, #1005, #594 ) ;
#1929 = ORIENTED_EDGE ( 'NONE', *, *, #2366, .T. ) ;
#1930 = VECTOR ( 'NONE', #2901, 39.37007874015748100 ) ;
#1931 = PLANE ( 'NONE',  #3521 ) ;
#1932 = PRESENTATION_STYLE_ASSIGNMENT (( #2368 ) ) ;
#1933 = ORIENTED_EDGE ( 'NONE', *, *, #2411, .F. ) ;
#1934 = DIRECTION ( 'NONE',  ( 0.0000000000000000000, 0.0000000000000000000, -1.000000000000000000 ) ) ;
#1935 = LINE ( 'NONE', #1121, #3822 ) ;
#1936 = FACE_OUTER_BOUND ( 'NONE', #2673, .T. ) ;
#1937 = CARTESIAN_POINT ( 'NONE',  ( -0.02978087669441696300, 0.09557183097481147800, 0.2086758418404164900 ) ) ;
#1938 =( NAMED_UNIT ( * ) SI_UNIT ( $, .STERADIAN. ) SOLID_ANGLE_UNIT ( ) );
#1939 = CARTESIAN_POINT ( 'NONE',  ( -0.07276202745065013500, 0.1230675303703593600, 0.2548069502173591600 ) ) ;
#1940 =( CONVERSION_BASED_UNIT ( 'INCH', #571 ) LENGTH_UNIT ( ) NAMED_UNIT ( #3302 ) );
#1941 = CARTESIAN_POINT ( 'NONE',  ( -0.07278087669441701800, 0.1020718309748115300, 0.2196757618404199800 ) ) ;
#1942 = EDGE_CURVE ( 'NONE', #4167, #553, #494, .T. ) ;
#1943 = ORIENTED_EDGE ( 'NONE', *, *, #2704, .F. ) ;
#1944 = FILL_AREA_STYLE ('',( #353 ) ) ;
#1945 = VECTOR ( 'NONE', #449, 39.37007874015748100 ) ;
#1946 = DIRECTION ( 'NONE',  ( -0.0000000000000000000, -0.0000000000000000000, 1.000000000000000000 ) ) ;
#1947 = CARTESIAN_POINT ( 'NONE',  ( -0.04318087669441703800, 0.1400718309748114600, 0.1783758418404165200 ) ) ;
#1948 = ORIENTED_EDGE ( 'NONE', *, *, #2748, .F. ) ;
#1949 = ORIENTED_EDGE ( 'NONE', *, *, #1974, .F. ) ;
#1950 = VERTEX_POINT ( 'NONE', #2424 ) ;
#1951 = EDGE_CURVE ( 'NONE', #360, #1678, #2852, .T. ) ;
#1952 =( NAMED_UNIT ( * ) PLANE_ANGLE_UNIT ( ) SI_UNIT ( $, .RADIAN. ) );
#1953 = FACE_OUTER_BOUND ( 'NONE', #2625, .T. ) ;
#1954 =( NAMED_UNIT ( * ) PLANE_ANGLE_UNIT ( ) SI_UNIT ( $, .RADIAN. ) );
#1955 = PRESENTATION_STYLE_ASSIGNMENT (( #2390 ) ) ;
#1956 = VERTEX_POINT ( 'NONE', #744 ) ;
#1957 = LINE ( 'NONE', #1539, #1625 ) ;
#1958 = FILL_AREA_STYLE ('',( #3262 ) ) ;
#1959 =( GEOMETRIC_REPRESENTATION_CONTEXT ( 3 ) GLOBAL_UNCERTAINTY_ASSIGNED_CONTEXT ( ( #170 ) ) GLOBAL_UNIT_ASSIGNED_CONTEXT ( ( #1152, #4056, #2724 ) ) REPRESENTATION_CONTEXT ( 'NONE', 'WORKASPACE' ) );
#1960 =( CONVERSION_BASED_UNIT ( 'INCH', #1104 ) LENGTH_UNIT ( ) NAMED_UNIT ( #557 ) );
#1961 = LINE ( 'NONE', #1541, #3534 ) ;
#1962 = CARTESIAN_POINT ( 'NONE',  ( 0.08751928130557350100, 0.1290718309748114800, 0.2626758478404200800 ) ) ;
#1963 = EDGE_CURVE ( 'NONE', #241, #360, #296, .T. ) ;
#1964 = LINE ( 'NONE', #1544, #439 ) ;
#1965 = DIRECTION ( 'NONE',  ( 1.896751731090606800E-016, -0.0000000000000000000, 1.000000000000000000 ) ) ;
#1966 = VECTOR ( 'NONE', #1800, 39.37007874015748100 ) ;
#1967 = LINE ( 'NONE', #1546, #3948 ) ;
#1968 = PRESENTATION_LAYER_ASSIGNMENT (  '', '', ( #1373 ) ) ;
#1969 = PLANE ( 'NONE',  #3213 ) ;
#1970 = COLOUR_RGB ( '',0.7529411764705882200, 0.7529411764705882200, 0.7529411764705882200 ) ;
#1971 = EDGE_LOOP ( 'NONE', ( #16, #1292, #1076, #1894 ) ) ;
#1972 = CARTESIAN_POINT ( 'NONE',  ( 0.08981912330558293500, 0.1230718309748114700, 0.2996759218404226900 ) ) ;
#1973 = DIRECTION ( 'NONE',  ( 0.0000000000000000000, 0.0000000000000000000, -1.000000000000000000 ) ) ;
#1974 = EDGE_CURVE ( 'NONE', #706, #1260, #3180, .T. ) ;
#1975 = ORIENTED_EDGE ( 'NONE', *, *, #4094, .T. ) ;
#1976 = EDGE_LOOP ( 'NONE', ( #2766, #1763, #2028, #589, #2465, #2486, #2933, #1022 ) ) ;
#1977 =( GEOMETRIC_REPRESENTATION_CONTEXT ( 3 ) GLOBAL_UNCERTAINTY_ASSIGNED_CONTEXT ( ( #1788 ) ) GLOBAL_UNIT_ASSIGNED_CONTEXT ( ( #1251, #4161, #2827 ) ) REPRESENTATION_CONTEXT ( 'NONE', 'WORKASPACE' ) );
#1978 = CARTESIAN_POINT ( 'NONE',  ( 0.09451562038465917400, 0.1267802006431051900, 0.2566758358404213100 ) ) ;
#1979 = CIRCLE ( 'NONE', #3017, 0.006039370078740163300 ) ;
#1980 = PRESENTATION_LAYER_ASSIGNMENT (  '', '', ( #2255 ) ) ;
#1981 = DIRECTION ( 'NONE',  ( -1.000000000000000000, 0.0000000000000000000, 0.0000000000000000000 ) ) ;
#1982 = EDGE_CURVE ( 'NONE', #607, #1058, #1882, .T. ) ;
#1983 = CARTESIAN_POINT ( 'NONE',  ( 0.08931912330558283700, 0.1020718309748114800, 0.2996759218404226900 ) ) ;
#1984 = CARTESIAN_POINT ( 'NONE',  ( 0.08931912330558279500, 0.09557183097481110300, 0.2996759218404226900 ) ) ;
#1985 = LENGTH_MEASURE_WITH_UNIT ( LENGTH_MEASURE( 0.02539999999999999900 ), #1818 );
#1986 = CARTESIAN_POINT ( 'NONE',  ( 0.08981912330558293500, 0.1230718309748114700, 0.2029758418404165300 ) ) ;
#1987 = DIRECTION ( 'NONE',  ( 0.0000000000000000000, 1.000000000000000000, 0.0000000000000000000 ) ) ;
#1988 = FACE_OUTER_BOUND ( 'NONE', #197, .T. ) ;
#1989 = CARTESIAN_POINT ( 'NONE',  ( -0.1097808766944170000, 0.1015718309748114700, 0.3046758418404165200 ) ) ;
#1990 = SURFACE_STYLE_FILL_AREA ( #2432 ) ;
#1991 = COLOUR_RGB ( '',0.7529411764705882200, 0.7529411764705882200, 0.7529411764705882200 ) ;
#1992 = SURFACE_STYLE_USAGE ( .BOTH. , #2435 ) ;
#1993 = LENGTH_MEASURE_WITH_UNIT ( LENGTH_MEASURE( 0.02539999999999999900 ), #235 );
#1994 =( LENGTH_UNIT ( ) NAMED_UNIT ( * ) SI_UNIT ( $, .METRE. ) );
#1995 = VECTOR ( 'NONE', #1412, 39.37007874015748100 ) ;
#1996 = ORIENTED_EDGE ( 'NONE', *, *, #3759, .T. ) ;
#1997 = ADVANCED_FACE ( 'NONE', ( #2553 ), #2384, .T. ) ;
#1998 = VERTEX_POINT ( 'NONE', #772 ) ;
#1999 =( GEOMETRIC_REPRESENTATION_CONTEXT ( 3 ) GLOBAL_UNCERTAINTY_ASSIGNED_CONTEXT ( ( #649 ) ) GLOBAL_UNIT_ASSIGNED_CONTEXT ( ( #4160, #2826, #1542 ) ) REPRESENTATION_CONTEXT ( 'NONE', 'WORKASPACE' ) );
#2000 = CARTESIAN_POINT ( 'NONE',  ( -0.07277510799523792500, 0.1230660591469840800, 0.2561024390044818700 ) ) ;
#2001 = COLOUR_RGB ( '',0.5019607843137254800, 0.5019607843137254800, 0.5019607843137254800 ) ;
#2002 = VERTEX_POINT ( 'NONE', #314 ) ;
#2003 = CARTESIAN_POINT ( 'NONE',  ( -0.07878087669441696800, 0.1020718309748115000, 0.2196757618404199800 ) ) ;
#2004 = DIRECTION ( 'NONE',  ( -1.000000000000000000, -6.982964699952515400E-015, 1.896751731090606800E-016 ) ) ;
#2005 = AXIS2_PLACEMENT_3D ( 'NONE', #1280, #873, #407 ) ;
#2006 = ADVANCED_FACE ( 'NONE', ( #2488 ), #3458, .F. ) ;
#2007 = LINE ( 'NONE', #1577, #767 ) ;
#2008 = CARTESIAN_POINT ( 'NONE',  ( -0.07275333537834745300, 0.1230718309748114700, 0.2656490871759029600 ) ) ;
#2009 = PRESENTATION_LAYER_ASSIGNMENT (  '', '', ( #2018 ) ) ;
#2010 = ORIENTED_EDGE ( 'NONE', *, *, #378, .F. ) ;
#2011 = COLOUR_RGB ( '',0.5019607843137254800, 0.5019607843137254800, 0.5019607843137254800 ) ;
#2012 =( NAMED_UNIT ( * ) SI_UNIT ( $, .STERADIAN. ) SOLID_ANGLE_UNIT ( ) );
#2013 = PLANE ( 'NONE',  #330 ) ;
#2014 = DIRECTION ( 'NONE',  ( -0.0000000000000000000, -1.000000000000000000, -0.0000000000000000000 ) ) ;
#2015 = CARTESIAN_POINT ( 'NONE',  ( -0.06778087669441705500, 0.1230718309748114700, 0.2516758258404095400 ) ) ;
#2016 = DIRECTION ( 'NONE',  ( -1.000000000000000000, 0.0000000000000000000, 1.896751731090606800E-016 ) ) ;
#2017 = PRESENTATION_STYLE_ASSIGNMENT (( #2458 ) ) ;
#2018 = STYLED_ITEM ( 'NONE', ( #3125 ), #2336 ) ;
#2019 =( CONVERSION_BASED_UNIT ( 'INCH', #1985 ) LENGTH_UNIT ( ) NAMED_UNIT ( #2109 ) );
#2020 =( NAMED_UNIT ( * ) SI_UNIT ( $, .STERADIAN. ) SOLID_ANGLE_UNIT ( ) );
#2021 = EDGE_CURVE ( 'NONE', #3492, #1950, #1486, .T. ) ;
#2022 = STYLED_ITEM ( 'NONE', ( #4140 ), #2356 ) ;
#2023 = SURFACE_STYLE_USAGE ( .BOTH. , #2463 ) ;
#2024 = EDGE_LOOP ( 'NONE', ( #1483, #258, #4157, #3866 ) ) ;
#2025 = VECTOR ( 'NONE', #1114, 39.37007874015748100 ) ;
#2026 = PRESENTATION_LAYER_ASSIGNMENT (  '', '', ( #788 ) ) ;
#2027 = CIRCLE ( 'NONE', #291, 0.006039370078740154700 ) ;
#2028 = ORIENTED_EDGE ( 'NONE', *, *, #4062, .T. ) ;
#2029 = ORIENTED_EDGE ( 'NONE', *, *, #3375, .T. ) ;
#2030 = EDGE_CURVE ( 'NONE', #3787, #4091, #434, .T. ) ;
#2031 =( LENGTH_UNIT ( ) NAMED_UNIT ( * ) SI_UNIT ( $, .METRE. ) );
#2032 = VECTOR ( 'NONE', #2357, 39.37007874015748100 ) ;
#2033 =( GEOMETRIC_REPRESENTATION_CONTEXT ( 3 ) GLOBAL_UNCERTAINTY_ASSIGNED_CONTEXT ( ( #4068 ) ) GLOBAL_UNIT_ASSIGNED_CONTEXT ( ( #1262, #4175, #2847 ) ) REPRESENTATION_CONTEXT ( 'NONE', 'WORKASPACE' ) );
#2034 = COLOUR_RGB ( '',0.7529411764705882200, 0.7529411764705882200, 0.7529411764705882200 ) ;
#2035 = AXIS2_PLACEMENT_3D ( 'NONE', #2429, #1987, #1565 ) ;
#2036 = CARTESIAN_POINT ( 'NONE',  ( -0.07274150661567688200, 0.1290718309748114800, 0.2522159741056397800 ) ) ;
#2037 = CARTESIAN_POINT ( 'NONE',  ( 0.08481912330558298600, 0.1400718309748114600, 0.2029758418404165300 ) ) ;
#2038 = DIRECTION ( 'NONE',  ( 1.505648144656230100E-016, 0.0000000000000000000, -1.000000000000000000 ) ) ;
#2039 = ORIENTED_EDGE ( 'NONE', *, *, #2645, .T. ) ;
#2040 = AXIS2_PLACEMENT_3D ( 'NONE', #2565, #2146, #1697 ) ;
#2041 = EDGE_CURVE ( 'NONE', #2355, #3630, #2895, .T. ) ;
#2042 = DIRECTION ( 'NONE',  ( 0.0000000000000000000, 1.000000000000000000, 0.0000000000000000000 ) ) ;
#2043 = VECTOR ( 'NONE', #2363, 39.37007874015748100 ) ;
#2044 =( NAMED_UNIT ( * ) SI_UNIT ( $, .STERADIAN. ) SOLID_ANGLE_UNIT ( ) );
#2045 =( NAMED_UNIT ( * ) PLANE_ANGLE_UNIT ( ) SI_UNIT ( $, .RADIAN. ) );
#2046 = FILL_AREA_STYLE_COLOUR ( '', #1358 ) ;
#2047 = VECTOR ( 'NONE', #4130, 39.37007874015748900 ) ;
#2048 = FILL_AREA_STYLE ('',( #2902 ) ) ;
#2049 = COLOUR_RGB ( '',0.7529411764705882200, 0.7529411764705882200, 0.7529411764705882200 ) ;
#2050 = UNCERTAINTY_MEASURE_WITH_UNIT (LENGTH_MEASURE( 1.000000000000000100E-005 ), #1514, 'distance_accuracy_value', 'NONE');
#2051 = MECHANICAL_DESIGN_GEOMETRIC_PRESENTATION_REPRESENTATION (  '', ( #1786 ), #343 ) ;
#2052 =( NAMED_UNIT ( * ) PLANE_ANGLE_UNIT ( ) SI_UNIT ( $, .RADIAN. ) );
#2053 = VECTOR ( 'NONE', #3246, 39.37007874015748100 ) ;
#2054 =( GEOMETRIC_REPRESENTATION_CONTEXT ( 3 ) GLOBAL_UNCERTAINTY_ASSIGNED_CONTEXT ( ( #3124 ) ) GLOBAL_UNIT_ASSIGNED_CONTEXT ( ( #752, #3659, #2326 ) ) REPRESENTATION_CONTEXT ( 'NONE', 'WORKASPACE' ) );
#2055 = ORIENTED_EDGE ( 'NONE', *, *, #2325, .F. ) ;
#2056 = ADVANCED_FACE ( 'NONE', ( #2433 ), #123, .F. ) ;
#2057 = CARTESIAN_POINT ( 'NONE',  ( 0.08977975322684274300, 0.1290718309748114800, 0.2996759218404226900 ) ) ;
#2058 = ORIENTED_EDGE ( 'NONE', *, *, #420, .T. ) ;
#2059 = CIRCLE ( 'NONE', #4054, 0.006499999999999993600 ) ;
#2060 = SURFACE_STYLE_USAGE ( .BOTH. , #2491 ) ;
#2061 = UNCERTAINTY_MEASURE_WITH_UNIT (LENGTH_MEASURE( 1.000000000000000100E-005 ), #3385, 'distance_accuracy_value', 'NONE');
#2062 = VECTOR ( 'NONE', #1052, 39.37007874015748100 ) ;
#2063 = EDGE_CURVE ( 'NONE', #3193, #3664, #1957, .T. ) ;
#2064 = AXIS2_PLACEMENT_3D ( 'NONE', #3831, #3382, #2917 ) ;
#2065 = SURFACE_SIDE_STYLE ('',( #2492 ) ) ;
#2066 = SURFACE_STYLE_USAGE ( .BOTH. , #2493 ) ;
#2067 = CARTESIAN_POINT ( 'NONE',  ( -0.07278087669441706000, 0.1230718309748114700, 0.2996759218404222400 ) ) ;
#2068 = VERTEX_POINT ( 'NONE', #270 ) ;
#2069 = LINE ( 'NONE', #1245, #2647 ) ;
#2070 = COLOUR_RGB ( '',0.5019607843137254800, 0.5019607843137254800, 0.5019607843137254800 ) ;
#2071 = FILL_AREA_STYLE ('',( #2920 ) ) ;
#2072 =( NAMED_UNIT ( * ) PLANE_ANGLE_UNIT ( ) SI_UNIT ( $, .RADIAN. ) );
#2073 = PRESENTATION_STYLE_ASSIGNMENT (( #2500 ) ) ;
#2074 =( CONVERSION_BASED_UNIT ( 'INCH', #2479 ) LENGTH_UNIT ( ) NAMED_UNIT ( #2153 ) );
#2075 = FILL_AREA_STYLE_COLOUR ( '', #293 ) ;
#2076 = EDGE_CURVE ( 'NONE', #3787, #1758, #4052, .T. ) ;
#2077 =( NAMED_UNIT ( * ) SI_UNIT ( $, .STERADIAN. ) SOLID_ANGLE_UNIT ( ) );
#2078 = MECHANICAL_DESIGN_GEOMETRIC_PRESENTATION_REPRESENTATION (  '', ( #2282 ), #4053 ) ;
#2079 = ORIENTED_EDGE ( 'NONE', *, *, #2388, .T. ) ;
#2080 = PRESENTATION_LAYER_ASSIGNMENT (  '', '', ( #1059 ) ) ;
#2081 = COLOUR_RGB ( '',0.7529411764705882200, 0.7529411764705882200, 0.7529411764705882200 ) ;
#2082 = ORIENTED_EDGE ( 'NONE', *, *, #1390, .T. ) ;
#2083 = ORIENTED_EDGE ( 'NONE', *, *, #3287, .F. ) ;
#2084 = EDGE_CURVE ( 'NONE', #3630, #1548, #717, .T. ) ;
#2085 = ORIENTED_EDGE ( 'NONE', *, *, #3400, .F. ) ;
#2086 =( GEOMETRIC_REPRESENTATION_CONTEXT ( 3 ) GLOBAL_UNCERTAINTY_ASSIGNED_CONTEXT ( ( #2760 ) ) GLOBAL_UNIT_ASSIGNED_CONTEXT ( ( #1960, #719, #3616 ) ) REPRESENTATION_CONTEXT ( 'NONE', 'WORKASPACE' ) );
#2087 = CIRCLE ( 'NONE', #2310, 0.006499999999999993600 ) ;
#2088 = UNCERTAINTY_MEASURE_WITH_UNIT (LENGTH_MEASURE( 1.000000000000000100E-005 ), #1773, 'distance_accuracy_value', 'NONE');
#2089 =( NAMED_UNIT ( * ) SI_UNIT ( $, .STERADIAN. ) SOLID_ANGLE_UNIT ( ) );
#2090 = SURFACE_STYLE_FILL_AREA ( #2517 ) ;
#2091 = SURFACE_SIDE_STYLE ('',( #2518 ) ) ;
#2092 = VERTEX_POINT ( 'NONE', #1442 ) ;
#2093 = CARTESIAN_POINT ( 'NONE',  ( 0.008519123305576425200, 0.1290718309748114800, 0.2676758578404113700 ) ) ;
#2094 = CARTESIAN_POINT ( 'NONE',  ( 0.08981912330558293500, 0.1230718309748114700, 0.3163758418404165100 ) ) ;
#2095 = SURFACE_SIDE_STYLE ('',( #2524 ) ) ;
#2096 = EDGE_CURVE ( 'NONE', #2260, #3422, #1848, .T. ) ;
#2097 = PRESENTATION_STYLE_ASSIGNMENT (( #2525 ) ) ;
#2098 = LENGTH_MEASURE_WITH_UNIT ( LENGTH_MEASURE( 0.02539999999999999900 ), #3796 );
#2099 = PRESENTATION_STYLE_ASSIGNMENT (( #2528 ) ) ;
#2100 = CARTESIAN_POINT ( 'NONE',  ( 0.08539112871155016300, 0.1290718309748114800, 0.3046759318404225800 ) ) ;
#2101 = DIRECTION ( 'NONE',  ( 1.896751731090606800E-016, 0.0000000000000000000, 1.000000000000000000 ) ) ;
#2102 = LENGTH_MEASURE_WITH_UNIT ( LENGTH_MEASURE( 0.02539999999999999900 ), #1606 );
#2103 = COLOUR_RGB ( '',0.7529411764705882200, 0.7529411764705882200, 0.7529411764705882200 ) ;
#2104 = LENGTH_MEASURE_WITH_UNIT ( LENGTH_MEASURE( 0.02539999999999999900 ), #3457 );
#2105 = ORIENTED_EDGE ( 'NONE', *, *, #3037, .F. ) ;
#2106 = ADVANCED_FACE ( 'NONE', ( #2275 ), #3756, .T. ) ;
#2107 = ORIENTED_EDGE ( 'NONE', *, *, #3641, .T. ) ;
#2108 = MECHANICAL_DESIGN_GEOMETRIC_PRESENTATION_REPRESENTATION (  '', ( #2130 ), #956 ) ;
#2109 = DIMENSIONAL_EXPONENTS ( 1.000000000000000000, 0.0000000000000000000, 0.0000000000000000000, 0.0000000000000000000, 0.0000000000000000000, 0.0000000000000000000, 0.0000000000000000000 ) ;
#2110 = COLOUR_RGB ( '',0.7529411764705882200, 0.7529411764705882200, 0.7529411764705882200 ) ;
#2111 = DIMENSIONAL_EXPONENTS ( 1.000000000000000000, 0.0000000000000000000, 0.0000000000000000000, 0.0000000000000000000, 0.0000000000000000000, 0.0000000000000000000, 0.0000000000000000000 ) ;
#2112 = EDGE_CURVE ( 'NONE', #559, #360, #1466, .T. ) ;
#2113 = SURFACE_STYLE_FILL_AREA ( #2540 ) ;
#2114 =( NAMED_UNIT ( * ) SI_UNIT ( $, .STERADIAN. ) SOLID_ANGLE_UNIT ( ) );
#2115 = DIMENSIONAL_EXPONENTS ( 1.000000000000000000, 0.0000000000000000000, 0.0000000000000000000, 0.0000000000000000000, 0.0000000000000000000, 0.0000000000000000000, 0.0000000000000000000 ) ;
#2116 = ORIENTED_EDGE ( 'NONE', *, *, #3407, .F. ) ;
#2117 = AXIS2_PLACEMENT_3D ( 'NONE', #2037, #1596, #1219 ) ;
#2118 =( CONVERSION_BASED_UNIT ( 'INCH', #2802 ) LENGTH_UNIT ( ) NAMED_UNIT ( #3253 ) );
#2119 = CARTESIAN_POINT ( 'NONE',  ( 0.06021912330558299600, 0.1400718309748114600, 0.2029758418404165300 ) ) ;
#2120 =( NAMED_UNIT ( * ) PLANE_ANGLE_UNIT ( ) SI_UNIT ( $, .RADIAN. ) );
#2121 = DIRECTION ( 'NONE',  ( 1.000000000000000000, 0.0000000000000000000, -1.896751731090606800E-016 ) ) ;
#2122 = DIMENSIONAL_EXPONENTS ( 1.000000000000000000, 0.0000000000000000000, 0.0000000000000000000, 0.0000000000000000000, 0.0000000000000000000, 0.0000000000000000000, 0.0000000000000000000 ) ;
#2123 = PRESENTATION_STYLE_ASSIGNMENT (( #2543 ) ) ;
#2124 = COLOUR_RGB ( '',0.7529411764705882200, 0.7529411764705882200, 0.7529411764705882200 ) ;
#2125 = SURFACE_STYLE_FILL_AREA ( #2545 ) ;
#2126 = CARTESIAN_POINT ( 'NONE',  ( 0.008519123305576432200, 0.1290718309748114800, 0.2996759218404226900 ) ) ;
#2127 = ORIENTED_EDGE ( 'NONE', *, *, #3797, .F. ) ;
#2128 = ORIENTED_EDGE ( 'NONE', *, *, #1680, .F. ) ;
#2129 = VECTOR ( 'NONE', #3558, 39.37007874015748100 ) ;
#2130 = STYLED_ITEM ( 'NONE', ( #565 ), #2314 ) ;
#2131 = VERTEX_POINT ( 'NONE', #295 ) ;
#2132 = COLOUR_RGB ( '',0.7529411764705882200, 0.7529411764705882200, 0.7529411764705882200 ) ;
#2133 = VECTOR ( 'NONE', #2636, 39.37007874015748100 ) ;
#2134 = ORIENTED_EDGE ( 'NONE', *, *, #111, .F. ) ;
#2135 = FACE_OUTER_BOUND ( 'NONE', #3803, .T. ) ;
#2136 = DIRECTION ( 'NONE',  ( -3.491483361109382100E-015, -1.000000000000000000, 6.622477109258271200E-031 ) ) ;
#2137 =( CONVERSION_BASED_UNIT ( 'INCH', #2104 ) LENGTH_UNIT ( ) NAMED_UNIT ( #3265 ) );
#2138 = DIRECTION ( 'NONE',  ( 0.0000000000000000000, 0.0000000000000000000, 1.000000000000000000 ) ) ;
#2139 = EDGE_LOOP ( 'NONE', ( #2707, #188, #2952, #1921 ) ) ;
#2140 = PLANE ( 'NONE',  #2732 ) ;
#2141 = DIRECTION ( 'NONE',  ( 0.0000000000000000000, 1.000000000000000000, 0.0000000000000000000 ) ) ;
#2142 = PLANE ( 'NONE',  #3444 ) ;
#2143 = DIMENSIONAL_EXPONENTS ( 1.000000000000000000, 0.0000000000000000000, 0.0000000000000000000, 0.0000000000000000000, 0.0000000000000000000, 0.0000000000000000000, 0.0000000000000000000 ) ;
#2144 = FILL_AREA_STYLE_COLOUR ( '', #204 ) ;
#2145 = SURFACE_STYLE_USAGE ( .BOTH. , #2564 ) ;
#2146 = DIRECTION ( 'NONE',  ( 1.896751731090606800E-016, 8.758115402030106700E-047, 1.000000000000000000 ) ) ;
#2147 = PRESENTATION_STYLE_ASSIGNMENT (( #2567 ) ) ;
#2148 = CARTESIAN_POINT ( 'NONE',  ( -0.1847741550361676200, 0.1015718309748107500, 0.2996759218404222400 ) ) ;
#2149 = DIMENSIONAL_EXPONENTS ( 1.000000000000000000, 0.0000000000000000000, 0.0000000000000000000, 0.0000000000000000000, 0.0000000000000000000, 0.0000000000000000000, 0.0000000000000000000 ) ;
#2150 = SURFACE_STYLE_USAGE ( .BOTH. , #2570 ) ;
#2151 = ORIENTED_EDGE ( 'NONE', *, *, #369, .T. ) ;
#2152 = MECHANICAL_DESIGN_GEOMETRIC_PRESENTATION_REPRESENTATION (  '', ( #3598 ), #2261 ) ;
#2153 = DIMENSIONAL_EXPONENTS ( 1.000000000000000000, 0.0000000000000000000, 0.0000000000000000000, 0.0000000000000000000, 0.0000000000000000000, 0.0000000000000000000, 0.0000000000000000000 ) ;
#2154 =( NAMED_UNIT ( * ) PLANE_ANGLE_UNIT ( ) SI_UNIT ( $, .RADIAN. ) );
#2155 = LENGTH_MEASURE_WITH_UNIT ( LENGTH_MEASURE( 0.02539999999999999900 ), #3785 );
#2156 = STYLED_ITEM ( 'NONE', ( #3304 ), #3333 ) ;
#2157 = VECTOR ( 'NONE', #3223, 39.37007874015748100 ) ;
#2158 = UNCERTAINTY_MEASURE_WITH_UNIT (LENGTH_MEASURE( 1.000000000000000100E-005 ), #1130, 'distance_accuracy_value', 'NONE');
#2159 = CYLINDRICAL_SURFACE ( 'NONE', #2575, 0.02459999999999999300 ) ;
#2160 = VECTOR ( 'NONE', #2829, 39.37007874015748100 ) ;
#2161 = DIRECTION ( 'NONE',  ( 1.000000000000000000, 0.0000000000000000000, -1.896751731090606800E-016 ) ) ;
#2162 = LINE ( 'NONE', #1714, #1451 ) ;
#2163 = CARTESIAN_POINT ( 'NONE',  ( 0.08981335460640378600, 0.1230660591469840800, 0.2632492446763459200 ) ) ;
#2164 = ORIENTED_EDGE ( 'NONE', *, *, #740, .T. ) ;
#2165 =( GEOMETRIC_REPRESENTATION_CONTEXT ( 3 ) GLOBAL_UNCERTAINTY_ASSIGNED_CONTEXT ( ( #3045 ) ) GLOBAL_UNIT_ASSIGNED_CONTEXT ( ( #3970, #90, #2958 ) ) REPRESENTATION_CONTEXT ( 'NONE', 'WORKASPACE' ) );
#2166 = CARTESIAN_POINT ( 'NONE',  ( -0.03978087669441704400, 0.1015718309748114700, 0.2196757618404102700 ) ) ;
#2167 = SURFACE_STYLE_USAGE ( .BOTH. , #2583 ) ;
#2168 = LINE ( 'NONE', #1721, #795 ) ;
#2169 = CARTESIAN_POINT ( 'NONE',  ( -0.02978087669441696300, 0.09557183097481147800, 0.3163758418404165100 ) ) ;
#2170 = FILL_AREA_STYLE ('',( #3918 ) ) ;
#2171 = UNCERTAINTY_MEASURE_WITH_UNIT (LENGTH_MEASURE( 1.000000000000000100E-005 ), #3008, 'distance_accuracy_value', 'NONE');
#2172 = CARTESIAN_POINT ( 'NONE',  ( 0.09451562038465917400, 0.1267802006431052200, 0.2626758478404199200 ) ) ;
#2173 = PRESENTATION_STYLE_ASSIGNMENT (( #2588 ) ) ;
#2174 = ORIENTED_EDGE ( 'NONE', *, *, #3317, .T. ) ;
#2175 = PRODUCT_CONTEXT ( 'NONE', #3611, 'mechanical' ) ;
#2176 = MECHANICAL_DESIGN_GEOMETRIC_PRESENTATION_REPRESENTATION (  '', ( #2182 ), #395 ) ;
#2177 = SURFACE_SIDE_STYLE ('',( #2594 ) ) ;
#2178 = PRESENTATION_LAYER_ASSIGNMENT (  '', '', ( #2182 ) ) ;
#2179 = VERTEX_POINT ( 'NONE', #743 ) ;
#2180 = PRESENTATION_LAYER_ASSIGNMENT (  '', '', ( #2282 ) ) ;
#2181 = ORIENTED_EDGE ( 'NONE', *, *, #3395, .F. ) ;
#2182 = STYLED_ITEM ( 'NONE', ( #877 ), #2304 ) ;
#2183 = ORIENTED_EDGE ( 'NONE', *, *, #117, .T. ) ;
#2184 = VECTOR ( 'NONE', #2964, 39.37007874015748100 ) ;
#2185 = FILL_AREA_STYLE_COLOUR ( '', #945 ) ;
#2186 = CARTESIAN_POINT ( 'NONE',  ( -0.07274150661567688200, 0.1250718309748114800, 0.2671357095751810700 ) ) ;
#2187 = DIRECTION ( 'NONE',  ( 1.000000000000000000, 0.0000000000000000000, -1.896751731090606800E-016 ) ) ;
#2188 = VERTEX_POINT ( 'NONE', #4082 ) ;
#2189 = PRESENTATION_STYLE_ASSIGNMENT (( #2606 ) ) ;
#2190 = CARTESIAN_POINT ( 'NONE',  ( 0.08979006118755908400, 0.1230718309748114600, 0.2658402194450210600 ) ) ;
#2191 = LINE ( 'NONE', #1343, #2905 ) ;
#2192 = PLANE ( 'NONE',  #482 ) ;
#2193 = SURFACE_SIDE_STYLE ('',( #2611 ) ) ;
#2194 = DIRECTION ( 'NONE',  ( -1.000000000000000000, 0.0000000000000000000, 0.0000000000000000000 ) ) ;
#2195 =( CONVERSION_BASED_UNIT ( 'INCH', #1132 ) LENGTH_UNIT ( ) NAMED_UNIT ( #3552 ) );
#2196 = LENGTH_MEASURE_WITH_UNIT ( LENGTH_MEASURE( 0.02539999999999999900 ), #77 );
#2197 = CIRCLE ( 'NONE', #576, 0.005000009999999974900 ) ;
#2198 = UNCERTAINTY_MEASURE_WITH_UNIT (LENGTH_MEASURE( 1.000000000000000100E-005 ), #2422, 'distance_accuracy_value', 'NONE');
#2199 = EDGE_LOOP ( 'NONE', ( #2863, #3120, #3689, #144 ) ) ;
#2200 = ORIENTED_EDGE ( 'NONE', *, *, #2963, .T. ) ;
#2201 = VECTOR ( 'NONE', #3414, 39.37007874015748100 ) ;
#2202 = ORIENTED_EDGE ( 'NONE', *, *, #3957, .T. ) ;
#2203 = EDGE_CURVE ( 'NONE', #304, #1548, #3647, .T. ) ;
#2204 = ORIENTED_EDGE ( 'NONE', *, *, #2395, .F. ) ;
#2205 = FACE_OUTER_BOUND ( 'NONE', #1571, .T. ) ;
#2206 = SURFACE_SIDE_STYLE ('',( #2627 ) ) ;
#2207 = LENGTH_MEASURE_WITH_UNIT ( LENGTH_MEASURE( 0.02539999999999999900 ), #451 );
#2208 = VECTOR ( 'NONE', #1768, 39.37007874015748100 ) ;
#2209 = ADVANCED_BREP_SHAPE_REPRESENTATION ( 'IHLP1616AB', ( #1317, #2642 ), #530 ) ;
#2210 =( LENGTH_UNIT ( ) NAMED_UNIT ( * ) SI_UNIT ( $, .METRE. ) );
#2211 = AXIS2_PLACEMENT_3D ( 'NONE', #1364, #961, #533 ) ;
#2212 = CARTESIAN_POINT ( 'NONE',  ( -0.06778087669441708300, 0.1400718309748114600, 0.3163758418404164500 ) ) ;
#2213 = ORIENTED_EDGE ( 'NONE', *, *, #4062, .F. ) ;
#2214 = FILL_AREA_STYLE_COLOUR ( '', #403 ) ;
#2215 = FILL_AREA_STYLE ('',( #2637 ) ) ;
#2216 =( CONVERSION_BASED_UNIT ( 'INCH', #973 ) LENGTH_UNIT ( ) NAMED_UNIT ( #1850 ) );
#2217 = SURFACE_STYLE_USAGE ( .BOTH. , #2638 ) ;
#2218 =( NAMED_UNIT ( * ) PLANE_ANGLE_UNIT ( ) SI_UNIT ( $, .RADIAN. ) );
#2219 = CARTESIAN_POINT ( 'NONE',  ( -0.07878087669441735700, 0.2090673221727799800, 0.2596758418404240800 ) ) ;
#2220 = DIRECTION ( 'NONE',  ( 1.896751731090606800E-016, 0.0000000000000000000, 1.000000000000000000 ) ) ;
#2221 = LINE ( 'NONE', #1778, #1379 ) ;
#2222 = VECTOR ( 'NONE', #2635, 39.37007874015748100 ) ;
#2223 = DIRECTION ( 'NONE',  ( 0.0000000000000000000, 0.0000000000000000000, -1.000000000000000000 ) ) ;
#2224 = ORIENTED_EDGE ( 'NONE', *, *, #1173, .T. ) ;
#2225 = B_SPLINE_CURVE_WITH_KNOTS ( 'NONE', 3,
 ( #3936, #2186, #1743, #1336 ),
 .UNSPECIFIED., .F., .F.,
 ( 4, 4 ),
 ( 0.0000000000000000000, 1.000000000000000000 ),
 .UNSPECIFIED. ) ;
#2226 = ORIENTED_EDGE ( 'NONE', *, *, #2738, .T. ) ;
#2227 = SURFACE_SIDE_STYLE ('',( #2648 ) ) ;
#2228 = FACE_OUTER_BOUND ( 'NONE', #1365, .T. ) ;
#2229 = ORIENTED_EDGE ( 'NONE', *, *, #3986, .F. ) ;
#2230 = AXIS2_PLACEMENT_3D ( 'NONE', #1472, #1064, #642 ) ;
#2231 =( GEOMETRIC_REPRESENTATION_CONTEXT ( 3 ) GLOBAL_UNCERTAINTY_ASSIGNED_CONTEXT ( ( #3065 ) ) GLOBAL_UNIT_ASSIGNED_CONTEXT ( ( #2074, #840, #3736 ) ) REPRESENTATION_CONTEXT ( 'NONE', 'WORKASPACE' ) );
#2232 = VECTOR ( 'NONE', #2751, 39.37007874015748100 ) ;
#2233 = DIRECTION ( 'NONE',  ( -1.505648144656230100E-016, 0.0000000000000000000, 1.000000000000000000 ) ) ;
#2234 = PRESENTATION_STYLE_ASSIGNMENT (( #2655 ) ) ;
#2235 = FILL_AREA_STYLE ('',( #2657 ) ) ;
#2236 =( NAMED_UNIT ( * ) PLANE_ANGLE_UNIT ( ) SI_UNIT ( $, .RADIAN. ) );
#2237 = VERTEX_POINT ( 'NONE', #2315 ) ;
#2238 = CARTESIAN_POINT ( 'NONE',  ( 0.08981912330558293500, 0.09557183097481147800, 0.3163758418404165100 ) ) ;
#2239 =( CONVERSION_BASED_UNIT ( 'INCH', #3673 ) LENGTH_UNIT ( ) NAMED_UNIT ( #564 ) );
#2240 = FILL_AREA_STYLE_COLOUR ( '', #770 ) ;
#2241 = FILL_AREA_STYLE_COLOUR ( '', #1991 ) ;
#2242 = LINE ( 'NONE', #1798, #1754 ) ;
#2243 = CARTESIAN_POINT ( 'NONE',  ( 0.08977975322684274300, 0.1290718309748114800, 0.2196757618404102900 ) ) ;
#2244 = CARTESIAN_POINT ( 'NONE',  ( 0.008519123305576423500, 0.1290718309748114800, 0.2516758258404213600 ) ) ;
#2245 = CARTESIAN_POINT ( 'NONE',  ( 0.08981487459984327500, 0.1230643615147993900, 0.2566758358404213100 ) ) ;
#2246 = DIRECTION ( 'NONE',  ( 1.000000000000000000, 0.0000000000000000000, -1.896751731090606800E-016 ) ) ;
#2247 = EDGE_LOOP ( 'NONE', ( #1054, #376, #26, #1996 ) ) ;
#2248 = PRESENTATION_LAYER_ASSIGNMENT (  '', '', ( #475 ) ) ;
#2249 = SURFACE_STYLE_USAGE ( .BOTH. , #2676 ) ;
#2250 = LENGTH_MEASURE_WITH_UNIT ( LENGTH_MEASURE( 0.02539999999999999900 ), #943 );
#2251 = VERTEX_POINT ( 'NONE', #1881 ) ;
#2252 = FILL_AREA_STYLE_COLOUR ( '', #1676 ) ;
#2253 = MECHANICAL_DESIGN_GEOMETRIC_PRESENTATION_REPRESENTATION (  '', ( #2255 ), #1053 ) ;
#2254 =( NAMED_UNIT ( * ) PLANE_ANGLE_UNIT ( ) SI_UNIT ( $, .RADIAN. ) );
#2255 = STYLED_ITEM ( 'NONE', ( #2189 ), #2106 ) ;
#2256 = EDGE_CURVE ( 'NONE', #3664, #305, #1378, .T. ) ;
#2257 = LINE ( 'NONE', #1816, #1267 ) ;
#2258 =( LENGTH_UNIT ( ) NAMED_UNIT ( * ) SI_UNIT ( $, .METRE. ) );
#2259 =( NAMED_UNIT ( * ) PLANE_ANGLE_UNIT ( ) SI_UNIT ( $, .RADIAN. ) );
#2260 = VERTEX_POINT ( 'NONE', #3968 ) ;
#2261 =( GEOMETRIC_REPRESENTATION_CONTEXT ( 3 ) GLOBAL_UNCERTAINTY_ASSIGNED_CONTEXT ( ( #2061 ) ) GLOBAL_UNIT_ASSIGNED_CONTEXT ( ( #3385, #2072, #836 ) ) REPRESENTATION_CONTEXT ( 'NONE', 'WORKASPACE' ) );
#2262 = LINE ( 'NONE', #1819, #1995 ) ;
#2263 = CARTESIAN_POINT ( 'NONE',  ( 0.08981912330558290700, 0.1230324608960713100, 0.2196757618404102900 ) ) ;
#2264 = DIRECTION ( 'NONE',  ( 0.0000000000000000000, 1.000000000000000000, 0.0000000000000000000 ) ) ;
#2265 = CARTESIAN_POINT ( 'NONE',  ( 0.2018124016473464800, 0.1015718309748107100, 0.2196757618404102700 ) ) ;
#2266 = DIRECTION ( 'NONE',  ( -0.5773502691896251800, 0.5773502691896259500, -0.5773502691896259500 ) ) ;
#2267 =( LENGTH_UNIT ( ) NAMED_UNIT ( * ) SI_UNIT ( $, .METRE. ) );
#2268 = DIRECTION ( 'NONE',  ( 0.0000000000000000000, 1.000000000000000000, 0.0000000000000000000 ) ) ;
#2269 = EDGE_CURVE ( 'NONE', #2864, #2355, #3531, .T. ) ;
#2270 = ORIENTED_EDGE ( 'NONE', *, *, #2293, .F. ) ;
#2271 = AXIS2_PLACEMENT_3D ( 'NONE', #3294, #2851, #2423 ) ;
#2272 = CARTESIAN_POINT ( 'NONE',  ( 0.08981487459984327500, 0.1230643615147993900, 0.2626758478404199200 ) ) ;
#2273 = CARTESIAN_POINT ( 'NONE',  ( -0.07278087669441706000, 0.1230718309748114700, 0.2996759218404222400 ) ) ;
#2274 = ORIENTED_EDGE ( 'NONE', *, *, #2782, .F. ) ;
#2275 = FACE_OUTER_BOUND ( 'NONE', #1243, .T. ) ;
#2276 = ORIENTED_EDGE ( 'NONE', *, *, #2293, .T. ) ;
#2277 = ORIENTED_EDGE ( 'NONE', *, *, #3926, .F. ) ;
#2278 = EDGE_CURVE ( 'NONE', #2548, #1998, #202, .T. ) ;
#2279 = AXIS2_PLACEMENT_3D ( 'NONE', #1037, #618, #180 ) ;
#2280 = DIRECTION ( 'NONE',  ( 0.0000000000000000000, 0.0000000000000000000, 1.000000000000000000 ) ) ;
#2281 = LENGTH_MEASURE_WITH_UNIT ( LENGTH_MEASURE( 0.02539999999999999900 ), #2794 );
#2282 = STYLED_ITEM ( 'NONE', ( #1568 ), #3730 ) ;
#2283 = CARTESIAN_POINT ( 'NONE',  ( 0.1268191233055829500, 0.1015718309748115300, 0.2146758418404165200 ) ) ;
#2284 = VECTOR ( 'NONE', #2288, 39.37007874015748100 ) ;
#2285 = DIRECTION ( 'NONE',  ( 1.896751731090606800E-016, -0.0000000000000000000, 1.000000000000000000 ) ) ;
#2286 =( NAMED_UNIT ( * ) PLANE_ANGLE_UNIT ( ) SI_UNIT ( $, .RADIAN. ) );
#2287 = ORIENTED_EDGE ( 'NONE', *, *, #3423, .T. ) ;
#2288 = DIRECTION ( 'NONE',  ( 0.0000000000000000000, -1.000000000000000000, 0.0000000000000000000 ) ) ;
#2289 = SURFACE_STYLE_FILL_AREA ( #2722 ) ;
#2290 = CARTESIAN_POINT ( 'NONE',  ( -0.07228087669441694800, 0.1015718309748114700, 0.2196757618404199800 ) ) ;
#2291 = LINE ( 'NONE', #1853, #1762 ) ;
#2292 = LINE ( 'NONE', #1854, #1254 ) ;
#2293 = EDGE_CURVE ( 'NONE', #325, #553, #1407, .T. ) ;
#2294 = CARTESIAN_POINT ( 'NONE',  ( 0.08981062589410363000, 0.1230568920547873100, 0.2566758358404213100 ) ) ;
#2295 = DIRECTION ( 'NONE',  ( 3.491483361109382100E-015, 1.000000000000000000, -6.622477109258271200E-031 ) ) ;
#2296 = FILL_AREA_STYLE ('',( #4061 ) ) ;
#2297 = DIRECTION ( 'NONE',  ( -3.491481338843133000E-015, 1.000000000000000000, 6.622473273521262800E-031 ) ) ;
#2298 = SURFACE_STYLE_FILL_AREA ( #2734 ) ;
#2299 = EDGE_CURVE ( 'NONE', #2260, #3891, #3873, .T. ) ;
#2300 = EDGE_LOOP ( 'NONE', ( #3800, #1716, #1620, #2495 ) ) ;
#2301 = ORIENTED_EDGE ( 'NONE', *, *, #83, .F. ) ;
#2302 =( GEOMETRIC_REPRESENTATION_CONTEXT ( 3 ) GLOBAL_UNCERTAINTY_ASSIGNED_CONTEXT ( ( #1713 ) ) GLOBAL_UNIT_ASSIGNED_CONTEXT ( ( #3559, #2236, #979 ) ) REPRESENTATION_CONTEXT ( 'NONE', 'WORKASPACE' ) );
#2303 = LINE ( 'NONE', #1459, #2062 ) ;
#2304 = ADVANCED_FACE ( 'NONE', ( #2205 ), #2339, .F. ) ;
#2305 = ORIENTED_EDGE ( 'NONE', *, *, #3940, .T. ) ;
#2306 = VERTEX_POINT ( 'NONE', #663 ) ;
#2307 = VECTOR ( 'NONE', #3152, 39.37007874015748100 ) ;
#2308 = DIRECTION ( 'NONE',  ( 0.0000000000000000000, 1.000000000000000000, 0.0000000000000000000 ) ) ;
#2309 = EDGE_CURVE ( 'NONE', #638, #1166, #225, .T. ) ;
#2310 = AXIS2_PLACEMENT_3D ( 'NONE', #4040, #3602, #3143 ) ;
#2311 = DIRECTION ( 'NONE',  ( 7.173819169229555300E-016, 6.333947640535220500E-030, -1.000000000000000000 ) ) ;
#2312 = LINE ( 'NONE', #1878, #995 ) ;
#2313 = CARTESIAN_POINT ( 'NONE',  ( -0.07048103469440981900, 0.1290718309748114800, 0.2566758358404094800 ) ) ;
#2314 = ADVANCED_FACE ( 'NONE', ( #2135 ), #3101, .T. ) ;
#2315 = CARTESIAN_POINT ( 'NONE',  ( 0.05681912330558283600, 0.09557183097481149200, 0.2996759218404226900 ) ) ;
#2316 = DIRECTION ( 'NONE',  ( -1.896751731090606800E-016, 0.0000000000000000000, -1.000000000000000000 ) ) ;
#2317 = PRESENTATION_STYLE_ASSIGNMENT (( #2753 ) ) ;
#2318 = CARTESIAN_POINT ( 'NONE',  ( 0.06521912330558293800, 0.09557183097481147800, 0.3163758418404165100 ) ) ;
#2319 = CARTESIAN_POINT ( 'NONE',  ( -0.06778087669441705500, 0.1230718309748114700, 0.2676758578404113700 ) ) ;
#2320 = FILL_AREA_STYLE ('',( #2756 ) ) ;
#2321 = CARTESIAN_POINT ( 'NONE',  ( 0.09581912330558292600, 0.1230324608960712700, 0.2996759218404226900 ) ) ;
#2322 = CARTESIAN_POINT ( 'NONE',  ( 0.09160675212867841500, 0.1290718309748114800, 0.2656388733656084300 ) ) ;
#2323 = SURFACE_STYLE_USAGE ( .BOTH. , #2759 ) ;
#2324 =( CONVERSION_BASED_UNIT ( 'INCH', #2544 ) LENGTH_UNIT ( ) NAMED_UNIT ( #804 ) );
#2325 = EDGE_CURVE ( 'NONE', #1809, #1899, #799, .T. ) ;
#2326 =( NAMED_UNIT ( * ) SI_UNIT ( $, .STERADIAN. ) SOLID_ANGLE_UNIT ( ) );
#2327 = CARTESIAN_POINT ( 'NONE',  ( -0.07878087669441735700, 0.2090673221727799800, 0.2196757618404199800 ) ) ;
#2328 = ORIENTED_EDGE ( 'NONE', *, *, #3753, .F. ) ;
#2329 = EDGE_CURVE ( 'NONE', #383, #559, #3225, .T. ) ;
#2330 = ORIENTED_EDGE ( 'NONE', *, *, #3993, .F. ) ;
#2331 = CARTESIAN_POINT ( 'NONE',  ( 0.08981912330558293500, 0.1230718309748114700, 0.2196757618404102900 ) ) ;
#2332 = EDGE_CURVE ( 'NONE', #3891, #3435, #1927, .T. ) ;
#2333 = ORIENTED_EDGE ( 'NONE', *, *, #716, .T. ) ;
#2334 = SURFACE_STYLE_FILL_AREA ( #2770 ) ;
#2335 =( LENGTH_UNIT ( ) NAMED_UNIT ( * ) SI_UNIT ( $, .METRE. ) );
#2336 = ADVANCED_FACE ( 'NONE', ( #933 ), #3000, .F. ) ;
#2337 =( GEOMETRIC_REPRESENTATION_CONTEXT ( 3 ) GLOBAL_UNCERTAINTY_ASSIGNED_CONTEXT ( ( #2771 ) ) GLOBAL_UNIT_ASSIGNED_CONTEXT ( ( #502, #3410, #2089 ) ) REPRESENTATION_CONTEXT ( 'NONE', 'WORKASPACE' ) );
#2338 = FILL_AREA_STYLE_COLOUR ( '', #852 ) ;
#2339 = PLANE ( 'NONE',  #2839 ) ;
#2340 = SURFACE_STYLE_USAGE ( .BOTH. , #2774 ) ;
#2341 = STYLED_ITEM ( 'NONE', ( #3906 ), #386 ) ;
#2342 = ORIENTED_EDGE ( 'NONE', *, *, #2577, .F. ) ;
#2343 = EDGE_CURVE ( 'NONE', #3145, #3886, #1305, .T. ) ;
#2344 = UNCERTAINTY_MEASURE_WITH_UNIT (LENGTH_MEASURE( 1.000000000000000100E-005 ), #3471, 'distance_accuracy_value', 'NONE');
#2345 = DIRECTION ( 'NONE',  ( -1.000000000000000000, 6.982964699952515400E-015, 1.896751731090606800E-016 ) ) ;
#2346 = CARTESIAN_POINT ( 'NONE',  ( -0.04818087669441705600, 0.1230718309748114700, 0.1783758418404165200 ) ) ;
#2347 = FILL_AREA_STYLE ('',( #320 ) ) ;
#2348 =( NAMED_UNIT ( * ) PLANE_ANGLE_UNIT ( ) SI_UNIT ( $, .RADIAN. ) );
#2349 = CARTESIAN_POINT ( 'NONE',  ( 0.08481912330558298600, 0.1230718309748114700, 0.2029758418404165300 ) ) ;
#2350 = VECTOR ( 'NONE', #206, 39.37007874015748100 ) ;
#2351 = CARTESIAN_POINT ( 'NONE',  ( 0.08931912330558286500, 0.1020718309748114800, 0.3400888461587848200 ) ) ;
#2352 = B_SPLINE_SURFACE_WITH_KNOTS ( 'NONE', 1, 3, ( 
 ( #1154, #722, #274, #4059 ),
 ( #3621, #3158, #2728, #2294 ) ),
 .UNSPECIFIED., .F., .F., .F.,
 ( 2, 2 ),
 ( 4, 4 ),
 ( 0.0000000000000000000, 1.000000000000000000 ),
 ( 0.0000000000000000000, 1.000000000000000000 ),
 .UNSPECIFIED. ) ;
#2353 = CARTESIAN_POINT ( 'NONE',  ( 0.08981912330558293500, 0.1230718309748114700, 0.2029758418404165300 ) ) ;
#2354 = EDGE_CURVE ( 'NONE', #506, #4091, #3815, .T. ) ;
#2355 = VERTEX_POINT ( 'NONE', #2480 ) ;
#2356 = ADVANCED_FACE ( 'NONE', ( #1953 ), #32, .F. ) ;
#2357 = DIRECTION ( 'NONE',  ( 1.000000000000000000, 0.0000000000000000000, -1.896751731090606800E-016 ) ) ;
#2358 = ORIENTED_EDGE ( 'NONE', *, *, #1690, .F. ) ;
#2359 = EDGE_CURVE ( 'NONE', #3401, #1023, #151, .T. ) ;
#2360 =( NAMED_UNIT ( * ) SI_UNIT ( $, .STERADIAN. ) SOLID_ANGLE_UNIT ( ) );
#2361 = SURFACE_STYLE_USAGE ( .BOTH. , #2790 ) ;
#2362 = EDGE_CURVE ( 'NONE', #3275, #3394, #2585, .T. ) ;
#2363 = DIRECTION ( 'NONE',  ( 1.896751731090606800E-016, 0.0000000000000000000, 1.000000000000000000 ) ) ;
#2364 = VECTOR ( 'NONE', #1794, 39.37007874015748100 ) ;
#2365 = ORIENTED_EDGE ( 'NONE', *, *, #2380, .T. ) ;
#2366 = EDGE_CURVE ( 'NONE', #2548, #3492, #1320, .T. ) ;
#2367 = DIRECTION ( 'NONE',  ( 1.000000000000000000, -6.982966722218764100E-015, -1.896751731090606800E-016 ) ) ;
#2368 = SURFACE_STYLE_USAGE ( .BOTH. , #2799 ) ;
#2369 = ORIENTED_EDGE ( 'NONE', *, *, #4067, .T. ) ;
#2370 = DIRECTION ( 'NONE',  ( 0.0000000000000000000, 1.000000000000000000, -0.0000000000000000000 ) ) ;
#2371 = FACE_OUTER_BOUND ( 'NONE', #1359, .T. ) ;
#2372 = DIRECTION ( 'NONE',  ( -0.0000000000000000000, -1.000000000000000000, -0.0000000000000000000 ) ) ;
#2373 = DIRECTION ( 'NONE',  ( -1.000000000000000000, 0.0000000000000000000, 5.768260121757312800E-017 ) ) ;
#2374 = FACE_OUTER_BOUND ( 'NONE', #2300, .T. ) ;
#2375 = CARTESIAN_POINT ( 'NONE',  ( -0.07277510799523792500, 0.1230660591469840800, 0.2561024390044818700 ) ) ;
#2376 = ADVANCED_FACE ( 'NONE', ( #1936 ), #4057, .F. ) ;
#2377 = DIRECTION ( 'NONE',  ( 1.000000000000000000, 0.0000000000000000000, -1.153652024351462100E-016 ) ) ;
#2378 = ORIENTED_EDGE ( 'NONE', *, *, #2529, .F. ) ;
#2379 =( LENGTH_UNIT ( ) NAMED_UNIT ( * ) SI_UNIT ( $, .METRE. ) );
#2380 = EDGE_CURVE ( 'NONE', #305, #1190, #2291, .T. ) ;
#2381 = CARTESIAN_POINT ( 'NONE',  ( -0.03978087669441703700, 0.09557183097481152000, 0.2196757618404102700 ) ) ;
#2382 = CARTESIAN_POINT ( 'NONE',  ( -0.07278087669441706000, 0.09557183097481147800, 0.3163758418404165100 ) ) ;
#2383 = LINE ( 'NONE', #1947, #3113 ) ;
#2384 = B_SPLINE_SURFACE_WITH_KNOTS ( 'NONE', 1, 3, ( 
 ( #11, #3786, #3323, #2873 ),
 ( #2453, #2008, #1578, #1202 ) ),
 .UNSPECIFIED., .F., .F., .F.,
 ( 2, 2 ),
 ( 4, 4 ),
 ( 0.0000000000000000000, 1.000000000000000000 ),
 ( 0.0000000000000000000, 1.000000000000000000 ),
 .UNSPECIFIED. ) ;
#2385 = ORIENTED_EDGE ( 'NONE', *, *, #2041, .T. ) ;
#2386 = VERTEX_POINT ( 'NONE', #619 ) ;
#2387 =( GEOMETRIC_REPRESENTATION_CONTEXT ( 3 ) GLOBAL_UNCERTAINTY_ASSIGNED_CONTEXT ( ( #2809 ) ) GLOBAL_UNIT_ASSIGNED_CONTEXT ( ( #3214, #1920, #673 ) ) REPRESENTATION_CONTEXT ( 'NONE', 'WORKASPACE' ) );
#2388 = EDGE_CURVE ( 'NONE', #974, #1194, #1038, .T. ) ;
#2389 = PRESENTATION_LAYER_ASSIGNMENT (  '', '', ( #2399 ) ) ;
#2390 = SURFACE_STYLE_USAGE ( .BOTH. , #2821 ) ;
#2391 = ORIENTED_EDGE ( 'NONE', *, *, #2699, .T. ) ;
#2392 = DIRECTION ( 'NONE',  ( 1.000000000000000000, 0.0000000000000000000, 0.0000000000000000000 ) ) ;
#2393 = CARTESIAN_POINT ( 'NONE',  ( -0.07878087669441703700, 0.1230324608960713100, 0.2196757618404199800 ) ) ;
#2394 = STYLED_ITEM ( 'NONE', ( #1808 ), #56 ) ;
#2395 = EDGE_CURVE ( 'NONE', #1300, #3145, #1334, .T. ) ;
#2396 = DIRECTION ( 'NONE',  ( 1.000000000000000000, 0.0000000000000000000, 0.0000000000000000000 ) ) ;
#2397 =( NAMED_UNIT ( * ) PLANE_ANGLE_UNIT ( ) SI_UNIT ( $, .RADIAN. ) );
#2398 =( LENGTH_UNIT ( ) NAMED_UNIT ( * ) SI_UNIT ( $, .METRE. ) );
#2399 = STYLED_ITEM ( 'NONE', ( #4131 ), #2056 ) ;
#2400 = DIRECTION ( 'NONE',  ( 1.000000000000000000, 0.0000000000000000000, -1.896751731090606800E-016 ) ) ;
#2401 = UNCERTAINTY_MEASURE_WITH_UNIT (LENGTH_MEASURE( 1.000000000000000100E-005 ), #3258, 'distance_accuracy_value', 'NONE');
#2402 = CARTESIAN_POINT ( 'NONE',  ( 0.08977975322684274300, 0.1230324608960713100, 0.2196757618404102900 ) ) ;
#2403 = UNCERTAINTY_MEASURE_WITH_UNIT (LENGTH_MEASURE( 1.000000000000000100E-005 ), #2118, 'distance_accuracy_value', 'NONE');
#2404 = AXIS2_PLACEMENT_3D ( 'NONE', #2640, #2220, #1777 ) ;
#2405 = DIRECTION ( 'NONE',  ( 1.000000000000000000, 0.0000000000000000000, -1.896751731090606800E-016 ) ) ;
#2406 = ADVANCED_FACE ( 'NONE', ( #1897 ), #2192, .T. ) ;
#2407 = AXIS2_PLACEMENT_3D ( 'NONE', #3261, #2823, #2392 ) ;
#2408 = DIRECTION ( 'NONE',  ( 1.000000000000000000, 0.0000000000000000000, 0.0000000000000000000 ) ) ;
#2409 = EDGE_LOOP ( 'NONE', ( #3128, #3732, #4051, #1221 ) ) ;
#2410 = VECTOR ( 'NONE', #2038, 39.37007874015748100 ) ;
#2411 = EDGE_CURVE ( 'NONE', #4076, #4045, #1213, .T. ) ;
#2412 = LINE ( 'NONE', #1972, #4173 ) ;
#2413 = DIRECTION ( 'NONE',  ( -0.0000000000000000000, -1.000000000000000000, -0.0000000000000000000 ) ) ;
#2414 = ORIENTED_EDGE ( 'NONE', *, *, #1163, .F. ) ;
#2415 = ORIENTED_EDGE ( 'NONE', *, *, #2084, .T. ) ;
#2416 = ADVANCED_FACE ( 'NONE', ( #1651 ), #1667, .T. ) ;
#2417 = ORIENTED_EDGE ( 'NONE', *, *, #4105, .F. ) ;
#2418 = CARTESIAN_POINT ( 'NONE',  ( 0.08981487459984327500, 0.1230643615147993900, 0.2566758358404213100 ) ) ;
#2419 = UNCERTAINTY_MEASURE_WITH_UNIT (LENGTH_MEASURE( 1.000000000000000100E-005 ), #86, 'distance_accuracy_value', 'NONE');
#2420 = EDGE_CURVE ( 'NONE', #1456, #991, #1276, .T. ) ;
#2421 = DIRECTION ( 'NONE',  ( 1.896751731090606800E-016, -0.0000000000000000000, 1.000000000000000000 ) ) ;
#2422 =( CONVERSION_BASED_UNIT ( 'INCH', #3053 ) LENGTH_UNIT ( ) NAMED_UNIT ( #1915 ) );
#2423 = DIRECTION ( 'NONE',  ( -1.000000000000000000, 0.0000000000000000000, 1.896751731090606800E-016 ) ) ;
#2424 = CARTESIAN_POINT ( 'NONE',  ( -0.04318087669441703800, 0.1400718309748114600, 0.1783758418404165200 ) ) ;
#2425 = VECTOR ( 'NONE', #3810, 39.37007874015748100 ) ;
#2426 = DIRECTION ( 'NONE',  ( -0.0000000000000000000, -0.7071067811865474600, 0.7071067811865475700 ) ) ;
#2427 = EDGE_CURVE ( 'NONE', #2571, #4121, #2876, .T. ) ;
#2428 =( NAMED_UNIT ( * ) PLANE_ANGLE_UNIT ( ) SI_UNIT ( $, .RADIAN. ) );
#2429 = CARTESIAN_POINT ( 'NONE',  ( 0.008519123305576425200, 0.1290718309748114800, 0.2596758418404240800 ) ) ;
#2430 =( NAMED_UNIT ( * ) PLANE_ANGLE_UNIT ( ) SI_UNIT ( $, .RADIAN. ) );
#2431 = CARTESIAN_POINT ( 'NONE',  ( 0.08981912330558297600, 0.1015718309748114700, 0.2996759218404226900 ) ) ;
#2432 = FILL_AREA_STYLE ('',( #2859 ) ) ;
#2433 = FACE_OUTER_BOUND ( 'NONE', #3062, .T. ) ;
#2434 = AXIS2_PLACEMENT_3D ( 'NONE', #4118, #3687, #3211 ) ;
#2435 = SURFACE_SIDE_STYLE ('',( #2860 ) ) ;
#2436 = AXIS2_PLACEMENT_3D ( 'NONE', #1983, #1558, #1176 ) ;
#2437 = EDGE_CURVE ( 'NONE', #1899, #2795, #1581, .T. ) ;
#2438 = MECHANICAL_DESIGN_GEOMETRIC_PRESENTATION_REPRESENTATION (  '', ( #2865 ), #2923 ) ;
#2439 = ORIENTED_EDGE ( 'NONE', *, *, #2748, .T. ) ;
#2440 = FACE_OUTER_BOUND ( 'NONE', #3286, .T. ) ;
#2441 = ORIENTED_EDGE ( 'NONE', *, *, #163, .F. ) ;
#2442 = CARTESIAN_POINT ( 'NONE',  ( 0.08981912330558293500, 0.1015718309748114700, 0.3046758418404165200 ) ) ;
#2443 = ADVANCED_FACE ( 'NONE', ( #3040 ), #2708, .T. ) ;
#2444 = EDGE_LOOP ( 'NONE', ( #2720, #1507, #3151, #1761 ) ) ;
#2445 = DIRECTION ( 'NONE',  ( -1.000000000000000000, 0.0000000000000000000, 1.896751731090606800E-016 ) ) ;
#2446 = DIRECTION ( 'NONE',  ( 1.896751731090606800E-016, 0.0000000000000000000, 1.000000000000000000 ) ) ;
#2447 = EDGE_CURVE ( 'NONE', #1757, #1137, #2993, .T. ) ;
#2448 = UNCERTAINTY_MEASURE_WITH_UNIT (LENGTH_MEASURE( 1.000000000000000100E-005 ), #1524, 'distance_accuracy_value', 'NONE');
#2449 = MECHANICAL_DESIGN_GEOMETRIC_PRESENTATION_REPRESENTATION (  '', ( #2399 ), #1641 ) ;
#2450 = LINE ( 'NONE', #3201, #3218 ) ;
#2451 = EDGE_CURVE ( 'NONE', #3586, #3504, #1302, .T. ) ;
#2452 =( CONVERSION_BASED_UNIT ( 'INCH', #2155 ) LENGTH_UNIT ( ) NAMED_UNIT ( #489 ) );
#2453 = CARTESIAN_POINT ( 'NONE',  ( -0.07274150661567688200, 0.1230718309748114700, 0.2671357095751810700 ) ) ;
#2454 = ORIENTED_EDGE ( 'NONE', *, *, #3317, .F. ) ;
#2455 = CARTESIAN_POINT ( 'NONE',  ( -0.06778087669441704200, 0.1400718309748114600, 0.2196757618404199800 ) ) ;
#2456 = CARTESIAN_POINT ( 'NONE',  ( 0.08981912330558293500, 0.1015718309748114700, 0.2196757618404102900 ) ) ;
#2457 = DIRECTION ( 'NONE',  ( -1.896751731090606800E-016, 0.0000000000000000000, -1.000000000000000000 ) ) ;
#2458 = SURFACE_STYLE_USAGE ( .BOTH. , #2880 ) ;
#2459 =( NAMED_UNIT ( * ) PLANE_ANGLE_UNIT ( ) SI_UNIT ( $, .RADIAN. ) );
#2460 = ADVANCED_FACE ( 'NONE', ( #1529 ), #2862, .F. ) ;
#2461 =( CONVERSION_BASED_UNIT ( 'INCH', #2098 ) LENGTH_UNIT ( ) NAMED_UNIT ( #3334 ) );
#2462 = LENGTH_MEASURE_WITH_UNIT ( LENGTH_MEASURE( 0.02539999999999999900 ), #664 );
#2463 = SURFACE_SIDE_STYLE ('',( #2884 ) ) ;
#2464 = ORIENTED_EDGE ( 'NONE', *, *, #2675, .F. ) ;
#2465 = ORIENTED_EDGE ( 'NONE', *, *, #3345, .T. ) ;
#2466 = UNCERTAINTY_MEASURE_WITH_UNIT (LENGTH_MEASURE( 1.000000000000000100E-005 ), #2239, 'distance_accuracy_value', 'NONE');
#2467 = FACE_OUTER_BOUND ( 'NONE', #2139, .T. ) ;
#2468 = CARTESIAN_POINT ( 'NONE',  ( 0.06521912330558293800, 0.1230718309748114700, 0.3163758418404165100 ) ) ;
#2469 = MECHANICAL_DESIGN_GEOMETRIC_PRESENTATION_REPRESENTATION (  '', ( #2536 ), #2302 ) ;
#2470 = EDGE_LOOP ( 'NONE', ( #1632, #1657, #1923, #3038 ) ) ;
#2471 = VERTEX_POINT ( 'NONE', #2686 ) ;
#2472 = CARTESIAN_POINT ( 'NONE',  ( -0.07456850551751408000, 0.1290718309748114800, 0.2537128103152211400 ) ) ;
#2473 = CARTESIAN_POINT ( 'NONE',  ( -0.06778087669441704200, 0.1290718309748114800, 0.2029758418404165300 ) ) ;
#2474 = UNCERTAINTY_MEASURE_WITH_UNIT (LENGTH_MEASURE( 1.000000000000000100E-005 ), #2461, 'distance_accuracy_value', 'NONE');
#2475 = EDGE_LOOP ( 'NONE', ( #3885, #7, #132, #4043 ) ) ;
#2476 = PRESENTATION_STYLE_ASSIGNMENT (( #2897 ) ) ;
#2477 = PRESENTATION_STYLE_ASSIGNMENT (( #2898 ) ) ;
#2478 = CARTESIAN_POINT ( 'NONE',  ( 0.08981912330558293500, 0.1230718309748114700, 0.2996759218404226900 ) ) ;
#2479 = LENGTH_MEASURE_WITH_UNIT ( LENGTH_MEASURE( 0.02539999999999999900 ), #3388 );
#2480 = CARTESIAN_POINT ( 'NONE',  ( -0.06778087669441705500, 0.1290718309748114800, 0.2997087485525167200 ) ) ;
#2481 =( NAMED_UNIT ( * ) PLANE_ANGLE_UNIT ( ) SI_UNIT ( $, .RADIAN. ) );
#2482 = CARTESIAN_POINT ( 'NONE',  ( 0.05281912330558290900, 0.1015718309748114700, 0.2146758418404165200 ) ) ;
#2483 = AXIS2_PLACEMENT_3D ( 'NONE', #2989, #2558, #2138 ) ;
#2484 = STYLED_ITEM ( 'NONE', ( #477 ), #133 ) ;
#2485 = VECTOR ( 'NONE', #691, 39.37007874015748100 ) ;
#2486 = ORIENTED_EDGE ( 'NONE', *, *, #1670, .T. ) ;
#2487 = APPLICATION_PROTOCOL_DEFINITION ( 'draft international standard', 'automotive_design', 1998, #3611 ) ;
#2488 = FACE_OUTER_BOUND ( 'NONE', #3174, .T. ) ;
#2489 = DIRECTION ( 'NONE',  ( -3.491481338843133000E-015, 1.000000000000000000, 6.622473273521262800E-031 ) ) ;
#2490 = ORIENTED_EDGE ( 'NONE', *, *, #2963, .F. ) ;
#2491 = SURFACE_SIDE_STYLE ('',( #2914 ) ) ;
#2492 = SURFACE_STYLE_FILL_AREA ( #2915 ) ;
#2493 = SURFACE_SIDE_STYLE ('',( #2916 ) ) ;
#2494 = LINE ( 'NONE', #1619, #3424 ) ;
#2495 = ORIENTED_EDGE ( 'NONE', *, *, #838, .T. ) ;
#2496 = UNCERTAINTY_MEASURE_WITH_UNIT (LENGTH_MEASURE( 1.000000000000000100E-005 ), #3188, 'distance_accuracy_value', 'NONE');
#2497 = DIRECTION ( 'NONE',  ( 1.000000000000000000, 0.0000000000000000000, -1.896751731090606800E-016 ) ) ;
#2498 = CYLINDRICAL_SURFACE ( 'NONE', #3429, 0.02459999999999999300 ) ;
#2499 = CARTESIAN_POINT ( 'NONE',  ( -0.07278087669441706000, 0.09557183097481147800, 0.3163758418404165100 ) ) ;
#2500 = SURFACE_STYLE_USAGE ( .BOTH. , #2921 ) ;
#2501 = PRESENTATION_STYLE_ASSIGNMENT (( #2922 ) ) ;
#2502 =( LENGTH_UNIT ( ) NAMED_UNIT ( * ) SI_UNIT ( $, .METRE. ) );
#2503 =( NAMED_UNIT ( * ) PLANE_ANGLE_UNIT ( ) SI_UNIT ( $, .RADIAN. ) );
#2504 = LENGTH_MEASURE_WITH_UNIT ( LENGTH_MEASURE( 0.02539999999999999900 ), #1769 );
#2505 = DIRECTION ( 'NONE',  ( 0.0000000000000000000, -1.000000000000000000, 0.0000000000000000000 ) ) ;
#2506 = ORIENTED_EDGE ( 'NONE', *, *, #3789, .T. ) ;
#2507 =( GEOMETRIC_REPRESENTATION_CONTEXT ( 3 ) GLOBAL_UNCERTAINTY_ASSIGNED_CONTEXT ( ( #4069 ) ) GLOBAL_UNIT_ASSIGNED_CONTEXT ( ( #3762, #2428, #1180 ) ) REPRESENTATION_CONTEXT ( 'NONE', 'WORKASPACE' ) );
#2508 = FACE_OUTER_BOUND ( 'NONE', #2620, .T. ) ;
#2509 = MECHANICAL_DESIGN_GEOMETRIC_PRESENTATION_REPRESENTATION (  '', ( #358 ), #2938 ) ;
#2510 = B_SPLINE_CURVE_WITH_KNOTS ( 'NONE', 3,
 ( #294, #4080, #3646, #3178 ),
 .UNSPECIFIED., .F., .F.,
 ( 4, 4 ),
 ( 0.0000000000000000000, 1.000000000000000000 ),
 .UNSPECIFIED. ) ;
#2511 = ORIENTED_EDGE ( 'NONE', *, *, #3529, .F. ) ;
#2512 = ORIENTED_EDGE ( 'NONE', *, *, #3426, .T. ) ;
#2513 = PRESENTATION_LAYER_ASSIGNMENT (  '', '', ( #358 ) ) ;
#2514 = ORIENTED_EDGE ( 'NONE', *, *, #2515, .F. ) ;
#2515 = EDGE_CURVE ( 'NONE', #3668, #2572, #2257, .T. ) ;
#2516 =( LENGTH_UNIT ( ) NAMED_UNIT ( * ) SI_UNIT ( $, .METRE. ) );
#2517 = FILL_AREA_STYLE ('',( #2940 ) ) ;
#2518 = SURFACE_STYLE_FILL_AREA ( #2941 ) ;
#2519 = ORIENTED_EDGE ( 'NONE', *, *, #2359, .T. ) ;
#2520 =( NAMED_UNIT ( * ) PLANE_ANGLE_UNIT ( ) SI_UNIT ( $, .RADIAN. ) );
#2521 = LINE ( 'NONE', #2093, #2554 ) ;
#2522 = PLANE ( 'NONE',  #413 ) ;
#2523 = VECTOR ( 'NONE', #1065, 39.37007874015748100 ) ;
#2524 = SURFACE_STYLE_FILL_AREA ( #2944 ) ;
#2525 = SURFACE_STYLE_USAGE ( .BOTH. , #2945 ) ;
#2526 =( LENGTH_UNIT ( ) NAMED_UNIT ( * ) SI_UNIT ( $, .METRE. ) );
#2527 = UNCERTAINTY_MEASURE_WITH_UNIT (LENGTH_MEASURE( 1.000000000000000100E-005 ), #3115, 'distance_accuracy_value', 'NONE');
#2528 = SURFACE_STYLE_USAGE ( .BOTH. , #2947 ) ;
#2529 = EDGE_CURVE ( 'NONE', #1279, #1462, #588, .T. ) ;
#2530 = CARTESIAN_POINT ( 'NONE',  ( 0.2018124016473464600, 0.09557183097481070100, 0.2196757618404102700 ) ) ;
#2531 = VECTOR ( 'NONE', #2316, 39.37007874015748100 ) ;
#2532 = EDGE_LOOP ( 'NONE', ( #3887, #2789, #4012, #2677, #2950, #2697, #2979, #453 ) ) ;
#2533 = STYLED_ITEM ( 'NONE', ( #2998 ), #1007 ) ;
#2534 = PRESENTATION_LAYER_ASSIGNMENT (  '', '', ( #2865 ) ) ;
#2535 = ORIENTED_EDGE ( 'NONE', *, *, #4041, .F. ) ;
#2536 = STYLED_ITEM ( 'NONE', ( #1907 ), #2006 ) ;
#2537 = UNCERTAINTY_MEASURE_WITH_UNIT (LENGTH_MEASURE( 1.000000000000000100E-005 ), #1349, 'distance_accuracy_value', 'NONE');
#2538 =( GEOMETRIC_REPRESENTATION_CONTEXT ( 3 ) GLOBAL_UNCERTAINTY_ASSIGNED_CONTEXT ( ( #2818 ) ) GLOBAL_UNIT_ASSIGNED_CONTEXT ( ( #1271, #4183, #2856 ) ) REPRESENTATION_CONTEXT ( 'NONE', 'WORKASPACE' ) );
#2539 =( NAMED_UNIT ( * ) SI_UNIT ( $, .STERADIAN. ) SOLID_ANGLE_UNIT ( ) );
#2540 = FILL_AREA_STYLE ('',( #94 ) ) ;
#2541 = EDGE_LOOP ( 'NONE', ( #157, #802, #1014, #3313 ) ) ;
#2542 = DIRECTION ( 'NONE',  ( 1.896751731090606800E-016, 0.0000000000000000000, 1.000000000000000000 ) ) ;
#2543 = SURFACE_STYLE_USAGE ( .BOTH. , #2969 ) ;
#2544 = LENGTH_MEASURE_WITH_UNIT ( LENGTH_MEASURE( 0.02539999999999999900 ), #3657 );
#2545 = FILL_AREA_STYLE ('',( #102 ) ) ;
#2546 = UNCERTAINTY_MEASURE_WITH_UNIT (LENGTH_MEASURE( 1.000000000000000100E-005 ), #1011, 'distance_accuracy_value', 'NONE');
#2547 = LINE ( 'NONE', #2126, #9 ) ;
#2548 = VERTEX_POINT ( 'NONE', #3479 ) ;
#2549 = ORIENTED_EDGE ( 'NONE', *, *, #2659, .T. ) ;
#2550 = ORIENTED_EDGE ( 'NONE', *, *, #459, .T. ) ;
#2551 = VECTOR ( 'NONE', #1559, 39.37007874015748100 ) ;
#2552 = CARTESIAN_POINT ( 'NONE',  ( 0.08931912330558279500, 0.09557183097481110300, 0.2196757618404102900 ) ) ;
#2553 = FACE_OUTER_BOUND ( 'NONE', #2776, .T. ) ;
#2554 = VECTOR ( 'NONE', #1640, 39.37007874015748100 ) ;
#2555 = UNCERTAINTY_MEASURE_WITH_UNIT (LENGTH_MEASURE( 1.000000000000000100E-005 ), #3371, 'distance_accuracy_value', 'NONE');
#2556 = AXIS2_PLACEMENT_3D ( 'NONE', #1521, #1120, #689 ) ;
#2557 =( NAMED_UNIT ( * ) PLANE_ANGLE_UNIT ( ) SI_UNIT ( $, .RADIAN. ) );
#2558 = DIRECTION ( 'NONE',  ( -1.000000000000000000, 0.0000000000000000000, 0.0000000000000000000 ) ) ;
#2559 = VERTEX_POINT ( 'NONE', #3018 ) ;
#2560 = CARTESIAN_POINT ( 'NONE',  ( 0.08977975322684274300, 0.1290718309748114800, 0.2522159741056527200 ) ) ;
#2561 = CARTESIAN_POINT ( 'NONE',  ( -0.07048103469440908400, 0.1290718309748114800, 0.2676758578404113700 ) ) ;
#2562 =( GEOMETRIC_REPRESENTATION_CONTEXT ( 3 ) GLOBAL_UNCERTAINTY_ASSIGNED_CONTEXT ( ( #3719 ) ) GLOBAL_UNIT_ASSIGNED_CONTEXT ( ( #2980, #1677, #427 ) ) REPRESENTATION_CONTEXT ( 'NONE', 'WORKASPACE' ) );
#2563 = PLANE ( 'NONE',  #2556 ) ;
#2564 = SURFACE_SIDE_STYLE ('',( #2999 ) ) ;
#2565 = CARTESIAN_POINT ( 'NONE',  ( 0.09581912330558323100, 0.2090673221727930000, 0.2196757618404102900 ) ) ;
#2566 =( GEOMETRIC_REPRESENTATION_CONTEXT ( 3 ) GLOBAL_UNCERTAINTY_ASSIGNED_CONTEXT ( ( #3840 ) ) GLOBAL_UNIT_ASSIGNED_CONTEXT ( ( #960, #3871, #2539 ) ) REPRESENTATION_CONTEXT ( 'NONE', 'WORKASPACE' ) );
#2567 = SURFACE_STYLE_USAGE ( .BOTH. , #3001 ) ;
#2568 = LINE ( 'NONE', #2148, #644 ) ;
#2569 = AXIS2_PLACEMENT_3D ( 'NONE', #1685, #1299, #900 ) ;
#2570 = SURFACE_SIDE_STYLE ('',( #3005 ) ) ;
#2571 = VERTEX_POINT ( 'NONE', #998 ) ;
#2572 = VERTEX_POINT ( 'NONE', #2578 ) ;
#2573 =( LENGTH_UNIT ( ) NAMED_UNIT ( * ) SI_UNIT ( $, .METRE. ) );
#2574 = VECTOR ( 'NONE', #3133, 39.37007874015748100 ) ;
#2575 = AXIS2_PLACEMENT_3D ( 'NONE', #3569, #3116, #2670 ) ;
#2576 = DIRECTION ( 'NONE',  ( 1.896751731090606800E-016, 0.0000000000000000000, 1.000000000000000000 ) ) ;
#2577 = EDGE_CURVE ( 'NONE', #2644, #2571, #2162, .T. ) ;
#2578 = CARTESIAN_POINT ( 'NONE',  ( -0.07228087669441694800, 0.09557183097481152000, 0.2196757618404199800 ) ) ;
#2579 =( NAMED_UNIT ( * ) SI_UNIT ( $, .STERADIAN. ) SOLID_ANGLE_UNIT ( ) );
#2580 = DIRECTION ( 'NONE',  ( 0.0000000000000000000, 0.0000000000000000000, -1.000000000000000000 ) ) ;
#2581 = ORIENTED_EDGE ( 'NONE', *, *, #3702, .F. ) ;
#2582 = CARTESIAN_POINT ( 'NONE',  ( -0.07274150661567688200, 0.1230718309748114700, 0.2996759218404222400 ) ) ;
#2583 = SURFACE_SIDE_STYLE ('',( #3022 ) ) ;
#2584 = CARTESIAN_POINT ( 'NONE',  ( -0.03978087669441710000, 0.09557183097481152000, 0.2996759218404221900 ) ) ;
#2585 = LINE ( 'NONE', #2169, #1838 ) ;
#2586 = DIRECTION ( 'NONE',  ( 1.000000000000000000, 0.0000000000000000000, -1.896751731090606800E-016 ) ) ;
#2587 = DIRECTION ( 'NONE',  ( -0.0000000000000000000, -1.000000000000000000, -0.0000000000000000000 ) ) ;
#2588 = SURFACE_STYLE_USAGE ( .BOTH. , #3027 ) ;
#2589 = MECHANICAL_DESIGN_GEOMETRIC_PRESENTATION_REPRESENTATION (  '', ( #2599 ), #3628 ) ;
#2590 =( NAMED_UNIT ( * ) SI_UNIT ( $, .STERADIAN. ) SOLID_ANGLE_UNIT ( ) );
#2591 = EDGE_CURVE ( 'NONE', #1998, #1190, #1168, .T. ) ;
#2592 = ORIENTED_EDGE ( 'NONE', *, *, #3973, .T. ) ;
#2593 =( GEOMETRIC_REPRESENTATION_CONTEXT ( 3 ) GLOBAL_UNCERTAINTY_ASSIGNED_CONTEXT ( ( #2721 ) ) GLOBAL_UNIT_ASSIGNED_CONTEXT ( ( #2930, #1629, #380 ) ) REPRESENTATION_CONTEXT ( 'NONE', 'WORKASPACE' ) );
#2594 = SURFACE_STYLE_FILL_AREA ( #3034 ) ;
#2595 = FACE_OUTER_BOUND ( 'NONE', #196, .T. ) ;
#2596 = VERTEX_POINT ( 'NONE', #3379 ) ;
#2597 = ORIENTED_EDGE ( 'NONE', *, *, #140, .T. ) ;
#2598 = ADVANCED_FACE ( 'NONE', ( #1437 ), #2713, .F. ) ;
#2599 = STYLED_ITEM ( 'NONE', ( #271 ), #1759 ) ;
#2600 = PRESENTATION_STYLE_ASSIGNMENT (( #3041 ) ) ;
#2601 = ADVANCED_FACE ( 'NONE', ( #2440 ), #388, .T. ) ;
#2602 = DIRECTION ( 'NONE',  ( 1.000000000000000000, 0.0000000000000000000, 0.0000000000000000000 ) ) ;
#2603 = DIRECTION ( 'NONE',  ( -0.0000000000000000000, 1.000000000000000000, -0.0000000000000000000 ) ) ;
#2604 = DIRECTION ( 'NONE',  ( 1.896751731090606800E-016, 0.0000000000000000000, 1.000000000000000000 ) ) ;
#2605 = ORIENTED_EDGE ( 'NONE', *, *, #2063, .T. ) ;
#2606 = SURFACE_STYLE_USAGE ( .BOTH. , #3052 ) ;
#2607 =( CONVERSION_BASED_UNIT ( 'INCH', #3474 ) LENGTH_UNIT ( ) NAMED_UNIT ( #2122 ) );
#2608 = CARTESIAN_POINT ( 'NONE',  ( 0.08980027406181599600, 0.1230675303703593300, 0.2645447334634687400 ) ) ;
#2609 = DIRECTION ( 'NONE',  ( -1.000000000000000000, 0.0000000000000000000, 0.0000000000000000000 ) ) ;
#2610 = DIRECTION ( 'NONE',  ( -1.000000000000000000, 0.0000000000000000000, 0.0000000000000000000 ) ) ;
#2611 = SURFACE_STYLE_FILL_AREA ( #3059 ) ;
#2612 = EDGE_CURVE ( 'NONE', #241, #383, #1269, .T. ) ;
#2613 = DIRECTION ( 'NONE',  ( -1.896751731090606800E-016, 0.0000000000000000000, -1.000000000000000000 ) ) ;
#2614 =( LENGTH_UNIT ( ) NAMED_UNIT ( * ) SI_UNIT ( $, .METRE. ) );
#2615 =( GEOMETRIC_REPRESENTATION_CONTEXT ( 3 ) GLOBAL_UNCERTAINTY_ASSIGNED_CONTEXT ( ( #1236 ) ) GLOBAL_UNIT_ASSIGNED_CONTEXT ( ( #3816, #2481, #1229 ) ) REPRESENTATION_CONTEXT ( 'NONE', 'WORKASPACE' ) );
#2616 =( LENGTH_UNIT ( ) NAMED_UNIT ( * ) SI_UNIT ( $, .METRE. ) );
#2617 =( CONVERSION_BASED_UNIT ( 'INCH', #747 ) LENGTH_UNIT ( ) NAMED_UNIT ( #1892 ) );
#2618 = ORIENTED_EDGE ( 'NONE', *, *, #3395, .T. ) ;
#2619 = EDGE_CURVE ( 'NONE', #3727, #1679, #1133, .T. ) ;
#2620 = EDGE_LOOP ( 'NONE', ( #3811, #962, #980, #1661 ) ) ;
#2621 = ORIENTED_EDGE ( 'NONE', *, *, #2970, .F. ) ;
#2622 = PRESENTATION_STYLE_ASSIGNMENT (( #3067 ) ) ;
#2623 = EDGE_CURVE ( 'NONE', #20, #3250, #2510, .T. ) ;
#2624 = ORIENTED_EDGE ( 'NONE', *, *, #2639, .T. ) ;
#2625 = EDGE_LOOP ( 'NONE', ( #19, #2549 ) ) ;
#2626 = AXIS2_PLACEMENT_3D ( 'NONE', #1340, #944, #507 ) ;
#2627 = SURFACE_STYLE_FILL_AREA ( #3073 ) ;
#2628 = EDGE_CURVE ( 'NONE', #665, #536, #2312, .T. ) ;
#2629 = VECTOR ( 'NONE', #2408, 39.37007874015748100 ) ;
#2630 = LENGTH_MEASURE_WITH_UNIT ( LENGTH_MEASURE( 0.02539999999999999900 ), #2805 );
#2631 =( GEOMETRIC_REPRESENTATION_CONTEXT ( 3 ) GLOBAL_UNCERTAINTY_ASSIGNED_CONTEXT ( ( #2448 ) ) GLOBAL_UNIT_ASSIGNED_CONTEXT ( ( #1524, #252, #3134 ) ) REPRESENTATION_CONTEXT ( 'NONE', 'WORKASPACE' ) );
#2632 = FACE_OUTER_BOUND ( 'NONE', #2541, .T. ) ;
#2633 = VECTOR ( 'NONE', #3733, 39.37007874015748100 ) ;
#2634 = EDGE_CURVE ( 'NONE', #304, #2644, #1063, .T. ) ;
#2635 = DIRECTION ( 'NONE',  ( 0.0000000000000000000, 1.000000000000000000, 0.0000000000000000000 ) ) ;
#2636 = DIRECTION ( 'NONE',  ( 0.0000000000000000000, -1.000000000000000000, 0.0000000000000000000 ) ) ;
#2637 = FILL_AREA_STYLE_COLOUR ( '', #1552 ) ;
#2638 = SURFACE_SIDE_STYLE ('',( #3084 ) ) ;
#2639 = EDGE_CURVE ( 'NONE', #2810, #1279, #3452, .T. ) ;
#2640 = CARTESIAN_POINT ( 'NONE',  ( 0.008519123305576423500, 0.1290718309748114800, 0.2516758258404095400 ) ) ;
#2641 = DIRECTION ( 'NONE',  ( -0.0000000000000000000, -0.7071067811865495700, -0.7071067811865454600 ) ) ;
#2642 = AXIS2_PLACEMENT_3D ( 'NONE', #1015, #603, #160 ) ;
#2643 = DIRECTION ( 'NONE',  ( 0.0000000000000000000, 1.000000000000000000, -0.0000000000000000000 ) ) ;
#2644 = VERTEX_POINT ( 'NONE', #3555 ) ;
#2645 = EDGE_CURVE ( 'NONE', #2864, #1998, #3099, .T. ) ;
#2646 = ORIENTED_EDGE ( 'NONE', *, *, #2687, .F. ) ;
#2647 = VECTOR ( 'NONE', #834, 39.37007874015748100 ) ;
#2648 = SURFACE_STYLE_FILL_AREA ( #3095 ) ;
#2649 = ADVANCED_FACE ( 'NONE', ( #1310 ), #1594, .F. ) ;
#2650 = ORIENTED_EDGE ( 'NONE', *, *, #1322, .F. ) ;
#2651 =( CONVERSION_BASED_UNIT ( 'INCH', #3309 ) LENGTH_UNIT ( ) NAMED_UNIT ( #2115 ) );
#2652 = VECTOR ( 'NONE', #2497, 39.37007874015748100 ) ;
#2653 = ADVANCED_FACE ( 'NONE', ( #1244 ), #3475, .F. ) ;
#2654 = CARTESIAN_POINT ( 'NONE',  ( -0.06778087669441705500, 0.1230718309748114700, 0.3163758418404165100 ) ) ;
#2655 = SURFACE_STYLE_USAGE ( .BOTH. , #3100 ) ;
#2656 = PRESENTATION_LAYER_ASSIGNMENT (  '', '', ( #1043 ) ) ;
#2657 = FILL_AREA_STYLE_COLOUR ( '', #1398 ) ;
#2658 = VERTEX_POINT ( 'NONE', #1711 ) ;
#2659 = EDGE_CURVE ( 'NONE', #674, #785, #1313, .T. ) ;
#2660 = LINE ( 'NONE', #2238, #2364 ) ;
#2661 = FACE_OUTER_BOUND ( 'NONE', #1534, .T. ) ;
#2662 = DIRECTION ( 'NONE',  ( 0.0000000000000000000, -0.0000000000000000000, 1.000000000000000000 ) ) ;
#2663 = CARTESIAN_POINT ( 'NONE',  ( 0.04681912330558289000, 0.09557183097481147800, 0.2086758418404165100 ) ) ;
#2664 = LENGTH_MEASURE_WITH_UNIT ( LENGTH_MEASURE( 0.02539999999999999900 ), #2900 );
#2665 = DIRECTION ( 'NONE',  ( -3.491481338843133000E-015, -1.000000000000000000, 6.622473273521262800E-031 ) ) ;
#2666 = CARTESIAN_POINT ( 'NONE',  ( 0.05681912330558280800, 0.1015718309748114700, 0.2996759218404226900 ) ) ;
#2667 = LINE ( 'NONE', #2244, #1966 ) ;
#2668 = ADVANCED_FACE ( 'NONE', ( #1216 ), #41, .T. ) ;
#2669 =( GEOMETRIC_REPRESENTATION_CONTEXT ( 3 ) GLOBAL_UNCERTAINTY_ASSIGNED_CONTEXT ( ( #3888 ) ) GLOBAL_UNIT_ASSIGNED_CONTEXT ( ( #1085, #3989, #2712 ) ) REPRESENTATION_CONTEXT ( 'NONE', 'WORKASPACE' ) );
#2670 = DIRECTION ( 'NONE',  ( 0.0000000000000000000, 0.0000000000000000000, -1.000000000000000000 ) ) ;
#2671 = VECTOR ( 'NONE', #3919, 39.37007874015748100 ) ;
#2672 = DIRECTION ( 'NONE',  ( 0.0000000000000000000, 1.000000000000000000, 0.0000000000000000000 ) ) ;
#2673 = EDGE_LOOP ( 'NONE', ( #2301, #3605, #3215, #3343 ) ) ;
#2674 = ORIENTED_EDGE ( 'NONE', *, *, #4120, .T. ) ;
#2675 = EDGE_CURVE ( 'NONE', #3435, #2795, #1839, .T. ) ;
#2676 = SURFACE_SIDE_STYLE ('',( #3121 ) ) ;
#2677 = ORIENTED_EDGE ( 'NONE', *, *, #1707, .F. ) ;
#2678 = ADVANCED_FACE ( 'NONE', ( #1128 ), #4174, .T. ) ;
#2679 = DIRECTION ( 'NONE',  ( 0.0000000000000000000, -1.000000000000000000, 0.0000000000000000000 ) ) ;
#2680 = MECHANICAL_DESIGN_GEOMETRIC_PRESENTATION_REPRESENTATION (  '', ( #1804 ), #1999 ) ;
#2681 = MECHANICAL_DESIGN_GEOMETRIC_PRESENTATION_REPRESENTATION (  '', ( #3245 ), #819 ) ;
#2682 = EDGE_CURVE ( 'NONE', #226, #823, #4115, .T. ) ;
#2683 = AXIS2_PLACEMENT_3D ( 'NONE', #251, #2264, #1821 ) ;
#2684 = AXIS2_PLACEMENT_3D ( 'NONE', #2318, #1884, #1474 ) ;
#2685 = LINE ( 'NONE', #2919, #2652 ) ;
#2686 = CARTESIAN_POINT ( 'NONE',  ( 0.08481912330558298600, 0.1230718309748114700, 0.2997087485525175600 ) ) ;
#2687 = EDGE_CURVE ( 'NONE', #1462, #4167, #1428, .T. ) ;
#2688 = ORIENTED_EDGE ( 'NONE', *, *, #1725, .F. ) ;
#2689 = PRESENTATION_LAYER_ASSIGNMENT (  '', '', ( #1705 ) ) ;
#2690 = LINE ( 'NONE', #1002, #1400 ) ;
#2691 = LINE ( 'NONE', #1820, #3624 ) ;
#2692 = MECHANICAL_DESIGN_GEOMETRIC_PRESENTATION_REPRESENTATION (  '', ( #2765 ), #1257 ) ;
#2693 = CARTESIAN_POINT ( 'NONE',  ( 0.08751928130557350100, 0.1230718309748114700, 0.2676758578404200300 ) ) ;
#2694 = LINE ( 'NONE', #2265, #3014 ) ;
#2695 = CARTESIAN_POINT ( 'NONE',  ( -0.06578087669441698400, 0.1315718309748115400, 0.2746758418404164900 ) ) ;
#2696 = CARTESIAN_POINT ( 'NONE',  ( 0.08539112871155016300, 0.1290718309748114800, 0.3046759318404225800 ) ) ;
#2697 = ORIENTED_EDGE ( 'NONE', *, *, #3768, .T. ) ;
#2698 =( NAMED_UNIT ( * ) SI_UNIT ( $, .STERADIAN. ) SOLID_ANGLE_UNIT ( ) );
#2699 = EDGE_CURVE ( 'NONE', #2795, #3677, #4077, .T. ) ;
#2700 = UNCERTAINTY_MEASURE_WITH_UNIT (LENGTH_MEASURE( 1.000000000000000100E-005 ), #2651, 'distance_accuracy_value', 'NONE');
#2701 = FILL_AREA_STYLE_COLOUR ( '', #2034 ) ;
#2702 = LINE ( 'NONE', #2273, #205 ) ;
#2703 = ORIENTED_EDGE ( 'NONE', *, *, #83, .T. ) ;
#2704 = EDGE_CURVE ( 'NONE', #2002, #2471, #1066, .T. ) ;
#2705 = PRESENTATION_LAYER_ASSIGNMENT (  '', '', ( #1286 ) ) ;
#2706 = VERTEX_POINT ( 'NONE', #1060 ) ;
#2707 = ORIENTED_EDGE ( 'NONE', *, *, #4078, .F. ) ;
#2708 = CYLINDRICAL_SURFACE ( 'NONE', #1730, 0.02459999999999999300 ) ;
#2709 = DIRECTION ( 'NONE',  ( -0.0000000000000000000, 1.000000000000000000, 0.0000000000000000000 ) ) ;
#2710 = EDGE_CURVE ( 'NONE', #487, #2548, #1087, .T. ) ;
#2711 = VECTOR ( 'NONE', #3648, 39.37007874015748100 ) ;
#2712 =( NAMED_UNIT ( * ) SI_UNIT ( $, .STERADIAN. ) SOLID_ANGLE_UNIT ( ) );
#2713 = PLANE ( 'NONE',  #1434 ) ;
#2714 = CARTESIAN_POINT ( 'NONE',  ( -0.07228087669441697600, 0.1020718309748115300, 0.2996759218404222400 ) ) ;
#2715 = EDGE_LOOP ( 'NONE', ( #736, #3283, #2378, #3494 ) ) ;
#2716 = AXIS2_PLACEMENT_3D ( 'NONE', #610, #172, #3934 ) ;
#2717 = CARTESIAN_POINT ( 'NONE',  ( -0.06778087669441704200, 0.1400718309748114600, 0.2676758578404113700 ) ) ;
#2718 = UNCERTAINTY_MEASURE_WITH_UNIT (LENGTH_MEASURE( 1.000000000000000100E-005 ), #1604, 'distance_accuracy_value', 'NONE');
#2719 = ADVANCED_FACE ( 'NONE', ( #266 ), #3963, .F. ) ;
#2720 = ORIENTED_EDGE ( 'NONE', *, *, #2951, .F. ) ;
#2721 = UNCERTAINTY_MEASURE_WITH_UNIT (LENGTH_MEASURE( 1.000000000000000100E-005 ), #2930, 'distance_accuracy_value', 'NONE');
#2722 = FILL_AREA_STYLE ('',( #3617 ) ) ;
#2723 = DIRECTION ( 'NONE',  ( 1.000000000000000000, 0.0000000000000000000, 0.0000000000000000000 ) ) ;
#2724 =( NAMED_UNIT ( * ) SI_UNIT ( $, .STERADIAN. ) SOLID_ANGLE_UNIT ( ) );
#2725 = PRESENTATION_LAYER_ASSIGNMENT (  '', '', ( #2765 ) ) ;
#2726 = DIRECTION ( 'NONE',  ( 1.000000000000000000, 0.0000000000000000000, -1.896751731090606800E-016 ) ) ;
#2727 = DIRECTION ( 'NONE',  ( 1.000000000000000000, 0.0000000000000000000, 0.0000000000000000000 ) ) ;
#2728 = CARTESIAN_POINT ( 'NONE',  ( 0.08980328553849688300, 0.1230661677653198300, 0.2551892134411438100 ) ) ;
#2729 = CARTESIAN_POINT ( 'NONE',  ( -0.07228087669441694800, 0.09557183097481035400, 0.2196757618404199800 ) ) ;
#2730 = DIRECTION ( 'NONE',  ( -3.491481338843133000E-015, 1.000000000000000000, 6.622473273521262800E-031 ) ) ;
#2731 = CARTESIAN_POINT ( 'NONE',  ( -0.07878087669441735700, 0.2090673221727799800, 0.2196757618404199800 ) ) ;
#2732 = AXIS2_PLACEMENT_3D ( 'NONE', #4020, #3582, #3126 ) ;
#2733 = ADVANCED_FACE ( 'NONE', ( #981 ), #1027, .F. ) ;
#2734 = FILL_AREA_STYLE ('',( #3163 ) ) ;
#2735 = ORIENTED_EDGE ( 'NONE', *, *, #2096, .F. ) ;
#2736 = ORIENTED_EDGE ( 'NONE', *, *, #1021, .T. ) ;
#2737 = EDGE_LOOP ( 'NONE', ( #1293, #3308, #3983, #2105, #1354, #3631, #3525, #2085 ) ) ;
#2738 = EDGE_CURVE ( 'NONE', #1899, #3459, #3500, .T. ) ;
#2739 = DIRECTION ( 'NONE',  ( 0.0000000000000000000, -1.000000000000000000, 0.0000000000000000000 ) ) ;
#2740 = VERTEX_POINT ( 'NONE', #1741 ) ;
#2741 = B_SPLINE_CURVE_WITH_KNOTS ( 'NONE', 3,
 ( #1911, #1498, #1092, #666 ),
 .UNSPECIFIED., .F., .F.,
 ( 4, 4 ),
 ( 0.0000000000000000000, 1.000000000000000000 ),
 .UNSPECIFIED. ) ;
#2742 = ORIENTED_EDGE ( 'NONE', *, *, #3372, .F. ) ;
#2743 = ADVANCED_FACE ( 'NONE', ( #1020 ), #1171, .T. ) ;
#2744 = VERTEX_POINT ( 'NONE', #3645 ) ;
#2745 = CARTESIAN_POINT ( 'NONE',  ( 0.08539112871155016300, 0.1230718309748114700, 0.3046759318404225800 ) ) ;
#2746 = VECTOR ( 'NONE', #903, 39.37007874015748100 ) ;
#2747 = AXIS2_PLACEMENT_3D ( 'NONE', #2696, #2268, #1826 ) ;
#2748 = EDGE_CURVE ( 'NONE', #3422, #84, #3177, .T. ) ;
#2749 = CARTESIAN_POINT ( 'NONE',  ( -0.03978087669441707200, 0.09557183097481174200, 0.2596758418404242500 ) ) ;
#2750 = CARTESIAN_POINT ( 'NONE',  ( -0.07274150661567688200, 0.1290718309748114800, 0.2671357095751810700 ) ) ;
#2751 = DIRECTION ( 'NONE',  ( -1.505648144656230100E-016, 0.0000000000000000000, 1.000000000000000000 ) ) ;
#2752 = CARTESIAN_POINT ( 'NONE',  ( -0.07878087669441696800, 0.1020718309748115100, 0.2596758418404240800 ) ) ;
#2753 = SURFACE_STYLE_USAGE ( .BOTH. , #3182 ) ;
#2754 = PLANE ( 'NONE',  #2684 ) ;
#2755 = DIRECTION ( 'NONE',  ( -3.491481338843133000E-015, -1.000000000000000000, 6.622473273521262800E-031 ) ) ;
#2756 = FILL_AREA_STYLE_COLOUR ( '', #1193 ) ;
#2757 = DIRECTION ( 'NONE',  ( -3.491483361109382100E-015, -1.000000000000000000, 6.622477109258271200E-031 ) ) ;
#2758 = CARTESIAN_POINT ( 'NONE',  ( 0.09338187360098379500, 0.1282128706043365300, 0.2641726840500000500 ) ) ;
#2759 = SURFACE_SIDE_STYLE ('',( #3187 ) ) ;
#2760 = UNCERTAINTY_MEASURE_WITH_UNIT (LENGTH_MEASURE( 1.000000000000000100E-005 ), #1960, 'distance_accuracy_value', 'NONE');
#2761 = VECTOR ( 'NONE', #579, 39.37007874015748100 ) ;
#2762 = AXIS2_PLACEMENT_3D ( 'NONE', #3105, #568, #119 ) ;
#2763 = PRODUCT_DEFINITION_FORMATION_WITH_SPECIFIED_SOURCE ( 'ANY', '', #1919, .NOT_KNOWN. ) ;
#2764 = ADVANCED_FACE ( 'NONE', ( #867 ), #1877, .T. ) ;
#2765 = STYLED_ITEM ( 'NONE', ( #2476 ), #1712 ) ;
#2766 = ORIENTED_EDGE ( 'NONE', *, *, #474, .T. ) ;
#2767 = ORIENTED_EDGE ( 'NONE', *, *, #547, .T. ) ;
#2768 = CARTESIAN_POINT ( 'NONE',  ( 0.08481912330558298600, 0.1230718309748114700, 0.2196757618404103500 ) ) ;
#2769 = EDGE_LOOP ( 'NONE', ( #2735, #2200, #710, #602 ) ) ;
#2770 = FILL_AREA_STYLE ('',( #3198 ) ) ;
#2771 = UNCERTAINTY_MEASURE_WITH_UNIT (LENGTH_MEASURE( 1.000000000000000100E-005 ), #502, 'distance_accuracy_value', 'NONE');
#2772 = EDGE_CURVE ( 'NONE', #3677, #3787, #3784, .T. ) ;
#2773 = DIRECTION ( 'NONE',  ( 1.000000000000000000, 0.0000000000000000000, -1.896751731090606800E-016 ) ) ;
#2774 = SURFACE_SIDE_STYLE ('',( #3203 ) ) ;
#2775 = VECTOR ( 'NONE', #3679, 39.37007874015748100 ) ;
#2776 = EDGE_LOOP ( 'NONE', ( #2417, #2892, #1316, #3874, #1429 ) ) ;
#2777 = CARTESIAN_POINT ( 'NONE',  ( 0.2018124016473464600, 0.09557183097481070100, 0.2196757618404102700 ) ) ;
#2778 = PRESENTATION_STYLE_ASSIGNMENT (( #3206 ) ) ;
#2779 = CARTESIAN_POINT ( 'NONE',  ( 0.08931912330558279500, 0.09557183097481149200, 0.2996759218404226900 ) ) ;
#2780 = CARTESIAN_POINT ( 'NONE',  ( 0.06521912330558293800, 0.09557183097481147800, 0.1783758418404165200 ) ) ;
#2781 = DIRECTION ( 'NONE',  ( 0.0000000000000000000, 0.0000000000000000000, -1.000000000000000000 ) ) ;
#2782 = EDGE_CURVE ( 'NONE', #305, #165, #2007, .T. ) ;
#2783 = VECTOR ( 'NONE', #3626, 39.37007874015748100 ) ;
#2784 = LINE ( 'NONE', #2353, #3967 ) ;
#2785 = PRESENTATION_STYLE_ASSIGNMENT (( #3212 ) ) ;
#2786 = VERTEX_POINT ( 'NONE', #771 ) ;
#2787 = VERTEX_POINT ( 'NONE', #313 ) ;
#2788 = CARTESIAN_POINT ( 'NONE',  ( 0.008519123305576423500, 0.1230718309748114700, 0.2516758258404213600 ) ) ;
#2789 = ORIENTED_EDGE ( 'NONE', *, *, #4029, .T. ) ;
#2790 = SURFACE_SIDE_STYLE ('',( #3222 ) ) ;
#2791 = VECTOR ( 'NONE', #2586, 39.37007874015748100 ) ;
#2792 = FILL_AREA_STYLE_COLOUR ( '', #879 ) ;
#2793 = CARTESIAN_POINT ( 'NONE',  ( 0.09581912330558285700, 0.1020718309748114600, 0.2596758418404240800 ) ) ;
#2794 =( LENGTH_UNIT ( ) NAMED_UNIT ( * ) SI_UNIT ( $, .METRE. ) );
#2795 = VERTEX_POINT ( 'NONE', #4107 ) ;
#2796 =( NAMED_UNIT ( * ) PLANE_ANGLE_UNIT ( ) SI_UNIT ( $, .RADIAN. ) );
#2797 =( NAMED_UNIT ( * ) PLANE_ANGLE_UNIT ( ) SI_UNIT ( $, .RADIAN. ) );
#2798 = CARTESIAN_POINT ( 'NONE',  ( -0.07878087669441810600, 0.1020718309748115100, 0.2196757618404199800 ) ) ;
#2799 = SURFACE_SIDE_STYLE ('',( #3228 ) ) ;
#2800 = ORIENTED_EDGE ( 'NONE', *, *, #3660, .F. ) ;
#2801 = CARTESIAN_POINT ( 'NONE',  ( 0.06521912330558293800, 0.1230718309748114700, 0.2029758418404165300 ) ) ;
#2802 = LENGTH_MEASURE_WITH_UNIT ( LENGTH_MEASURE( 0.02539999999999999900 ), #3439 );
#2803 = CARTESIAN_POINT ( 'NONE',  ( -0.07278087669441706000, 0.1230718309748114700, 0.3163758418404165100 ) ) ;
#2804 = DIRECTION ( 'NONE',  ( 4.078775847742535600E-017, 0.7071067811865475700, 0.7071067811865474600 ) ) ;
#2805 =( LENGTH_UNIT ( ) NAMED_UNIT ( * ) SI_UNIT ( $, .METRE. ) );
#2806 = DIRECTION ( 'NONE',  ( 0.0000000000000000000, -0.0000000000000000000, 1.000000000000000000 ) ) ;
#2807 = DIRECTION ( 'NONE',  ( 8.157551695485088500E-017, 0.7071067811865459100, 0.7071067811865492400 ) ) ;
#2808 =( NAMED_UNIT ( * ) SI_UNIT ( $, .STERADIAN. ) SOLID_ANGLE_UNIT ( ) );
#2809 = UNCERTAINTY_MEASURE_WITH_UNIT (LENGTH_MEASURE( 1.000000000000000100E-005 ), #3214, 'distance_accuracy_value', 'NONE');
#2810 = VERTEX_POINT ( 'NONE', #3674 ) ;
#2811 = AXIS2_PLACEMENT_3D ( 'NONE', #3060, #2613, #2194 ) ;
#2812 = ORIENTED_EDGE ( 'NONE', *, *, #838, .F. ) ;
#2813 = DIRECTION ( 'NONE',  ( 1.000000000000000000, 0.0000000000000000000, -1.896751731090606800E-016 ) ) ;
#2814 = LINE ( 'NONE', #2382, #3718 ) ;
#2815 = FILL_AREA_STYLE_COLOUR ( '', #1731 ) ;
#2816 = ORIENTED_EDGE ( 'NONE', *, *, #3447, .F. ) ;
#2817 = ORIENTED_EDGE ( 'NONE', *, *, #3633, .F. ) ;
#2818 = UNCERTAINTY_MEASURE_WITH_UNIT (LENGTH_MEASURE( 1.000000000000000100E-005 ), #1271, 'distance_accuracy_value', 'NONE');
#2819 = STYLED_ITEM ( 'NONE', ( #122 ), #847 ) ;
#2820 =( CONVERSION_BASED_UNIT ( 'INCH', #1419 ) LENGTH_UNIT ( ) NAMED_UNIT ( #1858 ) );
#2821 = SURFACE_SIDE_STYLE ('',( #3259 ) ) ;
#2822 = ORIENTED_EDGE ( 'NONE', *, *, #1738, .F. ) ;
#2823 = DIRECTION ( 'NONE',  ( 0.0000000000000000000, 1.000000000000000000, 0.0000000000000000000 ) ) ;
#2824 = CARTESIAN_POINT ( 'NONE',  ( -0.07048103469440908400, 0.1230718309748114700, 0.2676758578404113700 ) ) ;
#2825 = DIRECTION ( 'NONE',  ( 1.896751731090606800E-016, 0.0000000000000000000, 1.000000000000000000 ) ) ;
#2826 =( NAMED_UNIT ( * ) PLANE_ANGLE_UNIT ( ) SI_UNIT ( $, .RADIAN. ) );
#2827 =( NAMED_UNIT ( * ) SI_UNIT ( $, .STERADIAN. ) SOLID_ANGLE_UNIT ( ) );
#2828 = DIRECTION ( 'NONE',  ( 1.896751731090606800E-016, -0.0000000000000000000, 1.000000000000000000 ) ) ;
#2829 = DIRECTION ( 'NONE',  ( -0.0000000000000000000, 0.0000000000000000000, -1.000000000000000000 ) ) ;
#2830 = AXIS2_PLACEMENT_3D ( 'NONE', #1217, #792, #334 ) ;
#2831 = CARTESIAN_POINT ( 'NONE',  ( 0.008519123305576423500, 0.1230718309748114700, 0.2516758258404095400 ) ) ;
#2832 = CARTESIAN_POINT ( 'NONE',  ( -0.04818087669441705600, 0.1230718309748114700, 0.3409758418404165200 ) ) ;
#2833 = FACE_OUTER_BOUND ( 'NONE', #4132, .T. ) ;
#2834 = ORIENTED_EDGE ( 'NONE', *, *, #2354, .F. ) ;
#2835 = ORIENTED_EDGE ( 'NONE', *, *, #2861, .T. ) ;
#2836 = VECTOR ( 'NONE', #646, 39.37007874015748100 ) ;
#2837 = UNCERTAINTY_MEASURE_WITH_UNIT (LENGTH_MEASURE( 1.000000000000000100E-005 ), #416, 'distance_accuracy_value', 'NONE');
#2838 = CARTESIAN_POINT ( 'NONE',  ( -0.07274150661567688200, 0.1230324608960713100, 0.2196757618404199800 ) ) ;
#2839 = AXIS2_PLACEMENT_3D ( 'NONE', #1906, #1495, #1089 ) ;
#2840 = CARTESIAN_POINT ( 'NONE',  ( 0.06521912330558293800, 0.1230718309748114700, 0.2029758418404165300 ) ) ;
#2841 = ORIENTED_EDGE ( 'NONE', *, *, #2076, .T. ) ;
#2842 = ORIENTED_EDGE ( 'NONE', *, *, #150, .T. ) ;
#2843 = ORIENTED_EDGE ( 'NONE', *, *, #3290, .F. ) ;
#2844 = DIRECTION ( 'NONE',  ( -1.505648144656230100E-016, 0.0000000000000000000, 1.000000000000000000 ) ) ;
#2845 = LENGTH_MEASURE_WITH_UNIT ( LENGTH_MEASURE( 0.02539999999999999900 ), #2379 );
#2846 = EDGE_CURVE ( 'NONE', #2002, #2251, #2450, .T. ) ;
#2847 =( NAMED_UNIT ( * ) SI_UNIT ( $, .STERADIAN. ) SOLID_ANGLE_UNIT ( ) );
#2848 = CARTESIAN_POINT ( 'NONE',  ( 0.08931912330558283700, 0.1020718309748114800, 0.2196757618404102900 ) ) ;
#2849 =( CONVERSION_BASED_UNIT ( 'INCH', #3658 ) LENGTH_UNIT ( ) NAMED_UNIT ( #528 ) );
#2850 = UNCERTAINTY_MEASURE_WITH_UNIT (LENGTH_MEASURE( 1.000000000000000100E-005 ), #2854, 'distance_accuracy_value', 'NONE');
#2851 = DIRECTION ( 'NONE',  ( -1.896751731090606800E-016, 0.0000000000000000000, -1.000000000000000000 ) ) ;
#2852 = LINE ( 'NONE', #1984, #2551 ) ;
#2853 = CARTESIAN_POINT ( 'NONE',  ( -0.07278087669441706000, 0.1015718309748115300, 0.3046758418404165200 ) ) ;
#2854 =( CONVERSION_BASED_UNIT ( 'INCH', #2891 ) LENGTH_UNIT ( ) NAMED_UNIT ( #545 ) );
#2855 = PRESENTATION_LAYER_ASSIGNMENT (  '', '', ( #1786 ) ) ;
#2856 =( NAMED_UNIT ( * ) SI_UNIT ( $, .STERADIAN. ) SOLID_ANGLE_UNIT ( ) );
#2857 = PLANE ( 'NONE',  #2035 ) ;
#2858 = LINE ( 'NONE', #1989, #365 ) ;
#2859 = FILL_AREA_STYLE_COLOUR ( '', #2049 ) ;
#2860 = SURFACE_STYLE_FILL_AREA ( #3303 ) ;
#2861 = EDGE_CURVE ( 'NONE', #1736, #2188, #1905, .T. ) ;
#2862 = CYLINDRICAL_SURFACE ( 'NONE', #705, 0.005000010000000068600 ) ;
#2863 = ORIENTED_EDGE ( 'NONE', *, *, #1151, .F. ) ;
#2864 = VERTEX_POINT ( 'NONE', #662 ) ;
#2865 = STYLED_ITEM ( 'NONE', ( #1701 ), #3675 ) ;
#2866 = DIRECTION ( 'NONE',  ( 0.0000000000000000000, -0.0000000000000000000, 1.000000000000000000 ) ) ;
#2867 = LENGTH_MEASURE_WITH_UNIT ( LENGTH_MEASURE( 0.02539999999999999900 ), #861 );
#2868 = B_SPLINE_CURVE_WITH_KNOTS ( 'NONE', 3,
 ( #617, #2608, #2190, #1748 ),
 .UNSPECIFIED., .F., .F.,
 ( 4, 4 ),
 ( 0.1285681348558363200, 1.000000000000000000 ),
 .UNSPECIFIED. ) ;
#2869 = EDGE_LOOP ( 'NONE', ( #2439, #3636, #518, #3173 ) ) ;
#2870 = CARTESIAN_POINT ( 'NONE',  ( 0.06521912330558292400, 0.1230718309748114700, 0.2196757618404199300 ) ) ;
#2871 = CARTESIAN_POINT ( 'NONE',  ( -0.1847741550361675600, 0.09557183097481074300, 0.2196757618404200100 ) ) ;
#2872 = DIRECTION ( 'NONE',  ( -3.491481338843133000E-015, 1.000000000000000000, 6.622473273521262800E-031 ) ) ;
#2873 = CARTESIAN_POINT ( 'NONE',  ( -0.07747737377349606100, 0.1267802006431017500, 0.2626758478404107600 ) ) ;
#2874 = ORIENTED_EDGE ( 'NONE', *, *, #3421, .F. ) ;
#2875 = PRESENTATION_LAYER_ASSIGNMENT (  '', '', ( #2913 ) ) ;
#2876 = LINE ( 'NONE', #2455, #1603 ) ;
#2877 = CARTESIAN_POINT ( 'NONE',  ( -0.04318087669441703800, 0.1230718309748114700, 0.1783758418404165200 ) ) ;
#2878 = UNCERTAINTY_MEASURE_WITH_UNIT (LENGTH_MEASURE( 1.000000000000000100E-005 ), #3734, 'distance_accuracy_value', 'NONE');
#2879 = CARTESIAN_POINT ( 'NONE',  ( -0.07228087669441697600, 0.1020718309748115300, 0.2196757618404199800 ) ) ;
#2880 = SURFACE_SIDE_STYLE ('',( #3332 ) ) ;
#2881 =( GEOMETRIC_REPRESENTATION_CONTEXT ( 3 ) GLOBAL_UNCERTAINTY_ASSIGNED_CONTEXT ( ( #1160 ) ) GLOBAL_UNIT_ASSIGNED_CONTEXT ( ( #347, #3236, #1938 ) ) REPRESENTATION_CONTEXT ( 'NONE', 'WORKASPACE' ) );
#2882 = FACE_OUTER_BOUND ( 'NONE', #3020, .T. ) ;
#2883 = AXIS2_PLACEMENT_3D ( 'NONE', #3652, #3183, #2755 ) ;
#2884 = SURFACE_STYLE_FILL_AREA ( #3337 ) ;
#2885 = VERTEX_POINT ( 'NONE', #224 ) ;
#2886 = EDGE_LOOP ( 'NONE', ( #1115, #265, #308, #3324 ) ) ;
#2887 = FACE_OUTER_BOUND ( 'NONE', #522, .T. ) ;
#2888 = ORIENTED_EDGE ( 'NONE', *, *, #3777, .F. ) ;
#2889 = PLANE ( 'NONE',  #4127 ) ;
#2890 = ORIENTED_EDGE ( 'NONE', *, *, #1198, .T. ) ;
#2891 = LENGTH_MEASURE_WITH_UNIT ( LENGTH_MEASURE( 0.02539999999999999900 ), #4182 );
#2892 = ORIENTED_EDGE ( 'NONE', *, *, #2420, .T. ) ;
#2893 = MECHANICAL_DESIGN_GEOMETRIC_PRESENTATION_REPRESENTATION (  '', ( #2907 ), #4093 ) ;
#2894 = CARTESIAN_POINT ( 'NONE',  ( -0.07634362698982079300, 0.1282128706043350900, 0.2551789996308305200 ) ) ;
#2895 = LINE ( 'NONE', #2473, #2410 ) ;
#2896 = ORIENTED_EDGE ( 'NONE', *, *, #3777, .T. ) ;
#2897 = SURFACE_STYLE_USAGE ( .BOTH. , #3360 ) ;
#2898 = SURFACE_STYLE_USAGE ( .BOTH. , #3361 ) ;
#2899 = LINE ( 'NONE', #2478, #3632 ) ;
#2900 =( LENGTH_UNIT ( ) NAMED_UNIT ( * ) SI_UNIT ( $, .METRE. ) );
#2901 = DIRECTION ( 'NONE',  ( -0.0000000000000000000, -0.0000000000000000000, 1.000000000000000000 ) ) ;
#2902 = FILL_AREA_STYLE_COLOUR ( '', #871 ) ;
#2903 = PRESENTATION_LAYER_ASSIGNMENT (  '', '', ( #364 ) ) ;
#2904 = PRESENTATION_LAYER_ASSIGNMENT (  '', '', ( #2907 ) ) ;
#2905 = VECTOR ( 'NONE', #947, 39.37007874015748100 ) ;
#2906 = ORIENTED_EDGE ( 'NONE', *, *, #474, .F. ) ;
#2907 = STYLED_ITEM ( 'NONE', ( #3716 ), #2209 ) ;
#2908 = DIRECTION ( 'NONE',  ( 1.896751731090606800E-016, -8.758115402030106700E-047, 1.000000000000000000 ) ) ;
#2909 =( GEOMETRIC_REPRESENTATION_CONTEXT ( 3 ) GLOBAL_UNCERTAINTY_ASSIGNED_CONTEXT ( ( #4048 ) ) GLOBAL_UNIT_ASSIGNED_CONTEXT ( ( #446, #3365, #2044 ) ) REPRESENTATION_CONTEXT ( 'NONE', 'WORKASPACE' ) );
#2910 =( NAMED_UNIT ( * ) SI_UNIT ( $, .STERADIAN. ) SOLID_ANGLE_UNIT ( ) );
#2911 = VECTOR ( 'NONE', #2609, 39.37007874015748100 ) ;
#2912 = ORIENTED_EDGE ( 'NONE', *, *, #1061, .F. ) ;
#2913 = STYLED_ITEM ( 'NONE', ( #2097 ), #1481 ) ;
#2914 = SURFACE_STYLE_FILL_AREA ( #3378 ) ;
#2915 = FILL_AREA_STYLE ('',( #3829 ) ) ;
#2916 = SURFACE_STYLE_FILL_AREA ( #3381 ) ;
#2917 = DIRECTION ( 'NONE',  ( 1.000000000000000000, 0.0000000000000000000, 0.0000000000000000000 ) ) ;
#2918 = ORIENTED_EDGE ( 'NONE', *, *, #2084, .F. ) ;
#2919 = CARTESIAN_POINT ( 'NONE',  ( 0.06521912330558293800, 0.1230718309748114700, 0.2996759218404221900 ) ) ;
#2920 = FILL_AREA_STYLE_COLOUR ( '', #142 ) ;
#2921 = SURFACE_SIDE_STYLE ('',( #3386 ) ) ;
#2922 = SURFACE_STYLE_USAGE ( .BOTH. , #3387 ) ;
#2923 =( GEOMETRIC_REPRESENTATION_CONTEXT ( 3 ) GLOBAL_UNCERTAINTY_ASSIGNED_CONTEXT ( ( #2555 ) ) GLOBAL_UNIT_ASSIGNED_CONTEXT ( ( #3371, #2052, #814 ) ) REPRESENTATION_CONTEXT ( 'NONE', 'WORKASPACE' ) );
#2924 = CARTESIAN_POINT ( 'NONE',  ( 0.08981912330558293500, 0.1230718309748114700, 0.2196757618404102900 ) ) ;
#2925 = ORIENTED_EDGE ( 'NONE', *, *, #2991, .T. ) ;
#2926 = FACE_OUTER_BOUND ( 'NONE', #2247, .T. ) ;
#2927 = ORIENTED_EDGE ( 'NONE', *, *, #2447, .T. ) ;
#2928 = FACE_OUTER_BOUND ( 'NONE', #1326, .T. ) ;
#2929 = EDGE_LOOP ( 'NONE', ( #2010, #2835, #2490, #3604, #4092, #429, #17, #2226, #402, #217 ) ) ;
#2930 =( CONVERSION_BASED_UNIT ( 'INCH', #3009 ) LENGTH_UNIT ( ) NAMED_UNIT ( #768 ) );
#2931 = ORIENTED_EDGE ( 'NONE', *, *, #1470, .T. ) ;
#2932 = LENGTH_MEASURE_WITH_UNIT ( LENGTH_MEASURE( 0.02539999999999999900 ), #2616 );
#2933 = ORIENTED_EDGE ( 'NONE', *, *, #2628, .T. ) ;
#2934 = AXIS2_PLACEMENT_3D ( 'NONE', #3511, #3058, #2610 ) ;
#2935 = ORIENTED_EDGE ( 'NONE', *, *, #1780, .T. ) ;
#2936 =( NAMED_UNIT ( * ) PLANE_ANGLE_UNIT ( ) SI_UNIT ( $, .RADIAN. ) );
#2937 = VECTOR ( 'NONE', #614, 39.37007874015748100 ) ;
#2938 =( GEOMETRIC_REPRESENTATION_CONTEXT ( 3 ) GLOBAL_UNCERTAINTY_ASSIGNED_CONTEXT ( ( #515 ) ) GLOBAL_UNIT_ASSIGNED_CONTEXT ( ( #534, #3434, #2114 ) ) REPRESENTATION_CONTEXT ( 'NONE', 'WORKASPACE' ) );
#2939 = ADVANCED_FACE ( 'NONE', ( #761 ), #3292, .T. ) ;
#2940 = FILL_AREA_STYLE_COLOUR ( '', #1825 ) ;
#2941 = FILL_AREA_STYLE ('',( #3412 ) ) ;
#2942 = ORIENTED_EDGE ( 'NONE', *, *, #2437, .T. ) ;
#2943 = CARTESIAN_POINT ( 'NONE',  ( -0.07278087669441706000, 0.09557183097481149200, 0.2086758418404165100 ) ) ;
#2944 = FILL_AREA_STYLE ('',( #3417 ) ) ;
#2945 = SURFACE_SIDE_STYLE ('',( #3418 ) ) ;
#2946 =( CONVERSION_BASED_UNIT ( 'INCH', #2196 ) LENGTH_UNIT ( ) NAMED_UNIT ( #793 ) );
#2947 = SURFACE_SIDE_STYLE ('',( #3419 ) ) ;
#2948 =( NAMED_UNIT ( * ) SI_UNIT ( $, .STERADIAN. ) SOLID_ANGLE_UNIT ( ) );
#2949 =( NAMED_UNIT ( * ) SI_UNIT ( $, .STERADIAN. ) SOLID_ANGLE_UNIT ( ) );
#2950 = ORIENTED_EDGE ( 'NONE', *, *, #3339, .T. ) ;
#2951 = EDGE_CURVE ( 'NONE', #84, #3891, #4129, .T. ) ;
#2952 = ORIENTED_EDGE ( 'NONE', *, *, #2076, .F. ) ;
#2953 = LENGTH_MEASURE_WITH_UNIT ( LENGTH_MEASURE( 0.02539999999999999900 ), #2398 );
#2954 =( NAMED_UNIT ( * ) PLANE_ANGLE_UNIT ( ) SI_UNIT ( $, .RADIAN. ) );
#2955 = VERTEX_POINT ( 'NONE', #783 ) ;
#2956 = AXIS2_PLACEMENT_3D ( 'NONE', #1029, #612, #175 ) ;
#2957 = ORIENTED_EDGE ( 'NONE', *, *, #117, .F. ) ;
#2958 =( NAMED_UNIT ( * ) SI_UNIT ( $, .STERADIAN. ) SOLID_ANGLE_UNIT ( ) );
#2959 =( CONVERSION_BASED_UNIT ( 'INCH', #992 ) LENGTH_UNIT ( ) NAMED_UNIT ( #3291 ) );
#2960 = ADVANCED_FACE ( 'NONE', ( #1988 ), #130, .F. ) ;
#2961 = MECHANICAL_DESIGN_GEOMETRIC_PRESENTATION_REPRESENTATION (  '', ( #2962 ), #1959 ) ;
#2962 = STYLED_ITEM ( 'NONE', ( #3735 ), #1445 ) ;
#2963 = EDGE_CURVE ( 'NONE', #2260, #2188, #2568, .T. ) ;
#2964 = DIRECTION ( 'NONE',  ( 7.173819169229555300E-016, 6.333947640535220500E-030, -1.000000000000000000 ) ) ;
#2965 = ORIENTED_EDGE ( 'NONE', *, *, #1974, .T. ) ;
#2966 = LENGTH_MEASURE_WITH_UNIT ( LENGTH_MEASURE( 0.02539999999999999900 ), #135 );
#2967 = PRESENTATION_STYLE_ASSIGNMENT (( #3437 ) ) ;
#2968 = CARTESIAN_POINT ( 'NONE',  ( 0.008519123305576423500, 0.1290718309748114800, 0.2516758258404213600 ) ) ;
#2969 = SURFACE_SIDE_STYLE ('',( #3443 ) ) ;
#2970 = EDGE_CURVE ( 'NONE', #267, #3251, #912, .T. ) ;
#2971 = DIRECTION ( 'NONE',  ( 1.896751731090606800E-016, 0.0000000000000000000, 1.000000000000000000 ) ) ;
#2972 = PRESENTATION_STYLE_ASSIGNMENT (( #3446 ) ) ;
#2973 =( GEOMETRIC_REPRESENTATION_CONTEXT ( 3 ) GLOBAL_UNCERTAINTY_ASSIGNED_CONTEXT ( ( #1191 ) ) GLOBAL_UNIT_ASSIGNED_CONTEXT ( ( #2820, #1537, #268 ) ) REPRESENTATION_CONTEXT ( 'NONE', 'WORKASPACE' ) );
#2974 = PRESENTATION_LAYER_ASSIGNMENT (  '', '', ( #2599 ) ) ;
#2975 = PLANE ( 'NONE',  #3875 ) ;
#2976 = ORIENTED_EDGE ( 'NONE', *, *, #3426, .F. ) ;
#2977 = EDGE_CURVE ( 'NONE', #2864, #974, #865, .T. ) ;
#2978 = EDGE_LOOP ( 'NONE', ( #39, #1136, #237, #3166, #1633, #892, #1871 ) ) ;
#2979 = ORIENTED_EDGE ( 'NONE', *, *, #3359, .F. ) ;
#2980 =( CONVERSION_BASED_UNIT ( 'INCH', #4116 ) LENGTH_UNIT ( ) NAMED_UNIT ( #774 ) );
#2981 = VERTEX_POINT ( 'NONE', #2482 ) ;
#2982 = FACE_OUTER_BOUND ( 'NONE', #1971, .T. ) ;
#2983 = ADVANCED_FACE ( 'NONE', ( #805 ), #1824, .F. ) ;
#2984 = MECHANICAL_DESIGN_GEOMETRIC_PRESENTATION_REPRESENTATION (  '', ( #1599 ), #3907 ) ;
#2985 = ADVANCED_FACE ( 'NONE', ( #654 ), #3737, .T. ) ;
#2986 = CYLINDRICAL_SURFACE ( 'NONE', #2279, 0.02459999999999999300 ) ;
#2987 =( GEOMETRIC_REPRESENTATION_CONTEXT ( 3 ) GLOBAL_UNCERTAINTY_ASSIGNED_CONTEXT ( ( #3818 ) ) GLOBAL_UNIT_ASSIGNED_CONTEXT ( ( #3539, #2218, #966 ) ) REPRESENTATION_CONTEXT ( 'NONE', 'WORKASPACE' ) );
#2988 =( LENGTH_UNIT ( ) NAMED_UNIT ( * ) SI_UNIT ( $, .METRE. ) );
#2989 = CARTESIAN_POINT ( 'NONE',  ( 0.08981912330558293500, 0.1230718309748114700, 0.3163758418404165100 ) ) ;
#2990 = ORIENTED_EDGE ( 'NONE', *, *, #1738, .T. ) ;
#2991 = EDGE_CURVE ( 'NONE', #2706, #2471, #1964, .T. ) ;
#2992 = CARTESIAN_POINT ( 'NONE',  ( 0.08977975322684275700, 0.1270718309748114800, 0.2522159741056527700 ) ) ;
#2993 = LINE ( 'NONE', #2561, #1517 ) ;
#2994 =( LENGTH_UNIT ( ) NAMED_UNIT ( * ) SI_UNIT ( $, .METRE. ) );
#2995 =( LENGTH_UNIT ( ) NAMED_UNIT ( * ) SI_UNIT ( $, .METRE. ) );
#2996 = ORIENTED_EDGE ( 'NONE', *, *, #1061, .T. ) ;
#2997 = DIRECTION ( 'NONE',  ( 1.000000000000000000, 0.0000000000000000000, 0.0000000000000000000 ) ) ;
#2998 = PRESENTATION_STYLE_ASSIGNMENT (( #3465 ) ) ;
#2999 = SURFACE_STYLE_FILL_AREA ( #3466 ) ;
#3000 = PLANE ( 'NONE',  #2040 ) ;
#3001 = SURFACE_SIDE_STYLE ('',( #3467 ) ) ;
#3002 = DIRECTION ( 'NONE',  ( 0.0000000000000000000, 0.0000000000000000000, -1.000000000000000000 ) ) ;
#3003 = PRODUCT_DEFINITION_SHAPE ( 'NONE', 'NONE',  #3042 ) ;
#3004 = CLOSED_SHELL ( 'NONE', ( #3952, #2601, #3728, #2006, #2960, #2356, #3089, #4046, #221, #704, #815, #1138, #1433, #2304, #2443, #2733, #3932, #1353, #2764, #3519, #1007, #2678, #3098, #1445, #2314, #2416, #2668, #529, #3675, #4084, #2598, #3389, #1712, #2649, #847, #3322, #89, #3354, #3746, #2056, #2983, #1188, #3070, #386, #4016, #3990, #2336, #3277, #1481, #2376, #763, #3667, #3254, #133, #2985, #3783, #2106, #3029, #1329, #3096, #452, #4090, #4018, #2406, #3333, #1624, #2460, #786, #3608, #56, #2743, #3685, #1997, #2939, #1083, #3730, #189, #4176, #2653, #3430, #1759, #2719, #874, #3298 ) ) ;
#3005 = SURFACE_STYLE_FILL_AREA ( #3469 ) ;
#3006 = EDGE_LOOP ( 'NONE', ( #3281, #687, #1943, #4044 ) ) ;
#3007 = EDGE_CURVE ( 'NONE', #3459, #2658, #275, .T. ) ;
#3008 =( CONVERSION_BASED_UNIT ( 'INCH', #2966 ) LENGTH_UNIT ( ) NAMED_UNIT ( #567 ) );
#3009 = LENGTH_MEASURE_WITH_UNIT ( LENGTH_MEASURE( 0.02539999999999999900 ), #57 );
#3010 = FACE_OUTER_BOUND ( 'NONE', #942, .T. ) ;
#3011 =( LENGTH_UNIT ( ) NAMED_UNIT ( * ) SI_UNIT ( $, .METRE. ) );
#3012 =( GEOMETRIC_REPRESENTATION_CONTEXT ( 3 ) GLOBAL_UNCERTAINTY_ASSIGNED_CONTEXT ( ( #3780 ) ) GLOBAL_UNIT_ASSIGNED_CONTEXT ( ( #3837, #2503, #1252 ) ) REPRESENTATION_CONTEXT ( 'NONE', 'WORKASPACE' ) );
#3013 = PRESENTATION_LAYER_ASSIGNMENT (  '', '', ( #2022 ) ) ;
#3014 = VECTOR ( 'NONE', #1822, 39.37007874015748100 ) ;
#3015 = CARTESIAN_POINT ( 'NONE',  ( 0.008519123305576416600, 0.1290718309748114800, 0.2196757618404199800 ) ) ;
#3016 = EDGE_CURVE ( 'NONE', #2572, #3435, #3159, .T. ) ;
#3017 = AXIS2_PLACEMENT_3D ( 'NONE', #2402, #1965, #1545 ) ;
#3018 = CARTESIAN_POINT ( 'NONE',  ( 0.05681912330558289100, 0.09557183097481149200, 0.2196757618404103500 ) ) ;
#3019 = DIRECTION ( 'NONE',  ( 0.0000000000000000000, -1.000000000000000000, 0.0000000000000000000 ) ) ;
#3020 = EDGE_LOOP ( 'NONE', ( #2116, #2385, #2935, #708, #554, #2183 ) ) ;
#3021 = CARTESIAN_POINT ( 'NONE',  ( 0.08981487459984327500, 0.1230643615147993900, 0.2626758478404199200 ) ) ;
#3022 = SURFACE_STYLE_FILL_AREA ( #3484 ) ;
#3023 = DIRECTION ( 'NONE',  ( 0.0000000000000000000, 0.0000000000000000000, -1.000000000000000000 ) ) ;
#3024 = FILL_AREA_STYLE_COLOUR ( '', #1348 ) ;
#3025 = CARTESIAN_POINT ( 'NONE',  ( 0.008519123305576432200, 0.1290718309748114800, 0.2996759218404221900 ) ) ;
#3026 = CARTESIAN_POINT ( 'NONE',  ( 0.08481912330558298600, 0.1290718309748114800, 0.2997087485525175600 ) ) ;
#3027 = SURFACE_SIDE_STYLE ('',( #3489 ) ) ;
#3028 =( GEOMETRIC_REPRESENTATION_CONTEXT ( 3 ) GLOBAL_UNCERTAINTY_ASSIGNED_CONTEXT ( ( #2837 ) ) GLOBAL_UNIT_ASSIGNED_CONTEXT ( ( #416, #3328, #2012 ) ) REPRESENTATION_CONTEXT ( 'NONE', 'WORKASPACE' ) );
#3029 = ADVANCED_FACE ( 'NONE', ( #1196 ), #723, .T. ) ;
#3030 = PRESENTATION_STYLE_ASSIGNMENT (( #3490 ) ) ;
#3031 = UNCERTAINTY_MEASURE_WITH_UNIT (LENGTH_MEASURE( 1.000000000000000100E-005 ), #2324, 'distance_accuracy_value', 'NONE');
#3032 = ORIENTED_EDGE ( 'NONE', *, *, #2682, .T. ) ;
#3033 =( LENGTH_UNIT ( ) NAMED_UNIT ( * ) SI_UNIT ( $, .METRE. ) );
#3034 = FILL_AREA_STYLE ('',( #2815 ) ) ;
#3035 = ORIENTED_EDGE ( 'NONE', *, *, #521, .F. ) ;
#3036 = VECTOR ( 'NONE', #4089, 39.37007874015748100 ) ;
#3037 = EDGE_CURVE ( 'NONE', #3638, #2706, #790, .T. ) ;
#3038 = ORIENTED_EDGE ( 'NONE', *, *, #3926, .T. ) ;
#3039 = ORIENTED_EDGE ( 'NONE', *, *, #2772, .T. ) ;
#3040 = FACE_OUTER_BOUND ( 'NONE', #1782, .T. ) ;
#3041 = SURFACE_STYLE_USAGE ( .BOTH. , #3499 ) ;
#3042 = PRODUCT_DEFINITION ( 'UNKNOWN', '', #2763, #601 ) ;
#3043 = STYLED_ITEM ( 'NONE', ( #1328 ), #1433 ) ;
#3044 = UNCERTAINTY_MEASURE_WITH_UNIT (LENGTH_MEASURE( 1.000000000000000100E-005 ), #422, 'distance_accuracy_value', 'NONE');
#3045 = UNCERTAINTY_MEASURE_WITH_UNIT (LENGTH_MEASURE( 1.000000000000000100E-005 ), #3970, 'distance_accuracy_value', 'NONE');
#3046 = CARTESIAN_POINT ( 'NONE',  ( -0.1097808766944170000, 0.1015718309748114700, 0.2146758418404165200 ) ) ;
#3047 = PRESENTATION_STYLE_ASSIGNMENT (( #3501 ) ) ;
#3048 = STYLED_ITEM ( 'NONE', ( #1932 ), #3098 ) ;
#3049 = CARTESIAN_POINT ( 'NONE',  ( 0.08481912330558298600, 0.1400718309748114600, 0.2676758578404200300 ) ) ;
#3050 = CARTESIAN_POINT ( 'NONE',  ( 0.008519123305576432200, 0.1290718309748114800, 0.2996759218404226900 ) ) ;
#3051 = VERTEX_POINT ( 'NONE', #2431 ) ;
#3052 = SURFACE_SIDE_STYLE ('',( #3506 ) ) ;
#3053 = LENGTH_MEASURE_WITH_UNIT ( LENGTH_MEASURE( 0.02539999999999999900 ), #3755 );
#3054 = EDGE_CURVE ( 'NONE', #2658, #2179, #2858, .T. ) ;
#3055 = VECTOR ( 'NONE', #818, 39.37007874015748900 ) ;
#3056 = CARTESIAN_POINT ( 'NONE',  ( 0.08981912330558293500, 0.1015718309748114700, 0.2146758418404165200 ) ) ;
#3057 = CARTESIAN_POINT ( 'NONE',  ( 0.06521912330558293800, 0.09557183097481147800, 0.2086758418404165100 ) ) ;
#3058 = DIRECTION ( 'NONE',  ( -1.896751731090606800E-016, 0.0000000000000000000, -1.000000000000000000 ) ) ;
#3059 = FILL_AREA_STYLE ('',( #3512 ) ) ;
#3060 = CARTESIAN_POINT ( 'NONE',  ( 0.08977975322684274300, 0.1230324608960713100, 0.2996759218404226900 ) ) ;
#3061 = MECHANICAL_DESIGN_GEOMETRIC_PRESENTATION_REPRESENTATION (  '', ( #3076 ), #1187 ) ;
#3062 = EDGE_LOOP ( 'NONE', ( #525, #1295, #2896, #2535 ) ) ;
#3063 = ORIENTED_EDGE ( 'NONE', *, *, #3773, .F. ) ;
#3064 = EDGE_CURVE ( 'NONE', #351, #487, #750, .T. ) ;
#3065 = UNCERTAINTY_MEASURE_WITH_UNIT (LENGTH_MEASURE( 1.000000000000000100E-005 ), #2074, 'distance_accuracy_value', 'NONE');
#3066 = CYLINDRICAL_SURFACE ( 'NONE', #3102, 0.02459999999999999300 ) ;
#3067 = SURFACE_STYLE_USAGE ( .BOTH. , #3522 ) ;
#3068 =( GEOMETRIC_REPRESENTATION_CONTEXT ( 3 ) GLOBAL_UNCERTAINTY_ASSIGNED_CONTEXT ( ( #2466 ) ) GLOBAL_UNIT_ASSIGNED_CONTEXT ( ( #2239, #983, #3895 ) ) REPRESENTATION_CONTEXT ( 'NONE', 'WORKASPACE' ) );
#3069 = ORIENTED_EDGE ( 'NONE', *, *, #3993, .T. ) ;
#3070 = ADVANCED_FACE ( 'NONE', ( #389 ), #3442, .T. ) ;
#3071 = ORIENTED_EDGE ( 'NONE', *, *, #503, .F. ) ;
#3072 = VECTOR ( 'NONE', #3493, 39.37007874015748100 ) ;
#3073 = FILL_AREA_STYLE ('',( #3527 ) ) ;
#3074 = VECTOR ( 'NONE', #605, 39.37007874015748100 ) ;
#3075 = EDGE_CURVE ( 'NONE', #2131, #3140, #1666, .T. ) ;
#3076 = STYLED_ITEM ( 'NONE', ( #855 ), #4176 ) ;
#3077 = CARTESIAN_POINT ( 'NONE',  ( -0.06778087669441705500, 0.1290718309748114800, 0.2997087485525167200 ) ) ;
#3078 = PRESENTATION_STYLE_ASSIGNMENT (( #3532 ) ) ;
#3079 = UNCERTAINTY_MEASURE_WITH_UNIT (LENGTH_MEASURE( 1.000000000000000100E-005 ), #1683, 'distance_accuracy_value', 'NONE');
#3080 = FACE_OUTER_BOUND ( 'NONE', #3463, .T. ) ;
#3081 = CARTESIAN_POINT ( 'NONE',  ( 0.08481912330558298600, 0.1400718309748114600, 0.2516758258404213600 ) ) ;
#3082 = CARTESIAN_POINT ( 'NONE',  ( 0.09451562038465917400, 0.1267802006431052200, 0.2626758478404199200 ) ) ;
#3083 =( LENGTH_UNIT ( ) NAMED_UNIT ( * ) SI_UNIT ( $, .METRE. ) );
#3084 = SURFACE_STYLE_FILL_AREA ( #3538 ) ;
#3085 = CYLINDRICAL_SURFACE ( 'NONE', #3090, 0.005000009999999974900 ) ;
#3086 = PLANE ( 'NONE',  #2404 ) ;
#3087 = AXIS2_PLACEMENT_3D ( 'NONE', #1962, #1543, #1153 ) ;
#3088 = CARTESIAN_POINT ( 'NONE',  ( 0.08981912330558293500, 0.1015718309748115300, 0.2146758418404165200 ) ) ;
#3089 = ADVANCED_FACE ( 'NONE', ( #310 ), #421, .T. ) ;
#3090 = AXIS2_PLACEMENT_3D ( 'NONE', #2313, #1880, #1471 ) ;
#3091 = CARTESIAN_POINT ( 'NONE',  ( -0.06778087669441704200, 0.1290718309748114800, 0.2676758578404113700 ) ) ;
#3092 = ORIENTED_EDGE ( 'NONE', *, *, #1608, .T. ) ;
#3093 = ORIENTED_EDGE ( 'NONE', *, *, #1680, .T. ) ;
#3094 = VECTOR ( 'NONE', #2603, 39.37007874015748100 ) ;
#3095 = FILL_AREA_STYLE ('',( #3985 ) ) ;
#3096 = ADVANCED_FACE ( 'NONE', ( #227 ), #1601, .T. ) ;
#3097 = ORIENTED_EDGE ( 'NONE', *, *, #3345, .F. ) ;
#3098 = ADVANCED_FACE ( 'NONE', ( #185 ), #1140, .T. ) ;
#3099 = LINE ( 'NONE', #2654, #1297 ) ;
#3100 = SURFACE_SIDE_STYLE ('',( #3556 ) ) ;
#3101 = PLANE ( 'NONE',  #2117 ) ;
#3102 = AXIS2_PLACEMENT_3D ( 'NONE', #2840, #2413, #1973 ) ;
#3103 = ORIENTED_EDGE ( 'NONE', *, *, #2278, .F. ) ;
#3104 = PRESENTATION_LAYER_ASSIGNMENT (  '', '', ( #1599 ) ) ;
#3105 = CARTESIAN_POINT ( 'NONE',  ( 0.08751928130557350100, 0.1290718309748114800, 0.2626758478404200800 ) ) ;
#3106 =( NAMED_UNIT ( * ) PLANE_ANGLE_UNIT ( ) SI_UNIT ( $, .RADIAN. ) );
#3107 = VECTOR ( 'NONE', #262, 39.37007874015748100 ) ;
#3108 = DIRECTION ( 'NONE',  ( 0.0000000000000000000, 1.000000000000000000, 0.0000000000000000000 ) ) ;
#3109 = DIRECTION ( 'NONE',  ( -1.000000000000000000, 6.982964699952515400E-015, 1.896751731090606800E-016 ) ) ;
#3110 = MECHANICAL_DESIGN_GEOMETRIC_PRESENTATION_REPRESENTATION (  '', ( #3351 ), #3725 ) ;
#3111 = CARTESIAN_POINT ( 'NONE',  ( 0.09581912330558323100, 0.2090673221727930000, 0.2996759218404226900 ) ) ;
#3112 = CARTESIAN_POINT ( 'NONE',  ( -0.07278087669441700400, 0.1020718309748115300, 0.2996759218404222400 ) ) ;
#3113 = VECTOR ( 'NONE', #1531, 39.37007874015748100 ) ;
#3114 = PLANE ( 'NONE',  #4124 ) ;
#3115 =( CONVERSION_BASED_UNIT ( 'INCH', #1993 ) LENGTH_UNIT ( ) NAMED_UNIT ( #495 ) );
#3116 = DIRECTION ( 'NONE',  ( -0.0000000000000000000, -1.000000000000000000, -0.0000000000000000000 ) ) ;
#3117 =( NAMED_UNIT ( * ) PLANE_ANGLE_UNIT ( ) SI_UNIT ( $, .RADIAN. ) );
#3118 = FACE_OUTER_BOUND ( 'NONE', #762, .T. ) ;
#3119 = CARTESIAN_POINT ( 'NONE',  ( 0.008519123305576425200, 0.1290718309748114800, 0.2596758418404240800 ) ) ;
#3120 = ORIENTED_EDGE ( 'NONE', *, *, #98, .F. ) ;
#3121 = SURFACE_STYLE_FILL_AREA ( #3573 ) ;
#3122 = VERTEX_POINT ( 'NONE', #2163 ) ;
#3123 = CARTESIAN_POINT ( 'NONE',  ( 0.08481912330558298600, 0.1400718309748114600, 0.3163758418404165100 ) ) ;
#3124 = UNCERTAINTY_MEASURE_WITH_UNIT (LENGTH_MEASURE( 1.000000000000000100E-005 ), #752, 'distance_accuracy_value', 'NONE');
#3125 = PRESENTATION_STYLE_ASSIGNMENT (( #3579 ) ) ;
#3126 = DIRECTION ( 'NONE',  ( 0.0000000000000000000, 0.0000000000000000000, 1.000000000000000000 ) ) ;
#3127 = DIRECTION ( 'NONE',  ( 1.000000000000000000, 0.0000000000000000000, 0.0000000000000000000 ) ) ;
#3128 = ORIENTED_EDGE ( 'NONE', *, *, #854, .F. ) ;
#3129 = PRESENTATION_STYLE_ASSIGNMENT (( #3589 ) ) ;
#3130 = AXIS2_PLACEMENT_3D ( 'NONE', #4148, #3723, #3248 ) ;
#3131 = DIRECTION ( 'NONE',  ( 1.000000000000000000, 3.430248998885765800E-015, -1.896751731090606800E-016 ) ) ;
#3132 = CARTESIAN_POINT ( 'NONE',  ( -0.07277510799523792500, 0.1230660591469840600, 0.2632492446763405900 ) ) ;
#3133 = DIRECTION ( 'NONE',  ( 1.000000000000000000, 0.0000000000000000000, -1.896751731090606800E-016 ) ) ;
#3134 =( NAMED_UNIT ( * ) SI_UNIT ( $, .STERADIAN. ) SOLID_ANGLE_UNIT ( ) );
#3135 = DIRECTION ( 'NONE',  ( -1.000000000000000000, 6.982964699952515400E-015, 1.896751731090606800E-016 ) ) ;
#3136 = UNCERTAINTY_MEASURE_WITH_UNIT (LENGTH_MEASURE( 1.000000000000000100E-005 ), #2617, 'distance_accuracy_value', 'NONE');
#3137 = LINE ( 'NONE', #2695, #3760 ) ;
#3138 = ORIENTED_EDGE ( 'NONE', *, *, #63, .F. ) ;
#3139 = DIRECTION ( 'NONE',  ( -1.896751731090606800E-016, 0.0000000000000000000, -1.000000000000000000 ) ) ;
#3140 = VERTEX_POINT ( 'NONE', #1715 ) ;
#3141 = COLOUR_RGB ( '',0.7921568627450980000, 0.8196078431372548800, 0.9333333333333333500 ) ;
#3142 = VECTOR ( 'NONE', #470, 39.37007874015748100 ) ;
#3143 = DIRECTION ( 'NONE',  ( -1.000000000000000000, 0.0000000000000000000, 0.0000000000000000000 ) ) ;
#3144 = DIRECTION ( 'NONE',  ( 0.0000000000000000000, 1.000000000000000000, 0.0000000000000000000 ) ) ;
#3145 = VERTEX_POINT ( 'NONE', #1315 ) ;
#3146 = ORIENTED_EDGE ( 'NONE', *, *, #3641, .F. ) ;
#3147 = ORIENTED_EDGE ( 'NONE', *, *, #869, .F. ) ;
#3148 = UNCERTAINTY_MEASURE_WITH_UNIT (LENGTH_MEASURE( 1.000000000000000100E-005 ), #2216, 'distance_accuracy_value', 'NONE');
#3149 = CARTESIAN_POINT ( 'NONE',  ( -0.04318087669441703800, 0.1400718309748114600, 0.2029758418404165300 ) ) ;
#3150 = PLANE ( 'NONE',  #3316 ) ;
#3151 = ORIENTED_EDGE ( 'NONE', *, *, #3016, .T. ) ;
#3152 = DIRECTION ( 'NONE',  ( -1.000000000000000000, -3.430248998885765800E-015, 1.896751731090606800E-016 ) ) ;
#3153 =( LENGTH_UNIT ( ) NAMED_UNIT ( * ) SI_UNIT ( $, .METRE. ) );
#3154 = CARTESIAN_POINT ( 'NONE',  ( -0.07048103469440908400, 0.1290718309748114800, 0.2676758578404113700 ) ) ;
#3155 = DIRECTION ( 'NONE',  ( 1.896751731090606800E-016, -0.0000000000000000000, 1.000000000000000000 ) ) ;
#3156 = DIRECTION ( 'NONE',  ( 1.896751731090606800E-016, 0.0000000000000000000, 1.000000000000000000 ) ) ;
#3157 = DIRECTION ( 'NONE',  ( 0.0000000000000000000, 1.000000000000000000, 0.0000000000000000000 ) ) ;
#3158 = CARTESIAN_POINT ( 'NONE',  ( 0.08979158198951330000, 0.1230718309748114700, 0.2537025965049302100 ) ) ;
#3159 = LINE ( 'NONE', #2729, #417 ) ;
#3160 = CARTESIAN_POINT ( 'NONE',  ( -0.07278087669441735100, 0.2090673221727799800, 0.2996759218404222400 ) ) ;
#3161 = MECHANICAL_DESIGN_GEOMETRIC_PRESENTATION_REPRESENTATION (  '', ( #3406 ), #488 ) ;
#3162 = LINE ( 'NONE', #2731, #3629 ) ;
#3163 = FILL_AREA_STYLE_COLOUR ( '', #537 ) ;
#3164 = UNCERTAINTY_MEASURE_WITH_UNIT (LENGTH_MEASURE( 1.000000000000000100E-005 ), #3366, 'distance_accuracy_value', 'NONE');
#3165 = LENGTH_MEASURE_WITH_UNIT ( LENGTH_MEASURE( 0.02539999999999999900 ), #366 );
#3166 = ORIENTED_EDGE ( 'NONE', *, *, #869, .T. ) ;
#3167 = EDGE_CURVE ( 'NONE', #368, #506, #726, .T. ) ;
#3168 = PRESENTATION_LAYER_ASSIGNMENT (  '', '', ( #4125 ) ) ;
#3169 = ORIENTED_EDGE ( 'NONE', *, *, #406, .T. ) ;
#3170 = CARTESIAN_POINT ( 'NONE',  ( 0.06021912330558299600, 0.1400718309748114600, 0.3409758418404165200 ) ) ;
#3171 = ORIENTED_EDGE ( 'NONE', *, *, #3339, .F. ) ;
#3172 = LENGTH_MEASURE_WITH_UNIT ( LENGTH_MEASURE( 0.02539999999999999900 ), #911 );
#3173 = ORIENTED_EDGE ( 'NONE', *, *, #2096, .T. ) ;
#3174 = EDGE_LOOP ( 'NONE', ( #2874, #3249 ) ) ;
#3175 = DIRECTION ( 'NONE',  ( 0.0000000000000000000, 1.000000000000000000, 0.0000000000000000000 ) ) ;
#3176 = EDGE_CURVE ( 'NONE', #3470, #4167, #809, .T. ) ;
#3177 = LINE ( 'NONE', #2749, #856 ) ;
#3178 = CARTESIAN_POINT ( 'NONE',  ( 0.08977975322684274300, 0.1230718309748114700, 0.2671357095751886200 ) ) ;
#3179 = CARTESIAN_POINT ( 'NONE',  ( -0.06778087669441705500, 0.1230718309748114700, 0.3163758418404165100 ) ) ;
#3180 = LINE ( 'NONE', #2752, #2531 ) ;
#3181 = PRESENTATION_LAYER_ASSIGNMENT (  '', '', ( #2536 ) ) ;
#3182 = SURFACE_SIDE_STYLE ('',( #3651 ) ) ;
#3183 = DIRECTION ( 'NONE',  ( 1.000000000000000000, -3.491481338843133000E-015, -1.896751731090606800E-016 ) ) ;
#3184 = DIRECTION ( 'NONE',  ( 0.0000000000000000000, 0.0000000000000000000, -1.000000000000000000 ) ) ;
#3185 = CARTESIAN_POINT ( 'NONE',  ( -0.07228087669441694800, 0.09557183097481035400, 0.2996759218404222400 ) ) ;
#3186 = CARTESIAN_POINT ( 'NONE',  ( 0.09451562038465917400, 0.1267802006431052200, 0.2626758478404199200 ) ) ;
#3187 = SURFACE_STYLE_FILL_AREA ( #3656 ) ;
#3188 =( CONVERSION_BASED_UNIT ( 'INCH', #1840 ) LENGTH_UNIT ( ) NAMED_UNIT ( #1902 ) );
#3189 = PRESENTATION_LAYER_ASSIGNMENT (  '', '', ( #3191 ) ) ;
#3190 = ORIENTED_EDGE ( 'NONE', *, *, #3244, .F. ) ;
#3191 = STYLED_ITEM ( 'NONE', ( #139 ), #1353 ) ;
#3192 = UNCERTAINTY_MEASURE_WITH_UNIT (LENGTH_MEASURE( 1.000000000000000100E-005 ), #2849, 'distance_accuracy_value', 'NONE');
#3193 = VERTEX_POINT ( 'NONE', #2067 ) ;
#3194 = CARTESIAN_POINT ( 'NONE',  ( 0.09581912330558292600, 0.1230324608960713000, 0.2196757618404102900 ) ) ;
#3195 = FACE_OUTER_BOUND ( 'NONE', #1895, .T. ) ;
#3196 = ORIENTED_EDGE ( 'NONE', *, *, #2699, .F. ) ;
#3197 = MECHANICAL_DESIGN_GEOMETRIC_PRESENTATION_REPRESENTATION (  '', ( #3282 ), #1764 ) ;
#3198 = FILL_AREA_STYLE_COLOUR ( '', #1700 ) ;
#3199 = PRESENTATION_LAYER_ASSIGNMENT (  '', '', ( #3282 ) ) ;
#3200 = PRESENTATION_LAYER_ASSIGNMENT (  '', '', ( #4025 ) ) ;
#3201 = CARTESIAN_POINT ( 'NONE',  ( 0.008519123305576432200, 0.1230718309748114700, 0.2996759218404226900 ) ) ;
#3202 = UNCERTAINTY_MEASURE_WITH_UNIT (LENGTH_MEASURE( 1.000000000000000100E-005 ), #4135, 'distance_accuracy_value', 'NONE');
#3203 = SURFACE_STYLE_FILL_AREA ( #3676 ) ;
#3204 = ORIENTED_EDGE ( 'NONE', *, *, #2591, .F. ) ;
#3205 = LINE ( 'NONE', #2777, #3350 ) ;
#3206 = SURFACE_STYLE_USAGE ( .BOTH. , #3680 ) ;
#3207 = LINE ( 'NONE', #1912, #3846 ) ;
#3208 = DIRECTION ( 'NONE',  ( 0.0000000000000000000, 1.000000000000000000, 0.0000000000000000000 ) ) ;
#3209 = DIRECTION ( 'NONE',  ( -0.0000000000000000000, -1.000000000000000000, -0.0000000000000000000 ) ) ;
#3210 = VECTOR ( 'NONE', #2679, 39.37007874015748100 ) ;
#3211 = DIRECTION ( 'NONE',  ( -1.000000000000000000, 6.982964699952515400E-015, 1.896751731090606800E-016 ) ) ;
#3212 = SURFACE_STYLE_USAGE ( .BOTH. , #3688 ) ;
#3213 = AXIS2_PLACEMENT_3D ( 'NONE', #2530, #2101, #1649 ) ;
#3214 =( CONVERSION_BASED_UNIT ( 'INCH', #3431 ) LENGTH_UNIT ( ) NAMED_UNIT ( #1900 ) );
#3215 = ORIENTED_EDGE ( 'NONE', *, *, #400, .T. ) ;
#3216 = AXIS2_PLACEMENT_3D ( 'NONE', #1235, #821, #356 ) ;
#3217 = PRESENTATION_LAYER_ASSIGNMENT (  '', '', ( #3351 ) ) ;
#3218 = VECTOR ( 'NONE', #2773, 39.37007874015748100 ) ;
#3219 = LINE ( 'NONE', #2788, #2032 ) ;
#3220 =( GEOMETRIC_REPRESENTATION_CONTEXT ( 3 ) GLOBAL_UNCERTAINTY_ASSIGNED_CONTEXT ( ( #2419 ) ) GLOBAL_UNIT_ASSIGNED_CONTEXT ( ( #86, #2954, #1654 ) ) REPRESENTATION_CONTEXT ( 'NONE', 'WORKASPACE' ) );
#3221 = ORIENTED_EDGE ( 'NONE', *, *, #3694, .F. ) ;
#3222 = SURFACE_STYLE_FILL_AREA ( #3698 ) ;
#3223 = DIRECTION ( 'NONE',  ( 0.0000000000000000000, 1.000000000000000000, 0.0000000000000000000 ) ) ;
#3224 = AXIS2_PLACEMENT_3D ( 'NONE', #3373, #2908, #2489 ) ;
#3225 = LINE ( 'NONE', #2793, #2043 ) ;
#3226 = ORIENTED_EDGE ( 'NONE', *, *, #2269, .F. ) ;
#3227 = CARTESIAN_POINT ( 'NONE',  ( 0.08981912330558293500, 0.09557183097481147800, 0.2029758418404165300 ) ) ;
#3228 = SURFACE_STYLE_FILL_AREA ( #3705 ) ;
#3229 = ORIENTED_EDGE ( 'NONE', *, *, #1402, .F. ) ;
#3230 = DIRECTION ( 'NONE',  ( -7.173819169229555300E-016, 6.333947640535220500E-030, 1.000000000000000000 ) ) ;
#3231 = FACE_OUTER_BOUND ( 'NONE', #972, .T. ) ;
#3232 =( NAMED_UNIT ( * ) SI_UNIT ( $, .STERADIAN. ) SOLID_ANGLE_UNIT ( ) );
#3233 = LINE ( 'NONE', #2803, #3644 ) ;
#3234 = MECHANICAL_DESIGN_GEOMETRIC_PRESENTATION_REPRESENTATION (  '', ( #2156 ), #2054 ) ;
#3235 = CARTESIAN_POINT ( 'NONE',  ( -0.1097808766944170000, 0.1015718309748115300, 0.3046758418404165200 ) ) ;
#3236 =( NAMED_UNIT ( * ) PLANE_ANGLE_UNIT ( ) SI_UNIT ( $, .RADIAN. ) );
#3237 = DIRECTION ( 'NONE',  ( 0.0000000000000000000, 1.000000000000000000, 0.0000000000000000000 ) ) ;
#3238 =( LENGTH_UNIT ( ) NAMED_UNIT ( * ) SI_UNIT ( $, .METRE. ) );
#3239 = CARTESIAN_POINT ( 'NONE',  ( 0.06521912330558293800, 0.09557183097481147800, 0.3106758418404165800 ) ) ;
#3240 = LENGTH_MEASURE_WITH_UNIT ( LENGTH_MEASURE( 0.02539999999999999900 ), #2031 );
#3241 = LENGTH_MEASURE_WITH_UNIT ( LENGTH_MEASURE( 0.02539999999999999900 ), #448 );
#3242 = ORIENTED_EDGE ( 'NONE', *, *, #1032, .F. ) ;
#3243 = CARTESIAN_POINT ( 'NONE',  ( 0.008519123305576425200, 0.1230718309748114700, 0.2676758578404200300 ) ) ;
#3244 = EDGE_CURVE ( 'NONE', #2092, #2786, #2494, .T. ) ;
#3245 = STYLED_ITEM ( 'NONE', ( #1696 ), #3389 ) ;
#3246 = DIRECTION ( 'NONE',  ( 1.000000000000000000, 0.0000000000000000000, -1.896751731090606800E-016 ) ) ;
#3247 = MECHANICAL_DESIGN_GEOMETRIC_PRESENTATION_REPRESENTATION (  '', ( #3301 ), #930 ) ;
#3248 = DIRECTION ( 'NONE',  ( 0.0000000000000000000, 0.0000000000000000000, 1.000000000000000000 ) ) ;
#3249 = ORIENTED_EDGE ( 'NONE', *, *, #3529, .T. ) ;
#3250 = VERTEX_POINT ( 'NONE', #367 ) ;
#3251 = VERTEX_POINT ( 'NONE', #4156 ) ;
#3252 =( CONVERSION_BASED_UNIT ( 'INCH', #1145 ) LENGTH_UNIT ( ) NAMED_UNIT ( #509 ) );
#3253 = DIMENSIONAL_EXPONENTS ( 1.000000000000000000, 0.0000000000000000000, 0.0000000000000000000, 0.0000000000000000000, 0.0000000000000000000, 0.0000000000000000000, 0.0000000000000000000 ) ;
#3254 = ADVANCED_FACE ( 'NONE', ( #24 ), #3503, .T. ) ;
#3255 =( GEOMETRIC_REPRESENTATION_CONTEXT ( 3 ) GLOBAL_UNCERTAINTY_ASSIGNED_CONTEXT ( ( #3747 ) ) GLOBAL_UNIT_ASSIGNED_CONTEXT ( ( #1709, #457, #3376 ) ) REPRESENTATION_CONTEXT ( 'NONE', 'WORKASPACE' ) );
#3256 = DIMENSIONAL_EXPONENTS ( 1.000000000000000000, 0.0000000000000000000, 0.0000000000000000000, 0.0000000000000000000, 0.0000000000000000000, 0.0000000000000000000, 0.0000000000000000000 ) ;
#3257 = PRESENTATION_LAYER_ASSIGNMENT (  '', '', ( #3301 ) ) ;
#3258 =( CONVERSION_BASED_UNIT ( 'INCH', #3165 ) LENGTH_UNIT ( ) NAMED_UNIT ( #3336 ) );
#3259 = SURFACE_STYLE_FILL_AREA ( #3731 ) ;
#3260 = VERTEX_POINT ( 'NONE', #1744 ) ;
#3261 = CARTESIAN_POINT ( 'NONE',  ( 0.08751928130557350100, 0.1290718309748114800, 0.2566758358404213100 ) ) ;
#3262 = FILL_AREA_STYLE_COLOUR ( '', #1497 ) ;
#3263 = FACE_OUTER_BOUND ( 'NONE', #2470, .T. ) ;
#3264 =( LENGTH_UNIT ( ) NAMED_UNIT ( * ) SI_UNIT ( $, .METRE. ) );
#3265 = DIMENSIONAL_EXPONENTS ( 1.000000000000000000, 0.0000000000000000000, 0.0000000000000000000, 0.0000000000000000000, 0.0000000000000000000, 0.0000000000000000000, 0.0000000000000000000 ) ;
#3266 = CARTESIAN_POINT ( 'NONE',  ( -0.07274150661567691000, 0.1230324608960713100, 0.2030390384608486100 ) ) ;
#3267 = CARTESIAN_POINT ( 'NONE',  ( 0.08931912330558283700, 0.1020718309748114800, 0.2996759218404226900 ) ) ;
#3268 = CARTESIAN_POINT ( 'NONE',  ( 0.08481912330558298600, 0.1230718309748114700, 0.3163758418404165100 ) ) ;
#3269 = VECTOR ( 'NONE', #2136, 39.37007874015748100 ) ;
#3270 = DIMENSIONAL_EXPONENTS ( 1.000000000000000000, 0.0000000000000000000, 0.0000000000000000000, 0.0000000000000000000, 0.0000000000000000000, 0.0000000000000000000, 0.0000000000000000000 ) ;
#3271 = LINE ( 'NONE', #2831, #70 ) ;
#3272 = LINE ( 'NONE', #2832, #2629 ) ;
#3273 = EDGE_CURVE ( 'NONE', #2810, #3145, #1337, .T. ) ;
#3274 = DIMENSIONAL_EXPONENTS ( 1.000000000000000000, 0.0000000000000000000, 0.0000000000000000000, 0.0000000000000000000, 0.0000000000000000000, 0.0000000000000000000, 0.0000000000000000000 ) ;
#3275 = VERTEX_POINT ( 'NONE', #3852 ) ;
#3276 = PRESENTATION_LAYER_ASSIGNMENT (  '', '', ( #3406 ) ) ;
#3277 = ADVANCED_FACE ( 'NONE', ( #49 ), #66, .T. ) ;
#3278 = DIMENSIONAL_EXPONENTS ( 1.000000000000000000, 0.0000000000000000000, 0.0000000000000000000, 0.0000000000000000000, 0.0000000000000000000, 0.0000000000000000000, 0.0000000000000000000 ) ;
#3279 = DIRECTION ( 'NONE',  ( 0.0000000000000000000, 0.0000000000000000000, 1.000000000000000000 ) ) ;
#3280 = VECTOR ( 'NONE', #3144, 39.37007874015748100 ) ;
#3281 = ORIENTED_EDGE ( 'NONE', *, *, #3290, .T. ) ;
#3282 = STYLED_ITEM ( 'NONE', ( #1618 ), #4090 ) ;
#3283 = ORIENTED_EDGE ( 'NONE', *, *, #1652, .T. ) ;
#3284 = DIMENSIONAL_EXPONENTS ( 1.000000000000000000, 0.0000000000000000000, 0.0000000000000000000, 0.0000000000000000000, 0.0000000000000000000, 0.0000000000000000000, 0.0000000000000000000 ) ;
#3285 = MECHANICAL_DESIGN_GEOMETRIC_PRESENTATION_REPRESENTATION (  '', ( #2484 ), #2231 ) ;
#3286 = EDGE_LOOP ( 'NONE', ( #3520, #159, #2134, #46, #1482, #1593, #405 ) ) ;
#3287 = EDGE_CURVE ( 'NONE', #849, #957, #4033, .T. ) ;
#3288 = DIRECTION ( 'NONE',  ( -1.000000000000000000, 0.0000000000000000000, -1.505648144656230100E-016 ) ) ;
#3289 = DIMENSIONAL_EXPONENTS ( 1.000000000000000000, 0.0000000000000000000, 0.0000000000000000000, 0.0000000000000000000, 0.0000000000000000000, 0.0000000000000000000, 0.0000000000000000000 ) ;
#3290 = EDGE_CURVE ( 'NONE', #1573, #2885, #562, .T. ) ;
#3291 = DIMENSIONAL_EXPONENTS ( 1.000000000000000000, 0.0000000000000000000, 0.0000000000000000000, 0.0000000000000000000, 0.0000000000000000000, 0.0000000000000000000, 0.0000000000000000000 ) ;
#3292 = B_SPLINE_SURFACE_WITH_KNOTS ( 'NONE', 1, 3, ( 
 ( #3356, #2894, #2472, #2036 ),
 ( #1595, #1218, #796, #335 ) ),
 .UNSPECIFIED., .F., .F., .F.,
 ( 2, 2 ),
 ( 4, 4 ),
 ( 0.0000000000000000000, 1.000000000000000000 ),
 ( 0.0000000000000000000, 1.000000000000000000 ),
 .UNSPECIFIED. ) ;
#3293 = DIRECTION ( 'NONE',  ( 0.0000000000000000000, -0.0000000000000000000, 1.000000000000000000 ) ) ;
#3294 = CARTESIAN_POINT ( 'NONE',  ( 0.08977975322684274300, 0.1230324608960713100, 0.2196757618404102900 ) ) ;
#3295 = CARTESIAN_POINT ( 'NONE',  ( -0.07274150661567689600, 0.1230718309748114700, 0.2522159741056397800 ) ) ;
#3296 = DIMENSIONAL_EXPONENTS ( 1.000000000000000000, 0.0000000000000000000, 0.0000000000000000000, 0.0000000000000000000, 0.0000000000000000000, 0.0000000000000000000, 0.0000000000000000000 ) ;
#3297 = LINE ( 'NONE', #2853, #287 ) ;
#3298 = ADVANCED_FACE ( 'NONE', ( #81 ), #1421, .F. ) ;
#3299 = DIRECTION ( 'NONE',  ( 0.0000000000000000000, 0.0000000000000000000, 1.000000000000000000 ) ) ;
#3300 = CARTESIAN_POINT ( 'NONE',  ( -0.07277662798867741400, 0.1230643615147993900, 0.2626758478404107600 ) ) ;
#3301 = STYLED_ITEM ( 'NONE', ( #3349 ), #1329 ) ;
#3302 = DIMENSIONAL_EXPONENTS ( 1.000000000000000000, 0.0000000000000000000, 0.0000000000000000000, 0.0000000000000000000, 0.0000000000000000000, 0.0000000000000000000, 0.0000000000000000000 ) ;
#3303 = FILL_AREA_STYLE ('',( #3767 ) ) ;
#3304 = PRESENTATION_STYLE_ASSIGNMENT (( #3769 ) ) ;
#3305 =( GEOMETRIC_REPRESENTATION_CONTEXT ( 3 ) GLOBAL_UNCERTAINTY_ASSIGNED_CONTEXT ( ( #2527 ) ) GLOBAL_UNIT_ASSIGNED_CONTEXT ( ( #3115, #1801, #575 ) ) REPRESENTATION_CONTEXT ( 'NONE', 'WORKASPACE' ) );
#3306 = EDGE_CURVE ( 'NONE', #3638, #3495, #3272, .T. ) ;
#3307 = DIMENSIONAL_EXPONENTS ( 1.000000000000000000, 0.0000000000000000000, 0.0000000000000000000, 0.0000000000000000000, 0.0000000000000000000, 0.0000000000000000000, 0.0000000000000000000 ) ;
#3308 = ORIENTED_EDGE ( 'NONE', *, *, #2704, .T. ) ;
#3309 = LENGTH_MEASURE_WITH_UNIT ( LENGTH_MEASURE( 0.02539999999999999900 ), #3988 );
#3310 = DIMENSIONAL_EXPONENTS ( 1.000000000000000000, 0.0000000000000000000, 0.0000000000000000000, 0.0000000000000000000, 0.0000000000000000000, 0.0000000000000000000, 0.0000000000000000000 ) ;
#3311 = DIRECTION ( 'NONE',  ( -0.0000000000000000000, 1.000000000000000000, 0.0000000000000000000 ) ) ;
#3312 = EDGE_CURVE ( 'NONE', #2306, #383, #1547, .T. ) ;
#3313 = ORIENTED_EDGE ( 'NONE', *, *, #1390, .F. ) ;
#3314 = DIMENSIONAL_EXPONENTS ( 1.000000000000000000, 0.0000000000000000000, 0.0000000000000000000, 0.0000000000000000000, 0.0000000000000000000, 0.0000000000000000000, 0.0000000000000000000 ) ;
#3315 = LINE ( 'NONE', #2870, #3353 ) ;
#3316 = AXIS2_PLACEMENT_3D ( 'NONE', #2714, #2285, #1846 ) ;
#3317 = EDGE_CURVE ( 'NONE', #823, #3987, #279, .T. ) ;
#3318 = DIMENSIONAL_EXPONENTS ( 1.000000000000000000, 0.0000000000000000000, 0.0000000000000000000, 0.0000000000000000000, 0.0000000000000000000, 0.0000000000000000000, 0.0000000000000000000 ) ;
#3319 = DIMENSIONAL_EXPONENTS ( 1.000000000000000000, 0.0000000000000000000, 0.0000000000000000000, 0.0000000000000000000, 0.0000000000000000000, 0.0000000000000000000, 0.0000000000000000000 ) ;
#3320 = VECTOR ( 'NONE', #3131, 39.37007874015748100 ) ;
#3321 = CARTESIAN_POINT ( 'NONE',  ( -0.07278087669441735100, 0.2090673221727799800, 0.2196757618404199800 ) ) ;
#3322 = ADVANCED_FACE ( 'NONE', ( #803 ), #1969, .F. ) ;
#3323 = CARTESIAN_POINT ( 'NONE',  ( -0.07634362698982077900, 0.1282128706043351200, 0.2641726840499915600 ) ) ;
#3324 = ORIENTED_EDGE ( 'NONE', *, *, #2710, .T. ) ;
#3325 = AXIS2_PLACEMENT_3D ( 'NONE', #940, #504, #65 ) ;
#3326 = DIMENSIONAL_EXPONENTS ( 1.000000000000000000, 0.0000000000000000000, 0.0000000000000000000, 0.0000000000000000000, 0.0000000000000000000, 0.0000000000000000000, 0.0000000000000000000 ) ;
#3327 = B_SPLINE_CURVE_WITH_KNOTS ( 'NONE', 3,
 ( #2000, #1572, #1192, #758 ),
 .UNSPECIFIED., .F., .F.,
 ( 4, 4 ),
 ( 0.0000000000000000000, 1.000000000000000000 ),
 .UNSPECIFIED. ) ;
#3328 =( NAMED_UNIT ( * ) PLANE_ANGLE_UNIT ( ) SI_UNIT ( $, .RADIAN. ) );
#3329 = FILL_AREA_STYLE_COLOUR ( '', #1186 ) ;
#3330 = CARTESIAN_POINT ( 'NONE',  ( 0.06521912330558293800, 0.1230718309748114700, 0.1783758418404165200 ) ) ;
#3331 = PLANE ( 'NONE',  #3870 ) ;
#3332 = SURFACE_STYLE_FILL_AREA ( #3793 ) ;
#3333 = ADVANCED_FACE ( 'NONE', ( #2228 ), #898, .F. ) ;
#3334 = DIMENSIONAL_EXPONENTS ( 1.000000000000000000, 0.0000000000000000000, 0.0000000000000000000, 0.0000000000000000000, 0.0000000000000000000, 0.0000000000000000000, 0.0000000000000000000 ) ;
#3335 =( NAMED_UNIT ( * ) PLANE_ANGLE_UNIT ( ) SI_UNIT ( $, .RADIAN. ) );
#3336 = DIMENSIONAL_EXPONENTS ( 1.000000000000000000, 0.0000000000000000000, 0.0000000000000000000, 0.0000000000000000000, 0.0000000000000000000, 0.0000000000000000000, 0.0000000000000000000 ) ;
#3337 = FILL_AREA_STYLE ('',( #3799 ) ) ;
#3338 = EDGE_LOOP ( 'NONE', ( #4110, #2592, #2843, #3340, #1834, #2128 ) ) ;
#3339 = EDGE_CURVE ( 'NONE', #3453, #2744, #3540, .T. ) ;
#3340 = ORIENTED_EDGE ( 'NONE', *, *, #3655, .T. ) ;
#3341 = STYLED_ITEM ( 'NONE', ( #121 ), #3096 ) ;
#3342 = DIMENSIONAL_EXPONENTS ( 1.000000000000000000, 0.0000000000000000000, 0.0000000000000000000, 0.0000000000000000000, 0.0000000000000000000, 0.0000000000000000000, 0.0000000000000000000 ) ;
#3343 = ORIENTED_EDGE ( 'NONE', *, *, #2359, .F. ) ;
#3344 = PRESENTATION_LAYER_ASSIGNMENT (  '', '', ( #3370 ) ) ;
#3345 = EDGE_CURVE ( 'NONE', #3586, #3613, #2221, .T. ) ;
#3346 = ORIENTED_EDGE ( 'NONE', *, *, #1094, .T. ) ;
#3347 = DIMENSIONAL_EXPONENTS ( 1.000000000000000000, 0.0000000000000000000, 0.0000000000000000000, 0.0000000000000000000, 0.0000000000000000000, 0.0000000000000000000, 0.0000000000000000000 ) ;
#3348 = UNCERTAINTY_MEASURE_WITH_UNIT (LENGTH_MEASURE( 1.000000000000000100E-005 ), #1311, 'distance_accuracy_value', 'NONE');
#3349 = PRESENTATION_STYLE_ASSIGNMENT (( #3806 ) ) ;
#3350 = VECTOR ( 'NONE', #2345, 39.37007874015748100 ) ;
#3351 = STYLED_ITEM ( 'NONE', ( #1270 ), #3519 ) ;
#3352 = DIMENSIONAL_EXPONENTS ( 1.000000000000000000, 0.0000000000000000000, 0.0000000000000000000, 0.0000000000000000000, 0.0000000000000000000, 0.0000000000000000000, 0.0000000000000000000 ) ;
#3353 = VECTOR ( 'NONE', #2445, 39.37007874015748100 ) ;
#3354 = ADVANCED_FACE ( 'NONE', ( #907 ), #321, .T. ) ;
#3355 =( NAMED_UNIT ( * ) SI_UNIT ( $, .STERADIAN. ) SOLID_ANGLE_UNIT ( ) );
#3356 = CARTESIAN_POINT ( 'NONE',  ( -0.07747737377349606100, 0.1267802006431017500, 0.2566758358404118700 ) ) ;
#3357 = FILL_AREA_STYLE_COLOUR ( '', #1454 ) ;
#3358 = ORIENTED_EDGE ( 'NONE', *, *, #3789, .F. ) ;
#3359 = EDGE_CURVE ( 'NONE', #1166, #4076, #2784, .T. ) ;
#3360 = SURFACE_SIDE_STYLE ('',( #3812 ) ) ;
#3361 = SURFACE_SIDE_STYLE ('',( #3813 ) ) ;
#3362 = CARTESIAN_POINT ( 'NONE',  ( -0.04318087669441703800, 0.1230718309748114700, 0.2029758418404165300 ) ) ;
#3363 =( NAMED_UNIT ( * ) SI_UNIT ( $, .STERADIAN. ) SOLID_ANGLE_UNIT ( ) );
#3364 =( NAMED_UNIT ( * ) SI_UNIT ( $, .STERADIAN. ) SOLID_ANGLE_UNIT ( ) );
#3365 =( NAMED_UNIT ( * ) PLANE_ANGLE_UNIT ( ) SI_UNIT ( $, .RADIAN. ) );
#3366 =( CONVERSION_BASED_UNIT ( 'INCH', #3241 ) LENGTH_UNIT ( ) NAMED_UNIT ( #532 ) );
#3367 = EDGE_CURVE ( 'NONE', #2251, #59, #1100, .T. ) ;
#3368 = CARTESIAN_POINT ( 'NONE',  ( -0.07278087669441706000, 0.1230718309748114700, 0.3163758418404165100 ) ) ;
#3369 = DIRECTION ( 'NONE',  ( 1.000000000000000000, 0.0000000000000000000, 0.0000000000000000000 ) ) ;
#3370 = STYLED_ITEM ( 'NONE', ( #1084 ), #1317 ) ;
#3371 =( CONVERSION_BASED_UNIT ( 'INCH', #2207 ) LENGTH_UNIT ( ) NAMED_UNIT ( #3319 ) );
#3372 = EDGE_CURVE ( 'NONE', #3495, #3586, #497, .T. ) ;
#3373 = CARTESIAN_POINT ( 'NONE',  ( -0.07878087669441735700, 0.2090673221727799800, 0.2996759218404222400 ) ) ;
#3374 = MECHANICAL_DESIGN_GEOMETRIC_PRESENTATION_REPRESENTATION (  '', ( #2341 ), #326 ) ;
#3375 = EDGE_CURVE ( 'NONE', #1956, #872, #2667, .T. ) ;
#3376 =( NAMED_UNIT ( * ) SI_UNIT ( $, .STERADIAN. ) SOLID_ANGLE_UNIT ( ) );
#3377 = ORIENTED_EDGE ( 'NONE', *, *, #4029, .F. ) ;
#3378 = FILL_AREA_STYLE ('',( #3824 ) ) ;
#3379 = CARTESIAN_POINT ( 'NONE',  ( -0.07278087669441706000, 0.09557183097481147800, 0.3106758418404165800 ) ) ;
#3380 = EDGE_CURVE ( 'NONE', #3422, #3668, #1396, .T. ) ;
#3381 = FILL_AREA_STYLE ('',( #3830 ) ) ;
#3382 = DIRECTION ( 'NONE',  ( 0.0000000000000000000, 1.000000000000000000, 0.0000000000000000000 ) ) ;
#3383 = VERTEX_POINT ( 'NONE', #128 ) ;
#3384 = DIRECTION ( 'NONE',  ( 0.0000000000000000000, 0.0000000000000000000, 1.000000000000000000 ) ) ;
#3385 =( CONVERSION_BASED_UNIT ( 'INCH', #3581 ) LENGTH_UNIT ( ) NAMED_UNIT ( #3533 ) );
#3386 = SURFACE_STYLE_FILL_AREA ( #3834 ) ;
#3387 = SURFACE_SIDE_STYLE ('',( #3835 ) ) ;
#3388 =( LENGTH_UNIT ( ) NAMED_UNIT ( * ) SI_UNIT ( $, .METRE. ) );
#3389 = ADVANCED_FACE ( 'NONE', ( #333 ), #3114, .F. ) ;
#3390 = B_SPLINE_CURVE_WITH_KNOTS ( 'NONE', 1,
 ( #967, #543 ),
 .UNSPECIFIED., .F., .F.,
 ( 2, 2 ),
 ( 0.0000000000000000000, 1.000000000000000000 ),
 .UNSPECIFIED. ) ;
#3391 = LINE ( 'NONE', #2924, #630 ) ;
#3392 =( NAMED_UNIT ( * ) PLANE_ANGLE_UNIT ( ) SI_UNIT ( $, .RADIAN. ) );
#3393 = VECTOR ( 'NONE', #2757, 39.37007874015748100 ) ;
#3394 = VERTEX_POINT ( 'NONE', #1937 ) ;
#3395 = EDGE_CURVE ( 'NONE', #2092, #816, #1523, .T. ) ;
#3396 =( NAMED_UNIT ( * ) SI_UNIT ( $, .STERADIAN. ) SOLID_ANGLE_UNIT ( ) );
#3397 =( GEOMETRIC_REPRESENTATION_CONTEXT ( 3 ) GLOBAL_UNCERTAINTY_ASSIGNED_CONTEXT ( ( #2474 ) ) GLOBAL_UNIT_ASSIGNED_CONTEXT ( ( #2461, #1211, #4117 ) ) REPRESENTATION_CONTEXT ( 'NONE', 'WORKASPACE' ) );
#3398 = LENGTH_MEASURE_WITH_UNIT ( LENGTH_MEASURE( 0.02539999999999999900 ), #3083 );
#3399 = ORIENTED_EDGE ( 'NONE', *, *, #2343, .F. ) ;
#3400 = EDGE_CURVE ( 'NONE', #2251, #3504, #4028, .T. ) ;
#3401 = VERTEX_POINT ( 'NONE', #2693 ) ;
#3402 = ORIENTED_EDGE ( 'NONE', *, *, #547, .F. ) ;
#3403 = MECHANICAL_DESIGN_GEOMETRIC_PRESENTATION_REPRESENTATION (  '', ( #2394 ), #3550 ) ;
#3404 = UNCERTAINTY_MEASURE_WITH_UNIT (LENGTH_MEASURE( 1.000000000000000100E-005 ), #483, 'distance_accuracy_value', 'NONE');
#3405 = UNCERTAINTY_MEASURE_WITH_UNIT (LENGTH_MEASURE( 1.000000000000000100E-005 ), #4134, 'distance_accuracy_value', 'NONE');
#3406 = STYLED_ITEM ( 'NONE', ( #3949 ), #3728 ) ;
#3407 = EDGE_CURVE ( 'NONE', #2355, #1194, #463, .T. ) ;
#3408 = MECHANICAL_DESIGN_GEOMETRIC_PRESENTATION_REPRESENTATION (  '', ( #3432 ), #2165 ) ;
#3409 = PRESENTATION_LAYER_ASSIGNMENT (  '', '', ( #3432 ) ) ;
#3410 =( NAMED_UNIT ( * ) PLANE_ANGLE_UNIT ( ) SI_UNIT ( $, .RADIAN. ) );
#3411 = CARTESIAN_POINT ( 'NONE',  ( -0.06778087669441704200, 0.1230718309748114700, 0.2196757618404199800 ) ) ;
#3412 = FILL_AREA_STYLE_COLOUR ( '', #745 ) ;
#3413 = EDGE_LOOP ( 'NONE', ( #3229, #1785, #755, #1535, #3701 ) ) ;
#3414 = DIRECTION ( 'NONE',  ( -1.000000000000000000, 6.982964699952515400E-015, 1.896751731090606800E-016 ) ) ;
#3415 = EDGE_CURVE ( 'NONE', #2981, #844, #1004, .T. ) ;
#3416 = LENGTH_MEASURE_WITH_UNIT ( LENGTH_MEASURE( 0.02539999999999999900 ), #2258 );
#3417 = FILL_AREA_STYLE_COLOUR ( '', #485 ) ;
#3418 = SURFACE_STYLE_FILL_AREA ( #3859 ) ;
#3419 = SURFACE_STYLE_FILL_AREA ( #3861 ) ;
#3420 = MECHANICAL_DESIGN_GEOMETRIC_PRESENTATION_REPRESENTATION (  '', ( #3516 ), #3649 ) ;
#3421 = EDGE_CURVE ( 'NONE', #435, #226, #3915, .T. ) ;
#3422 = VERTEX_POINT ( 'NONE', #2584 ) ;
#3423 = EDGE_CURVE ( 'NONE', #1950, #269, #2168, .T. ) ;
#3424 = VECTOR ( 'NONE', #1242, 39.37007874015748100 ) ;
#3425 = ORIENTED_EDGE ( 'NONE', *, *, #3980, .T. ) ;
#3426 = EDGE_CURVE ( 'NONE', #957, #699, #924, .T. ) ;
#3427 = ORIENTED_EDGE ( 'NONE', *, *, #1383, .T. ) ;
#3428 = VECTOR ( 'NONE', #1179, 39.37007874015748100 ) ;
#3429 = AXIS2_PLACEMENT_3D ( 'NONE', #3684, #3209, #2781 ) ;
#3430 = ADVANCED_FACE ( 'NONE', ( #2371 ), #436, .T. ) ;
#3431 = LENGTH_MEASURE_WITH_UNIT ( LENGTH_MEASURE( 0.02539999999999999900 ), #324 );
#3432 = STYLED_ITEM ( 'NONE', ( #2317 ), #1188 ) ;
#3433 = CARTESIAN_POINT ( 'NONE',  ( -0.03978087669441707200, 0.1015718309748117500, 0.2596758418404242500 ) ) ;
#3434 =( NAMED_UNIT ( * ) PLANE_ANGLE_UNIT ( ) SI_UNIT ( $, .RADIAN. ) );
#3435 = VERTEX_POINT ( 'NONE', #2290 ) ;
#3436 = VECTOR ( 'NONE', #4180, 39.37007874015748100 ) ;
#3437 = SURFACE_STYLE_USAGE ( .BOTH. , #3876 ) ;
#3438 = EDGE_CURVE ( 'NONE', #2306, #280, #1852, .T. ) ;
#3439 =( LENGTH_UNIT ( ) NAMED_UNIT ( * ) SI_UNIT ( $, .METRE. ) );
#3440 =( NAMED_UNIT ( * ) SI_UNIT ( $, .STERADIAN. ) SOLID_ANGLE_UNIT ( ) );
#3441 =( CONVERSION_BASED_UNIT ( 'INCH', #3827 ) LENGTH_UNIT ( ) NAMED_UNIT ( #561 ) );
#3442 = PLANE ( 'NONE',  #361 ) ;
#3443 = SURFACE_STYLE_FILL_AREA ( #3879 ) ;
#3444 = AXIS2_PLACEMENT_3D ( 'NONE', #1691, #1303, #905 ) ;
#3445 = CARTESIAN_POINT ( 'NONE',  ( -0.07274150661567688200, 0.1290718309748114800, 0.2596758418404240800 ) ) ;
#3446 = SURFACE_STYLE_USAGE ( .BOTH. , #3882 ) ;
#3447 = EDGE_CURVE ( 'NONE', #368, #3727, #179, .T. ) ;
#3448 = PRESENTATION_LAYER_ASSIGNMENT (  '', '', ( #3516 ) ) ;
#3449 = DIRECTION ( 'NONE',  ( 1.000000000000000000, 0.0000000000000000000, 0.0000000000000000000 ) ) ;
#3450 = ORIENTED_EDGE ( 'NONE', *, *, #2411, .T. ) ;
#3451 = ORIENTED_EDGE ( 'NONE', *, *, #3587, .T. ) ;
#3452 = B_SPLINE_CURVE_WITH_KNOTS ( 'NONE', 3,
 ( #2750, #1086, #661, #223 ),
 .UNSPECIFIED., .F., .F.,
 ( 4, 4 ),
 ( 0.0000000000000000000, 1.000000000000000000 ),
 .UNSPECIFIED. ) ;
#3453 = VERTEX_POINT ( 'NONE', #3056 ) ;
#3454 = ORIENTED_EDGE ( 'NONE', *, *, #3601, .F. ) ;
#3455 = EDGE_CURVE ( 'NONE', #3122, #3250, #2868, .T. ) ;
#3456 = CYLINDRICAL_SURFACE ( 'NONE', #3087, 0.005000009999999941100 ) ;
#3457 =( LENGTH_UNIT ( ) NAMED_UNIT ( * ) SI_UNIT ( $, .METRE. ) );
#3458 = PLANE ( 'NONE',  #2483 ) ;
#3459 = VERTEX_POINT ( 'NONE', #946 ) ;
#3460 = VECTOR ( 'NONE', #3509, 39.37007874015748100 ) ;
#3461 = CARTESIAN_POINT ( 'NONE',  ( 0.08977975322684275700, 0.1250718309748114800, 0.2522159741056527700 ) ) ;
#3462 = DIRECTION ( 'NONE',  ( 0.0000000000000000000, 0.0000000000000000000, -1.000000000000000000 ) ) ;
#3463 = EDGE_LOOP ( 'NONE', ( #3956, #88, #3640, #496 ) ) ;
#3464 = DIRECTION ( 'NONE',  ( 0.0000000000000000000, 1.000000000000000000, 0.0000000000000000000 ) ) ;
#3465 = SURFACE_STYLE_USAGE ( .BOTH. , #3898 ) ;
#3466 = FILL_AREA_STYLE ('',( #3900 ) ) ;
#3467 = SURFACE_STYLE_FILL_AREA ( #3901 ) ;
#3468 = DIRECTION ( 'NONE',  ( 1.000000000000000000, -0.0000000000000000000, 0.0000000000000000000 ) ) ;
#3469 = FILL_AREA_STYLE ('',( #3903 ) ) ;
#3470 = VERTEX_POINT ( 'NONE', #510 ) ;
#3471 =( CONVERSION_BASED_UNIT ( 'INCH', #590 ) LENGTH_UNIT ( ) NAMED_UNIT ( #810 ) );
#3472 = UNCERTAINTY_MEASURE_WITH_UNIT (LENGTH_MEASURE( 1.000000000000000100E-005 ), #229, 'distance_accuracy_value', 'NONE');
#3473 = MECHANICAL_DESIGN_GEOMETRIC_PRESENTATION_REPRESENTATION (  '', ( #3922 ), #681 ) ;
#3474 = LENGTH_MEASURE_WITH_UNIT ( LENGTH_MEASURE( 0.02539999999999999900 ), #3941 );
#3475 = PLANE ( 'NONE',  #1239 ) ;
#3476 = FACE_OUTER_BOUND ( 'NONE', #108, .T. ) ;
#3477 = MECHANICAL_DESIGN_GEOMETRIC_PRESENTATION_REPRESENTATION (  '', ( #3505 ), #1613 ) ;
#3478 = PRESENTATION_LAYER_ASSIGNMENT (  '', '', ( #363 ) ) ;
#3479 = CARTESIAN_POINT ( 'NONE',  ( -0.06778087669441708300, 0.1400718309748114600, 0.3163758418404164500 ) ) ;
#3480 = PRESENTATION_LAYER_ASSIGNMENT (  '', '', ( #3505 ) ) ;
#3481 = CARTESIAN_POINT ( 'NONE',  ( -0.04318087669441705200, 0.1400718309748114600, 0.3163758418404164500 ) ) ;
#3482 = ORIENTED_EDGE ( 'NONE', *, *, #2021, .T. ) ;
#3483 = CARTESIAN_POINT ( 'NONE',  ( 0.08981912330558293500, 0.1230718309748114700, 0.2628669802159305800 ) ) ;
#3484 = FILL_AREA_STYLE ('',( #1003 ) ) ;
#3485 = CARTESIAN_POINT ( 'NONE',  ( 0.08981912330558293500, 0.1230718309748114700, 0.3163758418404165100 ) ) ;
#3486 = DIRECTION ( 'NONE',  ( 0.0000000000000000000, 1.000000000000000000, 0.0000000000000000000 ) ) ;
#3487 = LINE ( 'NONE', #3025, #2791 ) ;
#3488 = LINE ( 'NONE', #3026, #4133 ) ;
#3489 = SURFACE_STYLE_FILL_AREA ( #3920 ) ;
#3490 = SURFACE_STYLE_USAGE ( .BOTH. , #3923 ) ;
#3491 = AXIS2_PLACEMENT_3D ( 'NONE', #3711, #3237, #2806 ) ;
#3492 = VERTEX_POINT ( 'NONE', #73 ) ;
#3493 = DIRECTION ( 'NONE',  ( -0.0000000000000000000, -0.0000000000000000000, -1.000000000000000000 ) ) ;
#3494 = ORIENTED_EDGE ( 'NONE', *, *, #797, .F. ) ;
#3495 = VERTEX_POINT ( 'NONE', #3858 ) ;
#3496 = VECTOR ( 'NONE', #574, 39.37007874015748100 ) ;
#3497 = ORIENTED_EDGE ( 'NONE', *, *, #3415, .F. ) ;
#3498 = PRESENTATION_LAYER_ASSIGNMENT (  '', '', ( #1642 ) ) ;
#3499 = SURFACE_SIDE_STYLE ('',( #3931 ) ) ;
#3500 = LINE ( 'NONE', #3046, #913 ) ;
#3501 = SURFACE_STYLE_USAGE ( .BOTH. , #3935 ) ;
#3502 = LINE ( 'NONE', #3049, #3094 ) ;
#3503 = PLANE ( 'NONE',  #95 ) ;
#3504 = VERTEX_POINT ( 'NONE', #1342 ) ;
#3505 = STYLED_ITEM ( 'NONE', ( #1034 ), #1138 ) ;
#3506 = SURFACE_STYLE_FILL_AREA ( #3938 ) ;
#3507 =( NAMED_UNIT ( * ) SI_UNIT ( $, .STERADIAN. ) SOLID_ANGLE_UNIT ( ) );
#3508 = AXIS2_PLACEMENT_3D ( 'NONE', #866, #398, #1 ) ;
#3509 = DIRECTION ( 'NONE',  ( -0.0000000000000000000, -1.000000000000000000, -0.0000000000000000000 ) ) ;
#3510 = LINE ( 'NONE', #3057, #2911 ) ;
#3511 = CARTESIAN_POINT ( 'NONE',  ( -0.07274150661567688200, 0.1230324608960713100, 0.2996759218404222400 ) ) ;
#3512 = FILL_AREA_STYLE_COLOUR ( '', #2081 ) ;
#3513 = UNCERTAINTY_MEASURE_WITH_UNIT (LENGTH_MEASURE( 1.000000000000000100E-005 ), #3585, 'distance_accuracy_value', 'NONE');
#3514 = CARTESIAN_POINT ( 'NONE',  ( 0.08981335460640381400, 0.1230660591469840800, 0.2561024390044974200 ) ) ;
#3515 =( LENGTH_UNIT ( ) NAMED_UNIT ( * ) SI_UNIT ( $, .METRE. ) );
#3516 = STYLED_ITEM ( 'NONE', ( #3584 ), #4084 ) ;
#3517 = ORIENTED_EDGE ( 'NONE', *, *, #428, .T. ) ;
#3518 = VECTOR ( 'NONE', #2367, 39.37007874015748100 ) ;
#3519 = ADVANCED_FACE ( 'NONE', ( #4009 ), #2754, .F. ) ;
#3520 = ORIENTED_EDGE ( 'NONE', *, *, #1198, .F. ) ;
#3521 = AXIS2_PLACEMENT_3D ( 'NONE', #919, #465, #44 ) ;
#3522 = SURFACE_SIDE_STYLE ('',( #3958 ) ) ;
#3523 = ORIENTED_EDGE ( 'NONE', *, *, #3312, .T. ) ;
#3524 = ORIENTED_EDGE ( 'NONE', *, *, #3587, .F. ) ;
#3525 = ORIENTED_EDGE ( 'NONE', *, *, #2451, .T. ) ;
#3526 = UNCERTAINTY_MEASURE_WITH_UNIT (LENGTH_MEASURE( 1.000000000000000100E-005 ), #1692, 'distance_accuracy_value', 'NONE');
#3527 = FILL_AREA_STYLE_COLOUR ( '', #1055 ) ;
#3528 = VECTOR ( 'NONE', #4055, 39.37007874015748100 ) ;
#3529 = EDGE_CURVE ( 'NONE', #435, #226, #1068, .T. ) ;
#3530 = PRESENTATION_STYLE_ASSIGNMENT (( #3966 ) ) ;
#3531 = LINE ( 'NONE', #3077, #2222 ) ;
#3532 = SURFACE_STYLE_USAGE ( .BOTH. , #3969 ) ;
#3533 = DIMENSIONAL_EXPONENTS ( 1.000000000000000000, 0.0000000000000000000, 0.0000000000000000000, 0.0000000000000000000, 0.0000000000000000000, 0.0000000000000000000, 0.0000000000000000000 ) ;
#3534 = VECTOR ( 'NONE', #1149, 39.37007874015748100 ) ;
#3535 = LINE ( 'NONE', #3081, #2133 ) ;
#3536 = CARTESIAN_POINT ( 'NONE',  ( 0.09294728888780733100, 0.1255390977803325900, 0.2626758478404199200 ) ) ;
#3537 =( LENGTH_UNIT ( ) NAMED_UNIT ( * ) SI_UNIT ( $, .METRE. ) );
#3538 = FILL_AREA_STYLE ('',( #3974 ) ) ;
#3539 =( CONVERSION_BASED_UNIT ( 'INCH', #323 ) LENGTH_UNIT ( ) NAMED_UNIT ( #526 ) );
#3540 = LINE ( 'NONE', #3088, #1287 ) ;
#3541 = UNCERTAINTY_MEASURE_WITH_UNIT (LENGTH_MEASURE( 1.000000000000000100E-005 ), #3683, 'distance_accuracy_value', 'NONE');
#3542 = DIMENSIONAL_EXPONENTS ( 1.000000000000000000, 0.0000000000000000000, 0.0000000000000000000, 0.0000000000000000000, 0.0000000000000000000, 0.0000000000000000000, 0.0000000000000000000 ) ;
#3543 = CARTESIAN_POINT ( 'NONE',  ( -0.04818087669441705600, 0.09557183097481147800, 0.3163758418404165100 ) ) ;
#3544 = ORIENTED_EDGE ( 'NONE', *, *, #1312, .T. ) ;
#3545 = EDGE_LOOP ( 'NONE', ( #2931, #1828, #1361, #1550, #1050, #3959, #1653, #608 ) ) ;
#3546 = DIMENSIONAL_EXPONENTS ( 1.000000000000000000, 0.0000000000000000000, 0.0000000000000000000, 0.0000000000000000000, 0.0000000000000000000, 0.0000000000000000000, 0.0000000000000000000 ) ;
#3547 = VECTOR ( 'NONE', #3704, 39.37007874015748100 ) ;
#3548 = CARTESIAN_POINT ( 'NONE',  ( 0.08977975322684274300, 0.1230718309748114700, 0.2196757618404102900 ) ) ;
#3549 = DIMENSIONAL_EXPONENTS ( 1.000000000000000000, 0.0000000000000000000, 0.0000000000000000000, 0.0000000000000000000, 0.0000000000000000000, 0.0000000000000000000, 0.0000000000000000000 ) ;
#3550 =( GEOMETRIC_REPRESENTATION_CONTEXT ( 3 ) GLOBAL_UNCERTAINTY_ASSIGNED_CONTEXT ( ( #2344 ) ) GLOBAL_UNIT_ASSIGNED_CONTEXT ( ( #3471, #2154, #914 ) ) REPRESENTATION_CONTEXT ( 'NONE', 'WORKASPACE' ) );
#3551 = ORIENTED_EDGE ( 'NONE', *, *, #4100, .F. ) ;
#3552 = DIMENSIONAL_EXPONENTS ( 1.000000000000000000, 0.0000000000000000000, 0.0000000000000000000, 0.0000000000000000000, 0.0000000000000000000, 0.0000000000000000000, 0.0000000000000000000 ) ;
#3553 = FACE_OUTER_BOUND ( 'NONE', #3839, .T. ) ;
#3554 = UNCERTAINTY_MEASURE_WITH_UNIT (LENGTH_MEASURE( 1.000000000000000100E-005 ), #3612, 'distance_accuracy_value', 'NONE');
#3555 = CARTESIAN_POINT ( 'NONE',  ( -0.06778087669441704200, 0.1290718309748114800, 0.2516758258404095400 ) ) ;
#3556 = SURFACE_STYLE_FILL_AREA ( #3992 ) ;
#3557 = FACE_OUTER_BOUND ( 'NONE', #384, .T. ) ;
#3558 = DIRECTION ( 'NONE',  ( 0.0000000000000000000, 0.0000000000000000000, -1.000000000000000000 ) ) ;
#3559 =( CONVERSION_BASED_UNIT ( 'INCH', #2462 ) LENGTH_UNIT ( ) NAMED_UNIT ( #486 ) );
#3560 = ORIENTED_EDGE ( 'NONE', *, *, #428, .F. ) ;
#3561 = DIRECTION ( 'NONE',  ( -1.000000000000000000, 0.0000000000000000000, 0.0000000000000000000 ) ) ;
#3562 = CARTESIAN_POINT ( 'NONE',  ( 0.09581912330558285700, 0.1020718309748114600, 0.2196757618404102900 ) ) ;
#3563 =( LENGTH_UNIT ( ) NAMED_UNIT ( * ) SI_UNIT ( $, .METRE. ) );
#3564 = CARTESIAN_POINT ( 'NONE',  ( 0.06521912330558293800, 0.1230718309748114700, 0.3163758418404165100 ) ) ;
#3565 = CARTESIAN_POINT ( 'NONE',  ( 0.2018124016473464800, 0.1015718309748107100, 0.2996759218404226900 ) ) ;
#3566 = LINE ( 'NONE', #3111, #397 ) ;
#3567 = DIRECTION ( 'NONE',  ( 1.000000000000000000, 0.0000000000000000000, 0.0000000000000000000 ) ) ;
#3568 = DIRECTION ( 'NONE',  ( 0.0000000000000000000, 0.0000000000000000000, 1.000000000000000000 ) ) ;
#3569 = CARTESIAN_POINT ( 'NONE',  ( -0.04818087669441705600, 0.1230718309748114700, 0.3163758418404165100 ) ) ;
#3570 =( GEOMETRIC_REPRESENTATION_CONTEXT ( 3 ) GLOBAL_UNCERTAINTY_ASSIGNED_CONTEXT ( ( #3541 ) ) GLOBAL_UNIT_ASSIGNED_CONTEXT ( ( #3683, #2348, #1096 ) ) REPRESENTATION_CONTEXT ( 'NONE', 'WORKASPACE' ) );
#3571 = AXIS2_PLACEMENT_3D ( 'NONE', #3239, #2807, #2377 ) ;
#3572 = ORIENTED_EDGE ( 'NONE', *, *, #1420, .T. ) ;
#3573 = FILL_AREA_STYLE ('',( #4010 ) ) ;
#3574 = ORIENTED_EDGE ( 'NONE', *, *, #1408, .F. ) ;
#3575 = FACE_OUTER_BOUND ( 'NONE', #3413, .T. ) ;
#3576 = LINE ( 'NONE', #3123, #3210 ) ;
#3577 = DIMENSIONAL_EXPONENTS ( 1.000000000000000000, 0.0000000000000000000, 0.0000000000000000000, 0.0000000000000000000, 0.0000000000000000000, 0.0000000000000000000, 0.0000000000000000000 ) ;
#3578 =( CONVERSION_BASED_UNIT ( 'INCH', #586 ) LENGTH_UNIT ( ) NAMED_UNIT ( #3284 ) );
#3579 = SURFACE_STYLE_USAGE ( .BOTH. , #4017 ) ;
#3580 =( GEOMETRIC_REPRESENTATION_CONTEXT ( 3 ) GLOBAL_UNCERTAINTY_ASSIGNED_CONTEXT ( ( #1112 ) ) GLOBAL_UNIT_ASSIGNED_CONTEXT ( ( #2019, #782, #3686 ) ) REPRESENTATION_CONTEXT ( 'NONE', 'WORKASPACE' ) );
#3581 = LENGTH_MEASURE_WITH_UNIT ( LENGTH_MEASURE( 0.02539999999999999900 ), #472 );
#3582 = DIRECTION ( 'NONE',  ( 0.7071067811865480200, 0.7071067811865470200, -0.0000000000000000000 ) ) ;
#3583 = DIRECTION ( 'NONE',  ( 0.0000000000000000000, 1.000000000000000000, 0.0000000000000000000 ) ) ;
#3584 = PRESENTATION_STYLE_ASSIGNMENT (( #4022 ) ) ;
#3585 =( CONVERSION_BASED_UNIT ( 'INCH', #141 ) LENGTH_UNIT ( ) NAMED_UNIT ( #1883 ) );
#3586 = VERTEX_POINT ( 'NONE', #3971 ) ;
#3587 = EDGE_CURVE ( 'NONE', #1956, #3, #3535, .T. ) ;
#3588 =( GEOMETRIC_REPRESENTATION_CONTEXT ( 3 ) GLOBAL_UNCERTAINTY_ASSIGNED_CONTEXT ( ( #3765 ) ) GLOBAL_UNIT_ASSIGNED_CONTEXT ( ( #1347, #79, #2948 ) ) REPRESENTATION_CONTEXT ( 'NONE', 'WORKASPACE' ) );
#3589 = SURFACE_STYLE_USAGE ( .BOTH. , #4024 ) ;
#3590 = CARTESIAN_POINT ( 'NONE',  ( -0.07878087669441707900, 0.1230324608960713000, 0.2996759218404222400 ) ) ;
#3591 = CARTESIAN_POINT ( 'NONE',  ( -0.07278087669441706000, 0.1230718309748114700, 0.2630581125914345800 ) ) ;
#3592 = CARTESIAN_POINT ( 'NONE',  ( 0.06521912330558293800, 0.1230718309748114700, 0.2996759218404226900 ) ) ;
#3593 = DIRECTION ( 'NONE',  ( 1.896751731090606800E-016, 0.0000000000000000000, 1.000000000000000000 ) ) ;
#3594 = PRESENTATION_LAYER_ASSIGNMENT (  '', '', ( #3598 ) ) ;
#3595 =( NAMED_UNIT ( * ) SI_UNIT ( $, .STERADIAN. ) SOLID_ANGLE_UNIT ( ) );
#3596 = PRESENTATION_LAYER_ASSIGNMENT (  '', '', ( #3997 ) ) ;
#3597 = PRESENTATION_STYLE_ASSIGNMENT (( #4032 ) ) ;
#3598 = STYLED_ITEM ( 'NONE', ( #1720 ), #1083 ) ;
#3599 = CARTESIAN_POINT ( 'NONE',  ( 0.08977975322684274300, 0.1290718309748114800, 0.2596758418404240800 ) ) ;
#3600 = EDGE_LOOP ( 'NONE', ( #3221, #4099, #636, #2512 ) ) ;
#3601 = EDGE_CURVE ( 'NONE', #627, #2068, #1771, .T. ) ;
#3602 = DIRECTION ( 'NONE',  ( 1.896751731090606800E-016, -0.0000000000000000000, 1.000000000000000000 ) ) ;
#3603 = CARTESIAN_POINT ( 'NONE',  ( -0.07048103469440981900, 0.1290718309748114800, 0.2516758258404095400 ) ) ;
#3604 = ORIENTED_EDGE ( 'NONE', *, *, #2299, .T. ) ;
#3605 = ORIENTED_EDGE ( 'NONE', *, *, #4100, .T. ) ;
#3606 = APPLICATION_CONTEXT ( 'automotive_design' ) ;
#3607 = ORIENTED_EDGE ( 'NONE', *, *, #3421, .T. ) ;
#3608 = ADVANCED_FACE ( 'NONE', ( #2467 ), #316, .F. ) ;
#3609 = VECTOR ( 'NONE', #3914, 39.37007874015748100 ) ;
#3610 = AXIS2_PLACEMENT_3D ( 'NONE', #3362, #1600, #1224 ) ;
#3611 = APPLICATION_CONTEXT ( 'automotive_design' ) ;
#3612 =( CONVERSION_BASED_UNIT ( 'INCH', #61 ) LENGTH_UNIT ( ) NAMED_UNIT ( #3310 ) );
#3613 = VERTEX_POINT ( 'NONE', #1075 ) ;
#3614 = CARTESIAN_POINT ( 'NONE',  ( -0.07878087669441707900, 0.1230324608960713000, 0.2196757618404199800 ) ) ;
#3615 = FACE_OUTER_BOUND ( 'NONE', #2532, .T. ) ;
#3616 =( NAMED_UNIT ( * ) SI_UNIT ( $, .STERADIAN. ) SOLID_ANGLE_UNIT ( ) );
#3617 = FILL_AREA_STYLE_COLOUR ( '', #1756 ) ;
#3618 = CARTESIAN_POINT ( 'NONE',  ( -0.07228087669441700400, 0.1020718309748115300, 0.1792628375220629300 ) ) ;
#3619 = CARTESIAN_POINT ( 'NONE',  ( 0.008519123305576425200, 0.1290718309748114800, 0.2676758578404200300 ) ) ;
#3620 = CARTESIAN_POINT ( 'NONE',  ( -0.07048103469440981900, 0.1230718309748114700, 0.2626758478404113700 ) ) ;
#3621 = CARTESIAN_POINT ( 'NONE',  ( 0.08977975322684274300, 0.1230718309748114700, 0.2522159741056527700 ) ) ;
#3622 = DIRECTION ( 'NONE',  ( 0.0000000000000000000, 0.0000000000000000000, 1.000000000000000000 ) ) ;
#3623 = LINE ( 'NONE', #3160, #4034 ) ;
#3624 = VECTOR ( 'NONE', #1413, 39.37007874015748100 ) ;
#3625 = CARTESIAN_POINT ( 'NONE',  ( 0.05681912330558290500, 0.1015718309748117200, 0.2196757618404102900 ) ) ;
#3626 = DIRECTION ( 'NONE',  ( 1.896751731090606800E-016, -0.0000000000000000000, 1.000000000000000000 ) ) ;
#3627 = EDGE_CURVE ( 'NONE', #220, #607, #655, .T. ) ;
#3628 =( GEOMETRIC_REPRESENTATION_CONTEXT ( 3 ) GLOBAL_UNCERTAINTY_ASSIGNED_CONTEXT ( ( #456 ) ) GLOBAL_UNIT_ASSIGNED_CONTEXT ( ( #1849, #615, #3507 ) ) REPRESENTATION_CONTEXT ( 'NONE', 'WORKASPACE' ) );
#3629 = VECTOR ( 'NONE', #2297, 39.37007874015748100 ) ;
#3630 = VERTEX_POINT ( 'NONE', #3091 ) ;
#3631 = ORIENTED_EDGE ( 'NONE', *, *, #3372, .T. ) ;
#3632 = VECTOR ( 'NONE', #2042, 39.37007874015748100 ) ;
#3633 = EDGE_CURVE ( 'NONE', #3928, #165, #432, .T. ) ;
#3634 = CARTESIAN_POINT ( 'NONE',  ( -0.07278087669441704600, 0.1230324608960713100, 0.2996759218404222400 ) ) ;
#3635 = VECTOR ( 'NONE', #230, 39.37007874015748100 ) ;
#3636 = ORIENTED_EDGE ( 'NONE', *, *, #2951, .T. ) ;
#3637 = DIMENSIONAL_EXPONENTS ( 1.000000000000000000, 0.0000000000000000000, 0.0000000000000000000, 0.0000000000000000000, 0.0000000000000000000, 0.0000000000000000000, 0.0000000000000000000 ) ;
#3638 = VERTEX_POINT ( 'NONE', #1374 ) ;
#3639 = VECTOR ( 'NONE', #3814, 39.37007874015748100 ) ;
#3640 = ORIENTED_EDGE ( 'NONE', *, *, #3075, .F. ) ;
#3641 = EDGE_CURVE ( 'NONE', #2068, #1956, #1779, .T. ) ;
#3642 = CARTESIAN_POINT ( 'NONE',  ( -0.07278087669441706000, 0.1230718309748114700, 0.2196757618404199800 ) ) ;
#3643 = EDGE_CURVE ( 'NONE', #3401, #3250, #423, .T. ) ;
#3644 = VECTOR ( 'NONE', #2372, 39.37007874015748100 ) ;
#3645 = CARTESIAN_POINT ( 'NONE',  ( 0.08981912330558293500, 0.09557183097481147800, 0.2086758418404165100 ) ) ;
#3646 = CARTESIAN_POINT ( 'NONE',  ( 0.08977975322684275700, 0.1250718309748114800, 0.2671357095751886200 ) ) ;
#3647 = LINE ( 'NONE', #3179, #2232 ) ;
#3648 = DIRECTION ( 'NONE',  ( 1.896751731090606800E-016, 0.0000000000000000000, 1.000000000000000000 ) ) ;
#3649 =( GEOMETRIC_REPRESENTATION_CONTEXT ( 3 ) GLOBAL_UNCERTAINTY_ASSIGNED_CONTEXT ( ( #303 ) ) GLOBAL_UNIT_ASSIGNED_CONTEXT ( ( #999, #3909, #2579 ) ) REPRESENTATION_CONTEXT ( 'NONE', 'WORKASPACE' ) );
#3650 = FACE_OUTER_BOUND ( 'NONE', #1496, .T. ) ;
#3651 = SURFACE_STYLE_FILL_AREA ( #4085 ) ;
#3652 = CARTESIAN_POINT ( 'NONE',  ( 0.09581912330558323100, 0.2090673221727930000, 0.2596758418404240800 ) ) ;
#3653 = DIRECTION ( 'NONE',  ( 0.0000000000000000000, 1.000000000000000000, -0.0000000000000000000 ) ) ;
#3654 = LINE ( 'NONE', #3185, #3393 ) ;
#3655 = EDGE_CURVE ( 'NONE', #1573, #59, #2547, .T. ) ;
#3656 = FILL_AREA_STYLE ('',( #1184 ) ) ;
#3657 =( LENGTH_UNIT ( ) NAMED_UNIT ( * ) SI_UNIT ( $, .METRE. ) );
#3658 = LENGTH_MEASURE_WITH_UNIT ( LENGTH_MEASURE( 0.02539999999999999900 ), #4178 );
#3659 =( NAMED_UNIT ( * ) PLANE_ANGLE_UNIT ( ) SI_UNIT ( $, .RADIAN. ) );
#3660 = EDGE_CURVE ( 'NONE', #59, #20, #1291, .T. ) ;
#3661 = FACE_OUTER_BOUND ( 'NONE', #55, .T. ) ;
#3662 = EDGE_LOOP ( 'NONE', ( #3954, #3845, #315, #359 ) ) ;
#3663 = CYLINDRICAL_SURFACE ( 'NONE', #953, 0.006039370078740154700 ) ;
#3664 = VERTEX_POINT ( 'NONE', #15 ) ;
#3665 = MECHANICAL_DESIGN_GEOMETRIC_PRESENTATION_REPRESENTATION (  '', ( #101 ), #2387 ) ;
#3666 = CARTESIAN_POINT ( 'NONE',  ( 0.09581912330558285700, 0.1020718309748114600, 0.2996759218404226900 ) ) ;
#3667 = ADVANCED_FACE ( 'NONE', ( #312 ), #2975, .T. ) ;
#3668 = VERTEX_POINT ( 'NONE', #1805 ) ;
#3669 = LINE ( 'NONE', #2552, #3269 ) ;
#3670 =( GEOMETRIC_REPRESENTATION_CONTEXT ( 3 ) GLOBAL_UNCERTAINTY_ASSIGNED_CONTEXT ( ( #3202 ) ) GLOBAL_UNIT_ASSIGNED_CONTEXT ( ( #4135, #2797, #1518 ) ) REPRESENTATION_CONTEXT ( 'NONE', 'WORKASPACE' ) );
#3671 = PRESENTATION_STYLE_ASSIGNMENT (( #4104 ) ) ;
#3672 = EDGE_CURVE ( 'NONE', #706, #1300, #1399, .T. ) ;
#3673 = LENGTH_MEASURE_WITH_UNIT ( LENGTH_MEASURE( 0.02539999999999999900 ), #3563 );
#3674 = CARTESIAN_POINT ( 'NONE',  ( -0.07274150661567688200, 0.1290718309748114800, 0.2671357095751810700 ) ) ;
#3675 = ADVANCED_FACE ( 'NONE', ( #3080 ), #131, .F. ) ;
#3676 = FILL_AREA_STYLE ('',( #4109 ) ) ;
#3677 = VERTEX_POINT ( 'NONE', #1941 ) ;
#3678 = PRESENTATION_LAYER_ASSIGNMENT (  '', '', ( #2341 ) ) ;
#3679 = DIRECTION ( 'NONE',  ( -0.0000000000000000000, -1.000000000000000000, -0.0000000000000000000 ) ) ;
#3680 = SURFACE_SIDE_STYLE ('',( #4112 ) ) ;
#3681 = DIRECTION ( 'NONE',  ( 0.0000000000000000000, -1.000000000000000000, 0.0000000000000000000 ) ) ;
#3682 = CARTESIAN_POINT ( 'NONE',  ( 0.08751928130557350100, 0.1290718309748114800, 0.2516758258404213600 ) ) ;
#3683 =( CONVERSION_BASED_UNIT ( 'INCH', #1455 ) LENGTH_UNIT ( ) NAMED_UNIT ( #1873 ) );
#3684 = CARTESIAN_POINT ( 'NONE',  ( 0.06521912330558293800, 0.1230718309748114700, 0.3163758418404165100 ) ) ;
#3685 = ADVANCED_FACE ( 'NONE', ( #4098 ), #932, .T. ) ;
#3686 =( NAMED_UNIT ( * ) SI_UNIT ( $, .STERADIAN. ) SOLID_ANGLE_UNIT ( ) );
#3687 = DIRECTION ( 'NONE',  ( -6.982964699952515400E-015, -1.000000000000000000, 1.324495038277953400E-030 ) ) ;
#3688 = SURFACE_SIDE_STYLE ('',( #4119 ) ) ;
#3689 = ORIENTED_EDGE ( 'NONE', *, *, #1322, .T. ) ;
#3690 = EDGE_CURVE ( 'NONE', #638, #1058, #3391, .T. ) ;
#3691 = LENGTH_MEASURE_WITH_UNIT ( LENGTH_MEASURE( 0.02539999999999999900 ), #1695 );
#3692 = CARTESIAN_POINT ( 'NONE',  ( 0.08751928130557350100, 0.1230718309748114700, 0.2516758258404213600 ) ) ;
#3693 = VECTOR ( 'NONE', #1036, 39.37007874015748100 ) ;
#3694 = EDGE_CURVE ( 'NONE', #627, #699, #1626, .T. ) ;
#3695 = ORIENTED_EDGE ( 'NONE', *, *, #3455, .T. ) ;
#3696 =( NAMED_UNIT ( * ) PLANE_ANGLE_UNIT ( ) SI_UNIT ( $, .RADIAN. ) );
#3697 = EDGE_CURVE ( 'NONE', #1548, #1757, #374, .T. ) ;
#3698 = FILL_AREA_STYLE ('',( #4128 ) ) ;
#3699 = CARTESIAN_POINT ( 'NONE',  ( -0.03978087669441703700, 0.1025718309748121800, 0.2196757618404102700 ) ) ;
#3700 = FILL_AREA_STYLE_COLOUR ( '', #1424 ) ;
#3701 = ORIENTED_EDGE ( 'NONE', *, *, #2861, .F. ) ;
#3702 = EDGE_CURVE ( 'NONE', #325, #304, #3271, .T. ) ;
#3703 = UNCERTAINTY_MEASURE_WITH_UNIT (LENGTH_MEASURE( 1.000000000000000100E-005 ), #2195, 'distance_accuracy_value', 'NONE');
#3704 = DIRECTION ( 'NONE',  ( 0.0000000000000000000, 1.000000000000000000, 0.0000000000000000000 ) ) ;
#3705 = FILL_AREA_STYLE ('',( #4137 ) ) ;
#3706 =( GEOMETRIC_REPRESENTATION_CONTEXT ( 3 ) GLOBAL_UNCERTAINTY_ASSIGNED_CONTEXT ( ( #4047 ) ) GLOBAL_UNIT_ASSIGNED_CONTEXT ( ( #1940, #694, #3595 ) ) REPRESENTATION_CONTEXT ( 'NONE', 'WORKASPACE' ) );
#3707 = CARTESIAN_POINT ( 'NONE',  ( 0.05681912330558286400, 0.09557183097481171400, 0.2596758418404239700 ) ) ;
#3708 = MECHANICAL_DESIGN_GEOMETRIC_PRESENTATION_REPRESENTATION (  '', ( #2533 ), #2909 ) ;
#3709 = DIRECTION ( 'NONE',  ( 0.0000000000000000000, 0.0000000000000000000, -1.000000000000000000 ) ) ;
#3710 = EDGE_CURVE ( 'NONE', #559, #3260, #1967, .T. ) ;
#3711 = CARTESIAN_POINT ( 'NONE',  ( 0.06521912330558293800, 0.1230718309748114700, 0.3163758418404165100 ) ) ;
#3712 = PRESENTATION_LAYER_ASSIGNMENT (  '', '', ( #2533 ) ) ;
#3713 = PRESENTATION_LAYER_ASSIGNMENT (  '', '', ( #701 ) ) ;
#3714 = EDGE_CURVE ( 'NONE', #84, #2572, #727, .T. ) ;
#3715 = VERTEX_POINT ( 'NONE', #3625 ) ;
#3716 = PRESENTATION_STYLE_ASSIGNMENT (( #4143 ) ) ;
#3717 = LINE ( 'NONE', #3243, #460 ) ;
#3718 = VECTOR ( 'NONE', #1946, 39.37007874015748100 ) ;
#3719 = UNCERTAINTY_MEASURE_WITH_UNIT (LENGTH_MEASURE( 1.000000000000000100E-005 ), #2980, 'distance_accuracy_value', 'NONE');
#3720 = MECHANICAL_DESIGN_GEOMETRIC_PRESENTATION_REPRESENTATION (  '', ( #3892 ), #145 ) ;
#3721 = CARTESIAN_POINT ( 'NONE',  ( 0.008519123305576425200, 0.1290718309748114800, 0.2676758578404200300 ) ) ;
#3722 = EDGE_CURVE ( 'NONE', #1260, #1758, #3162, .T. ) ;
#3723 = DIRECTION ( 'NONE',  ( 0.0000000000000000000, 1.000000000000000000, 0.0000000000000000000 ) ) ;
#3724 = FACE_OUTER_BOUND ( 'NONE', #3801, .T. ) ;
#3725 =( GEOMETRIC_REPRESENTATION_CONTEXT ( 3 ) GLOBAL_UNCERTAINTY_ASSIGNED_CONTEXT ( ( #2850 ) ) GLOBAL_UNIT_ASSIGNED_CONTEXT ( ( #2854, #1563, #298 ) ) REPRESENTATION_CONTEXT ( 'NONE', 'WORKASPACE' ) );
#3726 = ORIENTED_EDGE ( 'NONE', *, *, #3739, .F. ) ;
#3727 = VERTEX_POINT ( 'NONE', #1859 ) ;
#3728 = ADVANCED_FACE ( 'NONE', ( #1875 ), #1274, .F. ) ;
#3729 = MECHANICAL_DESIGN_GEOMETRIC_PRESENTATION_REPRESENTATION (  '', ( #3776 ), #3068 ) ;
#3730 = ADVANCED_FACE ( 'NONE', ( #2632 ), #3086, .T. ) ;
#3731 = FILL_AREA_STYLE ('',( #831 ) ) ;
#3732 = ORIENTED_EDGE ( 'NONE', *, *, #1639, .F. ) ;
#3733 = DIRECTION ( 'NONE',  ( 1.000000000000000000, 0.0000000000000000000, -1.896751731090606800E-016 ) ) ;
#3734 =( CONVERSION_BASED_UNIT ( 'INCH', #240 ) LENGTH_UNIT ( ) NAMED_UNIT ( #3318 ) );
#3735 = PRESENTATION_STYLE_ASSIGNMENT (( #4159 ) ) ;
#3736 =( NAMED_UNIT ( * ) SI_UNIT ( $, .STERADIAN. ) SOLID_ANGLE_UNIT ( ) );
#3737 = PLANE ( 'NONE',  #549 ) ;
#3738 = LINE ( 'NONE', #3268, #2160 ) ;
#3739 = EDGE_CURVE ( 'NONE', #2596, #3275, #1370, .T. ) ;
#3740 = DIRECTION ( 'NONE',  ( -1.000000000000000000, -0.0000000000000000000, 1.896751731090606800E-016 ) ) ;
#3741 = DIRECTION ( 'NONE',  ( -7.173819169229555300E-016, 0.0000000000000000000, 1.000000000000000000 ) ) ;
#3742 = ORIENTED_EDGE ( 'NONE', *, *, #3167, .F. ) ;
#3743 = EDGE_CURVE ( 'NONE', #2740, #4167, #3881, .T. ) ;
#3744 = CARTESIAN_POINT ( 'NONE',  ( 0.04681912330558289000, 0.09557183097481147800, 0.3163758418404165100 ) ) ;
#3745 = ORIENTED_EDGE ( 'NONE', *, *, #406, .F. ) ;
#3746 = ADVANCED_FACE ( 'NONE', ( #2508 ), #1431, .T. ) ;
#3747 = UNCERTAINTY_MEASURE_WITH_UNIT (LENGTH_MEASURE( 1.000000000000000100E-005 ), #1709, 'distance_accuracy_value', 'NONE');
#3748 = VECTOR ( 'NONE', #4063, 39.37007874015748100 ) ;
#3749 = ORIENTED_EDGE ( 'NONE', *, *, #150, .F. ) ;
#3750 = ORIENTED_EDGE ( 'NONE', *, *, #3064, .T. ) ;
#3751 = PRESENTATION_LAYER_ASSIGNMENT (  '', '', ( #3776 ) ) ;
#3752 = CARTESIAN_POINT ( 'NONE',  ( -0.06778087669441704200, 0.1400718309748114600, 0.2029758418404165300 ) ) ;
#3753 = EDGE_CURVE ( 'NONE', #2386, #2092, #218, .T. ) ;
#3754 = DIRECTION ( 'NONE',  ( 0.0000000000000000000, 1.000000000000000000, 0.0000000000000000000 ) ) ;
#3755 =( LENGTH_UNIT ( ) NAMED_UNIT ( * ) SI_UNIT ( $, .METRE. ) );
#3756 = PLANE ( 'NONE',  #2271 ) ;
#3757 = CARTESIAN_POINT ( 'NONE',  ( -0.07274150661567688200, 0.1250718309748114800, 0.2522159741056397800 ) ) ;
#3758 =( GEOMETRIC_REPRESENTATION_CONTEXT ( 3 ) GLOBAL_UNCERTAINTY_ASSIGNED_CONTEXT ( ( #247 ) ) GLOBAL_UNIT_ASSIGNED_CONTEXT ( ( #3441, #2120, #884 ) ) REPRESENTATION_CONTEXT ( 'NONE', 'WORKASPACE' ) );
#3759 = EDGE_CURVE ( 'NONE', #220, #559, #3566, .T. ) ;
#3760 = VECTOR ( 'NONE', #2266, 39.37007874015748900 ) ;
#3761 = LINE ( 'NONE', #1561, #3428 ) ;
#3762 =( CONVERSION_BASED_UNIT ( 'INCH', #2867 ) LENGTH_UNIT ( ) NAMED_UNIT ( #471 ) );
#3763 =( CONVERSION_BASED_UNIT ( 'INCH', #3960 ) LENGTH_UNIT ( ) NAMED_UNIT ( #3342 ) );
#3764 = DIRECTION ( 'NONE',  ( 0.0000000000000000000, 1.000000000000000000, 0.0000000000000000000 ) ) ;
#3765 = UNCERTAINTY_MEASURE_WITH_UNIT (LENGTH_MEASURE( 1.000000000000000100E-005 ), #1347, 'distance_accuracy_value', 'NONE');
#3766 = PLANE ( 'NONE',  #3955 ) ;
#3767 = FILL_AREA_STYLE_COLOUR ( '', #283 ) ;
#3768 = EDGE_CURVE ( 'NONE', #2744, #4076, #2242, .T. ) ;
#3769 = SURFACE_STYLE_USAGE ( .BOTH. , #2 ) ;
#3770 = MECHANICAL_DESIGN_GEOMETRIC_PRESENTATION_REPRESENTATION (  '', ( #3782 ), #3580 ) ;
#3771 = VERTEX_POINT ( 'NONE', #986 ) ;
#3772 = PRESENTATION_LAYER_ASSIGNMENT (  '', '', ( #3782 ) ) ;
#3773 = EDGE_CURVE ( 'NONE', #165, #3771, #572, .T. ) ;
#3774 = CARTESIAN_POINT ( 'NONE',  ( -0.07278087669441706000, 0.1015718309748114700, 0.3409758418404165200 ) ) ;
#3775 = ORIENTED_EDGE ( 'NONE', *, *, #3973, .F. ) ;
#3776 = STYLED_ITEM ( 'NONE', ( #668 ), #4046 ) ;
#3777 = EDGE_CURVE ( 'NONE', #849, #872, #411, .T. ) ;
#3778 = CARTESIAN_POINT ( 'NONE',  ( -0.06835288210038117900, 0.1290718309748114800, 0.2996759218404222400 ) ) ;
#3779 = VECTOR ( 'NONE', #300, 39.37007874015748100 ) ;
#3780 = UNCERTAINTY_MEASURE_WITH_UNIT (LENGTH_MEASURE( 1.000000000000000100E-005 ), #3837, 'distance_accuracy_value', 'NONE');
#3781 = PRESENTATION_LAYER_ASSIGNMENT (  '', '', ( #101 ) ) ;
#3782 = STYLED_ITEM ( 'NONE', ( #3129 ), #874 ) ;
#3783 = ADVANCED_FACE ( 'NONE', ( #3010 ), #2563, .T. ) ;
#3784 = LINE ( 'NONE', #3321, #798 ) ;
#3785 =( LENGTH_UNIT ( ) NAMED_UNIT ( * ) SI_UNIT ( $, .METRE. ) );
#3786 = CARTESIAN_POINT ( 'NONE',  ( -0.07456850551751408000, 0.1290718309748114800, 0.2656388733656003300 ) ) ;
#3787 = VERTEX_POINT ( 'NONE', #249 ) ;
#3788 = VECTOR ( 'NONE', #3208, 39.37007874015748100 ) ;
#3789 = EDGE_CURVE ( 'NONE', #1300, #493, #4026, .T. ) ;
#3790 =( NAMED_UNIT ( * ) SI_UNIT ( $, .STERADIAN. ) SOLID_ANGLE_UNIT ( ) );
#3791 = CARTESIAN_POINT ( 'NONE',  ( -0.07277510799523792500, 0.1230660591469840600, 0.2632492446763405900 ) ) ;
#3792 = CARTESIAN_POINT ( 'NONE',  ( 0.08931912330558283700, 0.09557183097481147800, 0.2196757618404102900 ) ) ;
#3793 = FILL_AREA_STYLE ('',( #14 ) ) ;
#3794 =( CONVERSION_BASED_UNIT ( 'INCH', #3899 ) LENGTH_UNIT ( ) NAMED_UNIT ( #3549 ) );
#3795 = VECTOR ( 'NONE', #779, 39.37007874015748100 ) ;
#3796 =( LENGTH_UNIT ( ) NAMED_UNIT ( * ) SI_UNIT ( $, .METRE. ) );
#3797 = EDGE_CURVE ( 'NONE', #269, #368, #2262, .T. ) ;
#3798 = FACE_OUTER_BOUND ( 'NONE', #2769, .T. ) ;
#3799 = FILL_AREA_STYLE_COLOUR ( '', #444 ) ;
#3800 = ORIENTED_EDGE ( 'NONE', *, *, #692, .F. ) ;
#3801 = EDGE_LOOP ( 'NONE', ( #2287, #2369, #2822, #3482 ) ) ;
#3802 = VECTOR ( 'NONE', #3230, 39.37007874015748100 ) ;
#3803 = EDGE_LOOP ( 'NONE', ( #2229, #3775, #3551, #3805, #3524, #3146, #3454, #2333, #2181, #1835, #1868, #2925 ) ) ;
#3804 = AXIS2_PLACEMENT_3D ( 'NONE', #2801, #2370, #1934 ) ;
#3805 = ORIENTED_EDGE ( 'NONE', *, *, #47, .T. ) ;
#3806 = SURFACE_STYLE_USAGE ( .BOTH. , #21 ) ;
#3807 = AXIS2_PLACEMENT_3D ( 'NONE', #233, #4004, #3567 ) ;
#3808 = MECHANICAL_DESIGN_GEOMETRIC_PRESENTATION_REPRESENTATION (  '', ( #363 ), #1409 ) ;
#3809 =( NAMED_UNIT ( * ) SI_UNIT ( $, .STERADIAN. ) SOLID_ANGLE_UNIT ( ) );
#3810 = DIRECTION ( 'NONE',  ( 0.0000000000000000000, 1.000000000000000000, 0.0000000000000000000 ) ) ;
#3811 = ORIENTED_EDGE ( 'NONE', *, *, #2329, .T. ) ;
#3812 = SURFACE_STYLE_FILL_AREA ( #27 ) ;
#3813 = SURFACE_STYLE_FILL_AREA ( #29 ) ;
#3814 = DIRECTION ( 'NONE',  ( 1.000000000000000000, 0.0000000000000000000, -1.896751731090606800E-016 ) ) ;
#3815 = LINE ( 'NONE', #3368, #1930 ) ;
#3816 =( CONVERSION_BASED_UNIT ( 'INCH', #3172 ) LENGTH_UNIT ( ) NAMED_UNIT ( #560 ) );
#3817 = DIRECTION ( 'NONE',  ( 0.0000000000000000000, 1.000000000000000000, 0.0000000000000000000 ) ) ;
#3818 = UNCERTAINTY_MEASURE_WITH_UNIT (LENGTH_MEASURE( 1.000000000000000100E-005 ), #3539, 'distance_accuracy_value', 'NONE');
#3819 = LENGTH_MEASURE_WITH_UNIT ( LENGTH_MEASURE( 0.02539999999999999900 ), #2995 );
#3820 = MECHANICAL_DESIGN_GEOMETRIC_PRESENTATION_REPRESENTATION (  '', ( #475 ), #3890 ) ;
#3821 = FACE_OUTER_BOUND ( 'NONE', #1212, .T. ) ;
#3822 = VECTOR ( 'NONE', #690, 39.37007874015748100 ) ;
#3823 = EDGE_LOOP ( 'NONE', ( #581, #626, #1432, #401, #2277, #3190, #2328, #1570 ) ) ;
#3824 = FILL_AREA_STYLE_COLOUR ( '', #1101 ) ;
#3825 = PRESENTATION_LAYER_ASSIGNMENT (  '', '', ( #3892 ) ) ;
#3826 = UNCERTAINTY_MEASURE_WITH_UNIT (LENGTH_MEASURE( 1.000000000000000100E-005 ), #236, 'distance_accuracy_value', 'NONE');
#3827 = LENGTH_MEASURE_WITH_UNIT ( LENGTH_MEASURE( 0.02539999999999999900 ), #542 );
#3828 = MECHANICAL_DESIGN_GEOMETRIC_PRESENTATION_REPRESENTATION (  '', ( #2819 ), #34 ) ;
#3829 = FILL_AREA_STYLE_COLOUR ( '', #1159 ) ;
#3830 = FILL_AREA_STYLE_COLOUR ( '', #4 ) ;
#3831 = CARTESIAN_POINT ( 'NONE',  ( -0.07048103469440981900, 0.1290718309748114800, 0.2566758358404094800 ) ) ;
#3832 = ORIENTED_EDGE ( 'NONE', *, *, #2395, .T. ) ;
#3833 = DIRECTION ( 'NONE',  ( 0.0000000000000000000, -1.000000000000000000, 0.0000000000000000000 ) ) ;
#3834 = FILL_AREA_STYLE ('',( #1414 ) ) ;
#3835 = SURFACE_STYLE_FILL_AREA ( #51 ) ;
#3836 = PRESENTATION_STYLE_ASSIGNMENT (( #52 ) ) ;
#3837 =( CONVERSION_BASED_UNIT ( 'INCH', #520 ) LENGTH_UNIT ( ) NAMED_UNIT ( #523 ) );
#3838 = DIRECTION ( 'NONE',  ( 1.000000000000000000, 0.0000000000000000000, -1.896751731090606800E-016 ) ) ;
#3839 = EDGE_LOOP ( 'NONE', ( #3929, #2107, #2029, #2888, #134 ) ) ;
#3840 = UNCERTAINTY_MEASURE_WITH_UNIT (LENGTH_MEASURE( 1.000000000000000100E-005 ), #960, 'distance_accuracy_value', 'NONE');
#3841 = PRESENTATION_LAYER_ASSIGNMENT (  '', '', ( #2819 ) ) ;
#3842 = ORIENTED_EDGE ( 'NONE', *, *, #38, .F. ) ;
#3843 = CYLINDRICAL_SURFACE ( 'NONE', #1382, 0.02459999999999999300 ) ;
#3844 = ORIENTED_EDGE ( 'NONE', *, *, #2325, .T. ) ;
#3845 = ORIENTED_EDGE ( 'NONE', *, *, #3367, .T. ) ;
#3846 = VECTOR ( 'NONE', #1500, 39.37007874015748100 ) ;
#3847 = PRESENTATION_LAYER_ASSIGNMENT (  '', '', ( #4008 ) ) ;
#3848 = PRESENTATION_STYLE_ASSIGNMENT (( #64 ) ) ;
#3849 = EDGE_CURVE ( 'NONE', #3470, #2644, #2690, .T. ) ;
#3850 = STYLED_ITEM ( 'NONE', ( #259 ), #89 ) ;
#3851 = CARTESIAN_POINT ( 'NONE',  ( -0.07274150661567688200, 0.1290718309748114800, 0.2522159741056397800 ) ) ;
#3852 = CARTESIAN_POINT ( 'NONE',  ( -0.02978087669441696300, 0.09557183097481147800, 0.3106758418404165800 ) ) ;
#3853 = ORIENTED_EDGE ( 'NONE', *, *, #1032, .T. ) ;
#3854 =( CONVERSION_BASED_UNIT ( 'INCH', #2250 ) LENGTH_UNIT ( ) NAMED_UNIT ( #1841 ) );
#3855 = CARTESIAN_POINT ( 'NONE',  ( 0.2018124016473464600, 0.09557183097481070100, 0.2996759218404226900 ) ) ;
#3856 = MECHANICAL_DESIGN_GEOMETRIC_PRESENTATION_REPRESENTATION (  '', ( #3864 ), #3758 ) ;
#3857 = VECTOR ( 'NONE', #3109, 39.37007874015748100 ) ;
#3858 = CARTESIAN_POINT ( 'NONE',  ( 0.06521912330558293800, 0.1230718309748114700, 0.3409758418404165200 ) ) ;
#3859 = FILL_AREA_STYLE ('',( #74 ) ) ;
#3860 = PRESENTATION_STYLE_ASSIGNMENT (( #76 ) ) ;
#3861 = FILL_AREA_STYLE ('',( #78 ) ) ;
#3862 =( NAMED_UNIT ( * ) SI_UNIT ( $, .STERADIAN. ) SOLID_ANGLE_UNIT ( ) );
#3863 = PRESENTATION_LAYER_ASSIGNMENT (  '', '', ( #3864 ) ) ;
#3864 = STYLED_ITEM ( 'NONE', ( #1774 ), #4018 ) ;
#3865 = EDGE_CURVE ( 'NONE', #3122, #435, #1814, .T. ) ;
#3866 = ORIENTED_EDGE ( 'NONE', *, *, #3962, .T. ) ;
#3867 = UNCERTAINTY_MEASURE_WITH_UNIT (LENGTH_MEASURE( 1.000000000000000100E-005 ), #3889, 'distance_accuracy_value', 'NONE');
#3868 = EDGE_LOOP ( 'NONE', ( #60, #1435, #1025, #3607, #2305, #4171, #1975, #3842, #1330, #2703 ) ) ;
#3869 = AXIS2_PLACEMENT_3D ( 'NONE', #1602, #1226, #808 ) ;
#3870 = AXIS2_PLACEMENT_3D ( 'NONE', #2879, #2457, #2016 ) ;
#3871 =( NAMED_UNIT ( * ) PLANE_ANGLE_UNIT ( ) SI_UNIT ( $, .RADIAN. ) );
#3872 = VECTOR ( 'NONE', #669, 39.37007874015748100 ) ;
#3873 = LINE ( 'NONE', #3433, #2184 ) ;
#3874 = ORIENTED_EDGE ( 'NONE', *, *, #797, .T. ) ;
#3875 = AXIS2_PLACEMENT_3D ( 'NONE', #3119, #2672, #2246 ) ;
#3876 = SURFACE_SIDE_STYLE ('',( #97 ) ) ;
#3877 = MECHANICAL_DESIGN_GEOMETRIC_PRESENTATION_REPRESENTATION (  '', ( #1427 ), #2973 ) ;
#3878 =( NAMED_UNIT ( * ) SI_UNIT ( $, .STERADIAN. ) SOLID_ANGLE_UNIT ( ) );
#3879 = FILL_AREA_STYLE ('',( #100 ) ) ;
#3880 = FACE_OUTER_BOUND ( 'NONE', #3910, .T. ) ;
#3881 = LINE ( 'NONE', #3445, #1246 ) ;
#3882 = SURFACE_SIDE_STYLE ('',( #104 ) ) ;
#3883 = DIRECTION ( 'NONE',  ( 0.0000000000000000000, 1.000000000000000000, 0.0000000000000000000 ) ) ;
#3884 = ORIENTED_EDGE ( 'NONE', *, *, #1749, .T. ) ;
#3885 = ORIENTED_EDGE ( 'NONE', *, *, #2977, .F. ) ;
#3886 = VERTEX_POINT ( 'NONE', #2582 ) ;
#3887 = ORIENTED_EDGE ( 'NONE', *, *, #3690, .T. ) ;
#3888 = UNCERTAINTY_MEASURE_WITH_UNIT (LENGTH_MEASURE( 1.000000000000000100E-005 ), #1085, 'distance_accuracy_value', 'NONE');
#3889 =( CONVERSION_BASED_UNIT ( 'INCH', #729 ) LENGTH_UNIT ( ) NAMED_UNIT ( #3296 ) );
#3890 =( GEOMETRIC_REPRESENTATION_CONTEXT ( 3 ) GLOBAL_UNCERTAINTY_ASSIGNED_CONTEXT ( ( #794 ) ) GLOBAL_UNIT_ASSIGNED_CONTEXT ( ( #1733, #490, #3396 ) ) REPRESENTATION_CONTEXT ( 'NONE', 'WORKASPACE' ) );
#3891 = VERTEX_POINT ( 'NONE', #2166 ) ;
#3892 = STYLED_ITEM ( 'NONE', ( #2073 ), #3430 ) ;
#3893 = CARTESIAN_POINT ( 'NONE',  ( 0.08977975322684274300, 0.1230718309748114700, 0.2522159741056527200 ) ) ;
#3894 = DIRECTION ( 'NONE',  ( -0.0000000000000000000, -1.000000000000000000, -0.0000000000000000000 ) ) ;
#3895 =( NAMED_UNIT ( * ) SI_UNIT ( $, .STERADIAN. ) SOLID_ANGLE_UNIT ( ) );
#3896 = ORIENTED_EDGE ( 'NONE', *, *, #1951, .F. ) ;
#3897 = DIRECTION ( 'NONE',  ( 1.000000000000000000, 0.0000000000000000000, 0.0000000000000000000 ) ) ;
#3898 = SURFACE_SIDE_STYLE ('',( #127 ) ) ;
#3899 = LENGTH_MEASURE_WITH_UNIT ( LENGTH_MEASURE( 0.02539999999999999900 ), #886 );
#3900 = FILL_AREA_STYLE_COLOUR ( '', #514 ) ;
#3901 = FILL_AREA_STYLE ('',( #129 ) ) ;
#3902 = CARTESIAN_POINT ( 'NONE',  ( -0.07278087669441706000, 0.1230718309748114700, 0.3163758418404165100 ) ) ;
#3903 = FILL_AREA_STYLE_COLOUR ( '', #391 ) ;
#3904 = VERTEX_POINT ( 'NONE', #1719 ) ;
#3905 = VECTOR ( 'NONE', #1008, 39.37007874015748100 ) ;
#3906 = PRESENTATION_STYLE_ASSIGNMENT (( #138 ) ) ;
#3907 =( GEOMETRIC_REPRESENTATION_CONTEXT ( 3 ) GLOBAL_UNCERTAINTY_ASSIGNED_CONTEXT ( ( #3136 ) ) GLOBAL_UNIT_ASSIGNED_CONTEXT ( ( #2617, #1350, #82 ) ) REPRESENTATION_CONTEXT ( 'NONE', 'WORKASPACE' ) );
#3908 = DIRECTION ( 'NONE',  ( -1.896751731090606800E-016, 0.0000000000000000000, -1.000000000000000000 ) ) ;
#3909 =( NAMED_UNIT ( * ) PLANE_ANGLE_UNIT ( ) SI_UNIT ( $, .RADIAN. ) );
#3910 = EDGE_LOOP ( 'NONE', ( #3196, #2464, #4071, #3560, #556 ) ) ;
#3911 = EDGE_CURVE ( 'NONE', #3383, #220, #1318, .T. ) ;
#3912 = MECHANICAL_DESIGN_GEOMETRIC_PRESENTATION_REPRESENTATION (  '', ( #701 ), #975 ) ;
#3913 = CARTESIAN_POINT ( 'NONE',  ( 0.08981912330558293500, 0.1230718309748114700, 0.2630581125914412400 ) ) ;
#3914 = DIRECTION ( 'NONE',  ( -3.491481338843133000E-015, -1.000000000000000000, 6.622473273521262800E-031 ) ) ;
#3915 = LINE ( 'NONE', #3485, #125 ) ;
#3916 = PRESENTATION_LAYER_ASSIGNMENT (  '', '', ( #3922 ) ) ;
#3917 = CARTESIAN_POINT ( 'NONE',  ( 0.08751928130557350100, 0.1290718309748114800, 0.2676758578404200300 ) ) ;
#3918 = FILL_AREA_STYLE_COLOUR ( '', #2103 ) ;
#3919 = DIRECTION ( 'NONE',  ( 1.000000000000000000, 0.0000000000000000000, -1.896751731090606800E-016 ) ) ;
#3920 = FILL_AREA_STYLE ('',( #155 ) ) ;
#3921 =( NAMED_UNIT ( * ) PLANE_ANGLE_UNIT ( ) SI_UNIT ( $, .RADIAN. ) );
#3922 = STYLED_ITEM ( 'NONE', ( #2123 ), #815 ) ;
#3923 = SURFACE_SIDE_STYLE ('',( #156 ) ) ;
#3924 = ORIENTED_EDGE ( 'NONE', *, *, #1652, .F. ) ;
#3925 = SHAPE_DEFINITION_REPRESENTATION ( #3003, #2209 ) ;
#3926 = EDGE_CURVE ( 'NONE', #2786, #351, #186, .T. ) ;
#3927 = CARTESIAN_POINT ( 'NONE',  ( 0.05281912330558290900, 0.1015718309748114700, 0.2146758418404165200 ) ) ;
#3928 = VERTEX_POINT ( 'NONE', #2499 ) ;
#3929 = ORIENTED_EDGE ( 'NONE', *, *, #4050, .F. ) ;
#3930 = ORIENTED_EDGE ( 'NONE', *, *, #3743, .F. ) ;
#3931 = SURFACE_STYLE_FILL_AREA ( #168 ) ;
#3932 = ADVANCED_FACE ( 'NONE', ( #3476 ), #2159, .T. ) ;
#3933 = AXIS2_PLACEMENT_3D ( 'NONE', #1256, #846, #379 ) ;
#3934 = DIRECTION ( 'NONE',  ( 0.0000000000000000000, 0.0000000000000000000, -1.000000000000000000 ) ) ;
#3935 = SURFACE_SIDE_STYLE ('',( #173 ) ) ;
#3936 = CARTESIAN_POINT ( 'NONE',  ( -0.07274150661567689600, 0.1230718309748114700, 0.2671357095751810700 ) ) ;
#3937 = ORIENTED_EDGE ( 'NONE', *, *, #2256, .T. ) ;
#3938 = FILL_AREA_STYLE ('',( #177 ) ) ;
#3939 =( GEOMETRIC_REPRESENTATION_CONTEXT ( 3 ) GLOBAL_UNCERTAINTY_ASSIGNED_CONTEXT ( ( #2718 ) ) GLOBAL_UNIT_ASSIGNED_CONTEXT ( ( #1604, #344, #3232 ) ) REPRESENTATION_CONTEXT ( 'NONE', 'WORKASPACE' ) );
#3940 = EDGE_CURVE ( 'NONE', #226, #2955, #1215, .T. ) ;
#3941 =( LENGTH_UNIT ( ) NAMED_UNIT ( * ) SI_UNIT ( $, .METRE. ) );
#3942 = CARTESIAN_POINT ( 'NONE',  ( -0.04818087669441705600, 0.1230718309748114700, 0.1783758418404165200 ) ) ;
#3943 = CARTESIAN_POINT ( 'NONE',  ( -0.07274150661567689600, 0.1230718309748114700, 0.2671357095751810700 ) ) ;
#3944 = DIRECTION ( 'NONE',  ( 0.0000000000000000000, 1.000000000000000000, 0.0000000000000000000 ) ) ;
#3945 = DIRECTION ( 'NONE',  ( -0.0000000000000000000, -1.000000000000000000, -0.0000000000000000000 ) ) ;
#3946 = CARTESIAN_POINT ( 'NONE',  ( 0.08980027406181602400, 0.1230675303703593300, 0.2548069502173738700 ) ) ;
#3947 = PRESENTATION_STYLE_ASSIGNMENT (( #184 ) ) ;
#3948 = VECTOR ( 'NONE', #1157, 39.37007874015748100 ) ;
#3949 = PRESENTATION_STYLE_ASSIGNMENT (( #187 ) ) ;
#3950 = PRESENTATION_LAYER_ASSIGNMENT (  '', '', ( #628 ) ) ;
#3951 =( LENGTH_UNIT ( ) NAMED_UNIT ( * ) SI_UNIT ( $, .METRE. ) );
#3952 = ADVANCED_FACE ( 'NONE', ( #3557 ), #577, .T. ) ;
#3953 = MECHANICAL_DESIGN_GEOMETRIC_PRESENTATION_REPRESENTATION (  '', ( #1705 ), #3939 ) ;
#3954 = ORIENTED_EDGE ( 'NONE', *, *, #2846, .T. ) ;
#3955 = AXIS2_PLACEMENT_3D ( 'NONE', #2219, #1775, #1369 ) ;
#3956 = ORIENTED_EDGE ( 'NONE', *, *, #2628, .F. ) ;
#3957 = EDGE_CURVE ( 'NONE', #580, #553, #1203, .T. ) ;
#3958 = SURFACE_STYLE_FILL_AREA ( #193 ) ;
#3959 = ORIENTED_EDGE ( 'NONE', *, *, #163, .T. ) ;
#3960 = LENGTH_MEASURE_WITH_UNIT ( LENGTH_MEASURE( 0.02539999999999999900 ), #862 );
#3961 = ORIENTED_EDGE ( 'NONE', *, *, #888, .T. ) ;
#3962 = EDGE_CURVE ( 'NONE', #3383, #3260, #693, .T. ) ;
#3963 = PLANE ( 'NONE',  #1016 ) ;
#3964 = VECTOR ( 'NONE', #4185, 39.37007874015748100 ) ;
#3965 = EDGE_CURVE ( 'NONE', #3275, #2658, #3137, .T. ) ;
#3966 = SURFACE_STYLE_USAGE ( .BOTH. , #201 ) ;
#3967 = VECTOR ( 'NONE', #1918, 39.37007874015748100 ) ;
#3968 = CARTESIAN_POINT ( 'NONE',  ( -0.03978087669441710000, 0.1015718309748117500, 0.2996759218404221900 ) ) ;
#3969 = SURFACE_SIDE_STYLE ('',( #203 ) ) ;
#3970 =( CONVERSION_BASED_UNIT ( 'INCH', #1406 ) LENGTH_UNIT ( ) NAMED_UNIT ( #2111 ) );
#3971 = CARTESIAN_POINT ( 'NONE',  ( 0.08981912330558293500, 0.1230718309748114700, 0.3163758418404165100 ) ) ;
#3972 = CARTESIAN_POINT ( 'NONE',  ( 0.09137895739095547300, 0.1242979949175599400, 0.2626758478404199200 ) ) ;
#3973 = EDGE_CURVE ( 'NONE', #1847, #2885, #1823, .T. ) ;
#3974 = FILL_AREA_STYLE_COLOUR ( '', #137 ) ;
#3975 =( NAMED_UNIT ( * ) SI_UNIT ( $, .STERADIAN. ) SOLID_ANGLE_UNIT ( ) );
#3976 = CYLINDRICAL_SURFACE ( 'NONE', #4039, 0.005000009999999872500 ) ;
#3977 = DIRECTION ( 'NONE',  ( 1.000000000000000000, 0.0000000000000000000, 0.0000000000000000000 ) ) ;
#3978 = PRESENTATION_LAYER_ASSIGNMENT (  '', '', ( #2484 ) ) ;
#3979 = VECTOR ( 'NONE', #424, 39.37007874015748100 ) ;
#3980 = EDGE_CURVE ( 'NONE', #2740, #2571, #596, .T. ) ;
#3981 = DIRECTION ( 'NONE',  ( -1.896751731090606800E-016, 0.0000000000000000000, -1.000000000000000000 ) ) ;
#3982 = FACE_OUTER_BOUND ( 'NONE', #5, .T. ) ;
#3983 = ORIENTED_EDGE ( 'NONE', *, *, #2991, .F. ) ;
#3984 = MECHANICAL_DESIGN_GEOMETRIC_PRESENTATION_REPRESENTATION (  '', ( #3997 ), #192 ) ;
#3985 = FILL_AREA_STYLE_COLOUR ( '', #2001 ) ;
#3986 = EDGE_CURVE ( 'NONE', #2885, #2471, #3488, .T. ) ;
#3987 = VERTEX_POINT ( 'NONE', #2172 ) ;
#3988 =( LENGTH_UNIT ( ) NAMED_UNIT ( * ) SI_UNIT ( $, .METRE. ) );
#3989 =( NAMED_UNIT ( * ) PLANE_ANGLE_UNIT ( ) SI_UNIT ( $, .RADIAN. ) );
#3990 = ADVANCED_FACE ( 'NONE', ( #1807 ), #2352, .T. ) ;
#3991 = FILL_AREA_STYLE_COLOUR ( '', #1111 ) ;
#3992 = FILL_AREA_STYLE ('',( #2338 ) ) ;
#3993 = EDGE_CURVE ( 'NONE', #3495, #3771, #1855, .T. ) ;
#3994 = CARTESIAN_POINT ( 'NONE',  ( 0.08981912330558293500, 0.1230718309748114700, 0.3163758418404165100 ) ) ;
#3995 = EDGE_LOOP ( 'NONE', ( #1949, #1077, #2912, #1487 ) ) ;
#3996 = CARTESIAN_POINT ( 'NONE',  ( 0.06521912330558293800, 0.09557183097481147800, 0.2086758418404164900 ) ) ;
#3997 = STYLED_ITEM ( 'NONE', ( #2099 ), #4016 ) ;
#3998 = FILL_AREA_STYLE_COLOUR ( '', #2132 ) ;
#3999 =( GEOMETRIC_REPRESENTATION_CONTEXT ( 3 ) GLOBAL_UNCERTAINTY_ASSIGNED_CONTEXT ( ( #4126 ) ) GLOBAL_UNIT_ASSIGNED_CONTEXT ( ( #62, #2936, #1634 ) ) REPRESENTATION_CONTEXT ( 'NONE', 'WORKASPACE' ) );
#4000 = LINE ( 'NONE', #3565, #3857 ) ;
#4001 = VECTOR ( 'NONE', #3561, 39.37007874015748100 ) ;
#4002 = EDGE_CURVE ( 'NONE', #2787, #2955, #858, .T. ) ;
#4003 = CARTESIAN_POINT ( 'NONE',  ( 0.08751928130557350100, 0.1290718309748114800, 0.2566758358404213100 ) ) ;
#4004 = DIRECTION ( 'NONE',  ( 0.0000000000000000000, 1.000000000000000000, 0.0000000000000000000 ) ) ;
#4005 = DIRECTION ( 'NONE',  ( 0.0000000000000000000, 1.000000000000000000, 0.0000000000000000000 ) ) ;
#4006 = ORIENTED_EDGE ( 'NONE', *, *, #357, .T. ) ;
#4007 = EDGE_CURVE ( 'NONE', #59, #220, #195, .T. ) ;
#4008 = STYLED_ITEM ( 'NONE', ( #1616 ), #2668 ) ;
#4009 = FACE_OUTER_BOUND ( 'NONE', #1673, .T. ) ;
#4010 = FILL_AREA_STYLE_COLOUR ( '', #2110 ) ;
#4011 = EDGE_CURVE ( 'NONE', #849, #823, #1490, .T. ) ;
#4012 = ORIENTED_EDGE ( 'NONE', *, *, #3438, .T. ) ;
#4013 = DIRECTION ( 'NONE',  ( 1.896751731090606800E-016, -0.0000000000000000000, 1.000000000000000000 ) ) ;
#4014 =( GEOMETRIC_REPRESENTATION_CONTEXT ( 3 ) GLOBAL_UNCERTAINTY_ASSIGNED_CONTEXT ( ( #3192 ) ) GLOBAL_UNIT_ASSIGNED_CONTEXT ( ( #2849, #1556, #2808 ) ) REPRESENTATION_CONTEXT ( 'NONE', 'WORKASPACE' ) );
#4015 = VECTOR ( 'NONE', #1040, 39.37007874015748100 ) ;
#4016 = ADVANCED_FACE ( 'NONE', ( #3821 ), #1682, .T. ) ;
#4017 = SURFACE_SIDE_STYLE ('',( #243 ) ) ;
#4018 = ADVANCED_FACE ( 'NONE', ( #3880 ), #3331, .T. ) ;
#4019 = MECHANICAL_DESIGN_GEOMETRIC_PRESENTATION_REPRESENTATION (  '', ( #4025 ), #1925 ) ;
#4020 = CARTESIAN_POINT ( 'NONE',  ( -0.03578087669441700600, 0.1015718309748115300, 0.2146758418404165200 ) ) ;
#4021 = CARTESIAN_POINT ( 'NONE',  ( -0.06835288210038120700, 0.1290718309748114800, 0.3046759318404223000 ) ) ;
#4022 = SURFACE_STYLE_USAGE ( .BOTH. , #245 ) ;
#4023 = EDGE_LOOP ( 'NONE', ( #2957, #848, #3884, #2079 ) ) ;
#4024 = SURFACE_SIDE_STYLE ('',( #248 ) ) ;
#4025 = STYLED_ITEM ( 'NONE', ( #623 ), #763 ) ;
#4026 = LINE ( 'NONE', #3590, #3320 ) ;
#4027 = CARTESIAN_POINT ( 'NONE',  ( -0.07278087669441706000, 0.1230718309748114700, 0.2628669802159227000 ) ) ;
#4028 = LINE ( 'NONE', #3592, #2574 ) ;
#4029 = EDGE_CURVE ( 'NONE', #1058, #2306, #1584, .T. ) ;
#4030 = CARTESIAN_POINT ( 'NONE',  ( 0.2018124016473464600, 0.09557183097481070100, 0.2996759218404226900 ) ) ;
#4031 = DIRECTION ( 'NONE',  ( -3.491481338843133000E-015, -1.000000000000000000, 6.622473273521262800E-031 ) ) ;
#4032 = SURFACE_STYLE_USAGE ( .BOTH. , #255 ) ;
#4033 = LINE ( 'NONE', #3599, #1489 ) ;
#4034 = VECTOR ( 'NONE', #2730, 39.37007874015748100 ) ;
#4035 = UNCERTAINTY_MEASURE_WITH_UNIT (LENGTH_MEASURE( 1.000000000000000100E-005 ), #2137, 'distance_accuracy_value', 'NONE');
#4036 = LENGTH_MEASURE_WITH_UNIT ( LENGTH_MEASURE( 0.02539999999999999900 ), #1669 );
#4037 = EDGE_LOOP ( 'NONE', ( #484, #3451, #657, #327 ) ) ;
#4038 =( NAMED_UNIT ( * ) PLANE_ANGLE_UNIT ( ) SI_UNIT ( $, .RADIAN. ) );
#4039 = AXIS2_PLACEMENT_3D ( 'NONE', #2100, #1646, #1273 ) ;
#4040 = CARTESIAN_POINT ( 'NONE',  ( -0.07228087669441697600, 0.1020718309748115300, 0.2196757618404199800 ) ) ;
#4041 = EDGE_CURVE ( 'NONE', #35, #872, #4114, .T. ) ;
#4042 = LINE ( 'NONE', #3603, #3280 ) ;
#4043 = ORIENTED_EDGE ( 'NONE', *, *, #2388, .F. ) ;
#4044 = ORIENTED_EDGE ( 'NONE', *, *, #4073, .T. ) ;
#4045 = VERTEX_POINT ( 'NONE', #2780 ) ;
#4046 = ADVANCED_FACE ( 'NONE', ( #4106 ), #2142, .T. ) ;
#4047 = UNCERTAINTY_MEASURE_WITH_UNIT (LENGTH_MEASURE( 1.000000000000000100E-005 ), #1940, 'distance_accuracy_value', 'NONE');
#4048 = UNCERTAINTY_MEASURE_WITH_UNIT (LENGTH_MEASURE( 1.000000000000000100E-005 ), #446, 'distance_accuracy_value', 'NONE');
#4049 = MECHANICAL_DESIGN_GEOMETRIC_PRESENTATION_REPRESENTATION (  '', ( #3850 ), #2881 ) ;
#4050 = EDGE_CURVE ( 'NONE', #2068, #957, #440, .T. ) ;
#4051 = ORIENTED_EDGE ( 'NONE', *, *, #1963, .T. ) ;
#4052 = LINE ( 'NONE', #3614, #2307 ) ;
#4053 =( GEOMETRIC_REPRESENTATION_CONTEXT ( 3 ) GLOBAL_UNCERTAINTY_ASSIGNED_CONTEXT ( ( #2496 ) ) GLOBAL_UNIT_ASSIGNED_CONTEXT ( ( #3188, #1891, #652 ) ) REPRESENTATION_CONTEXT ( 'NONE', 'WORKASPACE' ) );
#4054 = AXIS2_PLACEMENT_3D ( 'NONE', #1156, #725, #276 ) ;
#4055 = DIRECTION ( 'NONE',  ( -1.000000000000000000, 6.982966722218764100E-015, 1.896751731090606800E-016 ) ) ;
#4056 =( NAMED_UNIT ( * ) PLANE_ANGLE_UNIT ( ) SI_UNIT ( $, .RADIAN. ) );
#4057 = PLANE ( 'NONE',  #1842 ) ;
#4058 = DIRECTION ( 'NONE',  ( -1.000000000000000000, -0.0000000000000000000, -0.0000000000000000000 ) ) ;
#4059 = CARTESIAN_POINT ( 'NONE',  ( 0.09451562038465917400, 0.1267802006431051900, 0.2566758358404213100 ) ) ;
#4060 = CARTESIAN_POINT ( 'NONE',  ( -0.03578087669441700600, 0.1015718309748114700, 0.2146758418404165200 ) ) ;
#4061 = FILL_AREA_STYLE_COLOUR ( '', #1970 ) ;
#4062 = EDGE_CURVE ( 'NONE', #3383, #3504, #2899, .T. ) ;
#4063 = DIRECTION ( 'NONE',  ( -1.000000000000000000, -6.982964699952515400E-015, 1.896751731090606800E-016 ) ) ;
#4064 = CARTESIAN_POINT ( 'NONE',  ( 0.09451562038465917400, 0.1267802006431052200, 0.2626758478404199200 ) ) ;
#4065 = VECTOR ( 'NONE', #4102, 39.37007874015748100 ) ;
#4066 = ORIENTED_EDGE ( 'NONE', *, *, #2256, .F. ) ;
#4067 = EDGE_CURVE ( 'NONE', #269, #67, #85, .T. ) ;
#4068 = UNCERTAINTY_MEASURE_WITH_UNIT (LENGTH_MEASURE( 1.000000000000000100E-005 ), #1262, 'distance_accuracy_value', 'NONE');
#4069 = UNCERTAINTY_MEASURE_WITH_UNIT (LENGTH_MEASURE( 1.000000000000000100E-005 ), #3762, 'distance_accuracy_value', 'NONE');
#4070 = LINE ( 'NONE', #3170, #4168 ) ;
#4071 = ORIENTED_EDGE ( 'NONE', *, *, #3016, .F. ) ;
#4072 = LENGTH_MEASURE_WITH_UNIT ( LENGTH_MEASURE( 0.02539999999999999900 ), #2502 );
#4073 = EDGE_CURVE ( 'NONE', #2002, #1573, #340, .T. ) ;
#4074 = ORIENTED_EDGE ( 'NONE', *, *, #731, .T. ) ;
#4075 = FACE_OUTER_BOUND ( 'NONE', #3995, .T. ) ;
#4076 = VERTEX_POINT ( 'NONE', #3227 ) ;
#4077 = LINE ( 'NONE', #3642, #1113 ) ;
#4078 = EDGE_CURVE ( 'NONE', #1260, #3677, #806, .T. ) ;
#4079 = DIRECTION ( 'NONE',  ( -1.000000000000000000, 0.0000000000000000000, 1.896751731090606800E-016 ) ) ;
#4080 = CARTESIAN_POINT ( 'NONE',  ( 0.08977975322684275700, 0.1270718309748114800, 0.2671357095751886200 ) ) ;
#4081 =( NAMED_UNIT ( * ) SI_UNIT ( $, .STERADIAN. ) SOLID_ANGLE_UNIT ( ) );
#4082 = CARTESIAN_POINT ( 'NONE',  ( -0.07228087669441696200, 0.1015718309748114700, 0.2996759218404222400 ) ) ;
#4083 = CARTESIAN_POINT ( 'NONE',  ( 0.08931912330558279500, 0.09557183097481149200, 0.2596758418404240800 ) ) ;
#4084 = ADVANCED_FACE ( 'NONE', ( #3661 ), #1931, .F. ) ;
#4085 = FILL_AREA_STYLE ('',( #297 ) ) ;
#4086 = VECTOR ( 'NONE', #3908, 39.37007874015748100 ) ;
#4087 = CARTESIAN_POINT ( 'NONE',  ( 0.06521912330558293800, 0.09557183097481147800, 0.2029758418404165300 ) ) ;
#4088 = FILL_AREA_STYLE_COLOUR ( '', #2070 ) ;
#4089 = DIRECTION ( 'NONE',  ( -1.000000000000000000, -0.0000000000000000000, 1.651262085145226000E-016 ) ) ;
#4090 = ADVANCED_FACE ( 'NONE', ( #3575 ), #3150, .T. ) ;
#4091 = VERTEX_POINT ( 'NONE', #1440 ) ;
#4092 = ORIENTED_EDGE ( 'NONE', *, *, #2332, .T. ) ;
#4093 =( GEOMETRIC_REPRESENTATION_CONTEXT ( 3 ) GLOBAL_UNCERTAINTY_ASSIGNED_CONTEXT ( ( #2158 ) ) GLOBAL_UNIT_ASSIGNED_CONTEXT ( ( #1130, #4038, #2698 ) ) REPRESENTATION_CONTEXT ( 'NONE', 'WORKASPACE' ) );
#4094 = EDGE_CURVE ( 'NONE', #2787, #35, #71, .T. ) ;
#4095 = MECHANICAL_DESIGN_GEOMETRIC_PRESENTATION_REPRESENTATION (  '', ( #4153 ), #1977 ) ;
#4096 = CARTESIAN_POINT ( 'NONE',  ( -0.07274150661567689600, 0.1230718309748114700, 0.2522159741056397800 ) ) ;
#4097 = UNCERTAINTY_MEASURE_WITH_UNIT (LENGTH_MEASURE( 1.000000000000000100E-005 ), #2959, 'distance_accuracy_value', 'NONE');
#4098 = FACE_OUTER_BOUND ( 'NONE', #96, .T. ) ;
#4099 = ORIENTED_EDGE ( 'NONE', *, *, #3601, .T. ) ;
#4100 = EDGE_CURVE ( 'NONE', #54, #1847, #3502, .T. ) ;
#4101 = MECHANICAL_DESIGN_GEOMETRIC_PRESENTATION_REPRESENTATION (  '', ( #628 ), #1308 ) ;
#4102 = DIRECTION ( 'NONE',  ( 0.0000000000000000000, -1.000000000000000000, 0.0000000000000000000 ) ) ;
#4103 = PRESENTATION_LAYER_ASSIGNMENT (  '', '', ( #4153 ) ) ;
#4104 = SURFACE_STYLE_USAGE ( .BOTH. , #311 ) ;
#4105 = EDGE_CURVE ( 'NONE', #1456, #2810, #2225, .T. ) ;
#4106 = FACE_OUTER_BOUND ( 'NONE', #3868, .T. ) ;
#4107 = CARTESIAN_POINT ( 'NONE',  ( -0.07278087669441706000, 0.1015718309748114700, 0.2196757618404199800 ) ) ;
#4108 =( NAMED_UNIT ( * ) SI_UNIT ( $, .STERADIAN. ) SOLID_ANGLE_UNIT ( ) );
#4109 = FILL_AREA_STYLE_COLOUR ( '', #1479 ) ;
#4110 = ORIENTED_EDGE ( 'NONE', *, *, #400, .F. ) ;
#4111 = CARTESIAN_POINT ( 'NONE',  ( 0.06521912330558293800, 0.1230718309748114700, 0.1783758418404165200 ) ) ;
#4112 = SURFACE_STYLE_FILL_AREA ( #318 ) ;
#4113 = CARTESIAN_POINT ( 'NONE',  ( 0.06021912330558299600, 0.1400718309748114600, 0.1783758418404165200 ) ) ;
#4114 = LINE ( 'NONE', #3682, #3788 ) ;
#4115 = B_SPLINE_CURVE_WITH_KNOTS ( 'NONE', 1,
 ( #2418, #1978 ),
 .UNSPECIFIED., .F., .F.,
 ( 2, 2 ),
 ( 0.0000000000000000000, 1.000000000000000000 ),
 .UNSPECIFIED. ) ;
#4116 = LENGTH_MEASURE_WITH_UNIT ( LENGTH_MEASURE( 0.02539999999999999900 ), #110 );
#4117 =( NAMED_UNIT ( * ) SI_UNIT ( $, .STERADIAN. ) SOLID_ANGLE_UNIT ( ) );
#4118 = CARTESIAN_POINT ( 'NONE',  ( 0.2018124016473464600, 0.09557183097481070100, 0.2596758418404240800 ) ) ;
#4119 = SURFACE_STYLE_FILL_AREA ( #322 ) ;
#4120 = EDGE_CURVE ( 'NONE', #816, #3251, #4147, .T. ) ;
#4121 = VERTEX_POINT ( 'NONE', #3411 ) ;
#4122 = CARTESIAN_POINT ( 'NONE',  ( 0.08977975322684274300, 0.1290718309748114800, 0.2671357095751886200 ) ) ;
#4123 = MECHANICAL_DESIGN_GEOMETRIC_PRESENTATION_REPRESENTATION (  '', ( #4125 ), #2562 ) ;
#4124 = AXIS2_PLACEMENT_3D ( 'NONE', #3235, #2804, #2373 ) ;
#4125 = STYLED_ITEM ( 'NONE', ( #1380 ), #704 ) ;
#4126 = UNCERTAINTY_MEASURE_WITH_UNIT (LENGTH_MEASURE( 1.000000000000000100E-005 ), #62, 'distance_accuracy_value', 'NONE');
#4127 = AXIS2_PLACEMENT_3D ( 'NONE', #2468, #841, #373 ) ;
#4128 = FILL_AREA_STYLE_COLOUR ( '', #1119 ) ;
#4129 = LINE ( 'NONE', #3699, #2157 ) ;
#4130 = DIRECTION ( 'NONE',  ( -0.0000000000000000000, 0.7071067811865474600, 0.7071067811865474600 ) ) ;
#4131 = PRESENTATION_STYLE_ASSIGNMENT (( #338 ) ) ;
#4132 = EDGE_LOOP ( 'NONE', ( #4172, #2415, #1745, #2927 ) ) ;
#4133 = VECTOR ( 'NONE', #2587, 39.37007874015748100 ) ;
#4134 =( CONVERSION_BASED_UNIT ( 'INCH', #1703 ) LENGTH_UNIT ( ) NAMED_UNIT ( #1830 ) );
#4135 =( CONVERSION_BASED_UNIT ( 'INCH', #1494 ) LENGTH_UNIT ( ) NAMED_UNIT ( #500 ) );
#4136 = CARTESIAN_POINT ( 'NONE',  ( 0.08539112871155016300, 0.1290718309748114800, 0.2996759218404226900 ) ) ;
#4137 = FILL_AREA_STYLE_COLOUR ( '', #757 ) ;
#4138 = LINE ( 'NONE', #3707, #3802 ) ;
#4139 = DIRECTION ( 'NONE',  ( 0.0000000000000000000, -1.000000000000000000, 0.0000000000000000000 ) ) ;
#4140 = PRESENTATION_STYLE_ASSIGNMENT (( #346 ) ) ;
#4141 = UNCERTAINTY_MEASURE_WITH_UNIT (LENGTH_MEASURE( 1.000000000000000100E-005 ), #3252, 'distance_accuracy_value', 'NONE');
#4142 = ORIENTED_EDGE ( 'NONE', *, *, #824, .T. ) ;
#4143 = SURFACE_STYLE_USAGE ( .BOTH. , #352 ) ;
#4144 = CARTESIAN_POINT ( 'NONE',  ( -0.06778087669441704200, 0.1230718309748114700, 0.2029758418404165300 ) ) ;
#4145 = LENGTH_MEASURE_WITH_UNIT ( LENGTH_MEASURE( 0.02539999999999999900 ), #1356 );
#4146 = LINE ( 'NONE', #3721, #2053 ) ;
#4147 = CIRCLE ( 'NONE', #3325, 0.02459999999999999300 ) ;
#4148 = CARTESIAN_POINT ( 'NONE',  ( 0.06521912330558293800, 0.09557183097481147800, 0.3163758418404165100 ) ) ;
#4149 = ORIENTED_EDGE ( 'NONE', *, *, #2687, .T. ) ;
#4150 = ORIENTED_EDGE ( 'NONE', *, *, #3423, .F. ) ;
#4151 = MECHANICAL_DESIGN_GEOMETRIC_PRESENTATION_REPRESENTATION (  '', ( #1737 ), #3220 ) ;
#4152 = ORIENTED_EDGE ( 'NONE', *, *, #3415, .T. ) ;
#4153 = STYLED_ITEM ( 'NONE', ( #3836 ), #3990 ) ;
#4154 = PRESENTATION_LAYER_ASSIGNMENT (  '', '', ( #1737 ) ) ;
#4155 =( LENGTH_UNIT ( ) NAMED_UNIT ( * ) SI_UNIT ( $, .METRE. ) );
#4156 = CARTESIAN_POINT ( 'NONE',  ( 0.06021912330558299600, 0.1230718309748114700, 0.1783758418404165200 ) ) ;
#4157 = ORIENTED_EDGE ( 'NONE', *, *, #3911, .F. ) ;
#4158 = CARTESIAN_POINT ( 'NONE',  ( 0.008519123305576432200, 0.1230718309748114700, 0.2996759218404221900 ) ) ;
#4159 = SURFACE_STYLE_USAGE ( .BOTH. , #372 ) ;
#4160 =( CONVERSION_BASED_UNIT ( 'INCH', #1790 ) LENGTH_UNIT ( ) NAMED_UNIT ( #3274 ) );
#4161 =( NAMED_UNIT ( * ) PLANE_ANGLE_UNIT ( ) SI_UNIT ( $, .RADIAN. ) );
#4162 = CARTESIAN_POINT ( 'NONE',  ( -0.07878087669441696800, 0.1020718309748115000, 0.2996759218404222400 ) ) ;
#4163 = CARTESIAN_POINT ( 'NONE',  ( 0.008519123305576425200, 0.1230718309748114700, 0.2676758578404113700 ) ) ;
#4164 = DIRECTION ( 'NONE',  ( -1.000000000000000000, 0.0000000000000000000, -7.173819169229555300E-016 ) ) ;
#4165 = UNCERTAINTY_MEASURE_WITH_UNIT (LENGTH_MEASURE( 1.000000000000000100E-005 ), #3578, 'distance_accuracy_value', 'NONE');
#4166 = FACE_OUTER_BOUND ( 'NONE', #2929, .T. ) ;
#4167 = VERTEX_POINT ( 'NONE', #3851 ) ;
#4168 = VECTOR ( 'NONE', #2739, 39.37007874015748100 ) ;
#4169 = LINE ( 'NONE', #3744, #1357 ) ;
#4170 = AXIS2_PLACEMENT_3D ( 'NONE', #3774, #3311, #2866 ) ;
#4171 = ORIENTED_EDGE ( 'NONE', *, *, #4002, .F. ) ;
#4172 = ORIENTED_EDGE ( 'NONE', *, *, #1780, .F. ) ;
#4173 = VECTOR ( 'NONE', #1549, 39.37007874015748100 ) ;
#4174 = PLANE ( 'NONE',  #115 ) ;
#4175 =( NAMED_UNIT ( * ) PLANE_ANGLE_UNIT ( ) SI_UNIT ( $, .RADIAN. ) );
#4176 = ADVANCED_FACE ( 'NONE', ( #3118 ), #3085, .F. ) ;
#4177 = CARTESIAN_POINT ( 'NONE',  ( 0.06521912330558293800, 0.1230718309748114700, 0.3163758418404165100 ) ) ;
#4178 =( LENGTH_UNIT ( ) NAMED_UNIT ( * ) SI_UNIT ( $, .METRE. ) );
#4179 = CARTESIAN_POINT ( 'NONE',  ( -0.07274150661567688200, 0.1270718309748114800, 0.2522159741056397800 ) ) ;
#4180 = DIRECTION ( 'NONE',  ( 0.0000000000000000000, -1.000000000000000000, -0.0000000000000000000 ) ) ;
#4181 = MECHANICAL_DESIGN_GEOMETRIC_PRESENTATION_REPRESENTATION (  '', ( #1059 ), #2615 ) ;
#4182 =( LENGTH_UNIT ( ) NAMED_UNIT ( * ) SI_UNIT ( $, .METRE. ) );
#4183 =( NAMED_UNIT ( * ) PLANE_ANGLE_UNIT ( ) SI_UNIT ( $, .RADIAN. ) );
#4184 = CARTESIAN_POINT ( 'NONE',  ( 0.06021912330558299600, 0.1230718309748114700, 0.3163758418404165100 ) ) ;
#4185 = DIRECTION ( 'NONE',  ( -7.173819169229555300E-016, 6.333947640535220500E-030, 1.000000000000000000 ) ) ;
ENDSEC;
END-ISO-10303-21;
