ISO-10303-21;
HEADER;
/* Generated by software containing ST-Developer
 * from STEP Tools, Inc. (www.steptools.com) 
 */
/* OPTION: strings as raw bytes, not using required /X/ escapes */

FILE_DESCRIPTION(
/* description */ ('Unknown'),
/* implementation_level */ '2;1');

FILE_NAME(
/* name */ 'RT6365GSP',
/* time_stamp */ '2024-02-26T14:02:09+02:00',
/* author */ ('Unknown'),
/* organization */ ('Unknown'),
/* preprocessor_version */ 'ST-DEVELOPER v18.102',
/* originating_system */ 'Solid Edge',
/* authorisation */ 'Unknown');

FILE_SCHEMA (('AUTOMOTIVE_DESIGN {1 0 10303 214 3 1 1}'));
ENDSEC;

DATA;
#10=PROPERTY_DEFINITION_REPRESENTATION(#14,#12);
#11=PROPERTY_DEFINITION_REPRESENTATION(#15,#13);
#12=REPRESENTATION('',(#16),#5477);
#13=REPRESENTATION('',(#17),#5477);
#14=PROPERTY_DEFINITION('pmi validation property','',#5482);
#15=PROPERTY_DEFINITION('pmi validation property','',#5482);
#16=VALUE_REPRESENTATION_ITEM('number of annotations',COUNT_MEASURE(0.));
#17=VALUE_REPRESENTATION_ITEM('number of views',COUNT_MEASURE(0.));
#18=SHAPE_REPRESENTATION_RELATIONSHIP('','',#3669,#19);
#19=ADVANCED_BREP_SHAPE_REPRESENTATION('',(#3667),#5477);
#20=(
BOUNDED_SURFACE()
B_SPLINE_SURFACE(3,2,((#5398,#5399,#5400),(#5401,#5402,#5403),(#5404,#5405,
#5406),(#5407,#5408,#5409)),.UNSPECIFIED.,.F.,.F.,.F.)
B_SPLINE_SURFACE_WITH_KNOTS((4,4),(3,3),(1.5707963267949,3.08923277602996),
(0.,1.),.PIECEWISE_BEZIER_KNOTS.)
GEOMETRIC_REPRESENTATION_ITEM()
RATIONAL_B_SPLINE_SURFACE(((1.,1.,1.),(1.,0.999944027084663,1.),(1.,0.742358985846753,
1.),(1.,0.708074520201085,1.)))
REPRESENTATION_ITEM('')
SURFACE()
);
#21=(
BOUNDED_SURFACE()
B_SPLINE_SURFACE(3,2,((#5411,#5412,#5413),(#5414,#5415,#5416),(#5417,#5418,
#5419),(#5420,#5421,#5422)),.UNSPECIFIED.,.F.,.F.,.F.)
B_SPLINE_SURFACE_WITH_KNOTS((4,4),(3,3),(1.5707963267949,3.08923277602996),
(0.,1.),.PIECEWISE_BEZIER_KNOTS.)
GEOMETRIC_REPRESENTATION_ITEM()
RATIONAL_B_SPLINE_SURFACE(((1.,1.,1.),(1.,0.999944027084657,1.),(1.,0.742358985846762,
1.),(1.,0.708074520201082,1.)))
REPRESENTATION_ITEM('')
SURFACE()
);
#22=(
BOUNDED_SURFACE()
B_SPLINE_SURFACE(3,2,((#5428,#5429,#5430),(#5431,#5432,#5433),(#5434,#5435,
#5436),(#5437,#5438,#5439)),.UNSPECIFIED.,.F.,.F.,.F.)
B_SPLINE_SURFACE_WITH_KNOTS((4,4),(3,3),(1.5707963267949,3.08923277602996),
(0.,1.),.PIECEWISE_BEZIER_KNOTS.)
GEOMETRIC_REPRESENTATION_ITEM()
RATIONAL_B_SPLINE_SURFACE(((1.,1.,1.),(1.,0.999944027084657,1.),(1.,0.742358985846762,
1.),(1.,0.708074520201082,1.)))
REPRESENTATION_ITEM('')
SURFACE()
);
#23=(
BOUNDED_SURFACE()
B_SPLINE_SURFACE(3,2,((#5441,#5442,#5443),(#5444,#5445,#5446),(#5447,#5448,
#5449),(#5450,#5451,#5452)),.UNSPECIFIED.,.F.,.F.,.F.)
B_SPLINE_SURFACE_WITH_KNOTS((4,4),(3,3),(1.5707963267949,3.08923277602996),
(0.,1.),.PIECEWISE_BEZIER_KNOTS.)
GEOMETRIC_REPRESENTATION_ITEM()
RATIONAL_B_SPLINE_SURFACE(((1.,1.,1.),(1.,0.999944027084663,1.),(1.,0.742358985846753,
1.),(1.,0.708074520201085,1.)))
REPRESENTATION_ITEM('')
SURFACE()
);
#24=SPHERICAL_SURFACE('',#3875,0.0349999999999998);
#25=SPHERICAL_SURFACE('',#3882,0.0349999999999998);
#26=SPHERICAL_SURFACE('',#3884,0.0349999999999998);
#27=SPHERICAL_SURFACE('',#3890,0.0349999999999998);
#28=ELLIPSE('',#3820,0.0250685703453892,0.025);
#29=ELLIPSE('',#3821,0.0250685703453892,0.025);
#30=ELLIPSE('',#3822,0.0250685703453892,0.025);
#31=ELLIPSE('',#3823,0.0250685703453892,0.025);
#32=ELLIPSE('',#3824,0.0350959984835447,0.0349999999999999);
#33=ELLIPSE('',#3825,0.0350959984835447,0.0349999999999999);
#34=ELLIPSE('',#3826,0.0350959984835447,0.0349999999999999);
#35=ELLIPSE('',#3827,0.0350959984835447,0.0349999999999999);
#36=ELLIPSE('',#3892,0.0364005494464024,0.0349999999999998);
#37=ELLIPSE('',#3893,0.0364005494464024,0.0349999999999998);
#38=ELLIPSE('',#3894,0.0364005494464024,0.0349999999999998);
#39=ELLIPSE('',#3895,0.0364005494464024,0.0349999999999998);
#40=ELLIPSE('',#3897,0.0364005494464024,0.0349999999999998);
#41=ELLIPSE('',#3899,0.0364005494464024,0.0349999999999998);
#42=ELLIPSE('',#3900,0.0364005494464024,0.0349999999999998);
#43=ELLIPSE('',#3901,0.0364005494464024,0.0349999999999998);
#44=CIRCLE('',#3674,0.25);
#45=CIRCLE('',#3675,0.25);
#46=CIRCLE('',#3680,0.125);
#47=CIRCLE('',#3681,0.125);
#48=CIRCLE('',#3684,0.25);
#49=CIRCLE('',#3685,0.25);
#50=CIRCLE('',#3689,0.125);
#51=CIRCLE('',#3690,0.125);
#52=CIRCLE('',#3694,0.25);
#53=CIRCLE('',#3695,0.25);
#54=CIRCLE('',#3698,0.125);
#55=CIRCLE('',#3699,0.125);
#56=CIRCLE('',#3704,0.25);
#57=CIRCLE('',#3705,0.25);
#58=CIRCLE('',#3708,0.125);
#59=CIRCLE('',#3709,0.125);
#60=CIRCLE('',#3711,0.25);
#61=CIRCLE('',#3712,0.25);
#62=CIRCLE('',#3715,0.125);
#63=CIRCLE('',#3716,0.125);
#64=CIRCLE('',#3721,0.25);
#65=CIRCLE('',#3722,0.25);
#66=CIRCLE('',#3725,0.125);
#67=CIRCLE('',#3726,0.125);
#68=CIRCLE('',#3728,0.25);
#69=CIRCLE('',#3729,0.25);
#70=CIRCLE('',#3734,0.125);
#71=CIRCLE('',#3735,0.125);
#72=CIRCLE('',#3738,0.25);
#73=CIRCLE('',#3739,0.25);
#74=CIRCLE('',#3741,0.125);
#75=CIRCLE('',#3742,0.125);
#76=CIRCLE('',#3745,0.25);
#77=CIRCLE('',#3746,0.25);
#78=CIRCLE('',#3749,0.125);
#79=CIRCLE('',#3750,0.125);
#80=CIRCLE('',#3755,0.25);
#81=CIRCLE('',#3756,0.25);
#82=CIRCLE('',#3759,0.125);
#83=CIRCLE('',#3760,0.125);
#84=CIRCLE('',#3783,0.25);
#85=CIRCLE('',#3784,0.25);
#86=CIRCLE('',#3789,0.125);
#87=CIRCLE('',#3790,0.125);
#88=CIRCLE('',#3793,0.25);
#89=CIRCLE('',#3794,0.25);
#90=CIRCLE('',#3796,0.125);
#91=CIRCLE('',#3797,0.125);
#92=CIRCLE('',#3800,0.25);
#93=CIRCLE('',#3801,0.25);
#94=CIRCLE('',#3804,0.125);
#95=CIRCLE('',#3805,0.125);
#96=CIRCLE('',#3810,0.25);
#97=CIRCLE('',#3811,0.25);
#98=CIRCLE('',#3814,0.125);
#99=CIRCLE('',#3815,0.125);
#100=CIRCLE('',#3817,0.175);
#101=CIRCLE('',#3839,0.125);
#102=CIRCLE('',#3840,0.25);
#103=CIRCLE('',#3841,0.125);
#104=CIRCLE('',#3842,0.25);
#105=CIRCLE('',#3844,0.25);
#106=CIRCLE('',#3845,0.125);
#107=CIRCLE('',#3846,0.25);
#108=CIRCLE('',#3847,0.125);
#109=CIRCLE('',#3860,0.025);
#110=CIRCLE('',#3862,0.025);
#111=CIRCLE('',#3864,0.025);
#112=CIRCLE('',#3866,0.025);
#113=CIRCLE('',#3868,0.0349999999999999);
#114=CIRCLE('',#3870,0.0349999999999999);
#115=CIRCLE('',#3872,0.0349999999999999);
#116=CIRCLE('',#3874,0.0349999999999999);
#117=CIRCLE('',#3876,0.0349999999999998);
#118=CIRCLE('',#3877,0.0349999999999998);
#119=CIRCLE('',#3879,0.0349999999999998);
#120=CIRCLE('',#3881,0.0349999999999998);
#121=CIRCLE('',#3883,0.0349999999999998);
#122=CIRCLE('',#3885,0.0349999999999998);
#123=CIRCLE('',#3887,0.0349999999999998);
#124=CIRCLE('',#3889,0.0349999999999998);
#125=CIRCLE('',#3909,0.175);
#126=CYLINDRICAL_SURFACE('',#3673,0.25);
#127=CYLINDRICAL_SURFACE('',#3679,0.125);
#128=CYLINDRICAL_SURFACE('',#3683,0.25);
#129=CYLINDRICAL_SURFACE('',#3688,0.125);
#130=CYLINDRICAL_SURFACE('',#3693,0.25);
#131=CYLINDRICAL_SURFACE('',#3697,0.125);
#132=CYLINDRICAL_SURFACE('',#3703,0.25);
#133=CYLINDRICAL_SURFACE('',#3707,0.125);
#134=CYLINDRICAL_SURFACE('',#3710,0.25);
#135=CYLINDRICAL_SURFACE('',#3714,0.125);
#136=CYLINDRICAL_SURFACE('',#3720,0.25);
#137=CYLINDRICAL_SURFACE('',#3724,0.125);
#138=CYLINDRICAL_SURFACE('',#3727,0.25);
#139=CYLINDRICAL_SURFACE('',#3733,0.125);
#140=CYLINDRICAL_SURFACE('',#3737,0.25);
#141=CYLINDRICAL_SURFACE('',#3740,0.125);
#142=CYLINDRICAL_SURFACE('',#3744,0.25);
#143=CYLINDRICAL_SURFACE('',#3748,0.125);
#144=CYLINDRICAL_SURFACE('',#3754,0.25);
#145=CYLINDRICAL_SURFACE('',#3758,0.125);
#146=CYLINDRICAL_SURFACE('',#3782,0.25);
#147=CYLINDRICAL_SURFACE('',#3788,0.125);
#148=CYLINDRICAL_SURFACE('',#3792,0.25);
#149=CYLINDRICAL_SURFACE('',#3795,0.125);
#150=CYLINDRICAL_SURFACE('',#3799,0.25);
#151=CYLINDRICAL_SURFACE('',#3803,0.125);
#152=CYLINDRICAL_SURFACE('',#3809,0.25);
#153=CYLINDRICAL_SURFACE('',#3813,0.125);
#154=CYLINDRICAL_SURFACE('',#3848,0.125);
#155=CYLINDRICAL_SURFACE('',#3851,0.25);
#156=CYLINDRICAL_SURFACE('',#3853,0.125);
#157=CYLINDRICAL_SURFACE('',#3857,0.25);
#158=CYLINDRICAL_SURFACE('',#3859,0.025);
#159=CYLINDRICAL_SURFACE('',#3861,0.025);
#160=CYLINDRICAL_SURFACE('',#3863,0.025);
#161=CYLINDRICAL_SURFACE('',#3865,0.025);
#162=CYLINDRICAL_SURFACE('',#3867,0.0349999999999999);
#163=CYLINDRICAL_SURFACE('',#3869,0.0349999999999999);
#164=CYLINDRICAL_SURFACE('',#3871,0.0349999999999999);
#165=CYLINDRICAL_SURFACE('',#3873,0.0349999999999999);
#166=CYLINDRICAL_SURFACE('',#3878,0.0349999999999998);
#167=CYLINDRICAL_SURFACE('',#3880,0.0349999999999998);
#168=CYLINDRICAL_SURFACE('',#3886,0.0349999999999998);
#169=CYLINDRICAL_SURFACE('',#3888,0.0349999999999998);
#170=CYLINDRICAL_SURFACE('',#3891,0.0349999999999998);
#171=CYLINDRICAL_SURFACE('',#3896,0.0349999999999998);
#172=CYLINDRICAL_SURFACE('',#3898,0.0349999999999998);
#173=CYLINDRICAL_SURFACE('',#3902,0.0349999999999998);
#174=CYLINDRICAL_SURFACE('',#3908,0.175);
#175=ORIENTED_EDGE('',*,*,#923,.T.);
#176=ORIENTED_EDGE('',*,*,#924,.T.);
#177=ORIENTED_EDGE('',*,*,#925,.T.);
#178=ORIENTED_EDGE('',*,*,#926,.T.);
#179=ORIENTED_EDGE('',*,*,#927,.F.);
#180=ORIENTED_EDGE('',*,*,#928,.F.);
#181=ORIENTED_EDGE('',*,*,#929,.F.);
#182=ORIENTED_EDGE('',*,*,#930,.F.);
#183=ORIENTED_EDGE('',*,*,#931,.F.);
#184=ORIENTED_EDGE('',*,*,#932,.F.);
#185=ORIENTED_EDGE('',*,*,#933,.T.);
#186=ORIENTED_EDGE('',*,*,#934,.T.);
#187=ORIENTED_EDGE('',*,*,#935,.F.);
#188=ORIENTED_EDGE('',*,*,#934,.F.);
#189=ORIENTED_EDGE('',*,*,#936,.T.);
#190=ORIENTED_EDGE('',*,*,#937,.T.);
#191=ORIENTED_EDGE('',*,*,#938,.F.);
#192=ORIENTED_EDGE('',*,*,#937,.F.);
#193=ORIENTED_EDGE('',*,*,#939,.T.);
#194=ORIENTED_EDGE('',*,*,#940,.T.);
#195=ORIENTED_EDGE('',*,*,#941,.F.);
#196=ORIENTED_EDGE('',*,*,#940,.F.);
#197=ORIENTED_EDGE('',*,*,#942,.T.);
#198=ORIENTED_EDGE('',*,*,#943,.T.);
#199=ORIENTED_EDGE('',*,*,#944,.F.);
#200=ORIENTED_EDGE('',*,*,#943,.F.);
#201=ORIENTED_EDGE('',*,*,#945,.T.);
#202=ORIENTED_EDGE('',*,*,#946,.T.);
#203=ORIENTED_EDGE('',*,*,#947,.F.);
#204=ORIENTED_EDGE('',*,*,#946,.F.);
#205=ORIENTED_EDGE('',*,*,#948,.T.);
#206=ORIENTED_EDGE('',*,*,#949,.T.);
#207=ORIENTED_EDGE('',*,*,#950,.F.);
#208=ORIENTED_EDGE('',*,*,#949,.F.);
#209=ORIENTED_EDGE('',*,*,#951,.T.);
#210=ORIENTED_EDGE('',*,*,#952,.T.);
#211=ORIENTED_EDGE('',*,*,#953,.F.);
#212=ORIENTED_EDGE('',*,*,#952,.F.);
#213=ORIENTED_EDGE('',*,*,#954,.T.);
#214=ORIENTED_EDGE('',*,*,#955,.T.);
#215=ORIENTED_EDGE('',*,*,#956,.F.);
#216=ORIENTED_EDGE('',*,*,#955,.F.);
#217=ORIENTED_EDGE('',*,*,#957,.T.);
#218=ORIENTED_EDGE('',*,*,#958,.F.);
#219=ORIENTED_EDGE('',*,*,#959,.F.);
#220=ORIENTED_EDGE('',*,*,#960,.F.);
#221=ORIENTED_EDGE('',*,*,#961,.T.);
#222=ORIENTED_EDGE('',*,*,#962,.T.);
#223=ORIENTED_EDGE('',*,*,#963,.F.);
#224=ORIENTED_EDGE('',*,*,#962,.F.);
#225=ORIENTED_EDGE('',*,*,#964,.T.);
#226=ORIENTED_EDGE('',*,*,#932,.T.);
#227=ORIENTED_EDGE('',*,*,#931,.T.);
#228=ORIENTED_EDGE('',*,*,#935,.T.);
#229=ORIENTED_EDGE('',*,*,#938,.T.);
#230=ORIENTED_EDGE('',*,*,#941,.T.);
#231=ORIENTED_EDGE('',*,*,#944,.T.);
#232=ORIENTED_EDGE('',*,*,#947,.T.);
#233=ORIENTED_EDGE('',*,*,#950,.T.);
#234=ORIENTED_EDGE('',*,*,#953,.T.);
#235=ORIENTED_EDGE('',*,*,#956,.T.);
#236=ORIENTED_EDGE('',*,*,#965,.F.);
#237=ORIENTED_EDGE('',*,*,#959,.T.);
#238=ORIENTED_EDGE('',*,*,#963,.T.);
#239=ORIENTED_EDGE('',*,*,#933,.F.);
#240=ORIENTED_EDGE('',*,*,#964,.F.);
#241=ORIENTED_EDGE('',*,*,#961,.F.);
#242=ORIENTED_EDGE('',*,*,#966,.T.);
#243=ORIENTED_EDGE('',*,*,#957,.F.);
#244=ORIENTED_EDGE('',*,*,#954,.F.);
#245=ORIENTED_EDGE('',*,*,#951,.F.);
#246=ORIENTED_EDGE('',*,*,#948,.F.);
#247=ORIENTED_EDGE('',*,*,#945,.F.);
#248=ORIENTED_EDGE('',*,*,#942,.F.);
#249=ORIENTED_EDGE('',*,*,#939,.F.);
#250=ORIENTED_EDGE('',*,*,#936,.F.);
#251=ORIENTED_EDGE('',*,*,#967,.F.);
#252=ORIENTED_EDGE('',*,*,#968,.F.);
#253=ORIENTED_EDGE('',*,*,#969,.T.);
#254=ORIENTED_EDGE('',*,*,#970,.T.);
#255=ORIENTED_EDGE('',*,*,#971,.F.);
#256=ORIENTED_EDGE('',*,*,#972,.F.);
#257=ORIENTED_EDGE('',*,*,#973,.T.);
#258=ORIENTED_EDGE('',*,*,#968,.T.);
#259=ORIENTED_EDGE('',*,*,#974,.F.);
#260=ORIENTED_EDGE('',*,*,#975,.F.);
#261=ORIENTED_EDGE('',*,*,#976,.T.);
#262=ORIENTED_EDGE('',*,*,#972,.T.);
#263=ORIENTED_EDGE('',*,*,#977,.F.);
#264=ORIENTED_EDGE('',*,*,#978,.F.);
#265=ORIENTED_EDGE('',*,*,#979,.T.);
#266=ORIENTED_EDGE('',*,*,#975,.T.);
#267=ORIENTED_EDGE('',*,*,#980,.F.);
#268=ORIENTED_EDGE('',*,*,#981,.F.);
#269=ORIENTED_EDGE('',*,*,#982,.T.);
#270=ORIENTED_EDGE('',*,*,#978,.T.);
#271=ORIENTED_EDGE('',*,*,#983,.F.);
#272=ORIENTED_EDGE('',*,*,#984,.F.);
#273=ORIENTED_EDGE('',*,*,#985,.T.);
#274=ORIENTED_EDGE('',*,*,#981,.T.);
#275=ORIENTED_EDGE('',*,*,#986,.F.);
#276=ORIENTED_EDGE('',*,*,#987,.F.);
#277=ORIENTED_EDGE('',*,*,#988,.T.);
#278=ORIENTED_EDGE('',*,*,#984,.T.);
#279=ORIENTED_EDGE('',*,*,#989,.F.);
#280=ORIENTED_EDGE('',*,*,#990,.F.);
#281=ORIENTED_EDGE('',*,*,#991,.T.);
#282=ORIENTED_EDGE('',*,*,#987,.T.);
#283=ORIENTED_EDGE('',*,*,#992,.F.);
#284=ORIENTED_EDGE('',*,*,#993,.F.);
#285=ORIENTED_EDGE('',*,*,#994,.T.);
#286=ORIENTED_EDGE('',*,*,#990,.T.);
#287=ORIENTED_EDGE('',*,*,#995,.F.);
#288=ORIENTED_EDGE('',*,*,#996,.F.);
#289=ORIENTED_EDGE('',*,*,#997,.T.);
#290=ORIENTED_EDGE('',*,*,#998,.T.);
#291=ORIENTED_EDGE('',*,*,#999,.F.);
#292=ORIENTED_EDGE('',*,*,#1000,.F.);
#293=ORIENTED_EDGE('',*,*,#1001,.T.);
#294=ORIENTED_EDGE('',*,*,#996,.T.);
#295=ORIENTED_EDGE('',*,*,#1002,.F.);
#296=ORIENTED_EDGE('',*,*,#1003,.F.);
#297=ORIENTED_EDGE('',*,*,#1004,.T.);
#298=ORIENTED_EDGE('',*,*,#1000,.T.);
#299=ORIENTED_EDGE('',*,*,#1005,.F.);
#300=ORIENTED_EDGE('',*,*,#1006,.F.);
#301=ORIENTED_EDGE('',*,*,#1007,.T.);
#302=ORIENTED_EDGE('',*,*,#1003,.T.);
#303=ORIENTED_EDGE('',*,*,#1008,.F.);
#304=ORIENTED_EDGE('',*,*,#1009,.F.);
#305=ORIENTED_EDGE('',*,*,#1010,.T.);
#306=ORIENTED_EDGE('',*,*,#1006,.T.);
#307=ORIENTED_EDGE('',*,*,#1011,.F.);
#308=ORIENTED_EDGE('',*,*,#1012,.F.);
#309=ORIENTED_EDGE('',*,*,#1013,.T.);
#310=ORIENTED_EDGE('',*,*,#1009,.T.);
#311=ORIENTED_EDGE('',*,*,#1014,.F.);
#312=ORIENTED_EDGE('',*,*,#1015,.F.);
#313=ORIENTED_EDGE('',*,*,#1016,.T.);
#314=ORIENTED_EDGE('',*,*,#1012,.T.);
#315=ORIENTED_EDGE('',*,*,#1017,.F.);
#316=ORIENTED_EDGE('',*,*,#1018,.F.);
#317=ORIENTED_EDGE('',*,*,#1019,.T.);
#318=ORIENTED_EDGE('',*,*,#1015,.T.);
#319=ORIENTED_EDGE('',*,*,#1020,.F.);
#320=ORIENTED_EDGE('',*,*,#1021,.F.);
#321=ORIENTED_EDGE('',*,*,#1022,.T.);
#322=ORIENTED_EDGE('',*,*,#1018,.T.);
#323=ORIENTED_EDGE('',*,*,#1023,.F.);
#324=ORIENTED_EDGE('',*,*,#1024,.F.);
#325=ORIENTED_EDGE('',*,*,#1025,.T.);
#326=ORIENTED_EDGE('',*,*,#1026,.T.);
#327=ORIENTED_EDGE('',*,*,#1027,.F.);
#328=ORIENTED_EDGE('',*,*,#1026,.F.);
#329=ORIENTED_EDGE('',*,*,#1028,.T.);
#330=ORIENTED_EDGE('',*,*,#1029,.T.);
#331=ORIENTED_EDGE('',*,*,#1030,.F.);
#332=ORIENTED_EDGE('',*,*,#1029,.F.);
#333=ORIENTED_EDGE('',*,*,#1031,.T.);
#334=ORIENTED_EDGE('',*,*,#1032,.T.);
#335=ORIENTED_EDGE('',*,*,#1033,.F.);
#336=ORIENTED_EDGE('',*,*,#1032,.F.);
#337=ORIENTED_EDGE('',*,*,#1034,.T.);
#338=ORIENTED_EDGE('',*,*,#1035,.T.);
#339=ORIENTED_EDGE('',*,*,#1036,.F.);
#340=ORIENTED_EDGE('',*,*,#1035,.F.);
#341=ORIENTED_EDGE('',*,*,#1037,.T.);
#342=ORIENTED_EDGE('',*,*,#1038,.T.);
#343=ORIENTED_EDGE('',*,*,#1039,.F.);
#344=ORIENTED_EDGE('',*,*,#1038,.F.);
#345=ORIENTED_EDGE('',*,*,#1040,.T.);
#346=ORIENTED_EDGE('',*,*,#1041,.T.);
#347=ORIENTED_EDGE('',*,*,#1042,.F.);
#348=ORIENTED_EDGE('',*,*,#1041,.F.);
#349=ORIENTED_EDGE('',*,*,#1043,.T.);
#350=ORIENTED_EDGE('',*,*,#1044,.T.);
#351=ORIENTED_EDGE('',*,*,#1045,.F.);
#352=ORIENTED_EDGE('',*,*,#1046,.F.);
#353=ORIENTED_EDGE('',*,*,#1047,.T.);
#354=ORIENTED_EDGE('',*,*,#1048,.T.);
#355=ORIENTED_EDGE('',*,*,#1049,.F.);
#356=ORIENTED_EDGE('',*,*,#1048,.F.);
#357=ORIENTED_EDGE('',*,*,#1050,.T.);
#358=ORIENTED_EDGE('',*,*,#1024,.T.);
#359=ORIENTED_EDGE('',*,*,#1051,.F.);
#360=ORIENTED_EDGE('',*,*,#1052,.F.);
#361=ORIENTED_EDGE('',*,*,#1053,.T.);
#362=ORIENTED_EDGE('',*,*,#1054,.T.);
#363=ORIENTED_EDGE('',*,*,#1055,.F.);
#364=ORIENTED_EDGE('',*,*,#1056,.F.);
#365=ORIENTED_EDGE('',*,*,#1057,.T.);
#366=ORIENTED_EDGE('',*,*,#1052,.T.);
#367=ORIENTED_EDGE('',*,*,#1058,.F.);
#368=ORIENTED_EDGE('',*,*,#1059,.F.);
#369=ORIENTED_EDGE('',*,*,#1060,.T.);
#370=ORIENTED_EDGE('',*,*,#1056,.T.);
#371=ORIENTED_EDGE('',*,*,#1061,.F.);
#372=ORIENTED_EDGE('',*,*,#1062,.F.);
#373=ORIENTED_EDGE('',*,*,#1063,.T.);
#374=ORIENTED_EDGE('',*,*,#1059,.T.);
#375=ORIENTED_EDGE('',*,*,#1064,.F.);
#376=ORIENTED_EDGE('',*,*,#1065,.F.);
#377=ORIENTED_EDGE('',*,*,#1066,.T.);
#378=ORIENTED_EDGE('',*,*,#1062,.T.);
#379=ORIENTED_EDGE('',*,*,#1067,.F.);
#380=ORIENTED_EDGE('',*,*,#1068,.F.);
#381=ORIENTED_EDGE('',*,*,#1069,.T.);
#382=ORIENTED_EDGE('',*,*,#1065,.T.);
#383=ORIENTED_EDGE('',*,*,#1070,.F.);
#384=ORIENTED_EDGE('',*,*,#1071,.F.);
#385=ORIENTED_EDGE('',*,*,#1072,.T.);
#386=ORIENTED_EDGE('',*,*,#1068,.T.);
#387=ORIENTED_EDGE('',*,*,#1073,.F.);
#388=ORIENTED_EDGE('',*,*,#1074,.F.);
#389=ORIENTED_EDGE('',*,*,#1075,.T.);
#390=ORIENTED_EDGE('',*,*,#1071,.T.);
#391=ORIENTED_EDGE('',*,*,#1076,.F.);
#392=ORIENTED_EDGE('',*,*,#1077,.F.);
#393=ORIENTED_EDGE('',*,*,#1078,.T.);
#394=ORIENTED_EDGE('',*,*,#1074,.T.);
#395=ORIENTED_EDGE('',*,*,#991,.F.);
#396=ORIENTED_EDGE('',*,*,#994,.F.);
#397=ORIENTED_EDGE('',*,*,#1079,.F.);
#398=ORIENTED_EDGE('',*,*,#1080,.T.);
#399=ORIENTED_EDGE('',*,*,#1081,.F.);
#400=ORIENTED_EDGE('',*,*,#969,.F.);
#401=ORIENTED_EDGE('',*,*,#973,.F.);
#402=ORIENTED_EDGE('',*,*,#976,.F.);
#403=ORIENTED_EDGE('',*,*,#979,.F.);
#404=ORIENTED_EDGE('',*,*,#982,.F.);
#405=ORIENTED_EDGE('',*,*,#985,.F.);
#406=ORIENTED_EDGE('',*,*,#988,.F.);
#407=ORIENTED_EDGE('',*,*,#1082,.F.);
#408=ORIENTED_EDGE('',*,*,#970,.F.);
#409=ORIENTED_EDGE('',*,*,#1081,.T.);
#410=ORIENTED_EDGE('',*,*,#1083,.F.);
#411=ORIENTED_EDGE('',*,*,#989,.T.);
#412=ORIENTED_EDGE('',*,*,#986,.T.);
#413=ORIENTED_EDGE('',*,*,#983,.T.);
#414=ORIENTED_EDGE('',*,*,#980,.T.);
#415=ORIENTED_EDGE('',*,*,#977,.T.);
#416=ORIENTED_EDGE('',*,*,#974,.T.);
#417=ORIENTED_EDGE('',*,*,#971,.T.);
#418=ORIENTED_EDGE('',*,*,#967,.T.);
#419=ORIENTED_EDGE('',*,*,#1082,.T.);
#420=ORIENTED_EDGE('',*,*,#1084,.F.);
#421=ORIENTED_EDGE('',*,*,#1085,.T.);
#422=ORIENTED_EDGE('',*,*,#992,.T.);
#423=ORIENTED_EDGE('',*,*,#1085,.F.);
#424=ORIENTED_EDGE('',*,*,#1086,.F.);
#425=ORIENTED_EDGE('',*,*,#1079,.T.);
#426=ORIENTED_EDGE('',*,*,#993,.T.);
#427=ORIENTED_EDGE('',*,*,#1019,.F.);
#428=ORIENTED_EDGE('',*,*,#1022,.F.);
#429=ORIENTED_EDGE('',*,*,#1087,.F.);
#430=ORIENTED_EDGE('',*,*,#1088,.T.);
#431=ORIENTED_EDGE('',*,*,#1089,.F.);
#432=ORIENTED_EDGE('',*,*,#997,.F.);
#433=ORIENTED_EDGE('',*,*,#1001,.F.);
#434=ORIENTED_EDGE('',*,*,#1004,.F.);
#435=ORIENTED_EDGE('',*,*,#1007,.F.);
#436=ORIENTED_EDGE('',*,*,#1010,.F.);
#437=ORIENTED_EDGE('',*,*,#1013,.F.);
#438=ORIENTED_EDGE('',*,*,#1016,.F.);
#439=ORIENTED_EDGE('',*,*,#1090,.F.);
#440=ORIENTED_EDGE('',*,*,#998,.F.);
#441=ORIENTED_EDGE('',*,*,#1089,.T.);
#442=ORIENTED_EDGE('',*,*,#1091,.F.);
#443=ORIENTED_EDGE('',*,*,#1017,.T.);
#444=ORIENTED_EDGE('',*,*,#1014,.T.);
#445=ORIENTED_EDGE('',*,*,#1011,.T.);
#446=ORIENTED_EDGE('',*,*,#1008,.T.);
#447=ORIENTED_EDGE('',*,*,#1005,.T.);
#448=ORIENTED_EDGE('',*,*,#1002,.T.);
#449=ORIENTED_EDGE('',*,*,#999,.T.);
#450=ORIENTED_EDGE('',*,*,#995,.T.);
#451=ORIENTED_EDGE('',*,*,#1090,.T.);
#452=ORIENTED_EDGE('',*,*,#1092,.F.);
#453=ORIENTED_EDGE('',*,*,#1093,.T.);
#454=ORIENTED_EDGE('',*,*,#1020,.T.);
#455=ORIENTED_EDGE('',*,*,#1093,.F.);
#456=ORIENTED_EDGE('',*,*,#1094,.F.);
#457=ORIENTED_EDGE('',*,*,#1087,.T.);
#458=ORIENTED_EDGE('',*,*,#1021,.T.);
#459=ORIENTED_EDGE('',*,*,#1095,.F.);
#460=ORIENTED_EDGE('',*,*,#1044,.F.);
#461=ORIENTED_EDGE('',*,*,#1096,.T.);
#462=ORIENTED_EDGE('',*,*,#1097,.F.);
#463=ORIENTED_EDGE('',*,*,#1049,.T.);
#464=ORIENTED_EDGE('',*,*,#1023,.T.);
#465=ORIENTED_EDGE('',*,*,#1027,.T.);
#466=ORIENTED_EDGE('',*,*,#1030,.T.);
#467=ORIENTED_EDGE('',*,*,#1033,.T.);
#468=ORIENTED_EDGE('',*,*,#1036,.T.);
#469=ORIENTED_EDGE('',*,*,#1039,.T.);
#470=ORIENTED_EDGE('',*,*,#1042,.T.);
#471=ORIENTED_EDGE('',*,*,#1095,.T.);
#472=ORIENTED_EDGE('',*,*,#1098,.F.);
#473=ORIENTED_EDGE('',*,*,#1099,.T.);
#474=ORIENTED_EDGE('',*,*,#1045,.T.);
#475=ORIENTED_EDGE('',*,*,#1099,.F.);
#476=ORIENTED_EDGE('',*,*,#1100,.F.);
#477=ORIENTED_EDGE('',*,*,#1101,.T.);
#478=ORIENTED_EDGE('',*,*,#1046,.T.);
#479=ORIENTED_EDGE('',*,*,#1050,.F.);
#480=ORIENTED_EDGE('',*,*,#1047,.F.);
#481=ORIENTED_EDGE('',*,*,#1101,.F.);
#482=ORIENTED_EDGE('',*,*,#1102,.T.);
#483=ORIENTED_EDGE('',*,*,#1096,.F.);
#484=ORIENTED_EDGE('',*,*,#1043,.F.);
#485=ORIENTED_EDGE('',*,*,#1040,.F.);
#486=ORIENTED_EDGE('',*,*,#1037,.F.);
#487=ORIENTED_EDGE('',*,*,#1034,.F.);
#488=ORIENTED_EDGE('',*,*,#1031,.F.);
#489=ORIENTED_EDGE('',*,*,#1028,.F.);
#490=ORIENTED_EDGE('',*,*,#1025,.F.);
#491=ORIENTED_EDGE('',*,*,#1075,.F.);
#492=ORIENTED_EDGE('',*,*,#1078,.F.);
#493=ORIENTED_EDGE('',*,*,#1103,.F.);
#494=ORIENTED_EDGE('',*,*,#1104,.T.);
#495=ORIENTED_EDGE('',*,*,#1105,.F.);
#496=ORIENTED_EDGE('',*,*,#1053,.F.);
#497=ORIENTED_EDGE('',*,*,#1057,.F.);
#498=ORIENTED_EDGE('',*,*,#1060,.F.);
#499=ORIENTED_EDGE('',*,*,#1063,.F.);
#500=ORIENTED_EDGE('',*,*,#1066,.F.);
#501=ORIENTED_EDGE('',*,*,#1069,.F.);
#502=ORIENTED_EDGE('',*,*,#1072,.F.);
#503=ORIENTED_EDGE('',*,*,#1106,.F.);
#504=ORIENTED_EDGE('',*,*,#1054,.F.);
#505=ORIENTED_EDGE('',*,*,#1105,.T.);
#506=ORIENTED_EDGE('',*,*,#1107,.F.);
#507=ORIENTED_EDGE('',*,*,#1073,.T.);
#508=ORIENTED_EDGE('',*,*,#1070,.T.);
#509=ORIENTED_EDGE('',*,*,#1067,.T.);
#510=ORIENTED_EDGE('',*,*,#1064,.T.);
#511=ORIENTED_EDGE('',*,*,#1061,.T.);
#512=ORIENTED_EDGE('',*,*,#1058,.T.);
#513=ORIENTED_EDGE('',*,*,#1055,.T.);
#514=ORIENTED_EDGE('',*,*,#1051,.T.);
#515=ORIENTED_EDGE('',*,*,#1106,.T.);
#516=ORIENTED_EDGE('',*,*,#1108,.F.);
#517=ORIENTED_EDGE('',*,*,#1109,.T.);
#518=ORIENTED_EDGE('',*,*,#1076,.T.);
#519=ORIENTED_EDGE('',*,*,#1109,.F.);
#520=ORIENTED_EDGE('',*,*,#1110,.F.);
#521=ORIENTED_EDGE('',*,*,#1103,.T.);
#522=ORIENTED_EDGE('',*,*,#1077,.T.);
#523=ORIENTED_EDGE('',*,*,#1111,.T.);
#524=ORIENTED_EDGE('',*,*,#1112,.T.);
#525=ORIENTED_EDGE('',*,*,#1113,.T.);
#526=ORIENTED_EDGE('',*,*,#1114,.F.);
#527=ORIENTED_EDGE('',*,*,#1115,.T.);
#528=ORIENTED_EDGE('',*,*,#1116,.T.);
#529=ORIENTED_EDGE('',*,*,#1117,.T.);
#530=ORIENTED_EDGE('',*,*,#1118,.F.);
#531=ORIENTED_EDGE('',*,*,#1119,.T.);
#532=ORIENTED_EDGE('',*,*,#1120,.T.);
#533=ORIENTED_EDGE('',*,*,#1121,.T.);
#534=ORIENTED_EDGE('',*,*,#1122,.F.);
#535=ORIENTED_EDGE('',*,*,#1123,.T.);
#536=ORIENTED_EDGE('',*,*,#1124,.T.);
#537=ORIENTED_EDGE('',*,*,#1125,.T.);
#538=ORIENTED_EDGE('',*,*,#1126,.F.);
#539=ORIENTED_EDGE('',*,*,#1110,.T.);
#540=ORIENTED_EDGE('',*,*,#1108,.T.);
#541=ORIENTED_EDGE('',*,*,#1107,.T.);
#542=ORIENTED_EDGE('',*,*,#1104,.F.);
#543=ORIENTED_EDGE('',*,*,#1102,.F.);
#544=ORIENTED_EDGE('',*,*,#1100,.T.);
#545=ORIENTED_EDGE('',*,*,#1098,.T.);
#546=ORIENTED_EDGE('',*,*,#1097,.T.);
#547=ORIENTED_EDGE('',*,*,#1094,.T.);
#548=ORIENTED_EDGE('',*,*,#1092,.T.);
#549=ORIENTED_EDGE('',*,*,#1091,.T.);
#550=ORIENTED_EDGE('',*,*,#1088,.F.);
#551=ORIENTED_EDGE('',*,*,#1086,.T.);
#552=ORIENTED_EDGE('',*,*,#1084,.T.);
#553=ORIENTED_EDGE('',*,*,#1083,.T.);
#554=ORIENTED_EDGE('',*,*,#1080,.F.);
#555=ORIENTED_EDGE('',*,*,#1127,.T.);
#556=ORIENTED_EDGE('',*,*,#1128,.T.);
#557=ORIENTED_EDGE('',*,*,#1129,.T.);
#558=ORIENTED_EDGE('',*,*,#1130,.T.);
#559=ORIENTED_EDGE('',*,*,#1131,.F.);
#560=ORIENTED_EDGE('',*,*,#1132,.F.);
#561=ORIENTED_EDGE('',*,*,#1133,.T.);
#562=ORIENTED_EDGE('',*,*,#1134,.T.);
#563=ORIENTED_EDGE('',*,*,#1135,.F.);
#564=ORIENTED_EDGE('',*,*,#1134,.F.);
#565=ORIENTED_EDGE('',*,*,#1136,.T.);
#566=ORIENTED_EDGE('',*,*,#1137,.T.);
#567=ORIENTED_EDGE('',*,*,#1138,.F.);
#568=ORIENTED_EDGE('',*,*,#1137,.F.);
#569=ORIENTED_EDGE('',*,*,#1139,.T.);
#570=ORIENTED_EDGE('',*,*,#1140,.T.);
#571=ORIENTED_EDGE('',*,*,#1141,.F.);
#572=ORIENTED_EDGE('',*,*,#1140,.F.);
#573=ORIENTED_EDGE('',*,*,#1142,.T.);
#574=ORIENTED_EDGE('',*,*,#1143,.T.);
#575=ORIENTED_EDGE('',*,*,#1144,.F.);
#576=ORIENTED_EDGE('',*,*,#1143,.F.);
#577=ORIENTED_EDGE('',*,*,#1145,.T.);
#578=ORIENTED_EDGE('',*,*,#1146,.T.);
#579=ORIENTED_EDGE('',*,*,#1147,.F.);
#580=ORIENTED_EDGE('',*,*,#1146,.F.);
#581=ORIENTED_EDGE('',*,*,#1148,.T.);
#582=ORIENTED_EDGE('',*,*,#1149,.T.);
#583=ORIENTED_EDGE('',*,*,#1150,.F.);
#584=ORIENTED_EDGE('',*,*,#1149,.F.);
#585=ORIENTED_EDGE('',*,*,#1151,.T.);
#586=ORIENTED_EDGE('',*,*,#1152,.T.);
#587=ORIENTED_EDGE('',*,*,#1153,.F.);
#588=ORIENTED_EDGE('',*,*,#1154,.F.);
#589=ORIENTED_EDGE('',*,*,#1155,.T.);
#590=ORIENTED_EDGE('',*,*,#1156,.T.);
#591=ORIENTED_EDGE('',*,*,#1157,.F.);
#592=ORIENTED_EDGE('',*,*,#1156,.F.);
#593=ORIENTED_EDGE('',*,*,#1158,.T.);
#594=ORIENTED_EDGE('',*,*,#1132,.T.);
#595=ORIENTED_EDGE('',*,*,#1159,.F.);
#596=ORIENTED_EDGE('',*,*,#1160,.F.);
#597=ORIENTED_EDGE('',*,*,#1161,.T.);
#598=ORIENTED_EDGE('',*,*,#1162,.T.);
#599=ORIENTED_EDGE('',*,*,#1163,.F.);
#600=ORIENTED_EDGE('',*,*,#1164,.F.);
#601=ORIENTED_EDGE('',*,*,#1165,.T.);
#602=ORIENTED_EDGE('',*,*,#1160,.T.);
#603=ORIENTED_EDGE('',*,*,#1166,.F.);
#604=ORIENTED_EDGE('',*,*,#1167,.F.);
#605=ORIENTED_EDGE('',*,*,#1168,.T.);
#606=ORIENTED_EDGE('',*,*,#1164,.T.);
#607=ORIENTED_EDGE('',*,*,#1169,.F.);
#608=ORIENTED_EDGE('',*,*,#1170,.F.);
#609=ORIENTED_EDGE('',*,*,#1171,.T.);
#610=ORIENTED_EDGE('',*,*,#1167,.T.);
#611=ORIENTED_EDGE('',*,*,#1172,.F.);
#612=ORIENTED_EDGE('',*,*,#1173,.F.);
#613=ORIENTED_EDGE('',*,*,#1174,.T.);
#614=ORIENTED_EDGE('',*,*,#1170,.T.);
#615=ORIENTED_EDGE('',*,*,#1175,.F.);
#616=ORIENTED_EDGE('',*,*,#1176,.F.);
#617=ORIENTED_EDGE('',*,*,#1177,.T.);
#618=ORIENTED_EDGE('',*,*,#1173,.T.);
#619=ORIENTED_EDGE('',*,*,#1178,.F.);
#620=ORIENTED_EDGE('',*,*,#1179,.F.);
#621=ORIENTED_EDGE('',*,*,#1180,.T.);
#622=ORIENTED_EDGE('',*,*,#1176,.T.);
#623=ORIENTED_EDGE('',*,*,#1181,.F.);
#624=ORIENTED_EDGE('',*,*,#1182,.F.);
#625=ORIENTED_EDGE('',*,*,#1183,.T.);
#626=ORIENTED_EDGE('',*,*,#1179,.T.);
#627=ORIENTED_EDGE('',*,*,#1184,.F.);
#628=ORIENTED_EDGE('',*,*,#1185,.F.);
#629=ORIENTED_EDGE('',*,*,#1186,.T.);
#630=ORIENTED_EDGE('',*,*,#1182,.T.);
#631=ORIENTED_EDGE('',*,*,#1187,.T.);
#632=ORIENTED_EDGE('',*,*,#1188,.T.);
#633=ORIENTED_EDGE('',*,*,#1189,.T.);
#634=ORIENTED_EDGE('',*,*,#1190,.T.);
#635=ORIENTED_EDGE('',*,*,#1191,.T.);
#636=ORIENTED_EDGE('',*,*,#1192,.T.);
#637=ORIENTED_EDGE('',*,*,#1193,.T.);
#638=ORIENTED_EDGE('',*,*,#1194,.T.);
#639=ORIENTED_EDGE('',*,*,#1195,.T.);
#640=ORIENTED_EDGE('',*,*,#1118,.T.);
#641=ORIENTED_EDGE('',*,*,#1196,.T.);
#642=ORIENTED_EDGE('',*,*,#1114,.T.);
#643=ORIENTED_EDGE('',*,*,#1197,.T.);
#644=ORIENTED_EDGE('',*,*,#1126,.T.);
#645=ORIENTED_EDGE('',*,*,#1198,.T.);
#646=ORIENTED_EDGE('',*,*,#1122,.T.);
#647=ORIENTED_EDGE('',*,*,#1199,.T.);
#648=ORIENTED_EDGE('',*,*,#1200,.F.);
#649=ORIENTED_EDGE('',*,*,#1201,.T.);
#650=ORIENTED_EDGE('',*,*,#1202,.F.);
#651=ORIENTED_EDGE('',*,*,#1203,.T.);
#652=ORIENTED_EDGE('',*,*,#1130,.F.);
#653=ORIENTED_EDGE('',*,*,#1204,.T.);
#654=ORIENTED_EDGE('',*,*,#1195,.F.);
#655=ORIENTED_EDGE('',*,*,#1205,.T.);
#656=ORIENTED_EDGE('',*,*,#1206,.T.);
#657=ORIENTED_EDGE('',*,*,#1207,.T.);
#658=ORIENTED_EDGE('',*,*,#1208,.T.);
#659=ORIENTED_EDGE('',*,*,#1202,.T.);
#660=ORIENTED_EDGE('',*,*,#1209,.F.);
#661=ORIENTED_EDGE('',*,*,#1152,.F.);
#662=ORIENTED_EDGE('',*,*,#1210,.T.);
#663=ORIENTED_EDGE('',*,*,#1211,.F.);
#664=ORIENTED_EDGE('',*,*,#1157,.T.);
#665=ORIENTED_EDGE('',*,*,#1131,.T.);
#666=ORIENTED_EDGE('',*,*,#1135,.T.);
#667=ORIENTED_EDGE('',*,*,#1138,.T.);
#668=ORIENTED_EDGE('',*,*,#1141,.T.);
#669=ORIENTED_EDGE('',*,*,#1144,.T.);
#670=ORIENTED_EDGE('',*,*,#1147,.T.);
#671=ORIENTED_EDGE('',*,*,#1150,.T.);
#672=ORIENTED_EDGE('',*,*,#1209,.T.);
#673=ORIENTED_EDGE('',*,*,#1212,.F.);
#674=ORIENTED_EDGE('',*,*,#1213,.T.);
#675=ORIENTED_EDGE('',*,*,#1153,.T.);
#676=ORIENTED_EDGE('',*,*,#1213,.F.);
#677=ORIENTED_EDGE('',*,*,#1214,.F.);
#678=ORIENTED_EDGE('',*,*,#1215,.T.);
#679=ORIENTED_EDGE('',*,*,#1154,.T.);
#680=ORIENTED_EDGE('',*,*,#1158,.F.);
#681=ORIENTED_EDGE('',*,*,#1155,.F.);
#682=ORIENTED_EDGE('',*,*,#1215,.F.);
#683=ORIENTED_EDGE('',*,*,#1216,.T.);
#684=ORIENTED_EDGE('',*,*,#1210,.F.);
#685=ORIENTED_EDGE('',*,*,#1151,.F.);
#686=ORIENTED_EDGE('',*,*,#1148,.F.);
#687=ORIENTED_EDGE('',*,*,#1145,.F.);
#688=ORIENTED_EDGE('',*,*,#1142,.F.);
#689=ORIENTED_EDGE('',*,*,#1139,.F.);
#690=ORIENTED_EDGE('',*,*,#1136,.F.);
#691=ORIENTED_EDGE('',*,*,#1133,.F.);
#692=ORIENTED_EDGE('',*,*,#1183,.F.);
#693=ORIENTED_EDGE('',*,*,#1186,.F.);
#694=ORIENTED_EDGE('',*,*,#1217,.F.);
#695=ORIENTED_EDGE('',*,*,#1218,.T.);
#696=ORIENTED_EDGE('',*,*,#1219,.F.);
#697=ORIENTED_EDGE('',*,*,#1161,.F.);
#698=ORIENTED_EDGE('',*,*,#1165,.F.);
#699=ORIENTED_EDGE('',*,*,#1168,.F.);
#700=ORIENTED_EDGE('',*,*,#1171,.F.);
#701=ORIENTED_EDGE('',*,*,#1174,.F.);
#702=ORIENTED_EDGE('',*,*,#1177,.F.);
#703=ORIENTED_EDGE('',*,*,#1180,.F.);
#704=ORIENTED_EDGE('',*,*,#1220,.F.);
#705=ORIENTED_EDGE('',*,*,#1162,.F.);
#706=ORIENTED_EDGE('',*,*,#1219,.T.);
#707=ORIENTED_EDGE('',*,*,#1221,.F.);
#708=ORIENTED_EDGE('',*,*,#1181,.T.);
#709=ORIENTED_EDGE('',*,*,#1178,.T.);
#710=ORIENTED_EDGE('',*,*,#1175,.T.);
#711=ORIENTED_EDGE('',*,*,#1172,.T.);
#712=ORIENTED_EDGE('',*,*,#1169,.T.);
#713=ORIENTED_EDGE('',*,*,#1166,.T.);
#714=ORIENTED_EDGE('',*,*,#1163,.T.);
#715=ORIENTED_EDGE('',*,*,#1159,.T.);
#716=ORIENTED_EDGE('',*,*,#1220,.T.);
#717=ORIENTED_EDGE('',*,*,#1222,.F.);
#718=ORIENTED_EDGE('',*,*,#1223,.T.);
#719=ORIENTED_EDGE('',*,*,#1184,.T.);
#720=ORIENTED_EDGE('',*,*,#1223,.F.);
#721=ORIENTED_EDGE('',*,*,#1224,.F.);
#722=ORIENTED_EDGE('',*,*,#1217,.T.);
#723=ORIENTED_EDGE('',*,*,#1185,.T.);
#724=ORIENTED_EDGE('',*,*,#960,.T.);
#725=ORIENTED_EDGE('',*,*,#965,.T.);
#726=ORIENTED_EDGE('',*,*,#958,.T.);
#727=ORIENTED_EDGE('',*,*,#966,.F.);
#728=ORIENTED_EDGE('',*,*,#1225,.F.);
#729=ORIENTED_EDGE('',*,*,#1226,.T.);
#730=ORIENTED_EDGE('',*,*,#1227,.T.);
#731=ORIENTED_EDGE('',*,*,#1228,.T.);
#732=ORIENTED_EDGE('',*,*,#1224,.T.);
#733=ORIENTED_EDGE('',*,*,#1222,.T.);
#734=ORIENTED_EDGE('',*,*,#1221,.T.);
#735=ORIENTED_EDGE('',*,*,#1218,.F.);
#736=ORIENTED_EDGE('',*,*,#1216,.F.);
#737=ORIENTED_EDGE('',*,*,#1214,.T.);
#738=ORIENTED_EDGE('',*,*,#1212,.T.);
#739=ORIENTED_EDGE('',*,*,#1211,.T.);
#740=ORIENTED_EDGE('',*,*,#1229,.T.);
#741=ORIENTED_EDGE('',*,*,#1230,.T.);
#742=ORIENTED_EDGE('',*,*,#1231,.T.);
#743=ORIENTED_EDGE('',*,*,#1200,.T.);
#744=ORIENTED_EDGE('',*,*,#1232,.F.);
#745=ORIENTED_EDGE('',*,*,#1233,.F.);
#746=ORIENTED_EDGE('',*,*,#1234,.F.);
#747=ORIENTED_EDGE('',*,*,#1225,.T.);
#748=ORIENTED_EDGE('',*,*,#1235,.F.);
#749=ORIENTED_EDGE('',*,*,#1236,.F.);
#750=ORIENTED_EDGE('',*,*,#1237,.F.);
#751=ORIENTED_EDGE('',*,*,#1238,.F.);
#752=ORIENTED_EDGE('',*,*,#1239,.F.);
#753=ORIENTED_EDGE('',*,*,#1240,.F.);
#754=ORIENTED_EDGE('',*,*,#1241,.F.);
#755=ORIENTED_EDGE('',*,*,#1242,.F.);
#756=ORIENTED_EDGE('',*,*,#1243,.T.);
#757=ORIENTED_EDGE('',*,*,#1244,.T.);
#758=ORIENTED_EDGE('',*,*,#1245,.T.);
#759=ORIENTED_EDGE('',*,*,#1246,.T.);
#760=ORIENTED_EDGE('',*,*,#1247,.T.);
#761=ORIENTED_EDGE('',*,*,#1248,.T.);
#762=ORIENTED_EDGE('',*,*,#1249,.T.);
#763=ORIENTED_EDGE('',*,*,#1250,.T.);
#764=ORIENTED_EDGE('',*,*,#1251,.T.);
#765=ORIENTED_EDGE('',*,*,#1227,.F.);
#766=ORIENTED_EDGE('',*,*,#1252,.T.);
#767=ORIENTED_EDGE('',*,*,#1253,.T.);
#768=ORIENTED_EDGE('',*,*,#1253,.F.);
#769=ORIENTED_EDGE('',*,*,#1254,.F.);
#770=ORIENTED_EDGE('',*,*,#1233,.T.);
#771=ORIENTED_EDGE('',*,*,#1255,.T.);
#772=ORIENTED_EDGE('',*,*,#1252,.F.);
#773=ORIENTED_EDGE('',*,*,#1226,.F.);
#774=ORIENTED_EDGE('',*,*,#1234,.T.);
#775=ORIENTED_EDGE('',*,*,#1254,.T.);
#776=ORIENTED_EDGE('',*,*,#1251,.F.);
#777=ORIENTED_EDGE('',*,*,#1256,.F.);
#778=ORIENTED_EDGE('',*,*,#1235,.T.);
#779=ORIENTED_EDGE('',*,*,#1228,.F.);
#780=ORIENTED_EDGE('',*,*,#1250,.F.);
#781=ORIENTED_EDGE('',*,*,#1257,.F.);
#782=ORIENTED_EDGE('',*,*,#1236,.T.);
#783=ORIENTED_EDGE('',*,*,#1256,.T.);
#784=ORIENTED_EDGE('',*,*,#1249,.F.);
#785=ORIENTED_EDGE('',*,*,#1258,.F.);
#786=ORIENTED_EDGE('',*,*,#1237,.T.);
#787=ORIENTED_EDGE('',*,*,#1257,.T.);
#788=ORIENTED_EDGE('',*,*,#1248,.F.);
#789=ORIENTED_EDGE('',*,*,#1259,.F.);
#790=ORIENTED_EDGE('',*,*,#1238,.T.);
#791=ORIENTED_EDGE('',*,*,#1258,.T.);
#792=ORIENTED_EDGE('',*,*,#1247,.F.);
#793=ORIENTED_EDGE('',*,*,#1260,.F.);
#794=ORIENTED_EDGE('',*,*,#1239,.T.);
#795=ORIENTED_EDGE('',*,*,#1259,.T.);
#796=ORIENTED_EDGE('',*,*,#1246,.F.);
#797=ORIENTED_EDGE('',*,*,#1261,.F.);
#798=ORIENTED_EDGE('',*,*,#1240,.T.);
#799=ORIENTED_EDGE('',*,*,#1260,.T.);
#800=ORIENTED_EDGE('',*,*,#1245,.F.);
#801=ORIENTED_EDGE('',*,*,#1262,.F.);
#802=ORIENTED_EDGE('',*,*,#1241,.T.);
#803=ORIENTED_EDGE('',*,*,#1261,.T.);
#804=ORIENTED_EDGE('',*,*,#1244,.F.);
#805=ORIENTED_EDGE('',*,*,#1263,.F.);
#806=ORIENTED_EDGE('',*,*,#1242,.T.);
#807=ORIENTED_EDGE('',*,*,#1262,.T.);
#808=ORIENTED_EDGE('',*,*,#1243,.F.);
#809=ORIENTED_EDGE('',*,*,#1255,.F.);
#810=ORIENTED_EDGE('',*,*,#1232,.T.);
#811=ORIENTED_EDGE('',*,*,#1263,.T.);
#812=ORIENTED_EDGE('',*,*,#1113,.F.);
#813=ORIENTED_EDGE('',*,*,#1264,.T.);
#814=ORIENTED_EDGE('',*,*,#1123,.F.);
#815=ORIENTED_EDGE('',*,*,#1197,.F.);
#816=ORIENTED_EDGE('',*,*,#1121,.F.);
#817=ORIENTED_EDGE('',*,*,#1265,.T.);
#818=ORIENTED_EDGE('',*,*,#1115,.F.);
#819=ORIENTED_EDGE('',*,*,#1199,.F.);
#820=ORIENTED_EDGE('',*,*,#1117,.F.);
#821=ORIENTED_EDGE('',*,*,#1266,.T.);
#822=ORIENTED_EDGE('',*,*,#1111,.F.);
#823=ORIENTED_EDGE('',*,*,#1196,.F.);
#824=ORIENTED_EDGE('',*,*,#1125,.F.);
#825=ORIENTED_EDGE('',*,*,#1267,.T.);
#826=ORIENTED_EDGE('',*,*,#1119,.F.);
#827=ORIENTED_EDGE('',*,*,#1198,.F.);
#828=ORIENTED_EDGE('',*,*,#1208,.F.);
#829=ORIENTED_EDGE('',*,*,#1268,.T.);
#830=ORIENTED_EDGE('',*,*,#1127,.F.);
#831=ORIENTED_EDGE('',*,*,#1203,.F.);
#832=ORIENTED_EDGE('',*,*,#1194,.F.);
#833=ORIENTED_EDGE('',*,*,#1269,.T.);
#834=ORIENTED_EDGE('',*,*,#1229,.F.);
#835=ORIENTED_EDGE('',*,*,#1205,.F.);
#836=ORIENTED_EDGE('',*,*,#1129,.F.);
#837=ORIENTED_EDGE('',*,*,#1270,.T.);
#838=ORIENTED_EDGE('',*,*,#1192,.F.);
#839=ORIENTED_EDGE('',*,*,#1204,.F.);
#840=ORIENTED_EDGE('',*,*,#1231,.F.);
#841=ORIENTED_EDGE('',*,*,#1271,.T.);
#842=ORIENTED_EDGE('',*,*,#1206,.F.);
#843=ORIENTED_EDGE('',*,*,#1201,.F.);
#844=ORIENTED_EDGE('',*,*,#1272,.F.);
#845=ORIENTED_EDGE('',*,*,#1268,.F.);
#846=ORIENTED_EDGE('',*,*,#1273,.F.);
#847=ORIENTED_EDGE('',*,*,#1273,.T.);
#848=ORIENTED_EDGE('',*,*,#1207,.F.);
#849=ORIENTED_EDGE('',*,*,#1274,.F.);
#850=ORIENTED_EDGE('',*,*,#1188,.F.);
#851=ORIENTED_EDGE('',*,*,#1272,.T.);
#852=ORIENTED_EDGE('',*,*,#1191,.F.);
#853=ORIENTED_EDGE('',*,*,#1275,.F.);
#854=ORIENTED_EDGE('',*,*,#1128,.F.);
#855=ORIENTED_EDGE('',*,*,#1274,.T.);
#856=ORIENTED_EDGE('',*,*,#1271,.F.);
#857=ORIENTED_EDGE('',*,*,#1276,.F.);
#858=ORIENTED_EDGE('',*,*,#1270,.F.);
#859=ORIENTED_EDGE('',*,*,#1275,.T.);
#860=ORIENTED_EDGE('',*,*,#1277,.F.);
#861=ORIENTED_EDGE('',*,*,#1276,.T.);
#862=ORIENTED_EDGE('',*,*,#1230,.F.);
#863=ORIENTED_EDGE('',*,*,#1278,.F.);
#864=ORIENTED_EDGE('',*,*,#1189,.F.);
#865=ORIENTED_EDGE('',*,*,#1277,.T.);
#866=ORIENTED_EDGE('',*,*,#1190,.F.);
#867=ORIENTED_EDGE('',*,*,#1279,.F.);
#868=ORIENTED_EDGE('',*,*,#1193,.F.);
#869=ORIENTED_EDGE('',*,*,#1278,.T.);
#870=ORIENTED_EDGE('',*,*,#1269,.F.);
#871=ORIENTED_EDGE('',*,*,#1279,.T.);
#872=ORIENTED_EDGE('',*,*,#1280,.F.);
#873=ORIENTED_EDGE('',*,*,#1124,.F.);
#874=ORIENTED_EDGE('',*,*,#1281,.F.);
#875=ORIENTED_EDGE('',*,*,#926,.F.);
#876=ORIENTED_EDGE('',*,*,#1267,.F.);
#877=ORIENTED_EDGE('',*,*,#1280,.T.);
#878=ORIENTED_EDGE('',*,*,#1282,.F.);
#879=ORIENTED_EDGE('',*,*,#1281,.T.);
#880=ORIENTED_EDGE('',*,*,#1264,.F.);
#881=ORIENTED_EDGE('',*,*,#1283,.F.);
#882=ORIENTED_EDGE('',*,*,#1282,.T.);
#883=ORIENTED_EDGE('',*,*,#925,.F.);
#884=ORIENTED_EDGE('',*,*,#1284,.F.);
#885=ORIENTED_EDGE('',*,*,#1120,.F.);
#886=ORIENTED_EDGE('',*,*,#1283,.T.);
#887=ORIENTED_EDGE('',*,*,#1112,.F.);
#888=ORIENTED_EDGE('',*,*,#1285,.F.);
#889=ORIENTED_EDGE('',*,*,#923,.F.);
#890=ORIENTED_EDGE('',*,*,#1265,.F.);
#891=ORIENTED_EDGE('',*,*,#1284,.T.);
#892=ORIENTED_EDGE('',*,*,#1286,.F.);
#893=ORIENTED_EDGE('',*,*,#1285,.T.);
#894=ORIENTED_EDGE('',*,*,#1266,.F.);
#895=ORIENTED_EDGE('',*,*,#1287,.F.);
#896=ORIENTED_EDGE('',*,*,#1286,.T.);
#897=ORIENTED_EDGE('',*,*,#924,.F.);
#898=ORIENTED_EDGE('',*,*,#1287,.T.);
#899=ORIENTED_EDGE('',*,*,#1116,.F.);
#900=ORIENTED_EDGE('',*,*,#927,.T.);
#901=ORIENTED_EDGE('',*,*,#1288,.F.);
#902=ORIENTED_EDGE('',*,*,#1289,.F.);
#903=ORIENTED_EDGE('',*,*,#1290,.T.);
#904=ORIENTED_EDGE('',*,*,#930,.T.);
#905=ORIENTED_EDGE('',*,*,#1291,.F.);
#906=ORIENTED_EDGE('',*,*,#1292,.F.);
#907=ORIENTED_EDGE('',*,*,#1288,.T.);
#908=ORIENTED_EDGE('',*,*,#929,.T.);
#909=ORIENTED_EDGE('',*,*,#1293,.F.);
#910=ORIENTED_EDGE('',*,*,#1294,.F.);
#911=ORIENTED_EDGE('',*,*,#1291,.T.);
#912=ORIENTED_EDGE('',*,*,#928,.T.);
#913=ORIENTED_EDGE('',*,*,#1290,.F.);
#914=ORIENTED_EDGE('',*,*,#1295,.F.);
#915=ORIENTED_EDGE('',*,*,#1293,.T.);
#916=ORIENTED_EDGE('',*,*,#1289,.T.);
#917=ORIENTED_EDGE('',*,*,#1292,.T.);
#918=ORIENTED_EDGE('',*,*,#1294,.T.);
#919=ORIENTED_EDGE('',*,*,#1295,.T.);
#920=ORIENTED_EDGE('',*,*,#1296,.T.);
#921=ORIENTED_EDGE('',*,*,#1187,.F.);
#922=ORIENTED_EDGE('',*,*,#1296,.F.);
#923=EDGE_CURVE('',#1297,#1298,#1539,.T.);
#924=EDGE_CURVE('',#1298,#1299,#1540,.T.);
#925=EDGE_CURVE('',#1299,#1300,#1541,.T.);
#926=EDGE_CURVE('',#1300,#1297,#1542,.T.);
#927=EDGE_CURVE('',#1301,#1302,#1543,.T.);
#928=EDGE_CURVE('',#1303,#1301,#1544,.T.);
#929=EDGE_CURVE('',#1304,#1303,#1545,.T.);
#930=EDGE_CURVE('',#1302,#1304,#1546,.T.);
#931=EDGE_CURVE('',#1305,#1306,#1547,.T.);
#932=EDGE_CURVE('',#1307,#1305,#1548,.T.);
#933=EDGE_CURVE('',#1307,#1308,#1549,.T.);
#934=EDGE_CURVE('',#1308,#1306,#1550,.T.);
#935=EDGE_CURVE('',#1306,#1309,#44,.T.);
#936=EDGE_CURVE('',#1308,#1310,#45,.T.);
#937=EDGE_CURVE('',#1310,#1309,#1551,.T.);
#938=EDGE_CURVE('',#1309,#1311,#1552,.T.);
#939=EDGE_CURVE('',#1310,#1312,#1553,.T.);
#940=EDGE_CURVE('',#1312,#1311,#1554,.T.);
#941=EDGE_CURVE('',#1311,#1313,#1555,.T.);
#942=EDGE_CURVE('',#1312,#1314,#1556,.T.);
#943=EDGE_CURVE('',#1314,#1313,#1557,.T.);
#944=EDGE_CURVE('',#1313,#1315,#1558,.T.);
#945=EDGE_CURVE('',#1314,#1316,#1559,.T.);
#946=EDGE_CURVE('',#1316,#1315,#1560,.T.);
#947=EDGE_CURVE('',#1315,#1317,#46,.T.);
#948=EDGE_CURVE('',#1316,#1318,#47,.T.);
#949=EDGE_CURVE('',#1318,#1317,#1561,.T.);
#950=EDGE_CURVE('',#1317,#1319,#1562,.T.);
#951=EDGE_CURVE('',#1318,#1320,#1563,.T.);
#952=EDGE_CURVE('',#1320,#1319,#1564,.T.);
#953=EDGE_CURVE('',#1319,#1321,#48,.T.);
#954=EDGE_CURVE('',#1320,#1322,#49,.T.);
#955=EDGE_CURVE('',#1322,#1321,#1565,.T.);
#956=EDGE_CURVE('',#1321,#1323,#1566,.T.);
#957=EDGE_CURVE('',#1322,#1324,#1567,.T.);
#958=EDGE_CURVE('',#1323,#1324,#1568,.F.);
#959=EDGE_CURVE('',#1325,#1326,#1569,.T.);
#960=EDGE_CURVE('',#1327,#1325,#1570,.F.);
#961=EDGE_CURVE('',#1327,#1328,#1571,.T.);
#962=EDGE_CURVE('',#1328,#1326,#1572,.T.);
#963=EDGE_CURVE('',#1326,#1305,#50,.T.);
#964=EDGE_CURVE('',#1328,#1307,#51,.T.);
#965=EDGE_CURVE('',#1325,#1323,#1573,.F.);
#966=EDGE_CURVE('',#1327,#1324,#1574,.F.);
#967=EDGE_CURVE('',#1329,#1330,#52,.T.);
#968=EDGE_CURVE('',#1331,#1329,#1575,.T.);
#969=EDGE_CURVE('',#1331,#1332,#53,.T.);
#970=EDGE_CURVE('',#1332,#1330,#1576,.T.);
#971=EDGE_CURVE('',#1333,#1329,#1577,.T.);
#972=EDGE_CURVE('',#1334,#1333,#1578,.T.);
#973=EDGE_CURVE('',#1334,#1331,#1579,.T.);
#974=EDGE_CURVE('',#1335,#1333,#54,.T.);
#975=EDGE_CURVE('',#1336,#1335,#1580,.T.);
#976=EDGE_CURVE('',#1336,#1334,#55,.T.);
#977=EDGE_CURVE('',#1337,#1335,#1581,.T.);
#978=EDGE_CURVE('',#1338,#1337,#1582,.T.);
#979=EDGE_CURVE('',#1338,#1336,#1583,.T.);
#980=EDGE_CURVE('',#1339,#1337,#1584,.T.);
#981=EDGE_CURVE('',#1340,#1339,#1585,.T.);
#982=EDGE_CURVE('',#1340,#1338,#1586,.T.);
#983=EDGE_CURVE('',#1341,#1339,#1587,.T.);
#984=EDGE_CURVE('',#1342,#1341,#1588,.T.);
#985=EDGE_CURVE('',#1342,#1340,#1589,.T.);
#986=EDGE_CURVE('',#1343,#1341,#56,.T.);
#987=EDGE_CURVE('',#1344,#1343,#1590,.T.);
#988=EDGE_CURVE('',#1344,#1342,#57,.T.);
#989=EDGE_CURVE('',#1345,#1343,#1591,.T.);
#990=EDGE_CURVE('',#1346,#1345,#1592,.T.);
#991=EDGE_CURVE('',#1346,#1344,#1593,.T.);
#992=EDGE_CURVE('',#1347,#1345,#58,.T.);
#993=EDGE_CURVE('',#1348,#1347,#1594,.T.);
#994=EDGE_CURVE('',#1348,#1346,#59,.T.);
#995=EDGE_CURVE('',#1349,#1350,#60,.T.);
#996=EDGE_CURVE('',#1351,#1349,#1595,.T.);
#997=EDGE_CURVE('',#1351,#1352,#61,.T.);
#998=EDGE_CURVE('',#1352,#1350,#1596,.T.);
#999=EDGE_CURVE('',#1353,#1349,#1597,.T.);
#1000=EDGE_CURVE('',#1354,#1353,#1598,.T.);
#1001=EDGE_CURVE('',#1354,#1351,#1599,.T.);
#1002=EDGE_CURVE('',#1355,#1353,#62,.T.);
#1003=EDGE_CURVE('',#1356,#1355,#1600,.T.);
#1004=EDGE_CURVE('',#1356,#1354,#63,.T.);
#1005=EDGE_CURVE('',#1357,#1355,#1601,.T.);
#1006=EDGE_CURVE('',#1358,#1357,#1602,.T.);
#1007=EDGE_CURVE('',#1358,#1356,#1603,.T.);
#1008=EDGE_CURVE('',#1359,#1357,#1604,.T.);
#1009=EDGE_CURVE('',#1360,#1359,#1605,.T.);
#1010=EDGE_CURVE('',#1360,#1358,#1606,.T.);
#1011=EDGE_CURVE('',#1361,#1359,#1607,.T.);
#1012=EDGE_CURVE('',#1362,#1361,#1608,.T.);
#1013=EDGE_CURVE('',#1362,#1360,#1609,.T.);
#1014=EDGE_CURVE('',#1363,#1361,#64,.T.);
#1015=EDGE_CURVE('',#1364,#1363,#1610,.T.);
#1016=EDGE_CURVE('',#1364,#1362,#65,.T.);
#1017=EDGE_CURVE('',#1365,#1363,#1611,.T.);
#1018=EDGE_CURVE('',#1366,#1365,#1612,.T.);
#1019=EDGE_CURVE('',#1366,#1364,#1613,.T.);
#1020=EDGE_CURVE('',#1367,#1365,#66,.T.);
#1021=EDGE_CURVE('',#1368,#1367,#1614,.T.);
#1022=EDGE_CURVE('',#1368,#1366,#67,.T.);
#1023=EDGE_CURVE('',#1369,#1370,#68,.T.);
#1024=EDGE_CURVE('',#1371,#1369,#1615,.T.);
#1025=EDGE_CURVE('',#1371,#1372,#69,.T.);
#1026=EDGE_CURVE('',#1372,#1370,#1616,.T.);
#1027=EDGE_CURVE('',#1370,#1373,#1617,.T.);
#1028=EDGE_CURVE('',#1372,#1374,#1618,.T.);
#1029=EDGE_CURVE('',#1374,#1373,#1619,.T.);
#1030=EDGE_CURVE('',#1373,#1375,#1620,.T.);
#1031=EDGE_CURVE('',#1374,#1376,#1621,.T.);
#1032=EDGE_CURVE('',#1376,#1375,#1622,.T.);
#1033=EDGE_CURVE('',#1375,#1377,#1623,.T.);
#1034=EDGE_CURVE('',#1376,#1378,#1624,.T.);
#1035=EDGE_CURVE('',#1378,#1377,#1625,.T.);
#1036=EDGE_CURVE('',#1377,#1379,#70,.T.);
#1037=EDGE_CURVE('',#1378,#1380,#71,.T.);
#1038=EDGE_CURVE('',#1380,#1379,#1626,.T.);
#1039=EDGE_CURVE('',#1379,#1381,#1627,.T.);
#1040=EDGE_CURVE('',#1380,#1382,#1628,.T.);
#1041=EDGE_CURVE('',#1382,#1381,#1629,.T.);
#1042=EDGE_CURVE('',#1381,#1383,#72,.T.);
#1043=EDGE_CURVE('',#1382,#1384,#73,.T.);
#1044=EDGE_CURVE('',#1384,#1383,#1630,.T.);
#1045=EDGE_CURVE('',#1385,#1386,#74,.T.);
#1046=EDGE_CURVE('',#1387,#1385,#1631,.T.);
#1047=EDGE_CURVE('',#1387,#1388,#75,.T.);
#1048=EDGE_CURVE('',#1388,#1386,#1632,.T.);
#1049=EDGE_CURVE('',#1386,#1369,#1633,.T.);
#1050=EDGE_CURVE('',#1388,#1371,#1634,.T.);
#1051=EDGE_CURVE('',#1389,#1390,#76,.T.);
#1052=EDGE_CURVE('',#1391,#1389,#1635,.T.);
#1053=EDGE_CURVE('',#1391,#1392,#77,.T.);
#1054=EDGE_CURVE('',#1392,#1390,#1636,.T.);
#1055=EDGE_CURVE('',#1393,#1389,#1637,.T.);
#1056=EDGE_CURVE('',#1394,#1393,#1638,.T.);
#1057=EDGE_CURVE('',#1394,#1391,#1639,.T.);
#1058=EDGE_CURVE('',#1395,#1393,#78,.T.);
#1059=EDGE_CURVE('',#1396,#1395,#1640,.T.);
#1060=EDGE_CURVE('',#1396,#1394,#79,.T.);
#1061=EDGE_CURVE('',#1397,#1395,#1641,.T.);
#1062=EDGE_CURVE('',#1398,#1397,#1642,.T.);
#1063=EDGE_CURVE('',#1398,#1396,#1643,.T.);
#1064=EDGE_CURVE('',#1399,#1397,#1644,.T.);
#1065=EDGE_CURVE('',#1400,#1399,#1645,.T.);
#1066=EDGE_CURVE('',#1400,#1398,#1646,.T.);
#1067=EDGE_CURVE('',#1401,#1399,#1647,.T.);
#1068=EDGE_CURVE('',#1402,#1401,#1648,.T.);
#1069=EDGE_CURVE('',#1402,#1400,#1649,.T.);
#1070=EDGE_CURVE('',#1403,#1401,#80,.T.);
#1071=EDGE_CURVE('',#1404,#1403,#1650,.T.);
#1072=EDGE_CURVE('',#1404,#1402,#81,.T.);
#1073=EDGE_CURVE('',#1405,#1403,#1651,.T.);
#1074=EDGE_CURVE('',#1406,#1405,#1652,.T.);
#1075=EDGE_CURVE('',#1406,#1404,#1653,.T.);
#1076=EDGE_CURVE('',#1407,#1405,#82,.T.);
#1077=EDGE_CURVE('',#1408,#1407,#1654,.T.);
#1078=EDGE_CURVE('',#1408,#1406,#83,.T.);
#1079=EDGE_CURVE('',#1409,#1348,#1655,.T.);
#1080=EDGE_CURVE('',#1409,#1410,#1656,.F.);
#1081=EDGE_CURVE('',#1332,#1410,#1657,.T.);
#1082=EDGE_CURVE('',#1330,#1411,#1658,.T.);
#1083=EDGE_CURVE('',#1411,#1410,#1659,.F.);
#1084=EDGE_CURVE('',#1412,#1411,#1660,.F.);
#1085=EDGE_CURVE('',#1412,#1347,#1661,.T.);
#1086=EDGE_CURVE('',#1409,#1412,#1662,.F.);
#1087=EDGE_CURVE('',#1413,#1368,#1663,.T.);
#1088=EDGE_CURVE('',#1413,#1414,#1664,.F.);
#1089=EDGE_CURVE('',#1352,#1414,#1665,.T.);
#1090=EDGE_CURVE('',#1350,#1415,#1666,.T.);
#1091=EDGE_CURVE('',#1415,#1414,#1667,.F.);
#1092=EDGE_CURVE('',#1416,#1415,#1668,.F.);
#1093=EDGE_CURVE('',#1416,#1367,#1669,.T.);
#1094=EDGE_CURVE('',#1413,#1416,#1670,.F.);
#1095=EDGE_CURVE('',#1383,#1417,#1671,.T.);
#1096=EDGE_CURVE('',#1384,#1418,#1672,.T.);
#1097=EDGE_CURVE('',#1417,#1418,#1673,.F.);
#1098=EDGE_CURVE('',#1419,#1417,#1674,.F.);
#1099=EDGE_CURVE('',#1419,#1385,#1675,.T.);
#1100=EDGE_CURVE('',#1420,#1419,#1676,.F.);
#1101=EDGE_CURVE('',#1420,#1387,#1677,.T.);
#1102=EDGE_CURVE('',#1420,#1418,#1678,.F.);
#1103=EDGE_CURVE('',#1421,#1408,#1679,.T.);
#1104=EDGE_CURVE('',#1421,#1422,#1680,.F.);
#1105=EDGE_CURVE('',#1392,#1422,#1681,.T.);
#1106=EDGE_CURVE('',#1390,#1423,#1682,.T.);
#1107=EDGE_CURVE('',#1423,#1422,#1683,.F.);
#1108=EDGE_CURVE('',#1424,#1423,#1684,.F.);
#1109=EDGE_CURVE('',#1424,#1407,#1685,.T.);
#1110=EDGE_CURVE('',#1421,#1424,#1686,.F.);
#1111=EDGE_CURVE('',#1425,#1426,#1687,.F.);
#1112=EDGE_CURVE('',#1426,#1427,#1688,.T.);
#1113=EDGE_CURVE('',#1427,#1428,#1689,.T.);
#1114=EDGE_CURVE('',#1425,#1428,#1690,.F.);
#1115=EDGE_CURVE('',#1429,#1430,#1691,.F.);
#1116=EDGE_CURVE('',#1430,#1431,#1692,.T.);
#1117=EDGE_CURVE('',#1431,#1432,#1693,.T.);
#1118=EDGE_CURVE('',#1429,#1432,#1694,.F.);
#1119=EDGE_CURVE('',#1433,#1434,#1695,.F.);
#1120=EDGE_CURVE('',#1434,#1435,#1696,.T.);
#1121=EDGE_CURVE('',#1435,#1436,#1697,.T.);
#1122=EDGE_CURVE('',#1433,#1436,#1698,.F.);
#1123=EDGE_CURVE('',#1437,#1438,#1699,.F.);
#1124=EDGE_CURVE('',#1438,#1439,#1700,.T.);
#1125=EDGE_CURVE('',#1439,#1440,#1701,.T.);
#1126=EDGE_CURVE('',#1437,#1440,#1702,.F.);
#1127=EDGE_CURVE('',#1441,#1442,#1703,.T.);
#1128=EDGE_CURVE('',#1442,#1443,#1704,.F.);
#1129=EDGE_CURVE('',#1443,#1444,#1705,.F.);
#1130=EDGE_CURVE('',#1444,#1441,#1706,.F.);
#1131=EDGE_CURVE('',#1445,#1446,#84,.T.);
#1132=EDGE_CURVE('',#1447,#1445,#1707,.T.);
#1133=EDGE_CURVE('',#1447,#1448,#85,.T.);
#1134=EDGE_CURVE('',#1448,#1446,#1708,.T.);
#1135=EDGE_CURVE('',#1446,#1449,#1709,.T.);
#1136=EDGE_CURVE('',#1448,#1450,#1710,.T.);
#1137=EDGE_CURVE('',#1450,#1449,#1711,.T.);
#1138=EDGE_CURVE('',#1449,#1451,#1712,.T.);
#1139=EDGE_CURVE('',#1450,#1452,#1713,.T.);
#1140=EDGE_CURVE('',#1452,#1451,#1714,.T.);
#1141=EDGE_CURVE('',#1451,#1453,#1715,.T.);
#1142=EDGE_CURVE('',#1452,#1454,#1716,.T.);
#1143=EDGE_CURVE('',#1454,#1453,#1717,.T.);
#1144=EDGE_CURVE('',#1453,#1455,#86,.T.);
#1145=EDGE_CURVE('',#1454,#1456,#87,.T.);
#1146=EDGE_CURVE('',#1456,#1455,#1718,.T.);
#1147=EDGE_CURVE('',#1455,#1457,#1719,.T.);
#1148=EDGE_CURVE('',#1456,#1458,#1720,.T.);
#1149=EDGE_CURVE('',#1458,#1457,#1721,.T.);
#1150=EDGE_CURVE('',#1457,#1459,#88,.T.);
#1151=EDGE_CURVE('',#1458,#1460,#89,.T.);
#1152=EDGE_CURVE('',#1460,#1459,#1722,.T.);
#1153=EDGE_CURVE('',#1461,#1462,#90,.T.);
#1154=EDGE_CURVE('',#1463,#1461,#1723,.T.);
#1155=EDGE_CURVE('',#1463,#1464,#91,.T.);
#1156=EDGE_CURVE('',#1464,#1462,#1724,.T.);
#1157=EDGE_CURVE('',#1462,#1445,#1725,.T.);
#1158=EDGE_CURVE('',#1464,#1447,#1726,.T.);
#1159=EDGE_CURVE('',#1465,#1466,#92,.T.);
#1160=EDGE_CURVE('',#1467,#1465,#1727,.T.);
#1161=EDGE_CURVE('',#1467,#1468,#93,.T.);
#1162=EDGE_CURVE('',#1468,#1466,#1728,.T.);
#1163=EDGE_CURVE('',#1469,#1465,#1729,.T.);
#1164=EDGE_CURVE('',#1470,#1469,#1730,.T.);
#1165=EDGE_CURVE('',#1470,#1467,#1731,.T.);
#1166=EDGE_CURVE('',#1471,#1469,#94,.T.);
#1167=EDGE_CURVE('',#1472,#1471,#1732,.T.);
#1168=EDGE_CURVE('',#1472,#1470,#95,.T.);
#1169=EDGE_CURVE('',#1473,#1471,#1733,.T.);
#1170=EDGE_CURVE('',#1474,#1473,#1734,.T.);
#1171=EDGE_CURVE('',#1474,#1472,#1735,.T.);
#1172=EDGE_CURVE('',#1475,#1473,#1736,.T.);
#1173=EDGE_CURVE('',#1476,#1475,#1737,.T.);
#1174=EDGE_CURVE('',#1476,#1474,#1738,.T.);
#1175=EDGE_CURVE('',#1477,#1475,#1739,.T.);
#1176=EDGE_CURVE('',#1478,#1477,#1740,.T.);
#1177=EDGE_CURVE('',#1478,#1476,#1741,.T.);
#1178=EDGE_CURVE('',#1479,#1477,#96,.T.);
#1179=EDGE_CURVE('',#1480,#1479,#1742,.T.);
#1180=EDGE_CURVE('',#1480,#1478,#97,.T.);
#1181=EDGE_CURVE('',#1481,#1479,#1743,.T.);
#1182=EDGE_CURVE('',#1482,#1481,#1744,.T.);
#1183=EDGE_CURVE('',#1482,#1480,#1745,.T.);
#1184=EDGE_CURVE('',#1483,#1481,#98,.T.);
#1185=EDGE_CURVE('',#1484,#1483,#1746,.T.);
#1186=EDGE_CURVE('',#1484,#1482,#99,.T.);
#1187=EDGE_CURVE('',#1485,#1485,#100,.T.);
#1188=EDGE_CURVE('',#1486,#1487,#1747,.F.);
#1189=EDGE_CURVE('',#1487,#1488,#1748,.F.);
#1190=EDGE_CURVE('',#1488,#1489,#1749,.F.);
#1191=EDGE_CURVE('',#1489,#1486,#1750,.F.);
#1192=EDGE_CURVE('',#1490,#1491,#1751,.T.);
#1193=EDGE_CURVE('',#1491,#1492,#1752,.F.);
#1194=EDGE_CURVE('',#1492,#1493,#1753,.F.);
#1195=EDGE_CURVE('',#1493,#1490,#1754,.F.);
#1196=EDGE_CURVE('',#1432,#1425,#28,.T.);
#1197=EDGE_CURVE('',#1428,#1437,#29,.T.);
#1198=EDGE_CURVE('',#1440,#1433,#30,.T.);
#1199=EDGE_CURVE('',#1436,#1429,#31,.T.);
#1200=EDGE_CURVE('',#1494,#1495,#1755,.F.);
#1201=EDGE_CURVE('',#1494,#1496,#32,.F.);
#1202=EDGE_CURVE('',#1497,#1496,#1756,.F.);
#1203=EDGE_CURVE('',#1497,#1441,#33,.F.);
#1204=EDGE_CURVE('',#1444,#1490,#34,.F.);
#1205=EDGE_CURVE('',#1493,#1495,#35,.F.);
#1206=EDGE_CURVE('',#1496,#1498,#1757,.T.);
#1207=EDGE_CURVE('',#1498,#1499,#1758,.F.);
#1208=EDGE_CURVE('',#1499,#1497,#1759,.F.);
#1209=EDGE_CURVE('',#1459,#1500,#1760,.T.);
#1210=EDGE_CURVE('',#1460,#1501,#1761,.T.);
#1211=EDGE_CURVE('',#1500,#1501,#1762,.F.);
#1212=EDGE_CURVE('',#1502,#1500,#1763,.F.);
#1213=EDGE_CURVE('',#1502,#1461,#1764,.T.);
#1214=EDGE_CURVE('',#1503,#1502,#1765,.F.);
#1215=EDGE_CURVE('',#1503,#1463,#1766,.T.);
#1216=EDGE_CURVE('',#1503,#1501,#1767,.F.);
#1217=EDGE_CURVE('',#1504,#1484,#1768,.T.);
#1218=EDGE_CURVE('',#1504,#1505,#1769,.F.);
#1219=EDGE_CURVE('',#1468,#1505,#1770,.T.);
#1220=EDGE_CURVE('',#1466,#1506,#1771,.T.);
#1221=EDGE_CURVE('',#1506,#1505,#1772,.F.);
#1222=EDGE_CURVE('',#1507,#1506,#1773,.F.);
#1223=EDGE_CURVE('',#1507,#1483,#1774,.T.);
#1224=EDGE_CURVE('',#1504,#1507,#1775,.F.);
#1225=EDGE_CURVE('',#1508,#1509,#1776,.F.);
#1226=EDGE_CURVE('',#1508,#1510,#1777,.F.);
#1227=EDGE_CURVE('',#1510,#1511,#1778,.F.);
#1228=EDGE_CURVE('',#1511,#1509,#1779,.F.);
#1229=EDGE_CURVE('',#1495,#1512,#1780,.T.);
#1230=EDGE_CURVE('',#1512,#1513,#1781,.F.);
#1231=EDGE_CURVE('',#1513,#1494,#1782,.F.);
#1232=EDGE_CURVE('',#1514,#1515,#1783,.T.);
#1233=EDGE_CURVE('',#1516,#1514,#101,.T.);
#1234=EDGE_CURVE('',#1508,#1516,#1784,.T.);
#1235=EDGE_CURVE('',#1517,#1509,#1785,.T.);
#1236=EDGE_CURVE('',#1518,#1517,#102,.T.);
#1237=EDGE_CURVE('',#1519,#1518,#1786,.T.);
#1238=EDGE_CURVE('',#1520,#1519,#103,.T.);
#1239=EDGE_CURVE('',#1521,#1520,#1787,.T.);
#1240=EDGE_CURVE('',#1522,#1521,#1788,.T.);
#1241=EDGE_CURVE('',#1523,#1522,#1789,.T.);
#1242=EDGE_CURVE('',#1515,#1523,#104,.T.);
#1243=EDGE_CURVE('',#1524,#1525,#1790,.T.);
#1244=EDGE_CURVE('',#1525,#1526,#105,.T.);
#1245=EDGE_CURVE('',#1526,#1527,#1791,.T.);
#1246=EDGE_CURVE('',#1527,#1528,#1792,.T.);
#1247=EDGE_CURVE('',#1528,#1529,#1793,.T.);
#1248=EDGE_CURVE('',#1529,#1530,#106,.T.);
#1249=EDGE_CURVE('',#1530,#1531,#1794,.T.);
#1250=EDGE_CURVE('',#1531,#1532,#107,.T.);
#1251=EDGE_CURVE('',#1532,#1511,#1795,.T.);
#1252=EDGE_CURVE('',#1510,#1533,#1796,.T.);
#1253=EDGE_CURVE('',#1533,#1524,#108,.T.);
#1254=EDGE_CURVE('',#1516,#1533,#1797,.T.);
#1255=EDGE_CURVE('',#1514,#1524,#1798,.T.);
#1256=EDGE_CURVE('',#1517,#1532,#1799,.T.);
#1257=EDGE_CURVE('',#1518,#1531,#1800,.T.);
#1258=EDGE_CURVE('',#1519,#1530,#1801,.T.);
#1259=EDGE_CURVE('',#1520,#1529,#1802,.T.);
#1260=EDGE_CURVE('',#1521,#1528,#1803,.T.);
#1261=EDGE_CURVE('',#1522,#1527,#1804,.T.);
#1262=EDGE_CURVE('',#1523,#1526,#1805,.T.);
#1263=EDGE_CURVE('',#1515,#1525,#1806,.T.);
#1264=EDGE_CURVE('',#1427,#1438,#109,.T.);
#1265=EDGE_CURVE('',#1435,#1430,#110,.T.);
#1266=EDGE_CURVE('',#1431,#1426,#111,.T.);
#1267=EDGE_CURVE('',#1439,#1434,#112,.T.);
#1268=EDGE_CURVE('',#1499,#1442,#113,.T.);
#1269=EDGE_CURVE('',#1492,#1512,#114,.T.);
#1270=EDGE_CURVE('',#1443,#1491,#115,.T.);
#1271=EDGE_CURVE('',#1513,#1498,#116,.T.);
#1272=EDGE_CURVE('',#1442,#1486,#117,.T.);
#1273=EDGE_CURVE('',#1486,#1499,#118,.T.);
#1274=EDGE_CURVE('',#1487,#1498,#119,.T.);
#1275=EDGE_CURVE('',#1443,#1489,#120,.T.);
#1276=EDGE_CURVE('',#1487,#1513,#121,.T.);
#1277=EDGE_CURVE('',#1491,#1489,#122,.T.);
#1278=EDGE_CURVE('',#1488,#1512,#123,.T.);
#1279=EDGE_CURVE('',#1492,#1488,#124,.T.);
#1280=EDGE_CURVE('',#1439,#1300,#36,.T.);
#1281=EDGE_CURVE('',#1297,#1438,#37,.F.);
#1282=EDGE_CURVE('',#1434,#1300,#38,.T.);
#1283=EDGE_CURVE('',#1297,#1427,#39,.F.);
#1284=EDGE_CURVE('',#1435,#1299,#40,.T.);
#1285=EDGE_CURVE('',#1298,#1426,#41,.F.);
#1286=EDGE_CURVE('',#1430,#1299,#42,.T.);
#1287=EDGE_CURVE('',#1298,#1431,#43,.F.);
#1288=EDGE_CURVE('',#1534,#1302,#1807,.T.);
#1289=EDGE_CURVE('',#1535,#1534,#1808,.T.);
#1290=EDGE_CURVE('',#1535,#1301,#1809,.T.);
#1291=EDGE_CURVE('',#1536,#1304,#1810,.T.);
#1292=EDGE_CURVE('',#1534,#1536,#1811,.T.);
#1293=EDGE_CURVE('',#1537,#1303,#1812,.T.);
#1294=EDGE_CURVE('',#1536,#1537,#1813,.T.);
#1295=EDGE_CURVE('',#1537,#1535,#1814,.T.);
#1296=EDGE_CURVE('',#1538,#1538,#125,.T.);
#1297=VERTEX_POINT('',#4672);
#1298=VERTEX_POINT('',#4673);
#1299=VERTEX_POINT('',#4675);
#1300=VERTEX_POINT('',#4677);
#1301=VERTEX_POINT('',#4680);
#1302=VERTEX_POINT('',#4681);
#1303=VERTEX_POINT('',#4683);
#1304=VERTEX_POINT('',#4685);
#1305=VERTEX_POINT('',#4689);
#1306=VERTEX_POINT('',#4690);
#1307=VERTEX_POINT('',#4692);
#1308=VERTEX_POINT('',#4694);
#1309=VERTEX_POINT('',#4698);
#1310=VERTEX_POINT('',#4700);
#1311=VERTEX_POINT('',#4704);
#1312=VERTEX_POINT('',#4706);
#1313=VERTEX_POINT('',#4710);
#1314=VERTEX_POINT('',#4712);
#1315=VERTEX_POINT('',#4716);
#1316=VERTEX_POINT('',#4718);
#1317=VERTEX_POINT('',#4722);
#1318=VERTEX_POINT('',#4724);
#1319=VERTEX_POINT('',#4728);
#1320=VERTEX_POINT('',#4730);
#1321=VERTEX_POINT('',#4734);
#1322=VERTEX_POINT('',#4736);
#1323=VERTEX_POINT('',#4740);
#1324=VERTEX_POINT('',#4742);
#1325=VERTEX_POINT('',#4746);
#1326=VERTEX_POINT('',#4747);
#1327=VERTEX_POINT('',#4749);
#1328=VERTEX_POINT('',#4751);
#1329=VERTEX_POINT('',#4762);
#1330=VERTEX_POINT('',#4763);
#1331=VERTEX_POINT('',#4765);
#1332=VERTEX_POINT('',#4767);
#1333=VERTEX_POINT('',#4771);
#1334=VERTEX_POINT('',#4773);
#1335=VERTEX_POINT('',#4777);
#1336=VERTEX_POINT('',#4779);
#1337=VERTEX_POINT('',#4783);
#1338=VERTEX_POINT('',#4785);
#1339=VERTEX_POINT('',#4789);
#1340=VERTEX_POINT('',#4791);
#1341=VERTEX_POINT('',#4795);
#1342=VERTEX_POINT('',#4797);
#1343=VERTEX_POINT('',#4801);
#1344=VERTEX_POINT('',#4803);
#1345=VERTEX_POINT('',#4807);
#1346=VERTEX_POINT('',#4809);
#1347=VERTEX_POINT('',#4813);
#1348=VERTEX_POINT('',#4815);
#1349=VERTEX_POINT('',#4819);
#1350=VERTEX_POINT('',#4820);
#1351=VERTEX_POINT('',#4822);
#1352=VERTEX_POINT('',#4824);
#1353=VERTEX_POINT('',#4828);
#1354=VERTEX_POINT('',#4830);
#1355=VERTEX_POINT('',#4834);
#1356=VERTEX_POINT('',#4836);
#1357=VERTEX_POINT('',#4840);
#1358=VERTEX_POINT('',#4842);
#1359=VERTEX_POINT('',#4846);
#1360=VERTEX_POINT('',#4848);
#1361=VERTEX_POINT('',#4852);
#1362=VERTEX_POINT('',#4854);
#1363=VERTEX_POINT('',#4858);
#1364=VERTEX_POINT('',#4860);
#1365=VERTEX_POINT('',#4864);
#1366=VERTEX_POINT('',#4866);
#1367=VERTEX_POINT('',#4870);
#1368=VERTEX_POINT('',#4872);
#1369=VERTEX_POINT('',#4876);
#1370=VERTEX_POINT('',#4877);
#1371=VERTEX_POINT('',#4879);
#1372=VERTEX_POINT('',#4881);
#1373=VERTEX_POINT('',#4885);
#1374=VERTEX_POINT('',#4887);
#1375=VERTEX_POINT('',#4891);
#1376=VERTEX_POINT('',#4893);
#1377=VERTEX_POINT('',#4897);
#1378=VERTEX_POINT('',#4899);
#1379=VERTEX_POINT('',#4903);
#1380=VERTEX_POINT('',#4905);
#1381=VERTEX_POINT('',#4909);
#1382=VERTEX_POINT('',#4911);
#1383=VERTEX_POINT('',#4915);
#1384=VERTEX_POINT('',#4917);
#1385=VERTEX_POINT('',#4921);
#1386=VERTEX_POINT('',#4922);
#1387=VERTEX_POINT('',#4924);
#1388=VERTEX_POINT('',#4926);
#1389=VERTEX_POINT('',#4933);
#1390=VERTEX_POINT('',#4934);
#1391=VERTEX_POINT('',#4936);
#1392=VERTEX_POINT('',#4938);
#1393=VERTEX_POINT('',#4942);
#1394=VERTEX_POINT('',#4944);
#1395=VERTEX_POINT('',#4948);
#1396=VERTEX_POINT('',#4950);
#1397=VERTEX_POINT('',#4954);
#1398=VERTEX_POINT('',#4956);
#1399=VERTEX_POINT('',#4960);
#1400=VERTEX_POINT('',#4962);
#1401=VERTEX_POINT('',#4966);
#1402=VERTEX_POINT('',#4968);
#1403=VERTEX_POINT('',#4972);
#1404=VERTEX_POINT('',#4974);
#1405=VERTEX_POINT('',#4978);
#1406=VERTEX_POINT('',#4980);
#1407=VERTEX_POINT('',#4984);
#1408=VERTEX_POINT('',#4986);
#1409=VERTEX_POINT('',#4990);
#1410=VERTEX_POINT('',#4992);
#1411=VERTEX_POINT('',#4996);
#1412=VERTEX_POINT('',#5000);
#1413=VERTEX_POINT('',#5006);
#1414=VERTEX_POINT('',#5008);
#1415=VERTEX_POINT('',#5012);
#1416=VERTEX_POINT('',#5016);
#1417=VERTEX_POINT('',#5022);
#1418=VERTEX_POINT('',#5024);
#1419=VERTEX_POINT('',#5028);
#1420=VERTEX_POINT('',#5032);
#1421=VERTEX_POINT('',#5038);
#1422=VERTEX_POINT('',#5040);
#1423=VERTEX_POINT('',#5044);
#1424=VERTEX_POINT('',#5048);
#1425=VERTEX_POINT('',#5054);
#1426=VERTEX_POINT('',#5055);
#1427=VERTEX_POINT('',#5057);
#1428=VERTEX_POINT('',#5059);
#1429=VERTEX_POINT('',#5063);
#1430=VERTEX_POINT('',#5064);
#1431=VERTEX_POINT('',#5066);
#1432=VERTEX_POINT('',#5068);
#1433=VERTEX_POINT('',#5072);
#1434=VERTEX_POINT('',#5073);
#1435=VERTEX_POINT('',#5075);
#1436=VERTEX_POINT('',#5077);
#1437=VERTEX_POINT('',#5081);
#1438=VERTEX_POINT('',#5082);
#1439=VERTEX_POINT('',#5084);
#1440=VERTEX_POINT('',#5086);
#1441=VERTEX_POINT('',#5090);
#1442=VERTEX_POINT('',#5091);
#1443=VERTEX_POINT('',#5093);
#1444=VERTEX_POINT('',#5095);
#1445=VERTEX_POINT('',#5099);
#1446=VERTEX_POINT('',#5100);
#1447=VERTEX_POINT('',#5102);
#1448=VERTEX_POINT('',#5104);
#1449=VERTEX_POINT('',#5108);
#1450=VERTEX_POINT('',#5110);
#1451=VERTEX_POINT('',#5114);
#1452=VERTEX_POINT('',#5116);
#1453=VERTEX_POINT('',#5120);
#1454=VERTEX_POINT('',#5122);
#1455=VERTEX_POINT('',#5126);
#1456=VERTEX_POINT('',#5128);
#1457=VERTEX_POINT('',#5132);
#1458=VERTEX_POINT('',#5134);
#1459=VERTEX_POINT('',#5138);
#1460=VERTEX_POINT('',#5140);
#1461=VERTEX_POINT('',#5144);
#1462=VERTEX_POINT('',#5145);
#1463=VERTEX_POINT('',#5147);
#1464=VERTEX_POINT('',#5149);
#1465=VERTEX_POINT('',#5156);
#1466=VERTEX_POINT('',#5157);
#1467=VERTEX_POINT('',#5159);
#1468=VERTEX_POINT('',#5161);
#1469=VERTEX_POINT('',#5165);
#1470=VERTEX_POINT('',#5167);
#1471=VERTEX_POINT('',#5171);
#1472=VERTEX_POINT('',#5173);
#1473=VERTEX_POINT('',#5177);
#1474=VERTEX_POINT('',#5179);
#1475=VERTEX_POINT('',#5183);
#1476=VERTEX_POINT('',#5185);
#1477=VERTEX_POINT('',#5189);
#1478=VERTEX_POINT('',#5191);
#1479=VERTEX_POINT('',#5195);
#1480=VERTEX_POINT('',#5197);
#1481=VERTEX_POINT('',#5201);
#1482=VERTEX_POINT('',#5203);
#1483=VERTEX_POINT('',#5207);
#1484=VERTEX_POINT('',#5209);
#1485=VERTEX_POINT('',#5213);
#1486=VERTEX_POINT('',#5215);
#1487=VERTEX_POINT('',#5216);
#1488=VERTEX_POINT('',#5218);
#1489=VERTEX_POINT('',#5220);
#1490=VERTEX_POINT('',#5224);
#1491=VERTEX_POINT('',#5225);
#1492=VERTEX_POINT('',#5227);
#1493=VERTEX_POINT('',#5229);
#1494=VERTEX_POINT('',#5237);
#1495=VERTEX_POINT('',#5238);
#1496=VERTEX_POINT('',#5240);
#1497=VERTEX_POINT('',#5242);
#1498=VERTEX_POINT('',#5248);
#1499=VERTEX_POINT('',#5250);
#1500=VERTEX_POINT('',#5254);
#1501=VERTEX_POINT('',#5256);
#1502=VERTEX_POINT('',#5260);
#1503=VERTEX_POINT('',#5264);
#1504=VERTEX_POINT('',#5270);
#1505=VERTEX_POINT('',#5272);
#1506=VERTEX_POINT('',#5276);
#1507=VERTEX_POINT('',#5280);
#1508=VERTEX_POINT('',#5286);
#1509=VERTEX_POINT('',#5287);
#1510=VERTEX_POINT('',#5289);
#1511=VERTEX_POINT('',#5291);
#1512=VERTEX_POINT('',#5294);
#1513=VERTEX_POINT('',#5296);
#1514=VERTEX_POINT('',#5300);
#1515=VERTEX_POINT('',#5301);
#1516=VERTEX_POINT('',#5303);
#1517=VERTEX_POINT('',#5306);
#1518=VERTEX_POINT('',#5308);
#1519=VERTEX_POINT('',#5310);
#1520=VERTEX_POINT('',#5312);
#1521=VERTEX_POINT('',#5314);
#1522=VERTEX_POINT('',#5316);
#1523=VERTEX_POINT('',#5318);
#1524=VERTEX_POINT('',#5322);
#1525=VERTEX_POINT('',#5323);
#1526=VERTEX_POINT('',#5325);
#1527=VERTEX_POINT('',#5327);
#1528=VERTEX_POINT('',#5329);
#1529=VERTEX_POINT('',#5331);
#1530=VERTEX_POINT('',#5333);
#1531=VERTEX_POINT('',#5335);
#1532=VERTEX_POINT('',#5337);
#1533=VERTEX_POINT('',#5340);
#1534=VERTEX_POINT('',#5457);
#1535=VERTEX_POINT('',#5459);
#1536=VERTEX_POINT('',#5463);
#1537=VERTEX_POINT('',#5467);
#1538=VERTEX_POINT('',#5474);
#1539=LINE('',#4671,#1815);
#1540=LINE('',#4674,#1816);
#1541=LINE('',#4676,#1817);
#1542=LINE('',#4678,#1818);
#1543=LINE('',#4679,#1819);
#1544=LINE('',#4682,#1820);
#1545=LINE('',#4684,#1821);
#1546=LINE('',#4686,#1822);
#1547=LINE('',#4688,#1823);
#1548=LINE('',#4691,#1824);
#1549=LINE('',#4693,#1825);
#1550=LINE('',#4695,#1826);
#1551=LINE('',#4701,#1827);
#1552=LINE('',#4703,#1828);
#1553=LINE('',#4705,#1829);
#1554=LINE('',#4707,#1830);
#1555=LINE('',#4709,#1831);
#1556=LINE('',#4711,#1832);
#1557=LINE('',#4713,#1833);
#1558=LINE('',#4715,#1834);
#1559=LINE('',#4717,#1835);
#1560=LINE('',#4719,#1836);
#1561=LINE('',#4725,#1837);
#1562=LINE('',#4727,#1838);
#1563=LINE('',#4729,#1839);
#1564=LINE('',#4731,#1840);
#1565=LINE('',#4737,#1841);
#1566=LINE('',#4739,#1842);
#1567=LINE('',#4741,#1843);
#1568=LINE('',#4743,#1844);
#1569=LINE('',#4745,#1845);
#1570=LINE('',#4748,#1846);
#1571=LINE('',#4750,#1847);
#1572=LINE('',#4752,#1848);
#1573=LINE('',#4757,#1849);
#1574=LINE('',#4759,#1850);
#1575=LINE('',#4764,#1851);
#1576=LINE('',#4768,#1852);
#1577=LINE('',#4770,#1853);
#1578=LINE('',#4772,#1854);
#1579=LINE('',#4774,#1855);
#1580=LINE('',#4778,#1856);
#1581=LINE('',#4782,#1857);
#1582=LINE('',#4784,#1858);
#1583=LINE('',#4786,#1859);
#1584=LINE('',#4788,#1860);
#1585=LINE('',#4790,#1861);
#1586=LINE('',#4792,#1862);
#1587=LINE('',#4794,#1863);
#1588=LINE('',#4796,#1864);
#1589=LINE('',#4798,#1865);
#1590=LINE('',#4802,#1866);
#1591=LINE('',#4806,#1867);
#1592=LINE('',#4808,#1868);
#1593=LINE('',#4810,#1869);
#1594=LINE('',#4814,#1870);
#1595=LINE('',#4821,#1871);
#1596=LINE('',#4825,#1872);
#1597=LINE('',#4827,#1873);
#1598=LINE('',#4829,#1874);
#1599=LINE('',#4831,#1875);
#1600=LINE('',#4835,#1876);
#1601=LINE('',#4839,#1877);
#1602=LINE('',#4841,#1878);
#1603=LINE('',#4843,#1879);
#1604=LINE('',#4845,#1880);
#1605=LINE('',#4847,#1881);
#1606=LINE('',#4849,#1882);
#1607=LINE('',#4851,#1883);
#1608=LINE('',#4853,#1884);
#1609=LINE('',#4855,#1885);
#1610=LINE('',#4859,#1886);
#1611=LINE('',#4863,#1887);
#1612=LINE('',#4865,#1888);
#1613=LINE('',#4867,#1889);
#1614=LINE('',#4871,#1890);
#1615=LINE('',#4878,#1891);
#1616=LINE('',#4882,#1892);
#1617=LINE('',#4884,#1893);
#1618=LINE('',#4886,#1894);
#1619=LINE('',#4888,#1895);
#1620=LINE('',#4890,#1896);
#1621=LINE('',#4892,#1897);
#1622=LINE('',#4894,#1898);
#1623=LINE('',#4896,#1899);
#1624=LINE('',#4898,#1900);
#1625=LINE('',#4900,#1901);
#1626=LINE('',#4906,#1902);
#1627=LINE('',#4908,#1903);
#1628=LINE('',#4910,#1904);
#1629=LINE('',#4912,#1905);
#1630=LINE('',#4918,#1906);
#1631=LINE('',#4923,#1907);
#1632=LINE('',#4927,#1908);
#1633=LINE('',#4929,#1909);
#1634=LINE('',#4930,#1910);
#1635=LINE('',#4935,#1911);
#1636=LINE('',#4939,#1912);
#1637=LINE('',#4941,#1913);
#1638=LINE('',#4943,#1914);
#1639=LINE('',#4945,#1915);
#1640=LINE('',#4949,#1916);
#1641=LINE('',#4953,#1917);
#1642=LINE('',#4955,#1918);
#1643=LINE('',#4957,#1919);
#1644=LINE('',#4959,#1920);
#1645=LINE('',#4961,#1921);
#1646=LINE('',#4963,#1922);
#1647=LINE('',#4965,#1923);
#1648=LINE('',#4967,#1924);
#1649=LINE('',#4969,#1925);
#1650=LINE('',#4973,#1926);
#1651=LINE('',#4977,#1927);
#1652=LINE('',#4979,#1928);
#1653=LINE('',#4981,#1929);
#1654=LINE('',#4985,#1930);
#1655=LINE('',#4989,#1931);
#1656=LINE('',#4991,#1932);
#1657=LINE('',#4993,#1933);
#1658=LINE('',#4995,#1934);
#1659=LINE('',#4997,#1935);
#1660=LINE('',#4999,#1936);
#1661=LINE('',#5001,#1937);
#1662=LINE('',#5003,#1938);
#1663=LINE('',#5005,#1939);
#1664=LINE('',#5007,#1940);
#1665=LINE('',#5009,#1941);
#1666=LINE('',#5011,#1942);
#1667=LINE('',#5013,#1943);
#1668=LINE('',#5015,#1944);
#1669=LINE('',#5017,#1945);
#1670=LINE('',#5019,#1946);
#1671=LINE('',#5021,#1947);
#1672=LINE('',#5023,#1948);
#1673=LINE('',#5025,#1949);
#1674=LINE('',#5027,#1950);
#1675=LINE('',#5029,#1951);
#1676=LINE('',#5031,#1952);
#1677=LINE('',#5033,#1953);
#1678=LINE('',#5035,#1954);
#1679=LINE('',#5037,#1955);
#1680=LINE('',#5039,#1956);
#1681=LINE('',#5041,#1957);
#1682=LINE('',#5043,#1958);
#1683=LINE('',#5045,#1959);
#1684=LINE('',#5047,#1960);
#1685=LINE('',#5049,#1961);
#1686=LINE('',#5051,#1962);
#1687=LINE('',#5053,#1963);
#1688=LINE('',#5056,#1964);
#1689=LINE('',#5058,#1965);
#1690=LINE('',#5060,#1966);
#1691=LINE('',#5062,#1967);
#1692=LINE('',#5065,#1968);
#1693=LINE('',#5067,#1969);
#1694=LINE('',#5069,#1970);
#1695=LINE('',#5071,#1971);
#1696=LINE('',#5074,#1972);
#1697=LINE('',#5076,#1973);
#1698=LINE('',#5078,#1974);
#1699=LINE('',#5080,#1975);
#1700=LINE('',#5083,#1976);
#1701=LINE('',#5085,#1977);
#1702=LINE('',#5087,#1978);
#1703=LINE('',#5089,#1979);
#1704=LINE('',#5092,#1980);
#1705=LINE('',#5094,#1981);
#1706=LINE('',#5096,#1982);
#1707=LINE('',#5101,#1983);
#1708=LINE('',#5105,#1984);
#1709=LINE('',#5107,#1985);
#1710=LINE('',#5109,#1986);
#1711=LINE('',#5111,#1987);
#1712=LINE('',#5113,#1988);
#1713=LINE('',#5115,#1989);
#1714=LINE('',#5117,#1990);
#1715=LINE('',#5119,#1991);
#1716=LINE('',#5121,#1992);
#1717=LINE('',#5123,#1993);
#1718=LINE('',#5129,#1994);
#1719=LINE('',#5131,#1995);
#1720=LINE('',#5133,#1996);
#1721=LINE('',#5135,#1997);
#1722=LINE('',#5141,#1998);
#1723=LINE('',#5146,#1999);
#1724=LINE('',#5150,#2000);
#1725=LINE('',#5152,#2001);
#1726=LINE('',#5153,#2002);
#1727=LINE('',#5158,#2003);
#1728=LINE('',#5162,#2004);
#1729=LINE('',#5164,#2005);
#1730=LINE('',#5166,#2006);
#1731=LINE('',#5168,#2007);
#1732=LINE('',#5172,#2008);
#1733=LINE('',#5176,#2009);
#1734=LINE('',#5178,#2010);
#1735=LINE('',#5180,#2011);
#1736=LINE('',#5182,#2012);
#1737=LINE('',#5184,#2013);
#1738=LINE('',#5186,#2014);
#1739=LINE('',#5188,#2015);
#1740=LINE('',#5190,#2016);
#1741=LINE('',#5192,#2017);
#1742=LINE('',#5196,#2018);
#1743=LINE('',#5200,#2019);
#1744=LINE('',#5202,#2020);
#1745=LINE('',#5204,#2021);
#1746=LINE('',#5208,#2022);
#1747=LINE('',#5214,#2023);
#1748=LINE('',#5217,#2024);
#1749=LINE('',#5219,#2025);
#1750=LINE('',#5221,#2026);
#1751=LINE('',#5223,#2027);
#1752=LINE('',#5226,#2028);
#1753=LINE('',#5228,#2029);
#1754=LINE('',#5230,#2030);
#1755=LINE('',#5236,#2031);
#1756=LINE('',#5241,#2032);
#1757=LINE('',#5247,#2033);
#1758=LINE('',#5249,#2034);
#1759=LINE('',#5251,#2035);
#1760=LINE('',#5253,#2036);
#1761=LINE('',#5255,#2037);
#1762=LINE('',#5257,#2038);
#1763=LINE('',#5259,#2039);
#1764=LINE('',#5261,#2040);
#1765=LINE('',#5263,#2041);
#1766=LINE('',#5265,#2042);
#1767=LINE('',#5267,#2043);
#1768=LINE('',#5269,#2044);
#1769=LINE('',#5271,#2045);
#1770=LINE('',#5273,#2046);
#1771=LINE('',#5275,#2047);
#1772=LINE('',#5277,#2048);
#1773=LINE('',#5279,#2049);
#1774=LINE('',#5281,#2050);
#1775=LINE('',#5283,#2051);
#1776=LINE('',#5285,#2052);
#1777=LINE('',#5288,#2053);
#1778=LINE('',#5290,#2054);
#1779=LINE('',#5292,#2055);
#1780=LINE('',#5293,#2056);
#1781=LINE('',#5295,#2057);
#1782=LINE('',#5297,#2058);
#1783=LINE('',#5299,#2059);
#1784=LINE('',#5304,#2060);
#1785=LINE('',#5305,#2061);
#1786=LINE('',#5309,#2062);
#1787=LINE('',#5313,#2063);
#1788=LINE('',#5315,#2064);
#1789=LINE('',#5317,#2065);
#1790=LINE('',#5321,#2066);
#1791=LINE('',#5326,#2067);
#1792=LINE('',#5328,#2068);
#1793=LINE('',#5330,#2069);
#1794=LINE('',#5334,#2070);
#1795=LINE('',#5338,#2071);
#1796=LINE('',#5339,#2072);
#1797=LINE('',#5343,#2073);
#1798=LINE('',#5344,#2074);
#1799=LINE('',#5347,#2075);
#1800=LINE('',#5349,#2076);
#1801=LINE('',#5351,#2077);
#1802=LINE('',#5353,#2078);
#1803=LINE('',#5355,#2079);
#1804=LINE('',#5357,#2080);
#1805=LINE('',#5359,#2081);
#1806=LINE('',#5361,#2082);
#1807=LINE('',#5456,#2083);
#1808=LINE('',#5458,#2084);
#1809=LINE('',#5460,#2085);
#1810=LINE('',#5462,#2086);
#1811=LINE('',#5464,#2087);
#1812=LINE('',#5466,#2088);
#1813=LINE('',#5468,#2089);
#1814=LINE('',#5470,#2090);
#1815=VECTOR('',#3915,1000.);
#1816=VECTOR('',#3916,1000.);
#1817=VECTOR('',#3917,1000.);
#1818=VECTOR('',#3918,1000.);
#1819=VECTOR('',#3919,1000.);
#1820=VECTOR('',#3920,1000.);
#1821=VECTOR('',#3921,1000.);
#1822=VECTOR('',#3922,1000.);
#1823=VECTOR('',#3925,1000.);
#1824=VECTOR('',#3926,1000.);
#1825=VECTOR('',#3927,1000.);
#1826=VECTOR('',#3928,1000.);
#1827=VECTOR('',#3935,1000.);
#1828=VECTOR('',#3938,1000.);
#1829=VECTOR('',#3939,1000.);
#1830=VECTOR('',#3940,1000.);
#1831=VECTOR('',#3943,1000.);
#1832=VECTOR('',#3944,1000.);
#1833=VECTOR('',#3945,1000.);
#1834=VECTOR('',#3948,1000.);
#1835=VECTOR('',#3949,1000.);
#1836=VECTOR('',#3950,1000.);
#1837=VECTOR('',#3957,1000.);
#1838=VECTOR('',#3960,1000.);
#1839=VECTOR('',#3961,1000.);
#1840=VECTOR('',#3962,1000.);
#1841=VECTOR('',#3969,1000.);
#1842=VECTOR('',#3972,1000.);
#1843=VECTOR('',#3973,1000.);
#1844=VECTOR('',#3974,1000.);
#1845=VECTOR('',#3977,1000.);
#1846=VECTOR('',#3978,1000.);
#1847=VECTOR('',#3979,1000.);
#1848=VECTOR('',#3980,1000.);
#1849=VECTOR('',#3989,1000.);
#1850=VECTOR('',#3992,1000.);
#1851=VECTOR('',#3997,1000.);
#1852=VECTOR('',#4000,1000.);
#1853=VECTOR('',#4003,1000.);
#1854=VECTOR('',#4004,1000.);
#1855=VECTOR('',#4005,1000.);
#1856=VECTOR('',#4010,1000.);
#1857=VECTOR('',#4015,1000.);
#1858=VECTOR('',#4016,1000.);
#1859=VECTOR('',#4017,1000.);
#1860=VECTOR('',#4020,1000.);
#1861=VECTOR('',#4021,1000.);
#1862=VECTOR('',#4022,1000.);
#1863=VECTOR('',#4025,1000.);
#1864=VECTOR('',#4026,1000.);
#1865=VECTOR('',#4027,1000.);
#1866=VECTOR('',#4032,1000.);
#1867=VECTOR('',#4037,1000.);
#1868=VECTOR('',#4038,1000.);
#1869=VECTOR('',#4039,1000.);
#1870=VECTOR('',#4044,1000.);
#1871=VECTOR('',#4051,1000.);
#1872=VECTOR('',#4054,1000.);
#1873=VECTOR('',#4057,1000.);
#1874=VECTOR('',#4058,1000.);
#1875=VECTOR('',#4059,1000.);
#1876=VECTOR('',#4064,1000.);
#1877=VECTOR('',#4069,1000.);
#1878=VECTOR('',#4070,1000.);
#1879=VECTOR('',#4071,1000.);
#1880=VECTOR('',#4074,1000.);
#1881=VECTOR('',#4075,1000.);
#1882=VECTOR('',#4076,1000.);
#1883=VECTOR('',#4079,1000.);
#1884=VECTOR('',#4080,1000.);
#1885=VECTOR('',#4081,1000.);
#1886=VECTOR('',#4086,1000.);
#1887=VECTOR('',#4091,1000.);
#1888=VECTOR('',#4092,1000.);
#1889=VECTOR('',#4093,1000.);
#1890=VECTOR('',#4098,1000.);
#1891=VECTOR('',#4105,1000.);
#1892=VECTOR('',#4108,1000.);
#1893=VECTOR('',#4111,1000.);
#1894=VECTOR('',#4112,1000.);
#1895=VECTOR('',#4113,1000.);
#1896=VECTOR('',#4116,1000.);
#1897=VECTOR('',#4117,1000.);
#1898=VECTOR('',#4118,1000.);
#1899=VECTOR('',#4121,1000.);
#1900=VECTOR('',#4122,1000.);
#1901=VECTOR('',#4123,1000.);
#1902=VECTOR('',#4130,1000.);
#1903=VECTOR('',#4133,1000.);
#1904=VECTOR('',#4134,1000.);
#1905=VECTOR('',#4135,1000.);
#1906=VECTOR('',#4142,1000.);
#1907=VECTOR('',#4147,1000.);
#1908=VECTOR('',#4150,1000.);
#1909=VECTOR('',#4153,1000.);
#1910=VECTOR('',#4154,1000.);
#1911=VECTOR('',#4159,1000.);
#1912=VECTOR('',#4162,1000.);
#1913=VECTOR('',#4165,1000.);
#1914=VECTOR('',#4166,1000.);
#1915=VECTOR('',#4167,1000.);
#1916=VECTOR('',#4172,1000.);
#1917=VECTOR('',#4177,1000.);
#1918=VECTOR('',#4178,1000.);
#1919=VECTOR('',#4179,1000.);
#1920=VECTOR('',#4182,1000.);
#1921=VECTOR('',#4183,1000.);
#1922=VECTOR('',#4184,1000.);
#1923=VECTOR('',#4187,1000.);
#1924=VECTOR('',#4188,1000.);
#1925=VECTOR('',#4189,1000.);
#1926=VECTOR('',#4194,1000.);
#1927=VECTOR('',#4199,1000.);
#1928=VECTOR('',#4200,1000.);
#1929=VECTOR('',#4201,1000.);
#1930=VECTOR('',#4206,1000.);
#1931=VECTOR('',#4211,1000.);
#1932=VECTOR('',#4212,1000.);
#1933=VECTOR('',#4213,1000.);
#1934=VECTOR('',#4216,1000.);
#1935=VECTOR('',#4217,1000.);
#1936=VECTOR('',#4220,1000.);
#1937=VECTOR('',#4221,1000.);
#1938=VECTOR('',#4224,1000.);
#1939=VECTOR('',#4227,1000.);
#1940=VECTOR('',#4228,1000.);
#1941=VECTOR('',#4229,1000.);
#1942=VECTOR('',#4232,1000.);
#1943=VECTOR('',#4233,1000.);
#1944=VECTOR('',#4236,1000.);
#1945=VECTOR('',#4237,1000.);
#1946=VECTOR('',#4240,1000.);
#1947=VECTOR('',#4243,1000.);
#1948=VECTOR('',#4244,1000.);
#1949=VECTOR('',#4245,1000.);
#1950=VECTOR('',#4248,1000.);
#1951=VECTOR('',#4249,1000.);
#1952=VECTOR('',#4252,1000.);
#1953=VECTOR('',#4253,1000.);
#1954=VECTOR('',#4256,1000.);
#1955=VECTOR('',#4259,1000.);
#1956=VECTOR('',#4260,1000.);
#1957=VECTOR('',#4261,1000.);
#1958=VECTOR('',#4264,1000.);
#1959=VECTOR('',#4265,1000.);
#1960=VECTOR('',#4268,1000.);
#1961=VECTOR('',#4269,1000.);
#1962=VECTOR('',#4272,1000.);
#1963=VECTOR('',#4275,1000.);
#1964=VECTOR('',#4276,1000.);
#1965=VECTOR('',#4277,1000.);
#1966=VECTOR('',#4278,1000.);
#1967=VECTOR('',#4281,1000.);
#1968=VECTOR('',#4282,1000.);
#1969=VECTOR('',#4283,1000.);
#1970=VECTOR('',#4284,1000.);
#1971=VECTOR('',#4287,1000.);
#1972=VECTOR('',#4288,1000.);
#1973=VECTOR('',#4289,1000.);
#1974=VECTOR('',#4290,1000.);
#1975=VECTOR('',#4293,1000.);
#1976=VECTOR('',#4294,1000.);
#1977=VECTOR('',#4295,1000.);
#1978=VECTOR('',#4296,1000.);
#1979=VECTOR('',#4299,1000.);
#1980=VECTOR('',#4300,1000.);
#1981=VECTOR('',#4301,1000.);
#1982=VECTOR('',#4302,1000.);
#1983=VECTOR('',#4307,1000.);
#1984=VECTOR('',#4310,1000.);
#1985=VECTOR('',#4313,1000.);
#1986=VECTOR('',#4314,1000.);
#1987=VECTOR('',#4315,1000.);
#1988=VECTOR('',#4318,1000.);
#1989=VECTOR('',#4319,1000.);
#1990=VECTOR('',#4320,1000.);
#1991=VECTOR('',#4323,1000.);
#1992=VECTOR('',#4324,1000.);
#1993=VECTOR('',#4325,1000.);
#1994=VECTOR('',#4332,1000.);
#1995=VECTOR('',#4335,1000.);
#1996=VECTOR('',#4336,1000.);
#1997=VECTOR('',#4337,1000.);
#1998=VECTOR('',#4344,1000.);
#1999=VECTOR('',#4349,1000.);
#2000=VECTOR('',#4352,1000.);
#2001=VECTOR('',#4355,1000.);
#2002=VECTOR('',#4356,1000.);
#2003=VECTOR('',#4361,1000.);
#2004=VECTOR('',#4364,1000.);
#2005=VECTOR('',#4367,1000.);
#2006=VECTOR('',#4368,1000.);
#2007=VECTOR('',#4369,1000.);
#2008=VECTOR('',#4374,1000.);
#2009=VECTOR('',#4379,1000.);
#2010=VECTOR('',#4380,1000.);
#2011=VECTOR('',#4381,1000.);
#2012=VECTOR('',#4384,1000.);
#2013=VECTOR('',#4385,1000.);
#2014=VECTOR('',#4386,1000.);
#2015=VECTOR('',#4389,1000.);
#2016=VECTOR('',#4390,1000.);
#2017=VECTOR('',#4391,1000.);
#2018=VECTOR('',#4396,1000.);
#2019=VECTOR('',#4401,1000.);
#2020=VECTOR('',#4402,1000.);
#2021=VECTOR('',#4403,1000.);
#2022=VECTOR('',#4408,1000.);
#2023=VECTOR('',#4415,1000.);
#2024=VECTOR('',#4416,1000.);
#2025=VECTOR('',#4417,1000.);
#2026=VECTOR('',#4418,1000.);
#2027=VECTOR('',#4421,1000.);
#2028=VECTOR('',#4422,1000.);
#2029=VECTOR('',#4423,1000.);
#2030=VECTOR('',#4424,1000.);
#2031=VECTOR('',#4435,1000.);
#2032=VECTOR('',#4438,1000.);
#2033=VECTOR('',#4447,1000.);
#2034=VECTOR('',#4448,1000.);
#2035=VECTOR('',#4449,1000.);
#2036=VECTOR('',#4452,1000.);
#2037=VECTOR('',#4453,1000.);
#2038=VECTOR('',#4454,1000.);
#2039=VECTOR('',#4457,1000.);
#2040=VECTOR('',#4458,1000.);
#2041=VECTOR('',#4461,1000.);
#2042=VECTOR('',#4462,1000.);
#2043=VECTOR('',#4465,1000.);
#2044=VECTOR('',#4468,1000.);
#2045=VECTOR('',#4469,1000.);
#2046=VECTOR('',#4470,1000.);
#2047=VECTOR('',#4473,1000.);
#2048=VECTOR('',#4474,1000.);
#2049=VECTOR('',#4477,1000.);
#2050=VECTOR('',#4478,1000.);
#2051=VECTOR('',#4481,1000.);
#2052=VECTOR('',#4484,1000.);
#2053=VECTOR('',#4485,1000.);
#2054=VECTOR('',#4486,1000.);
#2055=VECTOR('',#4487,1000.);
#2056=VECTOR('',#4488,1000.);
#2057=VECTOR('',#4489,1000.);
#2058=VECTOR('',#4490,1000.);
#2059=VECTOR('',#4493,1000.);
#2060=VECTOR('',#4496,1000.);
#2061=VECTOR('',#4497,1000.);
#2062=VECTOR('',#4500,1000.);
#2063=VECTOR('',#4503,1000.);
#2064=VECTOR('',#4504,1000.);
#2065=VECTOR('',#4505,1000.);
#2066=VECTOR('',#4510,1000.);
#2067=VECTOR('',#4513,1000.);
#2068=VECTOR('',#4514,1000.);
#2069=VECTOR('',#4515,1000.);
#2070=VECTOR('',#4518,1000.);
#2071=VECTOR('',#4521,1000.);
#2072=VECTOR('',#4522,1000.);
#2073=VECTOR('',#4527,1000.);
#2074=VECTOR('',#4528,1000.);
#2075=VECTOR('',#4533,1000.);
#2076=VECTOR('',#4536,1000.);
#2077=VECTOR('',#4539,1000.);
#2078=VECTOR('',#4542,1000.);
#2079=VECTOR('',#4545,1000.);
#2080=VECTOR('',#4548,1000.);
#2081=VECTOR('',#4551,1000.);
#2082=VECTOR('',#4554,1000.);
#2083=VECTOR('',#4647,1000.);
#2084=VECTOR('',#4648,1000.);
#2085=VECTOR('',#4649,1000.);
#2086=VECTOR('',#4652,1000.);
#2087=VECTOR('',#4653,1000.);
#2088=VECTOR('',#4656,1000.);
#2089=VECTOR('',#4657,1000.);
#2090=VECTOR('',#4660,1000.);
#2091=EDGE_LOOP('',(#175,#176,#177,#178));
#2092=EDGE_LOOP('',(#179,#180,#181,#182));
#2093=EDGE_LOOP('',(#183,#184,#185,#186));
#2094=EDGE_LOOP('',(#187,#188,#189,#190));
#2095=EDGE_LOOP('',(#191,#192,#193,#194));
#2096=EDGE_LOOP('',(#195,#196,#197,#198));
#2097=EDGE_LOOP('',(#199,#200,#201,#202));
#2098=EDGE_LOOP('',(#203,#204,#205,#206));
#2099=EDGE_LOOP('',(#207,#208,#209,#210));
#2100=EDGE_LOOP('',(#211,#212,#213,#214));
#2101=EDGE_LOOP('',(#215,#216,#217,#218));
#2102=EDGE_LOOP('',(#219,#220,#221,#222));
#2103=EDGE_LOOP('',(#223,#224,#225,#226));
#2104=EDGE_LOOP('',(#227,#228,#229,#230,#231,#232,#233,#234,#235,#236,#237,
#238));
#2105=EDGE_LOOP('',(#239,#240,#241,#242,#243,#244,#245,#246,#247,#248,#249,
#250));
#2106=EDGE_LOOP('',(#251,#252,#253,#254));
#2107=EDGE_LOOP('',(#255,#256,#257,#258));
#2108=EDGE_LOOP('',(#259,#260,#261,#262));
#2109=EDGE_LOOP('',(#263,#264,#265,#266));
#2110=EDGE_LOOP('',(#267,#268,#269,#270));
#2111=EDGE_LOOP('',(#271,#272,#273,#274));
#2112=EDGE_LOOP('',(#275,#276,#277,#278));
#2113=EDGE_LOOP('',(#279,#280,#281,#282));
#2114=EDGE_LOOP('',(#283,#284,#285,#286));
#2115=EDGE_LOOP('',(#287,#288,#289,#290));
#2116=EDGE_LOOP('',(#291,#292,#293,#294));
#2117=EDGE_LOOP('',(#295,#296,#297,#298));
#2118=EDGE_LOOP('',(#299,#300,#301,#302));
#2119=EDGE_LOOP('',(#303,#304,#305,#306));
#2120=EDGE_LOOP('',(#307,#308,#309,#310));
#2121=EDGE_LOOP('',(#311,#312,#313,#314));
#2122=EDGE_LOOP('',(#315,#316,#317,#318));
#2123=EDGE_LOOP('',(#319,#320,#321,#322));
#2124=EDGE_LOOP('',(#323,#324,#325,#326));
#2125=EDGE_LOOP('',(#327,#328,#329,#330));
#2126=EDGE_LOOP('',(#331,#332,#333,#334));
#2127=EDGE_LOOP('',(#335,#336,#337,#338));
#2128=EDGE_LOOP('',(#339,#340,#341,#342));
#2129=EDGE_LOOP('',(#343,#344,#345,#346));
#2130=EDGE_LOOP('',(#347,#348,#349,#350));
#2131=EDGE_LOOP('',(#351,#352,#353,#354));
#2132=EDGE_LOOP('',(#355,#356,#357,#358));
#2133=EDGE_LOOP('',(#359,#360,#361,#362));
#2134=EDGE_LOOP('',(#363,#364,#365,#366));
#2135=EDGE_LOOP('',(#367,#368,#369,#370));
#2136=EDGE_LOOP('',(#371,#372,#373,#374));
#2137=EDGE_LOOP('',(#375,#376,#377,#378));
#2138=EDGE_LOOP('',(#379,#380,#381,#382));
#2139=EDGE_LOOP('',(#383,#384,#385,#386));
#2140=EDGE_LOOP('',(#387,#388,#389,#390));
#2141=EDGE_LOOP('',(#391,#392,#393,#394));
#2142=EDGE_LOOP('',(#395,#396,#397,#398,#399,#400,#401,#402,#403,#404,#405,
#406));
#2143=EDGE_LOOP('',(#407,#408,#409,#410));
#2144=EDGE_LOOP('',(#411,#412,#413,#414,#415,#416,#417,#418,#419,#420,#421,
#422));
#2145=EDGE_LOOP('',(#423,#424,#425,#426));
#2146=EDGE_LOOP('',(#427,#428,#429,#430,#431,#432,#433,#434,#435,#436,#437,
#438));
#2147=EDGE_LOOP('',(#439,#440,#441,#442));
#2148=EDGE_LOOP('',(#443,#444,#445,#446,#447,#448,#449,#450,#451,#452,#453,
#454));
#2149=EDGE_LOOP('',(#455,#456,#457,#458));
#2150=EDGE_LOOP('',(#459,#460,#461,#462));
#2151=EDGE_LOOP('',(#463,#464,#465,#466,#467,#468,#469,#470,#471,#472,#473,
#474));
#2152=EDGE_LOOP('',(#475,#476,#477,#478));
#2153=EDGE_LOOP('',(#479,#480,#481,#482,#483,#484,#485,#486,#487,#488,#489,
#490));
#2154=EDGE_LOOP('',(#491,#492,#493,#494,#495,#496,#497,#498,#499,#500,#501,
#502));
#2155=EDGE_LOOP('',(#503,#504,#505,#506));
#2156=EDGE_LOOP('',(#507,#508,#509,#510,#511,#512,#513,#514,#515,#516,#517,
#518));
#2157=EDGE_LOOP('',(#519,#520,#521,#522));
#2158=EDGE_LOOP('',(#523,#524,#525,#526));
#2159=EDGE_LOOP('',(#527,#528,#529,#530));
#2160=EDGE_LOOP('',(#531,#532,#533,#534));
#2161=EDGE_LOOP('',(#535,#536,#537,#538));
#2162=EDGE_LOOP('',(#539,#540,#541,#542));
#2163=EDGE_LOOP('',(#543,#544,#545,#546));
#2164=EDGE_LOOP('',(#547,#548,#549,#550));
#2165=EDGE_LOOP('',(#551,#552,#553,#554));
#2166=EDGE_LOOP('',(#555,#556,#557,#558));
#2167=EDGE_LOOP('',(#559,#560,#561,#562));
#2168=EDGE_LOOP('',(#563,#564,#565,#566));
#2169=EDGE_LOOP('',(#567,#568,#569,#570));
#2170=EDGE_LOOP('',(#571,#572,#573,#574));
#2171=EDGE_LOOP('',(#575,#576,#577,#578));
#2172=EDGE_LOOP('',(#579,#580,#581,#582));
#2173=EDGE_LOOP('',(#583,#584,#585,#586));
#2174=EDGE_LOOP('',(#587,#588,#589,#590));
#2175=EDGE_LOOP('',(#591,#592,#593,#594));
#2176=EDGE_LOOP('',(#595,#596,#597,#598));
#2177=EDGE_LOOP('',(#599,#600,#601,#602));
#2178=EDGE_LOOP('',(#603,#604,#605,#606));
#2179=EDGE_LOOP('',(#607,#608,#609,#610));
#2180=EDGE_LOOP('',(#611,#612,#613,#614));
#2181=EDGE_LOOP('',(#615,#616,#617,#618));
#2182=EDGE_LOOP('',(#619,#620,#621,#622));
#2183=EDGE_LOOP('',(#623,#624,#625,#626));
#2184=EDGE_LOOP('',(#627,#628,#629,#630));
#2185=EDGE_LOOP('',(#631));
#2186=EDGE_LOOP('',(#632,#633,#634,#635));
#2187=EDGE_LOOP('',(#636,#637,#638,#639));
#2188=EDGE_LOOP('',(#640,#641,#642,#643,#644,#645,#646,#647));
#2189=EDGE_LOOP('',(#648,#649,#650,#651,#652,#653,#654,#655));
#2190=EDGE_LOOP('',(#656,#657,#658,#659));
#2191=EDGE_LOOP('',(#660,#661,#662,#663));
#2192=EDGE_LOOP('',(#664,#665,#666,#667,#668,#669,#670,#671,#672,#673,#674,
#675));
#2193=EDGE_LOOP('',(#676,#677,#678,#679));
#2194=EDGE_LOOP('',(#680,#681,#682,#683,#684,#685,#686,#687,#688,#689,#690,
#691));
#2195=EDGE_LOOP('',(#692,#693,#694,#695,#696,#697,#698,#699,#700,#701,#702,
#703));
#2196=EDGE_LOOP('',(#704,#705,#706,#707));
#2197=EDGE_LOOP('',(#708,#709,#710,#711,#712,#713,#714,#715,#716,#717,#718,
#719));
#2198=EDGE_LOOP('',(#720,#721,#722,#723));
#2199=EDGE_LOOP('',(#724,#725,#726,#727));
#2200=EDGE_LOOP('',(#728,#729,#730,#731));
#2201=EDGE_LOOP('',(#732,#733,#734,#735));
#2202=EDGE_LOOP('',(#736,#737,#738,#739));
#2203=EDGE_LOOP('',(#740,#741,#742,#743));
#2204=EDGE_LOOP('',(#744,#745,#746,#747,#748,#749,#750,#751,#752,#753,#754,
#755));
#2205=EDGE_LOOP('',(#756,#757,#758,#759,#760,#761,#762,#763,#764,#765,#766,
#767));
#2206=EDGE_LOOP('',(#768,#769,#770,#771));
#2207=EDGE_LOOP('',(#772,#773,#774,#775));
#2208=EDGE_LOOP('',(#776,#777,#778,#779));
#2209=EDGE_LOOP('',(#780,#781,#782,#783));
#2210=EDGE_LOOP('',(#784,#785,#786,#787));
#2211=EDGE_LOOP('',(#788,#789,#790,#791));
#2212=EDGE_LOOP('',(#792,#793,#794,#795));
#2213=EDGE_LOOP('',(#796,#797,#798,#799));
#2214=EDGE_LOOP('',(#800,#801,#802,#803));
#2215=EDGE_LOOP('',(#804,#805,#806,#807));
#2216=EDGE_LOOP('',(#808,#809,#810,#811));
#2217=EDGE_LOOP('',(#812,#813,#814,#815));
#2218=EDGE_LOOP('',(#816,#817,#818,#819));
#2219=EDGE_LOOP('',(#820,#821,#822,#823));
#2220=EDGE_LOOP('',(#824,#825,#826,#827));
#2221=EDGE_LOOP('',(#828,#829,#830,#831));
#2222=EDGE_LOOP('',(#832,#833,#834,#835));
#2223=EDGE_LOOP('',(#836,#837,#838,#839));
#2224=EDGE_LOOP('',(#840,#841,#842,#843));
#2225=EDGE_LOOP('',(#844,#845,#846));
#2226=EDGE_LOOP('',(#847,#848,#849,#850));
#2227=EDGE_LOOP('',(#851,#852,#853,#854));
#2228=EDGE_LOOP('',(#855,#856,#857));
#2229=EDGE_LOOP('',(#858,#859,#860));
#2230=EDGE_LOOP('',(#861,#862,#863,#864));
#2231=EDGE_LOOP('',(#865,#866,#867,#868));
#2232=EDGE_LOOP('',(#869,#870,#871));
#2233=EDGE_LOOP('',(#872,#873,#874,#875));
#2234=EDGE_LOOP('',(#876,#877,#878));
#2235=EDGE_LOOP('',(#879,#880,#881));
#2236=EDGE_LOOP('',(#882,#883,#884,#885));
#2237=EDGE_LOOP('',(#886,#887,#888,#889));
#2238=EDGE_LOOP('',(#890,#891,#892));
#2239=EDGE_LOOP('',(#893,#894,#895));
#2240=EDGE_LOOP('',(#896,#897,#898,#899));
#2241=EDGE_LOOP('',(#900,#901,#902,#903));
#2242=EDGE_LOOP('',(#904,#905,#906,#907));
#2243=EDGE_LOOP('',(#908,#909,#910,#911));
#2244=EDGE_LOOP('',(#912,#913,#914,#915));
#2245=EDGE_LOOP('',(#916,#917,#918,#919));
#2246=EDGE_LOOP('',(#920));
#2247=EDGE_LOOP('',(#921));
#2248=EDGE_LOOP('',(#922));
#2249=FACE_BOUND('',#2091,.T.);
#2250=FACE_BOUND('',#2092,.T.);
#2251=FACE_BOUND('',#2093,.T.);
#2252=FACE_BOUND('',#2094,.T.);
#2253=FACE_BOUND('',#2095,.T.);
#2254=FACE_BOUND('',#2096,.T.);
#2255=FACE_BOUND('',#2097,.T.);
#2256=FACE_BOUND('',#2098,.T.);
#2257=FACE_BOUND('',#2099,.T.);
#2258=FACE_BOUND('',#2100,.T.);
#2259=FACE_BOUND('',#2101,.T.);
#2260=FACE_BOUND('',#2102,.T.);
#2261=FACE_BOUND('',#2103,.T.);
#2262=FACE_BOUND('',#2104,.T.);
#2263=FACE_BOUND('',#2105,.T.);
#2264=FACE_BOUND('',#2106,.T.);
#2265=FACE_BOUND('',#2107,.T.);
#2266=FACE_BOUND('',#2108,.T.);
#2267=FACE_BOUND('',#2109,.T.);
#2268=FACE_BOUND('',#2110,.T.);
#2269=FACE_BOUND('',#2111,.T.);
#2270=FACE_BOUND('',#2112,.T.);
#2271=FACE_BOUND('',#2113,.T.);
#2272=FACE_BOUND('',#2114,.T.);
#2273=FACE_BOUND('',#2115,.T.);
#2274=FACE_BOUND('',#2116,.T.);
#2275=FACE_BOUND('',#2117,.T.);
#2276=FACE_BOUND('',#2118,.T.);
#2277=FACE_BOUND('',#2119,.T.);
#2278=FACE_BOUND('',#2120,.T.);
#2279=FACE_BOUND('',#2121,.T.);
#2280=FACE_BOUND('',#2122,.T.);
#2281=FACE_BOUND('',#2123,.T.);
#2282=FACE_BOUND('',#2124,.T.);
#2283=FACE_BOUND('',#2125,.T.);
#2284=FACE_BOUND('',#2126,.T.);
#2285=FACE_BOUND('',#2127,.T.);
#2286=FACE_BOUND('',#2128,.T.);
#2287=FACE_BOUND('',#2129,.T.);
#2288=FACE_BOUND('',#2130,.T.);
#2289=FACE_BOUND('',#2131,.T.);
#2290=FACE_BOUND('',#2132,.T.);
#2291=FACE_BOUND('',#2133,.T.);
#2292=FACE_BOUND('',#2134,.T.);
#2293=FACE_BOUND('',#2135,.T.);
#2294=FACE_BOUND('',#2136,.T.);
#2295=FACE_BOUND('',#2137,.T.);
#2296=FACE_BOUND('',#2138,.T.);
#2297=FACE_BOUND('',#2139,.T.);
#2298=FACE_BOUND('',#2140,.T.);
#2299=FACE_BOUND('',#2141,.T.);
#2300=FACE_BOUND('',#2142,.T.);
#2301=FACE_BOUND('',#2143,.T.);
#2302=FACE_BOUND('',#2144,.T.);
#2303=FACE_BOUND('',#2145,.T.);
#2304=FACE_BOUND('',#2146,.T.);
#2305=FACE_BOUND('',#2147,.T.);
#2306=FACE_BOUND('',#2148,.T.);
#2307=FACE_BOUND('',#2149,.T.);
#2308=FACE_BOUND('',#2150,.T.);
#2309=FACE_BOUND('',#2151,.T.);
#2310=FACE_BOUND('',#2152,.T.);
#2311=FACE_BOUND('',#2153,.T.);
#2312=FACE_BOUND('',#2154,.T.);
#2313=FACE_BOUND('',#2155,.T.);
#2314=FACE_BOUND('',#2156,.T.);
#2315=FACE_BOUND('',#2157,.T.);
#2316=FACE_BOUND('',#2158,.T.);
#2317=FACE_BOUND('',#2159,.T.);
#2318=FACE_BOUND('',#2160,.T.);
#2319=FACE_BOUND('',#2161,.T.);
#2320=FACE_BOUND('',#2162,.T.);
#2321=FACE_BOUND('',#2163,.T.);
#2322=FACE_BOUND('',#2164,.T.);
#2323=FACE_BOUND('',#2165,.T.);
#2324=FACE_BOUND('',#2166,.T.);
#2325=FACE_BOUND('',#2167,.T.);
#2326=FACE_BOUND('',#2168,.T.);
#2327=FACE_BOUND('',#2169,.T.);
#2328=FACE_BOUND('',#2170,.T.);
#2329=FACE_BOUND('',#2171,.T.);
#2330=FACE_BOUND('',#2172,.T.);
#2331=FACE_BOUND('',#2173,.T.);
#2332=FACE_BOUND('',#2174,.T.);
#2333=FACE_BOUND('',#2175,.T.);
#2334=FACE_BOUND('',#2176,.T.);
#2335=FACE_BOUND('',#2177,.T.);
#2336=FACE_BOUND('',#2178,.T.);
#2337=FACE_BOUND('',#2179,.T.);
#2338=FACE_BOUND('',#2180,.T.);
#2339=FACE_BOUND('',#2181,.T.);
#2340=FACE_BOUND('',#2182,.T.);
#2341=FACE_BOUND('',#2183,.T.);
#2342=FACE_BOUND('',#2184,.T.);
#2343=FACE_BOUND('',#2185,.T.);
#2344=FACE_BOUND('',#2186,.T.);
#2345=FACE_BOUND('',#2187,.T.);
#2346=FACE_BOUND('',#2188,.T.);
#2347=FACE_BOUND('',#2189,.T.);
#2348=FACE_BOUND('',#2190,.T.);
#2349=FACE_BOUND('',#2191,.T.);
#2350=FACE_BOUND('',#2192,.T.);
#2351=FACE_BOUND('',#2193,.T.);
#2352=FACE_BOUND('',#2194,.T.);
#2353=FACE_BOUND('',#2195,.T.);
#2354=FACE_BOUND('',#2196,.T.);
#2355=FACE_BOUND('',#2197,.T.);
#2356=FACE_BOUND('',#2198,.T.);
#2357=FACE_BOUND('',#2199,.T.);
#2358=FACE_BOUND('',#2200,.T.);
#2359=FACE_BOUND('',#2201,.T.);
#2360=FACE_BOUND('',#2202,.T.);
#2361=FACE_BOUND('',#2203,.T.);
#2362=FACE_BOUND('',#2204,.T.);
#2363=FACE_BOUND('',#2205,.T.);
#2364=FACE_BOUND('',#2206,.T.);
#2365=FACE_BOUND('',#2207,.T.);
#2366=FACE_BOUND('',#2208,.T.);
#2367=FACE_BOUND('',#2209,.T.);
#2368=FACE_BOUND('',#2210,.T.);
#2369=FACE_BOUND('',#2211,.T.);
#2370=FACE_BOUND('',#2212,.T.);
#2371=FACE_BOUND('',#2213,.T.);
#2372=FACE_BOUND('',#2214,.T.);
#2373=FACE_BOUND('',#2215,.T.);
#2374=FACE_BOUND('',#2216,.T.);
#2375=FACE_BOUND('',#2217,.T.);
#2376=FACE_BOUND('',#2218,.T.);
#2377=FACE_BOUND('',#2219,.T.);
#2378=FACE_BOUND('',#2220,.T.);
#2379=FACE_BOUND('',#2221,.T.);
#2380=FACE_BOUND('',#2222,.T.);
#2381=FACE_BOUND('',#2223,.T.);
#2382=FACE_BOUND('',#2224,.T.);
#2383=FACE_BOUND('',#2225,.T.);
#2384=FACE_BOUND('',#2226,.T.);
#2385=FACE_BOUND('',#2227,.T.);
#2386=FACE_BOUND('',#2228,.T.);
#2387=FACE_BOUND('',#2229,.T.);
#2388=FACE_BOUND('',#2230,.T.);
#2389=FACE_BOUND('',#2231,.T.);
#2390=FACE_BOUND('',#2232,.T.);
#2391=FACE_BOUND('',#2233,.T.);
#2392=FACE_BOUND('',#2234,.T.);
#2393=FACE_BOUND('',#2235,.T.);
#2394=FACE_BOUND('',#2236,.T.);
#2395=FACE_BOUND('',#2237,.T.);
#2396=FACE_BOUND('',#2238,.T.);
#2397=FACE_BOUND('',#2239,.T.);
#2398=FACE_BOUND('',#2240,.T.);
#2399=FACE_BOUND('',#2241,.T.);
#2400=FACE_BOUND('',#2242,.T.);
#2401=FACE_BOUND('',#2243,.T.);
#2402=FACE_BOUND('',#2244,.T.);
#2403=FACE_BOUND('',#2245,.T.);
#2404=FACE_BOUND('',#2246,.T.);
#2405=FACE_BOUND('',#2247,.T.);
#2406=FACE_BOUND('',#2248,.T.);
#2407=PLANE('',#3671);
#2408=PLANE('',#3672);
#2409=PLANE('',#3676);
#2410=PLANE('',#3677);
#2411=PLANE('',#3678);
#2412=PLANE('',#3682);
#2413=PLANE('',#3686);
#2414=PLANE('',#3687);
#2415=PLANE('',#3691);
#2416=PLANE('',#3692);
#2417=PLANE('',#3696);
#2418=PLANE('',#3700);
#2419=PLANE('',#3701);
#2420=PLANE('',#3702);
#2421=PLANE('',#3706);
#2422=PLANE('',#3713);
#2423=PLANE('',#3717);
#2424=PLANE('',#3718);
#2425=PLANE('',#3719);
#2426=PLANE('',#3723);
#2427=PLANE('',#3730);
#2428=PLANE('',#3731);
#2429=PLANE('',#3732);
#2430=PLANE('',#3736);
#2431=PLANE('',#3743);
#2432=PLANE('',#3747);
#2433=PLANE('',#3751);
#2434=PLANE('',#3752);
#2435=PLANE('',#3753);
#2436=PLANE('',#3757);
#2437=PLANE('',#3761);
#2438=PLANE('',#3762);
#2439=PLANE('',#3763);
#2440=PLANE('',#3764);
#2441=PLANE('',#3765);
#2442=PLANE('',#3766);
#2443=PLANE('',#3767);
#2444=PLANE('',#3768);
#2445=PLANE('',#3769);
#2446=PLANE('',#3770);
#2447=PLANE('',#3771);
#2448=PLANE('',#3772);
#2449=PLANE('',#3773);
#2450=PLANE('',#3774);
#2451=PLANE('',#3775);
#2452=PLANE('',#3776);
#2453=PLANE('',#3777);
#2454=PLANE('',#3778);
#2455=PLANE('',#3779);
#2456=PLANE('',#3780);
#2457=PLANE('',#3781);
#2458=PLANE('',#3785);
#2459=PLANE('',#3786);
#2460=PLANE('',#3787);
#2461=PLANE('',#3791);
#2462=PLANE('',#3798);
#2463=PLANE('',#3802);
#2464=PLANE('',#3806);
#2465=PLANE('',#3807);
#2466=PLANE('',#3808);
#2467=PLANE('',#3812);
#2468=PLANE('',#3816);
#2469=PLANE('',#3818);
#2470=PLANE('',#3819);
#2471=PLANE('',#3828);
#2472=PLANE('',#3829);
#2473=PLANE('',#3830);
#2474=PLANE('',#3831);
#2475=PLANE('',#3832);
#2476=PLANE('',#3833);
#2477=PLANE('',#3834);
#2478=PLANE('',#3835);
#2479=PLANE('',#3836);
#2480=PLANE('',#3837);
#2481=PLANE('',#3838);
#2482=PLANE('',#3843);
#2483=PLANE('',#3849);
#2484=PLANE('',#3850);
#2485=PLANE('',#3852);
#2486=PLANE('',#3854);
#2487=PLANE('',#3855);
#2488=PLANE('',#3856);
#2489=PLANE('',#3858);
#2490=PLANE('',#3903);
#2491=PLANE('',#3904);
#2492=PLANE('',#3905);
#2493=PLANE('',#3906);
#2494=PLANE('',#3907);
#2495=PLANE('',#3910);
#2496=STYLED_ITEM('',(#2642),#3520);
#2497=STYLED_ITEM('',(#2643),#3521);
#2498=STYLED_ITEM('',(#2644),#3522);
#2499=STYLED_ITEM('',(#2645),#3523);
#2500=STYLED_ITEM('',(#2646),#3524);
#2501=STYLED_ITEM('',(#2647),#3525);
#2502=STYLED_ITEM('',(#2648),#3526);
#2503=STYLED_ITEM('',(#2649),#3527);
#2504=STYLED_ITEM('',(#2650),#3528);
#2505=STYLED_ITEM('',(#2651),#3529);
#2506=STYLED_ITEM('',(#2652),#3530);
#2507=STYLED_ITEM('',(#2653),#3531);
#2508=STYLED_ITEM('',(#2654),#3532);
#2509=STYLED_ITEM('',(#2655),#3533);
#2510=STYLED_ITEM('',(#2656),#3534);
#2511=STYLED_ITEM('',(#2657),#3535);
#2512=STYLED_ITEM('',(#2658),#3536);
#2513=STYLED_ITEM('',(#2659),#3537);
#2514=STYLED_ITEM('',(#2660),#3538);
#2515=STYLED_ITEM('',(#2661),#3539);
#2516=STYLED_ITEM('',(#2662),#3540);
#2517=STYLED_ITEM('',(#2663),#3541);
#2518=STYLED_ITEM('',(#2664),#3542);
#2519=STYLED_ITEM('',(#2665),#3543);
#2520=STYLED_ITEM('',(#2666),#3544);
#2521=STYLED_ITEM('',(#2667),#3545);
#2522=STYLED_ITEM('',(#2668),#3546);
#2523=STYLED_ITEM('',(#2669),#3547);
#2524=STYLED_ITEM('',(#2670),#3548);
#2525=STYLED_ITEM('',(#2671),#3549);
#2526=STYLED_ITEM('',(#2672),#3550);
#2527=STYLED_ITEM('',(#2673),#3551);
#2528=STYLED_ITEM('',(#2674),#3552);
#2529=STYLED_ITEM('',(#2675),#3553);
#2530=STYLED_ITEM('',(#2676),#3554);
#2531=STYLED_ITEM('',(#2677),#3555);
#2532=STYLED_ITEM('',(#2678),#3556);
#2533=STYLED_ITEM('',(#2679),#3557);
#2534=STYLED_ITEM('',(#2680),#3558);
#2535=STYLED_ITEM('',(#2681),#3559);
#2536=STYLED_ITEM('',(#2682),#3560);
#2537=STYLED_ITEM('',(#2683),#3561);
#2538=STYLED_ITEM('',(#2684),#3562);
#2539=STYLED_ITEM('',(#2685),#3563);
#2540=STYLED_ITEM('',(#2686),#3564);
#2541=STYLED_ITEM('',(#2687),#3565);
#2542=STYLED_ITEM('',(#2688),#3566);
#2543=STYLED_ITEM('',(#2689),#3567);
#2544=STYLED_ITEM('',(#2690),#3568);
#2545=STYLED_ITEM('',(#2691),#3569);
#2546=STYLED_ITEM('',(#2692),#3570);
#2547=STYLED_ITEM('',(#2693),#3571);
#2548=STYLED_ITEM('',(#2694),#3572);
#2549=STYLED_ITEM('',(#2695),#3573);
#2550=STYLED_ITEM('',(#2696),#3574);
#2551=STYLED_ITEM('',(#2697),#3575);
#2552=STYLED_ITEM('',(#2698),#3576);
#2553=STYLED_ITEM('',(#2699),#3577);
#2554=STYLED_ITEM('',(#2700),#3578);
#2555=STYLED_ITEM('',(#2701),#3579);
#2556=STYLED_ITEM('',(#2702),#3580);
#2557=STYLED_ITEM('',(#2703),#3581);
#2558=STYLED_ITEM('',(#2704),#3582);
#2559=STYLED_ITEM('',(#2705),#3583);
#2560=STYLED_ITEM('',(#2706),#3584);
#2561=STYLED_ITEM('',(#2707),#3585);
#2562=STYLED_ITEM('',(#2708),#3586);
#2563=STYLED_ITEM('',(#2709),#3587);
#2564=STYLED_ITEM('',(#2710),#3588);
#2565=STYLED_ITEM('',(#2711),#3589);
#2566=STYLED_ITEM('',(#2712),#3590);
#2567=STYLED_ITEM('',(#2713),#3591);
#2568=STYLED_ITEM('',(#2714),#3592);
#2569=STYLED_ITEM('',(#2715),#3593);
#2570=STYLED_ITEM('',(#2716),#3594);
#2571=STYLED_ITEM('',(#2717),#3595);
#2572=STYLED_ITEM('',(#2718),#3596);
#2573=STYLED_ITEM('',(#2719),#3597);
#2574=STYLED_ITEM('',(#2720),#3598);
#2575=STYLED_ITEM('',(#2721),#3599);
#2576=STYLED_ITEM('',(#2722),#3600);
#2577=STYLED_ITEM('',(#2723),#3601);
#2578=STYLED_ITEM('',(#2724),#3602);
#2579=STYLED_ITEM('',(#2725),#3603);
#2580=STYLED_ITEM('',(#2726),#3604);
#2581=STYLED_ITEM('',(#2727),#3605);
#2582=STYLED_ITEM('',(#2728),#3606);
#2583=STYLED_ITEM('',(#2729),#3607);
#2584=STYLED_ITEM('',(#2730),#3608);
#2585=STYLED_ITEM('',(#2731),#3609);
#2586=STYLED_ITEM('',(#2732),#3610);
#2587=STYLED_ITEM('',(#2733),#3611);
#2588=STYLED_ITEM('',(#2734),#3612);
#2589=STYLED_ITEM('',(#2735),#3613);
#2590=STYLED_ITEM('',(#2736),#3614);
#2591=STYLED_ITEM('',(#2737),#3615);
#2592=STYLED_ITEM('',(#2738),#3616);
#2593=STYLED_ITEM('',(#2739),#3617);
#2594=STYLED_ITEM('',(#2740),#3618);
#2595=STYLED_ITEM('',(#2741),#3619);
#2596=STYLED_ITEM('',(#2742),#3620);
#2597=STYLED_ITEM('',(#2743),#3621);
#2598=STYLED_ITEM('',(#2744),#3622);
#2599=STYLED_ITEM('',(#2745),#3623);
#2600=STYLED_ITEM('',(#2746),#3624);
#2601=STYLED_ITEM('',(#2747),#3625);
#2602=STYLED_ITEM('',(#2748),#3626);
#2603=STYLED_ITEM('',(#2749),#3627);
#2604=STYLED_ITEM('',(#2750),#3628);
#2605=STYLED_ITEM('',(#2751),#3629);
#2606=STYLED_ITEM('',(#2752),#3630);
#2607=STYLED_ITEM('',(#2753),#3631);
#2608=STYLED_ITEM('',(#2754),#3632);
#2609=STYLED_ITEM('',(#2755),#3633);
#2610=STYLED_ITEM('',(#2756),#3634);
#2611=STYLED_ITEM('',(#2757),#3635);
#2612=STYLED_ITEM('',(#2758),#3636);
#2613=STYLED_ITEM('',(#2759),#3637);
#2614=STYLED_ITEM('',(#2760),#3638);
#2615=STYLED_ITEM('',(#2761),#3639);
#2616=STYLED_ITEM('',(#2762),#3640);
#2617=STYLED_ITEM('',(#2763),#3641);
#2618=STYLED_ITEM('',(#2764),#3642);
#2619=STYLED_ITEM('',(#2765),#3643);
#2620=STYLED_ITEM('',(#2766),#3644);
#2621=STYLED_ITEM('',(#2767),#3645);
#2622=STYLED_ITEM('',(#2768),#3646);
#2623=STYLED_ITEM('',(#2769),#3647);
#2624=STYLED_ITEM('',(#2770),#3648);
#2625=STYLED_ITEM('',(#2771),#3649);
#2626=STYLED_ITEM('',(#2772),#3650);
#2627=STYLED_ITEM('',(#2773),#3651);
#2628=STYLED_ITEM('',(#2774),#3652);
#2629=STYLED_ITEM('',(#2775),#3653);
#2630=STYLED_ITEM('',(#2776),#3654);
#2631=STYLED_ITEM('',(#2777),#3655);
#2632=STYLED_ITEM('',(#2778),#3656);
#2633=STYLED_ITEM('',(#2779),#3657);
#2634=STYLED_ITEM('',(#2780),#3658);
#2635=STYLED_ITEM('',(#2781),#3659);
#2636=STYLED_ITEM('',(#2782),#3660);
#2637=STYLED_ITEM('',(#2783),#3661);
#2638=STYLED_ITEM('',(#2784),#3662);
#2639=STYLED_ITEM('',(#2785),#3663);
#2640=STYLED_ITEM('',(#2786),#3664);
#2641=STYLED_ITEM('',(#2787),#3665);
#2642=PRESENTATION_STYLE_ASSIGNMENT((#2788));
#2643=PRESENTATION_STYLE_ASSIGNMENT((#2789));
#2644=PRESENTATION_STYLE_ASSIGNMENT((#2790));
#2645=PRESENTATION_STYLE_ASSIGNMENT((#2791));
#2646=PRESENTATION_STYLE_ASSIGNMENT((#2792));
#2647=PRESENTATION_STYLE_ASSIGNMENT((#2793));
#2648=PRESENTATION_STYLE_ASSIGNMENT((#2794));
#2649=PRESENTATION_STYLE_ASSIGNMENT((#2795));
#2650=PRESENTATION_STYLE_ASSIGNMENT((#2796));
#2651=PRESENTATION_STYLE_ASSIGNMENT((#2797));
#2652=PRESENTATION_STYLE_ASSIGNMENT((#2798));
#2653=PRESENTATION_STYLE_ASSIGNMENT((#2799));
#2654=PRESENTATION_STYLE_ASSIGNMENT((#2800));
#2655=PRESENTATION_STYLE_ASSIGNMENT((#2801));
#2656=PRESENTATION_STYLE_ASSIGNMENT((#2802));
#2657=PRESENTATION_STYLE_ASSIGNMENT((#2803));
#2658=PRESENTATION_STYLE_ASSIGNMENT((#2804));
#2659=PRESENTATION_STYLE_ASSIGNMENT((#2805));
#2660=PRESENTATION_STYLE_ASSIGNMENT((#2806));
#2661=PRESENTATION_STYLE_ASSIGNMENT((#2807));
#2662=PRESENTATION_STYLE_ASSIGNMENT((#2808));
#2663=PRESENTATION_STYLE_ASSIGNMENT((#2809));
#2664=PRESENTATION_STYLE_ASSIGNMENT((#2810));
#2665=PRESENTATION_STYLE_ASSIGNMENT((#2811));
#2666=PRESENTATION_STYLE_ASSIGNMENT((#2812));
#2667=PRESENTATION_STYLE_ASSIGNMENT((#2813));
#2668=PRESENTATION_STYLE_ASSIGNMENT((#2814));
#2669=PRESENTATION_STYLE_ASSIGNMENT((#2815));
#2670=PRESENTATION_STYLE_ASSIGNMENT((#2816));
#2671=PRESENTATION_STYLE_ASSIGNMENT((#2817));
#2672=PRESENTATION_STYLE_ASSIGNMENT((#2818));
#2673=PRESENTATION_STYLE_ASSIGNMENT((#2819));
#2674=PRESENTATION_STYLE_ASSIGNMENT((#2820));
#2675=PRESENTATION_STYLE_ASSIGNMENT((#2821));
#2676=PRESENTATION_STYLE_ASSIGNMENT((#2822));
#2677=PRESENTATION_STYLE_ASSIGNMENT((#2823));
#2678=PRESENTATION_STYLE_ASSIGNMENT((#2824));
#2679=PRESENTATION_STYLE_ASSIGNMENT((#2825));
#2680=PRESENTATION_STYLE_ASSIGNMENT((#2826));
#2681=PRESENTATION_STYLE_ASSIGNMENT((#2827));
#2682=PRESENTATION_STYLE_ASSIGNMENT((#2828));
#2683=PRESENTATION_STYLE_ASSIGNMENT((#2829));
#2684=PRESENTATION_STYLE_ASSIGNMENT((#2830));
#2685=PRESENTATION_STYLE_ASSIGNMENT((#2831));
#2686=PRESENTATION_STYLE_ASSIGNMENT((#2832));
#2687=PRESENTATION_STYLE_ASSIGNMENT((#2833));
#2688=PRESENTATION_STYLE_ASSIGNMENT((#2834));
#2689=PRESENTATION_STYLE_ASSIGNMENT((#2835));
#2690=PRESENTATION_STYLE_ASSIGNMENT((#2836));
#2691=PRESENTATION_STYLE_ASSIGNMENT((#2837));
#2692=PRESENTATION_STYLE_ASSIGNMENT((#2838));
#2693=PRESENTATION_STYLE_ASSIGNMENT((#2839));
#2694=PRESENTATION_STYLE_ASSIGNMENT((#2840));
#2695=PRESENTATION_STYLE_ASSIGNMENT((#2841));
#2696=PRESENTATION_STYLE_ASSIGNMENT((#2842));
#2697=PRESENTATION_STYLE_ASSIGNMENT((#2843));
#2698=PRESENTATION_STYLE_ASSIGNMENT((#2844));
#2699=PRESENTATION_STYLE_ASSIGNMENT((#2845));
#2700=PRESENTATION_STYLE_ASSIGNMENT((#2846));
#2701=PRESENTATION_STYLE_ASSIGNMENT((#2847));
#2702=PRESENTATION_STYLE_ASSIGNMENT((#2848));
#2703=PRESENTATION_STYLE_ASSIGNMENT((#2849));
#2704=PRESENTATION_STYLE_ASSIGNMENT((#2850));
#2705=PRESENTATION_STYLE_ASSIGNMENT((#2851));
#2706=PRESENTATION_STYLE_ASSIGNMENT((#2852));
#2707=PRESENTATION_STYLE_ASSIGNMENT((#2853));
#2708=PRESENTATION_STYLE_ASSIGNMENT((#2854));
#2709=PRESENTATION_STYLE_ASSIGNMENT((#2855));
#2710=PRESENTATION_STYLE_ASSIGNMENT((#2856));
#2711=PRESENTATION_STYLE_ASSIGNMENT((#2857));
#2712=PRESENTATION_STYLE_ASSIGNMENT((#2858));
#2713=PRESENTATION_STYLE_ASSIGNMENT((#2859));
#2714=PRESENTATION_STYLE_ASSIGNMENT((#2860));
#2715=PRESENTATION_STYLE_ASSIGNMENT((#2861));
#2716=PRESENTATION_STYLE_ASSIGNMENT((#2862));
#2717=PRESENTATION_STYLE_ASSIGNMENT((#2863));
#2718=PRESENTATION_STYLE_ASSIGNMENT((#2864));
#2719=PRESENTATION_STYLE_ASSIGNMENT((#2865));
#2720=PRESENTATION_STYLE_ASSIGNMENT((#2866));
#2721=PRESENTATION_STYLE_ASSIGNMENT((#2867));
#2722=PRESENTATION_STYLE_ASSIGNMENT((#2868));
#2723=PRESENTATION_STYLE_ASSIGNMENT((#2869));
#2724=PRESENTATION_STYLE_ASSIGNMENT((#2870));
#2725=PRESENTATION_STYLE_ASSIGNMENT((#2871));
#2726=PRESENTATION_STYLE_ASSIGNMENT((#2872));
#2727=PRESENTATION_STYLE_ASSIGNMENT((#2873));
#2728=PRESENTATION_STYLE_ASSIGNMENT((#2874));
#2729=PRESENTATION_STYLE_ASSIGNMENT((#2875));
#2730=PRESENTATION_STYLE_ASSIGNMENT((#2876));
#2731=PRESENTATION_STYLE_ASSIGNMENT((#2877));
#2732=PRESENTATION_STYLE_ASSIGNMENT((#2878));
#2733=PRESENTATION_STYLE_ASSIGNMENT((#2879));
#2734=PRESENTATION_STYLE_ASSIGNMENT((#2880));
#2735=PRESENTATION_STYLE_ASSIGNMENT((#2881));
#2736=PRESENTATION_STYLE_ASSIGNMENT((#2882));
#2737=PRESENTATION_STYLE_ASSIGNMENT((#2883));
#2738=PRESENTATION_STYLE_ASSIGNMENT((#2884));
#2739=PRESENTATION_STYLE_ASSIGNMENT((#2885));
#2740=PRESENTATION_STYLE_ASSIGNMENT((#2886));
#2741=PRESENTATION_STYLE_ASSIGNMENT((#2887));
#2742=PRESENTATION_STYLE_ASSIGNMENT((#2888));
#2743=PRESENTATION_STYLE_ASSIGNMENT((#2889));
#2744=PRESENTATION_STYLE_ASSIGNMENT((#2890));
#2745=PRESENTATION_STYLE_ASSIGNMENT((#2891));
#2746=PRESENTATION_STYLE_ASSIGNMENT((#2892));
#2747=PRESENTATION_STYLE_ASSIGNMENT((#2893));
#2748=PRESENTATION_STYLE_ASSIGNMENT((#2894));
#2749=PRESENTATION_STYLE_ASSIGNMENT((#2895));
#2750=PRESENTATION_STYLE_ASSIGNMENT((#2896));
#2751=PRESENTATION_STYLE_ASSIGNMENT((#2897));
#2752=PRESENTATION_STYLE_ASSIGNMENT((#2898));
#2753=PRESENTATION_STYLE_ASSIGNMENT((#2899));
#2754=PRESENTATION_STYLE_ASSIGNMENT((#2900));
#2755=PRESENTATION_STYLE_ASSIGNMENT((#2901));
#2756=PRESENTATION_STYLE_ASSIGNMENT((#2902));
#2757=PRESENTATION_STYLE_ASSIGNMENT((#2903));
#2758=PRESENTATION_STYLE_ASSIGNMENT((#2904));
#2759=PRESENTATION_STYLE_ASSIGNMENT((#2905));
#2760=PRESENTATION_STYLE_ASSIGNMENT((#2906));
#2761=PRESENTATION_STYLE_ASSIGNMENT((#2907));
#2762=PRESENTATION_STYLE_ASSIGNMENT((#2908));
#2763=PRESENTATION_STYLE_ASSIGNMENT((#2909));
#2764=PRESENTATION_STYLE_ASSIGNMENT((#2910));
#2765=PRESENTATION_STYLE_ASSIGNMENT((#2911));
#2766=PRESENTATION_STYLE_ASSIGNMENT((#2912));
#2767=PRESENTATION_STYLE_ASSIGNMENT((#2913));
#2768=PRESENTATION_STYLE_ASSIGNMENT((#2914));
#2769=PRESENTATION_STYLE_ASSIGNMENT((#2915));
#2770=PRESENTATION_STYLE_ASSIGNMENT((#2916));
#2771=PRESENTATION_STYLE_ASSIGNMENT((#2917));
#2772=PRESENTATION_STYLE_ASSIGNMENT((#2918));
#2773=PRESENTATION_STYLE_ASSIGNMENT((#2919));
#2774=PRESENTATION_STYLE_ASSIGNMENT((#2920));
#2775=PRESENTATION_STYLE_ASSIGNMENT((#2921));
#2776=PRESENTATION_STYLE_ASSIGNMENT((#2922));
#2777=PRESENTATION_STYLE_ASSIGNMENT((#2923));
#2778=PRESENTATION_STYLE_ASSIGNMENT((#2924));
#2779=PRESENTATION_STYLE_ASSIGNMENT((#2925));
#2780=PRESENTATION_STYLE_ASSIGNMENT((#2926));
#2781=PRESENTATION_STYLE_ASSIGNMENT((#2927));
#2782=PRESENTATION_STYLE_ASSIGNMENT((#2928));
#2783=PRESENTATION_STYLE_ASSIGNMENT((#2929));
#2784=PRESENTATION_STYLE_ASSIGNMENT((#2930));
#2785=PRESENTATION_STYLE_ASSIGNMENT((#2931));
#2786=PRESENTATION_STYLE_ASSIGNMENT((#2932));
#2787=PRESENTATION_STYLE_ASSIGNMENT((#2933));
#2788=SURFACE_STYLE_USAGE(.BOTH.,#2934);
#2789=SURFACE_STYLE_USAGE(.BOTH.,#2935);
#2790=SURFACE_STYLE_USAGE(.BOTH.,#2936);
#2791=SURFACE_STYLE_USAGE(.BOTH.,#2937);
#2792=SURFACE_STYLE_USAGE(.BOTH.,#2938);
#2793=SURFACE_STYLE_USAGE(.BOTH.,#2939);
#2794=SURFACE_STYLE_USAGE(.BOTH.,#2940);
#2795=SURFACE_STYLE_USAGE(.BOTH.,#2941);
#2796=SURFACE_STYLE_USAGE(.BOTH.,#2942);
#2797=SURFACE_STYLE_USAGE(.BOTH.,#2943);
#2798=SURFACE_STYLE_USAGE(.BOTH.,#2944);
#2799=SURFACE_STYLE_USAGE(.BOTH.,#2945);
#2800=SURFACE_STYLE_USAGE(.BOTH.,#2946);
#2801=SURFACE_STYLE_USAGE(.BOTH.,#2947);
#2802=SURFACE_STYLE_USAGE(.BOTH.,#2948);
#2803=SURFACE_STYLE_USAGE(.BOTH.,#2949);
#2804=SURFACE_STYLE_USAGE(.BOTH.,#2950);
#2805=SURFACE_STYLE_USAGE(.BOTH.,#2951);
#2806=SURFACE_STYLE_USAGE(.BOTH.,#2952);
#2807=SURFACE_STYLE_USAGE(.BOTH.,#2953);
#2808=SURFACE_STYLE_USAGE(.BOTH.,#2954);
#2809=SURFACE_STYLE_USAGE(.BOTH.,#2955);
#2810=SURFACE_STYLE_USAGE(.BOTH.,#2956);
#2811=SURFACE_STYLE_USAGE(.BOTH.,#2957);
#2812=SURFACE_STYLE_USAGE(.BOTH.,#2958);
#2813=SURFACE_STYLE_USAGE(.BOTH.,#2959);
#2814=SURFACE_STYLE_USAGE(.BOTH.,#2960);
#2815=SURFACE_STYLE_USAGE(.BOTH.,#2961);
#2816=SURFACE_STYLE_USAGE(.BOTH.,#2962);
#2817=SURFACE_STYLE_USAGE(.BOTH.,#2963);
#2818=SURFACE_STYLE_USAGE(.BOTH.,#2964);
#2819=SURFACE_STYLE_USAGE(.BOTH.,#2965);
#2820=SURFACE_STYLE_USAGE(.BOTH.,#2966);
#2821=SURFACE_STYLE_USAGE(.BOTH.,#2967);
#2822=SURFACE_STYLE_USAGE(.BOTH.,#2968);
#2823=SURFACE_STYLE_USAGE(.BOTH.,#2969);
#2824=SURFACE_STYLE_USAGE(.BOTH.,#2970);
#2825=SURFACE_STYLE_USAGE(.BOTH.,#2971);
#2826=SURFACE_STYLE_USAGE(.BOTH.,#2972);
#2827=SURFACE_STYLE_USAGE(.BOTH.,#2973);
#2828=SURFACE_STYLE_USAGE(.BOTH.,#2974);
#2829=SURFACE_STYLE_USAGE(.BOTH.,#2975);
#2830=SURFACE_STYLE_USAGE(.BOTH.,#2976);
#2831=SURFACE_STYLE_USAGE(.BOTH.,#2977);
#2832=SURFACE_STYLE_USAGE(.BOTH.,#2978);
#2833=SURFACE_STYLE_USAGE(.BOTH.,#2979);
#2834=SURFACE_STYLE_USAGE(.BOTH.,#2980);
#2835=SURFACE_STYLE_USAGE(.BOTH.,#2981);
#2836=SURFACE_STYLE_USAGE(.BOTH.,#2982);
#2837=SURFACE_STYLE_USAGE(.BOTH.,#2983);
#2838=SURFACE_STYLE_USAGE(.BOTH.,#2984);
#2839=SURFACE_STYLE_USAGE(.BOTH.,#2985);
#2840=SURFACE_STYLE_USAGE(.BOTH.,#2986);
#2841=SURFACE_STYLE_USAGE(.BOTH.,#2987);
#2842=SURFACE_STYLE_USAGE(.BOTH.,#2988);
#2843=SURFACE_STYLE_USAGE(.BOTH.,#2989);
#2844=SURFACE_STYLE_USAGE(.BOTH.,#2990);
#2845=SURFACE_STYLE_USAGE(.BOTH.,#2991);
#2846=SURFACE_STYLE_USAGE(.BOTH.,#2992);
#2847=SURFACE_STYLE_USAGE(.BOTH.,#2993);
#2848=SURFACE_STYLE_USAGE(.BOTH.,#2994);
#2849=SURFACE_STYLE_USAGE(.BOTH.,#2995);
#2850=SURFACE_STYLE_USAGE(.BOTH.,#2996);
#2851=SURFACE_STYLE_USAGE(.BOTH.,#2997);
#2852=SURFACE_STYLE_USAGE(.BOTH.,#2998);
#2853=SURFACE_STYLE_USAGE(.BOTH.,#2999);
#2854=SURFACE_STYLE_USAGE(.BOTH.,#3000);
#2855=SURFACE_STYLE_USAGE(.BOTH.,#3001);
#2856=SURFACE_STYLE_USAGE(.BOTH.,#3002);
#2857=SURFACE_STYLE_USAGE(.BOTH.,#3003);
#2858=SURFACE_STYLE_USAGE(.BOTH.,#3004);
#2859=SURFACE_STYLE_USAGE(.BOTH.,#3005);
#2860=SURFACE_STYLE_USAGE(.BOTH.,#3006);
#2861=SURFACE_STYLE_USAGE(.BOTH.,#3007);
#2862=SURFACE_STYLE_USAGE(.BOTH.,#3008);
#2863=SURFACE_STYLE_USAGE(.BOTH.,#3009);
#2864=SURFACE_STYLE_USAGE(.BOTH.,#3010);
#2865=SURFACE_STYLE_USAGE(.BOTH.,#3011);
#2866=SURFACE_STYLE_USAGE(.BOTH.,#3012);
#2867=SURFACE_STYLE_USAGE(.BOTH.,#3013);
#2868=SURFACE_STYLE_USAGE(.BOTH.,#3014);
#2869=SURFACE_STYLE_USAGE(.BOTH.,#3015);
#2870=SURFACE_STYLE_USAGE(.BOTH.,#3016);
#2871=SURFACE_STYLE_USAGE(.BOTH.,#3017);
#2872=SURFACE_STYLE_USAGE(.BOTH.,#3018);
#2873=SURFACE_STYLE_USAGE(.BOTH.,#3019);
#2874=SURFACE_STYLE_USAGE(.BOTH.,#3020);
#2875=SURFACE_STYLE_USAGE(.BOTH.,#3021);
#2876=SURFACE_STYLE_USAGE(.BOTH.,#3022);
#2877=SURFACE_STYLE_USAGE(.BOTH.,#3023);
#2878=SURFACE_STYLE_USAGE(.BOTH.,#3024);
#2879=SURFACE_STYLE_USAGE(.BOTH.,#3025);
#2880=SURFACE_STYLE_USAGE(.BOTH.,#3026);
#2881=SURFACE_STYLE_USAGE(.BOTH.,#3027);
#2882=SURFACE_STYLE_USAGE(.BOTH.,#3028);
#2883=SURFACE_STYLE_USAGE(.BOTH.,#3029);
#2884=SURFACE_STYLE_USAGE(.BOTH.,#3030);
#2885=SURFACE_STYLE_USAGE(.BOTH.,#3031);
#2886=SURFACE_STYLE_USAGE(.BOTH.,#3032);
#2887=SURFACE_STYLE_USAGE(.BOTH.,#3033);
#2888=SURFACE_STYLE_USAGE(.BOTH.,#3034);
#2889=SURFACE_STYLE_USAGE(.BOTH.,#3035);
#2890=SURFACE_STYLE_USAGE(.BOTH.,#3036);
#2891=SURFACE_STYLE_USAGE(.BOTH.,#3037);
#2892=SURFACE_STYLE_USAGE(.BOTH.,#3038);
#2893=SURFACE_STYLE_USAGE(.BOTH.,#3039);
#2894=SURFACE_STYLE_USAGE(.BOTH.,#3040);
#2895=SURFACE_STYLE_USAGE(.BOTH.,#3041);
#2896=SURFACE_STYLE_USAGE(.BOTH.,#3042);
#2897=SURFACE_STYLE_USAGE(.BOTH.,#3043);
#2898=SURFACE_STYLE_USAGE(.BOTH.,#3044);
#2899=SURFACE_STYLE_USAGE(.BOTH.,#3045);
#2900=SURFACE_STYLE_USAGE(.BOTH.,#3046);
#2901=SURFACE_STYLE_USAGE(.BOTH.,#3047);
#2902=SURFACE_STYLE_USAGE(.BOTH.,#3048);
#2903=SURFACE_STYLE_USAGE(.BOTH.,#3049);
#2904=SURFACE_STYLE_USAGE(.BOTH.,#3050);
#2905=SURFACE_STYLE_USAGE(.BOTH.,#3051);
#2906=SURFACE_STYLE_USAGE(.BOTH.,#3052);
#2907=SURFACE_STYLE_USAGE(.BOTH.,#3053);
#2908=SURFACE_STYLE_USAGE(.BOTH.,#3054);
#2909=SURFACE_STYLE_USAGE(.BOTH.,#3055);
#2910=SURFACE_STYLE_USAGE(.BOTH.,#3056);
#2911=SURFACE_STYLE_USAGE(.BOTH.,#3057);
#2912=SURFACE_STYLE_USAGE(.BOTH.,#3058);
#2913=SURFACE_STYLE_USAGE(.BOTH.,#3059);
#2914=SURFACE_STYLE_USAGE(.BOTH.,#3060);
#2915=SURFACE_STYLE_USAGE(.BOTH.,#3061);
#2916=SURFACE_STYLE_USAGE(.BOTH.,#3062);
#2917=SURFACE_STYLE_USAGE(.BOTH.,#3063);
#2918=SURFACE_STYLE_USAGE(.BOTH.,#3064);
#2919=SURFACE_STYLE_USAGE(.BOTH.,#3065);
#2920=SURFACE_STYLE_USAGE(.BOTH.,#3066);
#2921=SURFACE_STYLE_USAGE(.BOTH.,#3067);
#2922=SURFACE_STYLE_USAGE(.BOTH.,#3068);
#2923=SURFACE_STYLE_USAGE(.BOTH.,#3069);
#2924=SURFACE_STYLE_USAGE(.BOTH.,#3070);
#2925=SURFACE_STYLE_USAGE(.BOTH.,#3071);
#2926=SURFACE_STYLE_USAGE(.BOTH.,#3072);
#2927=SURFACE_STYLE_USAGE(.BOTH.,#3073);
#2928=SURFACE_STYLE_USAGE(.BOTH.,#3074);
#2929=SURFACE_STYLE_USAGE(.BOTH.,#3075);
#2930=SURFACE_STYLE_USAGE(.BOTH.,#3076);
#2931=SURFACE_STYLE_USAGE(.BOTH.,#3077);
#2932=SURFACE_STYLE_USAGE(.BOTH.,#3078);
#2933=SURFACE_STYLE_USAGE(.BOTH.,#3079);
#2934=SURFACE_SIDE_STYLE('',(#3080));
#2935=SURFACE_SIDE_STYLE('',(#3081));
#2936=SURFACE_SIDE_STYLE('',(#3082));
#2937=SURFACE_SIDE_STYLE('',(#3083));
#2938=SURFACE_SIDE_STYLE('',(#3084));
#2939=SURFACE_SIDE_STYLE('',(#3085));
#2940=SURFACE_SIDE_STYLE('',(#3086));
#2941=SURFACE_SIDE_STYLE('',(#3087));
#2942=SURFACE_SIDE_STYLE('',(#3088));
#2943=SURFACE_SIDE_STYLE('',(#3089));
#2944=SURFACE_SIDE_STYLE('',(#3090));
#2945=SURFACE_SIDE_STYLE('',(#3091));
#2946=SURFACE_SIDE_STYLE('',(#3092));
#2947=SURFACE_SIDE_STYLE('',(#3093));
#2948=SURFACE_SIDE_STYLE('',(#3094));
#2949=SURFACE_SIDE_STYLE('',(#3095));
#2950=SURFACE_SIDE_STYLE('',(#3096));
#2951=SURFACE_SIDE_STYLE('',(#3097));
#2952=SURFACE_SIDE_STYLE('',(#3098));
#2953=SURFACE_SIDE_STYLE('',(#3099));
#2954=SURFACE_SIDE_STYLE('',(#3100));
#2955=SURFACE_SIDE_STYLE('',(#3101));
#2956=SURFACE_SIDE_STYLE('',(#3102));
#2957=SURFACE_SIDE_STYLE('',(#3103));
#2958=SURFACE_SIDE_STYLE('',(#3104));
#2959=SURFACE_SIDE_STYLE('',(#3105));
#2960=SURFACE_SIDE_STYLE('',(#3106));
#2961=SURFACE_SIDE_STYLE('',(#3107));
#2962=SURFACE_SIDE_STYLE('',(#3108));
#2963=SURFACE_SIDE_STYLE('',(#3109));
#2964=SURFACE_SIDE_STYLE('',(#3110));
#2965=SURFACE_SIDE_STYLE('',(#3111));
#2966=SURFACE_SIDE_STYLE('',(#3112));
#2967=SURFACE_SIDE_STYLE('',(#3113));
#2968=SURFACE_SIDE_STYLE('',(#3114));
#2969=SURFACE_SIDE_STYLE('',(#3115));
#2970=SURFACE_SIDE_STYLE('',(#3116));
#2971=SURFACE_SIDE_STYLE('',(#3117));
#2972=SURFACE_SIDE_STYLE('',(#3118));
#2973=SURFACE_SIDE_STYLE('',(#3119));
#2974=SURFACE_SIDE_STYLE('',(#3120));
#2975=SURFACE_SIDE_STYLE('',(#3121));
#2976=SURFACE_SIDE_STYLE('',(#3122));
#2977=SURFACE_SIDE_STYLE('',(#3123));
#2978=SURFACE_SIDE_STYLE('',(#3124));
#2979=SURFACE_SIDE_STYLE('',(#3125));
#2980=SURFACE_SIDE_STYLE('',(#3126));
#2981=SURFACE_SIDE_STYLE('',(#3127));
#2982=SURFACE_SIDE_STYLE('',(#3128));
#2983=SURFACE_SIDE_STYLE('',(#3129));
#2984=SURFACE_SIDE_STYLE('',(#3130));
#2985=SURFACE_SIDE_STYLE('',(#3131));
#2986=SURFACE_SIDE_STYLE('',(#3132));
#2987=SURFACE_SIDE_STYLE('',(#3133));
#2988=SURFACE_SIDE_STYLE('',(#3134));
#2989=SURFACE_SIDE_STYLE('',(#3135));
#2990=SURFACE_SIDE_STYLE('',(#3136));
#2991=SURFACE_SIDE_STYLE('',(#3137));
#2992=SURFACE_SIDE_STYLE('',(#3138));
#2993=SURFACE_SIDE_STYLE('',(#3139));
#2994=SURFACE_SIDE_STYLE('',(#3140));
#2995=SURFACE_SIDE_STYLE('',(#3141));
#2996=SURFACE_SIDE_STYLE('',(#3142));
#2997=SURFACE_SIDE_STYLE('',(#3143));
#2998=SURFACE_SIDE_STYLE('',(#3144));
#2999=SURFACE_SIDE_STYLE('',(#3145));
#3000=SURFACE_SIDE_STYLE('',(#3146));
#3001=SURFACE_SIDE_STYLE('',(#3147));
#3002=SURFACE_SIDE_STYLE('',(#3148));
#3003=SURFACE_SIDE_STYLE('',(#3149));
#3004=SURFACE_SIDE_STYLE('',(#3150));
#3005=SURFACE_SIDE_STYLE('',(#3151));
#3006=SURFACE_SIDE_STYLE('',(#3152));
#3007=SURFACE_SIDE_STYLE('',(#3153));
#3008=SURFACE_SIDE_STYLE('',(#3154));
#3009=SURFACE_SIDE_STYLE('',(#3155));
#3010=SURFACE_SIDE_STYLE('',(#3156));
#3011=SURFACE_SIDE_STYLE('',(#3157));
#3012=SURFACE_SIDE_STYLE('',(#3158));
#3013=SURFACE_SIDE_STYLE('',(#3159));
#3014=SURFACE_SIDE_STYLE('',(#3160));
#3015=SURFACE_SIDE_STYLE('',(#3161));
#3016=SURFACE_SIDE_STYLE('',(#3162));
#3017=SURFACE_SIDE_STYLE('',(#3163));
#3018=SURFACE_SIDE_STYLE('',(#3164));
#3019=SURFACE_SIDE_STYLE('',(#3165));
#3020=SURFACE_SIDE_STYLE('',(#3166));
#3021=SURFACE_SIDE_STYLE('',(#3167));
#3022=SURFACE_SIDE_STYLE('',(#3168));
#3023=SURFACE_SIDE_STYLE('',(#3169));
#3024=SURFACE_SIDE_STYLE('',(#3170));
#3025=SURFACE_SIDE_STYLE('',(#3171));
#3026=SURFACE_SIDE_STYLE('',(#3172));
#3027=SURFACE_SIDE_STYLE('',(#3173));
#3028=SURFACE_SIDE_STYLE('',(#3174));
#3029=SURFACE_SIDE_STYLE('',(#3175));
#3030=SURFACE_SIDE_STYLE('',(#3176));
#3031=SURFACE_SIDE_STYLE('',(#3177));
#3032=SURFACE_SIDE_STYLE('',(#3178));
#3033=SURFACE_SIDE_STYLE('',(#3179));
#3034=SURFACE_SIDE_STYLE('',(#3180));
#3035=SURFACE_SIDE_STYLE('',(#3181));
#3036=SURFACE_SIDE_STYLE('',(#3182));
#3037=SURFACE_SIDE_STYLE('',(#3183));
#3038=SURFACE_SIDE_STYLE('',(#3184));
#3039=SURFACE_SIDE_STYLE('',(#3185));
#3040=SURFACE_SIDE_STYLE('',(#3186));
#3041=SURFACE_SIDE_STYLE('',(#3187));
#3042=SURFACE_SIDE_STYLE('',(#3188));
#3043=SURFACE_SIDE_STYLE('',(#3189));
#3044=SURFACE_SIDE_STYLE('',(#3190));
#3045=SURFACE_SIDE_STYLE('',(#3191));
#3046=SURFACE_SIDE_STYLE('',(#3192));
#3047=SURFACE_SIDE_STYLE('',(#3193));
#3048=SURFACE_SIDE_STYLE('',(#3194));
#3049=SURFACE_SIDE_STYLE('',(#3195));
#3050=SURFACE_SIDE_STYLE('',(#3196));
#3051=SURFACE_SIDE_STYLE('',(#3197));
#3052=SURFACE_SIDE_STYLE('',(#3198));
#3053=SURFACE_SIDE_STYLE('',(#3199));
#3054=SURFACE_SIDE_STYLE('',(#3200));
#3055=SURFACE_SIDE_STYLE('',(#3201));
#3056=SURFACE_SIDE_STYLE('',(#3202));
#3057=SURFACE_SIDE_STYLE('',(#3203));
#3058=SURFACE_SIDE_STYLE('',(#3204));
#3059=SURFACE_SIDE_STYLE('',(#3205));
#3060=SURFACE_SIDE_STYLE('',(#3206));
#3061=SURFACE_SIDE_STYLE('',(#3207));
#3062=SURFACE_SIDE_STYLE('',(#3208));
#3063=SURFACE_SIDE_STYLE('',(#3209));
#3064=SURFACE_SIDE_STYLE('',(#3210));
#3065=SURFACE_SIDE_STYLE('',(#3211));
#3066=SURFACE_SIDE_STYLE('',(#3212));
#3067=SURFACE_SIDE_STYLE('',(#3213));
#3068=SURFACE_SIDE_STYLE('',(#3214));
#3069=SURFACE_SIDE_STYLE('',(#3215));
#3070=SURFACE_SIDE_STYLE('',(#3216));
#3071=SURFACE_SIDE_STYLE('',(#3217));
#3072=SURFACE_SIDE_STYLE('',(#3218));
#3073=SURFACE_SIDE_STYLE('',(#3219));
#3074=SURFACE_SIDE_STYLE('',(#3220));
#3075=SURFACE_SIDE_STYLE('',(#3221));
#3076=SURFACE_SIDE_STYLE('',(#3222));
#3077=SURFACE_SIDE_STYLE('',(#3223));
#3078=SURFACE_SIDE_STYLE('',(#3224));
#3079=SURFACE_SIDE_STYLE('',(#3225));
#3080=SURFACE_STYLE_FILL_AREA(#3226);
#3081=SURFACE_STYLE_FILL_AREA(#3227);
#3082=SURFACE_STYLE_FILL_AREA(#3228);
#3083=SURFACE_STYLE_FILL_AREA(#3229);
#3084=SURFACE_STYLE_FILL_AREA(#3230);
#3085=SURFACE_STYLE_FILL_AREA(#3231);
#3086=SURFACE_STYLE_FILL_AREA(#3232);
#3087=SURFACE_STYLE_FILL_AREA(#3233);
#3088=SURFACE_STYLE_FILL_AREA(#3234);
#3089=SURFACE_STYLE_FILL_AREA(#3235);
#3090=SURFACE_STYLE_FILL_AREA(#3236);
#3091=SURFACE_STYLE_FILL_AREA(#3237);
#3092=SURFACE_STYLE_FILL_AREA(#3238);
#3093=SURFACE_STYLE_FILL_AREA(#3239);
#3094=SURFACE_STYLE_FILL_AREA(#3240);
#3095=SURFACE_STYLE_FILL_AREA(#3241);
#3096=SURFACE_STYLE_FILL_AREA(#3242);
#3097=SURFACE_STYLE_FILL_AREA(#3243);
#3098=SURFACE_STYLE_FILL_AREA(#3244);
#3099=SURFACE_STYLE_FILL_AREA(#3245);
#3100=SURFACE_STYLE_FILL_AREA(#3246);
#3101=SURFACE_STYLE_FILL_AREA(#3247);
#3102=SURFACE_STYLE_FILL_AREA(#3248);
#3103=SURFACE_STYLE_FILL_AREA(#3249);
#3104=SURFACE_STYLE_FILL_AREA(#3250);
#3105=SURFACE_STYLE_FILL_AREA(#3251);
#3106=SURFACE_STYLE_FILL_AREA(#3252);
#3107=SURFACE_STYLE_FILL_AREA(#3253);
#3108=SURFACE_STYLE_FILL_AREA(#3254);
#3109=SURFACE_STYLE_FILL_AREA(#3255);
#3110=SURFACE_STYLE_FILL_AREA(#3256);
#3111=SURFACE_STYLE_FILL_AREA(#3257);
#3112=SURFACE_STYLE_FILL_AREA(#3258);
#3113=SURFACE_STYLE_FILL_AREA(#3259);
#3114=SURFACE_STYLE_FILL_AREA(#3260);
#3115=SURFACE_STYLE_FILL_AREA(#3261);
#3116=SURFACE_STYLE_FILL_AREA(#3262);
#3117=SURFACE_STYLE_FILL_AREA(#3263);
#3118=SURFACE_STYLE_FILL_AREA(#3264);
#3119=SURFACE_STYLE_FILL_AREA(#3265);
#3120=SURFACE_STYLE_FILL_AREA(#3266);
#3121=SURFACE_STYLE_FILL_AREA(#3267);
#3122=SURFACE_STYLE_FILL_AREA(#3268);
#3123=SURFACE_STYLE_FILL_AREA(#3269);
#3124=SURFACE_STYLE_FILL_AREA(#3270);
#3125=SURFACE_STYLE_FILL_AREA(#3271);
#3126=SURFACE_STYLE_FILL_AREA(#3272);
#3127=SURFACE_STYLE_FILL_AREA(#3273);
#3128=SURFACE_STYLE_FILL_AREA(#3274);
#3129=SURFACE_STYLE_FILL_AREA(#3275);
#3130=SURFACE_STYLE_FILL_AREA(#3276);
#3131=SURFACE_STYLE_FILL_AREA(#3277);
#3132=SURFACE_STYLE_FILL_AREA(#3278);
#3133=SURFACE_STYLE_FILL_AREA(#3279);
#3134=SURFACE_STYLE_FILL_AREA(#3280);
#3135=SURFACE_STYLE_FILL_AREA(#3281);
#3136=SURFACE_STYLE_FILL_AREA(#3282);
#3137=SURFACE_STYLE_FILL_AREA(#3283);
#3138=SURFACE_STYLE_FILL_AREA(#3284);
#3139=SURFACE_STYLE_FILL_AREA(#3285);
#3140=SURFACE_STYLE_FILL_AREA(#3286);
#3141=SURFACE_STYLE_FILL_AREA(#3287);
#3142=SURFACE_STYLE_FILL_AREA(#3288);
#3143=SURFACE_STYLE_FILL_AREA(#3289);
#3144=SURFACE_STYLE_FILL_AREA(#3290);
#3145=SURFACE_STYLE_FILL_AREA(#3291);
#3146=SURFACE_STYLE_FILL_AREA(#3292);
#3147=SURFACE_STYLE_FILL_AREA(#3293);
#3148=SURFACE_STYLE_FILL_AREA(#3294);
#3149=SURFACE_STYLE_FILL_AREA(#3295);
#3150=SURFACE_STYLE_FILL_AREA(#3296);
#3151=SURFACE_STYLE_FILL_AREA(#3297);
#3152=SURFACE_STYLE_FILL_AREA(#3298);
#3153=SURFACE_STYLE_FILL_AREA(#3299);
#3154=SURFACE_STYLE_FILL_AREA(#3300);
#3155=SURFACE_STYLE_FILL_AREA(#3301);
#3156=SURFACE_STYLE_FILL_AREA(#3302);
#3157=SURFACE_STYLE_FILL_AREA(#3303);
#3158=SURFACE_STYLE_FILL_AREA(#3304);
#3159=SURFACE_STYLE_FILL_AREA(#3305);
#3160=SURFACE_STYLE_FILL_AREA(#3306);
#3161=SURFACE_STYLE_FILL_AREA(#3307);
#3162=SURFACE_STYLE_FILL_AREA(#3308);
#3163=SURFACE_STYLE_FILL_AREA(#3309);
#3164=SURFACE_STYLE_FILL_AREA(#3310);
#3165=SURFACE_STYLE_FILL_AREA(#3311);
#3166=SURFACE_STYLE_FILL_AREA(#3312);
#3167=SURFACE_STYLE_FILL_AREA(#3313);
#3168=SURFACE_STYLE_FILL_AREA(#3314);
#3169=SURFACE_STYLE_FILL_AREA(#3315);
#3170=SURFACE_STYLE_FILL_AREA(#3316);
#3171=SURFACE_STYLE_FILL_AREA(#3317);
#3172=SURFACE_STYLE_FILL_AREA(#3318);
#3173=SURFACE_STYLE_FILL_AREA(#3319);
#3174=SURFACE_STYLE_FILL_AREA(#3320);
#3175=SURFACE_STYLE_FILL_AREA(#3321);
#3176=SURFACE_STYLE_FILL_AREA(#3322);
#3177=SURFACE_STYLE_FILL_AREA(#3323);
#3178=SURFACE_STYLE_FILL_AREA(#3324);
#3179=SURFACE_STYLE_FILL_AREA(#3325);
#3180=SURFACE_STYLE_FILL_AREA(#3326);
#3181=SURFACE_STYLE_FILL_AREA(#3327);
#3182=SURFACE_STYLE_FILL_AREA(#3328);
#3183=SURFACE_STYLE_FILL_AREA(#3329);
#3184=SURFACE_STYLE_FILL_AREA(#3330);
#3185=SURFACE_STYLE_FILL_AREA(#3331);
#3186=SURFACE_STYLE_FILL_AREA(#3332);
#3187=SURFACE_STYLE_FILL_AREA(#3333);
#3188=SURFACE_STYLE_FILL_AREA(#3334);
#3189=SURFACE_STYLE_FILL_AREA(#3335);
#3190=SURFACE_STYLE_FILL_AREA(#3336);
#3191=SURFACE_STYLE_FILL_AREA(#3337);
#3192=SURFACE_STYLE_FILL_AREA(#3338);
#3193=SURFACE_STYLE_FILL_AREA(#3339);
#3194=SURFACE_STYLE_FILL_AREA(#3340);
#3195=SURFACE_STYLE_FILL_AREA(#3341);
#3196=SURFACE_STYLE_FILL_AREA(#3342);
#3197=SURFACE_STYLE_FILL_AREA(#3343);
#3198=SURFACE_STYLE_FILL_AREA(#3344);
#3199=SURFACE_STYLE_FILL_AREA(#3345);
#3200=SURFACE_STYLE_FILL_AREA(#3346);
#3201=SURFACE_STYLE_FILL_AREA(#3347);
#3202=SURFACE_STYLE_FILL_AREA(#3348);
#3203=SURFACE_STYLE_FILL_AREA(#3349);
#3204=SURFACE_STYLE_FILL_AREA(#3350);
#3205=SURFACE_STYLE_FILL_AREA(#3351);
#3206=SURFACE_STYLE_FILL_AREA(#3352);
#3207=SURFACE_STYLE_FILL_AREA(#3353);
#3208=SURFACE_STYLE_FILL_AREA(#3354);
#3209=SURFACE_STYLE_FILL_AREA(#3355);
#3210=SURFACE_STYLE_FILL_AREA(#3356);
#3211=SURFACE_STYLE_FILL_AREA(#3357);
#3212=SURFACE_STYLE_FILL_AREA(#3358);
#3213=SURFACE_STYLE_FILL_AREA(#3359);
#3214=SURFACE_STYLE_FILL_AREA(#3360);
#3215=SURFACE_STYLE_FILL_AREA(#3361);
#3216=SURFACE_STYLE_FILL_AREA(#3362);
#3217=SURFACE_STYLE_FILL_AREA(#3363);
#3218=SURFACE_STYLE_FILL_AREA(#3364);
#3219=SURFACE_STYLE_FILL_AREA(#3365);
#3220=SURFACE_STYLE_FILL_AREA(#3366);
#3221=SURFACE_STYLE_FILL_AREA(#3367);
#3222=SURFACE_STYLE_FILL_AREA(#3368);
#3223=SURFACE_STYLE_FILL_AREA(#3369);
#3224=SURFACE_STYLE_FILL_AREA(#3370);
#3225=SURFACE_STYLE_FILL_AREA(#3371);
#3226=FILL_AREA_STYLE('',(#3372));
#3227=FILL_AREA_STYLE('',(#3373));
#3228=FILL_AREA_STYLE('',(#3374));
#3229=FILL_AREA_STYLE('',(#3375));
#3230=FILL_AREA_STYLE('',(#3376));
#3231=FILL_AREA_STYLE('',(#3377));
#3232=FILL_AREA_STYLE('',(#3378));
#3233=FILL_AREA_STYLE('',(#3379));
#3234=FILL_AREA_STYLE('',(#3380));
#3235=FILL_AREA_STYLE('',(#3381));
#3236=FILL_AREA_STYLE('',(#3382));
#3237=FILL_AREA_STYLE('',(#3383));
#3238=FILL_AREA_STYLE('',(#3384));
#3239=FILL_AREA_STYLE('',(#3385));
#3240=FILL_AREA_STYLE('',(#3386));
#3241=FILL_AREA_STYLE('',(#3387));
#3242=FILL_AREA_STYLE('',(#3388));
#3243=FILL_AREA_STYLE('',(#3389));
#3244=FILL_AREA_STYLE('',(#3390));
#3245=FILL_AREA_STYLE('',(#3391));
#3246=FILL_AREA_STYLE('',(#3392));
#3247=FILL_AREA_STYLE('',(#3393));
#3248=FILL_AREA_STYLE('',(#3394));
#3249=FILL_AREA_STYLE('',(#3395));
#3250=FILL_AREA_STYLE('',(#3396));
#3251=FILL_AREA_STYLE('',(#3397));
#3252=FILL_AREA_STYLE('',(#3398));
#3253=FILL_AREA_STYLE('',(#3399));
#3254=FILL_AREA_STYLE('',(#3400));
#3255=FILL_AREA_STYLE('',(#3401));
#3256=FILL_AREA_STYLE('',(#3402));
#3257=FILL_AREA_STYLE('',(#3403));
#3258=FILL_AREA_STYLE('',(#3404));
#3259=FILL_AREA_STYLE('',(#3405));
#3260=FILL_AREA_STYLE('',(#3406));
#3261=FILL_AREA_STYLE('',(#3407));
#3262=FILL_AREA_STYLE('',(#3408));
#3263=FILL_AREA_STYLE('',(#3409));
#3264=FILL_AREA_STYLE('',(#3410));
#3265=FILL_AREA_STYLE('',(#3411));
#3266=FILL_AREA_STYLE('',(#3412));
#3267=FILL_AREA_STYLE('',(#3413));
#3268=FILL_AREA_STYLE('',(#3414));
#3269=FILL_AREA_STYLE('',(#3415));
#3270=FILL_AREA_STYLE('',(#3416));
#3271=FILL_AREA_STYLE('',(#3417));
#3272=FILL_AREA_STYLE('',(#3418));
#3273=FILL_AREA_STYLE('',(#3419));
#3274=FILL_AREA_STYLE('',(#3420));
#3275=FILL_AREA_STYLE('',(#3421));
#3276=FILL_AREA_STYLE('',(#3422));
#3277=FILL_AREA_STYLE('',(#3423));
#3278=FILL_AREA_STYLE('',(#3424));
#3279=FILL_AREA_STYLE('',(#3425));
#3280=FILL_AREA_STYLE('',(#3426));
#3281=FILL_AREA_STYLE('',(#3427));
#3282=FILL_AREA_STYLE('',(#3428));
#3283=FILL_AREA_STYLE('',(#3429));
#3284=FILL_AREA_STYLE('',(#3430));
#3285=FILL_AREA_STYLE('',(#3431));
#3286=FILL_AREA_STYLE('',(#3432));
#3287=FILL_AREA_STYLE('',(#3433));
#3288=FILL_AREA_STYLE('',(#3434));
#3289=FILL_AREA_STYLE('',(#3435));
#3290=FILL_AREA_STYLE('',(#3436));
#3291=FILL_AREA_STYLE('',(#3437));
#3292=FILL_AREA_STYLE('',(#3438));
#3293=FILL_AREA_STYLE('',(#3439));
#3294=FILL_AREA_STYLE('',(#3440));
#3295=FILL_AREA_STYLE('',(#3441));
#3296=FILL_AREA_STYLE('',(#3442));
#3297=FILL_AREA_STYLE('',(#3443));
#3298=FILL_AREA_STYLE('',(#3444));
#3299=FILL_AREA_STYLE('',(#3445));
#3300=FILL_AREA_STYLE('',(#3446));
#3301=FILL_AREA_STYLE('',(#3447));
#3302=FILL_AREA_STYLE('',(#3448));
#3303=FILL_AREA_STYLE('',(#3449));
#3304=FILL_AREA_STYLE('',(#3450));
#3305=FILL_AREA_STYLE('',(#3451));
#3306=FILL_AREA_STYLE('',(#3452));
#3307=FILL_AREA_STYLE('',(#3453));
#3308=FILL_AREA_STYLE('',(#3454));
#3309=FILL_AREA_STYLE('',(#3455));
#3310=FILL_AREA_STYLE('',(#3456));
#3311=FILL_AREA_STYLE('',(#3457));
#3312=FILL_AREA_STYLE('',(#3458));
#3313=FILL_AREA_STYLE('',(#3459));
#3314=FILL_AREA_STYLE('',(#3460));
#3315=FILL_AREA_STYLE('',(#3461));
#3316=FILL_AREA_STYLE('',(#3462));
#3317=FILL_AREA_STYLE('',(#3463));
#3318=FILL_AREA_STYLE('',(#3464));
#3319=FILL_AREA_STYLE('',(#3465));
#3320=FILL_AREA_STYLE('',(#3466));
#3321=FILL_AREA_STYLE('',(#3467));
#3322=FILL_AREA_STYLE('',(#3468));
#3323=FILL_AREA_STYLE('',(#3469));
#3324=FILL_AREA_STYLE('',(#3470));
#3325=FILL_AREA_STYLE('',(#3471));
#3326=FILL_AREA_STYLE('',(#3472));
#3327=FILL_AREA_STYLE('',(#3473));
#3328=FILL_AREA_STYLE('',(#3474));
#3329=FILL_AREA_STYLE('',(#3475));
#3330=FILL_AREA_STYLE('',(#3476));
#3331=FILL_AREA_STYLE('',(#3477));
#3332=FILL_AREA_STYLE('',(#3478));
#3333=FILL_AREA_STYLE('',(#3479));
#3334=FILL_AREA_STYLE('',(#3480));
#3335=FILL_AREA_STYLE('',(#3481));
#3336=FILL_AREA_STYLE('',(#3482));
#3337=FILL_AREA_STYLE('',(#3483));
#3338=FILL_AREA_STYLE('',(#3484));
#3339=FILL_AREA_STYLE('',(#3485));
#3340=FILL_AREA_STYLE('',(#3486));
#3341=FILL_AREA_STYLE('',(#3487));
#3342=FILL_AREA_STYLE('',(#3488));
#3343=FILL_AREA_STYLE('',(#3489));
#3344=FILL_AREA_STYLE('',(#3490));
#3345=FILL_AREA_STYLE('',(#3491));
#3346=FILL_AREA_STYLE('',(#3492));
#3347=FILL_AREA_STYLE('',(#3493));
#3348=FILL_AREA_STYLE('',(#3494));
#3349=FILL_AREA_STYLE('',(#3495));
#3350=FILL_AREA_STYLE('',(#3496));
#3351=FILL_AREA_STYLE('',(#3497));
#3352=FILL_AREA_STYLE('',(#3498));
#3353=FILL_AREA_STYLE('',(#3499));
#3354=FILL_AREA_STYLE('',(#3500));
#3355=FILL_AREA_STYLE('',(#3501));
#3356=FILL_AREA_STYLE('',(#3502));
#3357=FILL_AREA_STYLE('',(#3503));
#3358=FILL_AREA_STYLE('',(#3504));
#3359=FILL_AREA_STYLE('',(#3505));
#3360=FILL_AREA_STYLE('',(#3506));
#3361=FILL_AREA_STYLE('',(#3507));
#3362=FILL_AREA_STYLE('',(#3508));
#3363=FILL_AREA_STYLE('',(#3509));
#3364=FILL_AREA_STYLE('',(#3510));
#3365=FILL_AREA_STYLE('',(#3511));
#3366=FILL_AREA_STYLE('',(#3512));
#3367=FILL_AREA_STYLE('',(#3513));
#3368=FILL_AREA_STYLE('',(#3514));
#3369=FILL_AREA_STYLE('',(#3515));
#3370=FILL_AREA_STYLE('',(#3516));
#3371=FILL_AREA_STYLE('',(#3517));
#3372=FILL_AREA_STYLE_COLOUR('',#3518);
#3373=FILL_AREA_STYLE_COLOUR('',#3519);
#3374=FILL_AREA_STYLE_COLOUR('',#3519);
#3375=FILL_AREA_STYLE_COLOUR('',#3519);
#3376=FILL_AREA_STYLE_COLOUR('',#3519);
#3377=FILL_AREA_STYLE_COLOUR('',#3519);
#3378=FILL_AREA_STYLE_COLOUR('',#3519);
#3379=FILL_AREA_STYLE_COLOUR('',#3519);
#3380=FILL_AREA_STYLE_COLOUR('',#3519);
#3381=FILL_AREA_STYLE_COLOUR('',#3519);
#3382=FILL_AREA_STYLE_COLOUR('',#3519);
#3383=FILL_AREA_STYLE_COLOUR('',#3519);
#3384=FILL_AREA_STYLE_COLOUR('',#3519);
#3385=FILL_AREA_STYLE_COLOUR('',#3519);
#3386=FILL_AREA_STYLE_COLOUR('',#3519);
#3387=FILL_AREA_STYLE_COLOUR('',#3519);
#3388=FILL_AREA_STYLE_COLOUR('',#3519);
#3389=FILL_AREA_STYLE_COLOUR('',#3519);
#3390=FILL_AREA_STYLE_COLOUR('',#3519);
#3391=FILL_AREA_STYLE_COLOUR('',#3519);
#3392=FILL_AREA_STYLE_COLOUR('',#3519);
#3393=FILL_AREA_STYLE_COLOUR('',#3519);
#3394=FILL_AREA_STYLE_COLOUR('',#3519);
#3395=FILL_AREA_STYLE_COLOUR('',#3519);
#3396=FILL_AREA_STYLE_COLOUR('',#3519);
#3397=FILL_AREA_STYLE_COLOUR('',#3519);
#3398=FILL_AREA_STYLE_COLOUR('',#3519);
#3399=FILL_AREA_STYLE_COLOUR('',#3519);
#3400=FILL_AREA_STYLE_COLOUR('',#3519);
#3401=FILL_AREA_STYLE_COLOUR('',#3519);
#3402=FILL_AREA_STYLE_COLOUR('',#3519);
#3403=FILL_AREA_STYLE_COLOUR('',#3519);
#3404=FILL_AREA_STYLE_COLOUR('',#3519);
#3405=FILL_AREA_STYLE_COLOUR('',#3519);
#3406=FILL_AREA_STYLE_COLOUR('',#3519);
#3407=FILL_AREA_STYLE_COLOUR('',#3519);
#3408=FILL_AREA_STYLE_COLOUR('',#3519);
#3409=FILL_AREA_STYLE_COLOUR('',#3519);
#3410=FILL_AREA_STYLE_COLOUR('',#3519);
#3411=FILL_AREA_STYLE_COLOUR('',#3519);
#3412=FILL_AREA_STYLE_COLOUR('',#3519);
#3413=FILL_AREA_STYLE_COLOUR('',#3519);
#3414=FILL_AREA_STYLE_COLOUR('',#3519);
#3415=FILL_AREA_STYLE_COLOUR('',#3519);
#3416=FILL_AREA_STYLE_COLOUR('',#3519);
#3417=FILL_AREA_STYLE_COLOUR('',#3519);
#3418=FILL_AREA_STYLE_COLOUR('',#3519);
#3419=FILL_AREA_STYLE_COLOUR('',#3519);
#3420=FILL_AREA_STYLE_COLOUR('',#3519);
#3421=FILL_AREA_STYLE_COLOUR('',#3519);
#3422=FILL_AREA_STYLE_COLOUR('',#3519);
#3423=FILL_AREA_STYLE_COLOUR('',#3519);
#3424=FILL_AREA_STYLE_COLOUR('',#3519);
#3425=FILL_AREA_STYLE_COLOUR('',#3519);
#3426=FILL_AREA_STYLE_COLOUR('',#3519);
#3427=FILL_AREA_STYLE_COLOUR('',#3519);
#3428=FILL_AREA_STYLE_COLOUR('',#3519);
#3429=FILL_AREA_STYLE_COLOUR('',#3519);
#3430=FILL_AREA_STYLE_COLOUR('',#3519);
#3431=FILL_AREA_STYLE_COLOUR('',#3519);
#3432=FILL_AREA_STYLE_COLOUR('',#3519);
#3433=FILL_AREA_STYLE_COLOUR('',#3519);
#3434=FILL_AREA_STYLE_COLOUR('',#3519);
#3435=FILL_AREA_STYLE_COLOUR('',#3519);
#3436=FILL_AREA_STYLE_COLOUR('',#3519);
#3437=FILL_AREA_STYLE_COLOUR('',#3519);
#3438=FILL_AREA_STYLE_COLOUR('',#3518);
#3439=FILL_AREA_STYLE_COLOUR('',#3518);
#3440=FILL_AREA_STYLE_COLOUR('',#3518);
#3441=FILL_AREA_STYLE_COLOUR('',#3518);
#3442=FILL_AREA_STYLE_COLOUR('',#3518);
#3443=FILL_AREA_STYLE_COLOUR('',#3519);
#3444=FILL_AREA_STYLE_COLOUR('',#3519);
#3445=FILL_AREA_STYLE_COLOUR('',#3519);
#3446=FILL_AREA_STYLE_COLOUR('',#3519);
#3447=FILL_AREA_STYLE_COLOUR('',#3519);
#3448=FILL_AREA_STYLE_COLOUR('',#3519);
#3449=FILL_AREA_STYLE_COLOUR('',#3519);
#3450=FILL_AREA_STYLE_COLOUR('',#3519);
#3451=FILL_AREA_STYLE_COLOUR('',#3519);
#3452=FILL_AREA_STYLE_COLOUR('',#3519);
#3453=FILL_AREA_STYLE_COLOUR('',#3519);
#3454=FILL_AREA_STYLE_COLOUR('',#3519);
#3455=FILL_AREA_STYLE_COLOUR('',#3519);
#3456=FILL_AREA_STYLE_COLOUR('',#3519);
#3457=FILL_AREA_STYLE_COLOUR('',#3519);
#3458=FILL_AREA_STYLE_COLOUR('',#3519);
#3459=FILL_AREA_STYLE_COLOUR('',#3519);
#3460=FILL_AREA_STYLE_COLOUR('',#3519);
#3461=FILL_AREA_STYLE_COLOUR('',#3518);
#3462=FILL_AREA_STYLE_COLOUR('',#3518);
#3463=FILL_AREA_STYLE_COLOUR('',#3518);
#3464=FILL_AREA_STYLE_COLOUR('',#3518);
#3465=FILL_AREA_STYLE_COLOUR('',#3519);
#3466=FILL_AREA_STYLE_COLOUR('',#3519);
#3467=FILL_AREA_STYLE_COLOUR('',#3519);
#3468=FILL_AREA_STYLE_COLOUR('',#3519);
#3469=FILL_AREA_STYLE_COLOUR('',#3519);
#3470=FILL_AREA_STYLE_COLOUR('',#3519);
#3471=FILL_AREA_STYLE_COLOUR('',#3519);
#3472=FILL_AREA_STYLE_COLOUR('',#3519);
#3473=FILL_AREA_STYLE_COLOUR('',#3518);
#3474=FILL_AREA_STYLE_COLOUR('',#3519);
#3475=FILL_AREA_STYLE_COLOUR('',#3519);
#3476=FILL_AREA_STYLE_COLOUR('',#3519);
#3477=FILL_AREA_STYLE_COLOUR('',#3519);
#3478=FILL_AREA_STYLE_COLOUR('',#3519);
#3479=FILL_AREA_STYLE_COLOUR('',#3519);
#3480=FILL_AREA_STYLE_COLOUR('',#3519);
#3481=FILL_AREA_STYLE_COLOUR('',#3519);
#3482=FILL_AREA_STYLE_COLOUR('',#3519);
#3483=FILL_AREA_STYLE_COLOUR('',#3519);
#3484=FILL_AREA_STYLE_COLOUR('',#3519);
#3485=FILL_AREA_STYLE_COLOUR('',#3519);
#3486=FILL_AREA_STYLE_COLOUR('',#3519);
#3487=FILL_AREA_STYLE_COLOUR('',#3518);
#3488=FILL_AREA_STYLE_COLOUR('',#3518);
#3489=FILL_AREA_STYLE_COLOUR('',#3518);
#3490=FILL_AREA_STYLE_COLOUR('',#3518);
#3491=FILL_AREA_STYLE_COLOUR('',#3518);
#3492=FILL_AREA_STYLE_COLOUR('',#3518);
#3493=FILL_AREA_STYLE_COLOUR('',#3518);
#3494=FILL_AREA_STYLE_COLOUR('',#3518);
#3495=FILL_AREA_STYLE_COLOUR('',#3518);
#3496=FILL_AREA_STYLE_COLOUR('',#3518);
#3497=FILL_AREA_STYLE_COLOUR('',#3518);
#3498=FILL_AREA_STYLE_COLOUR('',#3518);
#3499=FILL_AREA_STYLE_COLOUR('',#3518);
#3500=FILL_AREA_STYLE_COLOUR('',#3518);
#3501=FILL_AREA_STYLE_COLOUR('',#3518);
#3502=FILL_AREA_STYLE_COLOUR('',#3518);
#3503=FILL_AREA_STYLE_COLOUR('',#3518);
#3504=FILL_AREA_STYLE_COLOUR('',#3518);
#3505=FILL_AREA_STYLE_COLOUR('',#3518);
#3506=FILL_AREA_STYLE_COLOUR('',#3518);
#3507=FILL_AREA_STYLE_COLOUR('',#3518);
#3508=FILL_AREA_STYLE_COLOUR('',#3518);
#3509=FILL_AREA_STYLE_COLOUR('',#3518);
#3510=FILL_AREA_STYLE_COLOUR('',#3518);
#3511=FILL_AREA_STYLE_COLOUR('',#3519);
#3512=FILL_AREA_STYLE_COLOUR('',#3519);
#3513=FILL_AREA_STYLE_COLOUR('',#3519);
#3514=FILL_AREA_STYLE_COLOUR('',#3519);
#3515=FILL_AREA_STYLE_COLOUR('',#3519);
#3516=FILL_AREA_STYLE_COLOUR('',#3518);
#3517=FILL_AREA_STYLE_COLOUR('',#3518);
#3518=COLOUR_RGB('',0.200000002980232,0.200000002980232,0.200000002980232);
#3519=COLOUR_RGB('',0.699999988079071,0.699999988079071,0.699999988079071);
#3520=ADVANCED_FACE('',(#2249,#2250),#2407,.F.);
#3521=ADVANCED_FACE('',(#2251),#2408,.T.);
#3522=ADVANCED_FACE('',(#2252),#126,.T.);
#3523=ADVANCED_FACE('',(#2253),#2409,.T.);
#3524=ADVANCED_FACE('',(#2254),#2410,.T.);
#3525=ADVANCED_FACE('',(#2255),#2411,.T.);
#3526=ADVANCED_FACE('',(#2256),#127,.F.);
#3527=ADVANCED_FACE('',(#2257),#2412,.T.);
#3528=ADVANCED_FACE('',(#2258),#128,.T.);
#3529=ADVANCED_FACE('',(#2259),#2413,.T.);
#3530=ADVANCED_FACE('',(#2260),#2414,.T.);
#3531=ADVANCED_FACE('',(#2261),#129,.F.);
#3532=ADVANCED_FACE('',(#2262),#2415,.T.);
#3533=ADVANCED_FACE('',(#2263),#2416,.F.);
#3534=ADVANCED_FACE('',(#2264),#130,.T.);
#3535=ADVANCED_FACE('',(#2265),#2417,.T.);
#3536=ADVANCED_FACE('',(#2266),#131,.F.);
#3537=ADVANCED_FACE('',(#2267),#2418,.T.);
#3538=ADVANCED_FACE('',(#2268),#2419,.T.);
#3539=ADVANCED_FACE('',(#2269),#2420,.T.);
#3540=ADVANCED_FACE('',(#2270),#132,.T.);
#3541=ADVANCED_FACE('',(#2271),#2421,.T.);
#3542=ADVANCED_FACE('',(#2272),#133,.F.);
#3543=ADVANCED_FACE('',(#2273),#134,.T.);
#3544=ADVANCED_FACE('',(#2274),#2422,.T.);
#3545=ADVANCED_FACE('',(#2275),#135,.F.);
#3546=ADVANCED_FACE('',(#2276),#2423,.T.);
#3547=ADVANCED_FACE('',(#2277),#2424,.T.);
#3548=ADVANCED_FACE('',(#2278),#2425,.T.);
#3549=ADVANCED_FACE('',(#2279),#136,.T.);
#3550=ADVANCED_FACE('',(#2280),#2426,.T.);
#3551=ADVANCED_FACE('',(#2281),#137,.F.);
#3552=ADVANCED_FACE('',(#2282),#138,.T.);
#3553=ADVANCED_FACE('',(#2283),#2427,.T.);
#3554=ADVANCED_FACE('',(#2284),#2428,.T.);
#3555=ADVANCED_FACE('',(#2285),#2429,.T.);
#3556=ADVANCED_FACE('',(#2286),#139,.F.);
#3557=ADVANCED_FACE('',(#2287),#2430,.T.);
#3558=ADVANCED_FACE('',(#2288),#140,.T.);
#3559=ADVANCED_FACE('',(#2289),#141,.F.);
#3560=ADVANCED_FACE('',(#2290),#2431,.T.);
#3561=ADVANCED_FACE('',(#2291),#142,.T.);
#3562=ADVANCED_FACE('',(#2292),#2432,.T.);
#3563=ADVANCED_FACE('',(#2293),#143,.F.);
#3564=ADVANCED_FACE('',(#2294),#2433,.T.);
#3565=ADVANCED_FACE('',(#2295),#2434,.T.);
#3566=ADVANCED_FACE('',(#2296),#2435,.T.);
#3567=ADVANCED_FACE('',(#2297),#144,.T.);
#3568=ADVANCED_FACE('',(#2298),#2436,.T.);
#3569=ADVANCED_FACE('',(#2299),#145,.F.);
#3570=ADVANCED_FACE('',(#2300),#2437,.F.);
#3571=ADVANCED_FACE('',(#2301),#2438,.T.);
#3572=ADVANCED_FACE('',(#2302),#2439,.T.);
#3573=ADVANCED_FACE('',(#2303),#2440,.T.);
#3574=ADVANCED_FACE('',(#2304),#2441,.F.);
#3575=ADVANCED_FACE('',(#2305),#2442,.T.);
#3576=ADVANCED_FACE('',(#2306),#2443,.T.);
#3577=ADVANCED_FACE('',(#2307),#2444,.T.);
#3578=ADVANCED_FACE('',(#2308),#2445,.T.);
#3579=ADVANCED_FACE('',(#2309),#2446,.T.);
#3580=ADVANCED_FACE('',(#2310),#2447,.T.);
#3581=ADVANCED_FACE('',(#2311),#2448,.F.);
#3582=ADVANCED_FACE('',(#2312),#2449,.F.);
#3583=ADVANCED_FACE('',(#2313),#2450,.T.);
#3584=ADVANCED_FACE('',(#2314),#2451,.T.);
#3585=ADVANCED_FACE('',(#2315),#2452,.T.);
#3586=ADVANCED_FACE('',(#2316),#2453,.T.);
#3587=ADVANCED_FACE('',(#2317),#2454,.T.);
#3588=ADVANCED_FACE('',(#2318),#2455,.T.);
#3589=ADVANCED_FACE('',(#2319),#2456,.T.);
#3590=ADVANCED_FACE('',(#2320,#2321,#2322,#2323,#2324),#2457,.T.);
#3591=ADVANCED_FACE('',(#2325),#146,.T.);
#3592=ADVANCED_FACE('',(#2326),#2458,.T.);
#3593=ADVANCED_FACE('',(#2327),#2459,.T.);
#3594=ADVANCED_FACE('',(#2328),#2460,.T.);
#3595=ADVANCED_FACE('',(#2329),#147,.F.);
#3596=ADVANCED_FACE('',(#2330),#2461,.T.);
#3597=ADVANCED_FACE('',(#2331),#148,.T.);
#3598=ADVANCED_FACE('',(#2332),#149,.F.);
#3599=ADVANCED_FACE('',(#2333),#2462,.T.);
#3600=ADVANCED_FACE('',(#2334),#150,.T.);
#3601=ADVANCED_FACE('',(#2335),#2463,.T.);
#3602=ADVANCED_FACE('',(#2336),#151,.F.);
#3603=ADVANCED_FACE('',(#2337),#2464,.T.);
#3604=ADVANCED_FACE('',(#2338),#2465,.T.);
#3605=ADVANCED_FACE('',(#2339),#2466,.T.);
#3606=ADVANCED_FACE('',(#2340),#152,.T.);
#3607=ADVANCED_FACE('',(#2341),#2467,.T.);
#3608=ADVANCED_FACE('',(#2342),#153,.F.);
#3609=ADVANCED_FACE('',(#2343,#2344),#2468,.T.);
#3610=ADVANCED_FACE('',(#2345),#2469,.T.);
#3611=ADVANCED_FACE('',(#2346,#2347),#2470,.F.);
#3612=ADVANCED_FACE('',(#2348),#2471,.T.);
#3613=ADVANCED_FACE('',(#2349),#2472,.T.);
#3614=ADVANCED_FACE('',(#2350),#2473,.T.);
#3615=ADVANCED_FACE('',(#2351),#2474,.T.);
#3616=ADVANCED_FACE('',(#2352),#2475,.F.);
#3617=ADVANCED_FACE('',(#2353),#2476,.F.);
#3618=ADVANCED_FACE('',(#2354),#2477,.T.);
#3619=ADVANCED_FACE('',(#2355),#2478,.T.);
#3620=ADVANCED_FACE('',(#2356),#2479,.T.);
#3621=ADVANCED_FACE('',(#2357,#2358,#2359,#2360,#2361),#2480,.T.);
#3622=ADVANCED_FACE('',(#2362),#2481,.F.);
#3623=ADVANCED_FACE('',(#2363),#2482,.T.);
#3624=ADVANCED_FACE('',(#2364),#154,.F.);
#3625=ADVANCED_FACE('',(#2365),#2483,.T.);
#3626=ADVANCED_FACE('',(#2366),#2484,.T.);
#3627=ADVANCED_FACE('',(#2367),#155,.T.);
#3628=ADVANCED_FACE('',(#2368),#2485,.T.);
#3629=ADVANCED_FACE('',(#2369),#156,.F.);
#3630=ADVANCED_FACE('',(#2370),#2486,.T.);
#3631=ADVANCED_FACE('',(#2371),#2487,.T.);
#3632=ADVANCED_FACE('',(#2372),#2488,.T.);
#3633=ADVANCED_FACE('',(#2373),#157,.T.);
#3634=ADVANCED_FACE('',(#2374),#2489,.T.);
#3635=ADVANCED_FACE('',(#2375),#158,.T.);
#3636=ADVANCED_FACE('',(#2376),#159,.T.);
#3637=ADVANCED_FACE('',(#2377),#160,.T.);
#3638=ADVANCED_FACE('',(#2378),#161,.T.);
#3639=ADVANCED_FACE('',(#2379),#162,.T.);
#3640=ADVANCED_FACE('',(#2380),#163,.T.);
#3641=ADVANCED_FACE('',(#2381),#164,.T.);
#3642=ADVANCED_FACE('',(#2382),#165,.T.);
#3643=ADVANCED_FACE('',(#2383),#24,.T.);
#3644=ADVANCED_FACE('',(#2384),#166,.T.);
#3645=ADVANCED_FACE('',(#2385),#167,.T.);
#3646=ADVANCED_FACE('',(#2386),#25,.T.);
#3647=ADVANCED_FACE('',(#2387),#26,.T.);
#3648=ADVANCED_FACE('',(#2388),#168,.T.);
#3649=ADVANCED_FACE('',(#2389),#169,.T.);
#3650=ADVANCED_FACE('',(#2390),#27,.T.);
#3651=ADVANCED_FACE('',(#2391),#170,.T.);
#3652=ADVANCED_FACE('',(#2392),#20,.T.);
#3653=ADVANCED_FACE('',(#2393),#21,.T.);
#3654=ADVANCED_FACE('',(#2394),#171,.T.);
#3655=ADVANCED_FACE('',(#2395),#172,.T.);
#3656=ADVANCED_FACE('',(#2396),#22,.T.);
#3657=ADVANCED_FACE('',(#2397),#23,.T.);
#3658=ADVANCED_FACE('',(#2398),#173,.T.);
#3659=ADVANCED_FACE('',(#2399),#2490,.F.);
#3660=ADVANCED_FACE('',(#2400),#2491,.F.);
#3661=ADVANCED_FACE('',(#2401),#2492,.F.);
#3662=ADVANCED_FACE('',(#2402),#2493,.F.);
#3663=ADVANCED_FACE('',(#2403),#2494,.T.);
#3664=ADVANCED_FACE('',(#2404,#2405),#174,.F.);
#3665=ADVANCED_FACE('',(#2406),#2495,.F.);
#3666=CLOSED_SHELL('',(#3520,#3521,#3522,#3523,#3524,#3525,#3526,#3527,
#3528,#3529,#3530,#3531,#3532,#3533,#3534,#3535,#3536,#3537,#3538,#3539,
#3540,#3541,#3542,#3543,#3544,#3545,#3546,#3547,#3548,#3549,#3550,#3551,
#3552,#3553,#3554,#3555,#3556,#3557,#3558,#3559,#3560,#3561,#3562,#3563,
#3564,#3565,#3566,#3567,#3568,#3569,#3570,#3571,#3572,#3573,#3574,#3575,
#3576,#3577,#3578,#3579,#3580,#3581,#3582,#3583,#3584,#3585,#3586,#3587,
#3588,#3589,#3590,#3591,#3592,#3593,#3594,#3595,#3596,#3597,#3598,#3599,
#3600,#3601,#3602,#3603,#3604,#3605,#3606,#3607,#3608,#3609,#3610,#3611,
#3612,#3613,#3614,#3615,#3616,#3617,#3618,#3619,#3620,#3621,#3622,#3623,
#3624,#3625,#3626,#3627,#3628,#3629,#3630,#3631,#3632,#3633,#3634,#3635,
#3636,#3637,#3638,#3639,#3640,#3641,#3642,#3643,#3644,#3645,#3646,#3647,
#3648,#3649,#3650,#3651,#3652,#3653,#3654,#3655,#3656,#3657,#3658,#3659,
#3660,#3661,#3662,#3663,#3664,#3665));
#3667=MANIFOLD_SOLID_BREP('',#3666);
#3668=SHAPE_DEFINITION_REPRESENTATION(#5482,#3669);
#3669=SHAPE_REPRESENTATION('RT6365GSP',(#3670),#5477);
#3670=AXIS2_PLACEMENT_3D('',#4669,#3911,#3912);
#3671=AXIS2_PLACEMENT_3D('',#4670,#3913,#3914);
#3672=AXIS2_PLACEMENT_3D('',#4687,#3923,#3924);
#3673=AXIS2_PLACEMENT_3D('',#4696,#3929,#3930);
#3674=AXIS2_PLACEMENT_3D('',#4697,#3931,#3932);
#3675=AXIS2_PLACEMENT_3D('',#4699,#3933,#3934);
#3676=AXIS2_PLACEMENT_3D('',#4702,#3936,#3937);
#3677=AXIS2_PLACEMENT_3D('',#4708,#3941,#3942);
#3678=AXIS2_PLACEMENT_3D('',#4714,#3946,#3947);
#3679=AXIS2_PLACEMENT_3D('',#4720,#3951,#3952);
#3680=AXIS2_PLACEMENT_3D('',#4721,#3953,#3954);
#3681=AXIS2_PLACEMENT_3D('',#4723,#3955,#3956);
#3682=AXIS2_PLACEMENT_3D('',#4726,#3958,#3959);
#3683=AXIS2_PLACEMENT_3D('',#4732,#3963,#3964);
#3684=AXIS2_PLACEMENT_3D('',#4733,#3965,#3966);
#3685=AXIS2_PLACEMENT_3D('',#4735,#3967,#3968);
#3686=AXIS2_PLACEMENT_3D('',#4738,#3970,#3971);
#3687=AXIS2_PLACEMENT_3D('',#4744,#3975,#3976);
#3688=AXIS2_PLACEMENT_3D('',#4753,#3981,#3982);
#3689=AXIS2_PLACEMENT_3D('',#4754,#3983,#3984);
#3690=AXIS2_PLACEMENT_3D('',#4755,#3985,#3986);
#3691=AXIS2_PLACEMENT_3D('',#4756,#3987,#3988);
#3692=AXIS2_PLACEMENT_3D('',#4758,#3990,#3991);
#3693=AXIS2_PLACEMENT_3D('',#4760,#3993,#3994);
#3694=AXIS2_PLACEMENT_3D('',#4761,#3995,#3996);
#3695=AXIS2_PLACEMENT_3D('',#4766,#3998,#3999);
#3696=AXIS2_PLACEMENT_3D('',#4769,#4001,#4002);
#3697=AXIS2_PLACEMENT_3D('',#4775,#4006,#4007);
#3698=AXIS2_PLACEMENT_3D('',#4776,#4008,#4009);
#3699=AXIS2_PLACEMENT_3D('',#4780,#4011,#4012);
#3700=AXIS2_PLACEMENT_3D('',#4781,#4013,#4014);
#3701=AXIS2_PLACEMENT_3D('',#4787,#4018,#4019);
#3702=AXIS2_PLACEMENT_3D('',#4793,#4023,#4024);
#3703=AXIS2_PLACEMENT_3D('',#4799,#4028,#4029);
#3704=AXIS2_PLACEMENT_3D('',#4800,#4030,#4031);
#3705=AXIS2_PLACEMENT_3D('',#4804,#4033,#4034);
#3706=AXIS2_PLACEMENT_3D('',#4805,#4035,#4036);
#3707=AXIS2_PLACEMENT_3D('',#4811,#4040,#4041);
#3708=AXIS2_PLACEMENT_3D('',#4812,#4042,#4043);
#3709=AXIS2_PLACEMENT_3D('',#4816,#4045,#4046);
#3710=AXIS2_PLACEMENT_3D('',#4817,#4047,#4048);
#3711=AXIS2_PLACEMENT_3D('',#4818,#4049,#4050);
#3712=AXIS2_PLACEMENT_3D('',#4823,#4052,#4053);
#3713=AXIS2_PLACEMENT_3D('',#4826,#4055,#4056);
#3714=AXIS2_PLACEMENT_3D('',#4832,#4060,#4061);
#3715=AXIS2_PLACEMENT_3D('',#4833,#4062,#4063);
#3716=AXIS2_PLACEMENT_3D('',#4837,#4065,#4066);
#3717=AXIS2_PLACEMENT_3D('',#4838,#4067,#4068);
#3718=AXIS2_PLACEMENT_3D('',#4844,#4072,#4073);
#3719=AXIS2_PLACEMENT_3D('',#4850,#4077,#4078);
#3720=AXIS2_PLACEMENT_3D('',#4856,#4082,#4083);
#3721=AXIS2_PLACEMENT_3D('',#4857,#4084,#4085);
#3722=AXIS2_PLACEMENT_3D('',#4861,#4087,#4088);
#3723=AXIS2_PLACEMENT_3D('',#4862,#4089,#4090);
#3724=AXIS2_PLACEMENT_3D('',#4868,#4094,#4095);
#3725=AXIS2_PLACEMENT_3D('',#4869,#4096,#4097);
#3726=AXIS2_PLACEMENT_3D('',#4873,#4099,#4100);
#3727=AXIS2_PLACEMENT_3D('',#4874,#4101,#4102);
#3728=AXIS2_PLACEMENT_3D('',#4875,#4103,#4104);
#3729=AXIS2_PLACEMENT_3D('',#4880,#4106,#4107);
#3730=AXIS2_PLACEMENT_3D('',#4883,#4109,#4110);
#3731=AXIS2_PLACEMENT_3D('',#4889,#4114,#4115);
#3732=AXIS2_PLACEMENT_3D('',#4895,#4119,#4120);
#3733=AXIS2_PLACEMENT_3D('',#4901,#4124,#4125);
#3734=AXIS2_PLACEMENT_3D('',#4902,#4126,#4127);
#3735=AXIS2_PLACEMENT_3D('',#4904,#4128,#4129);
#3736=AXIS2_PLACEMENT_3D('',#4907,#4131,#4132);
#3737=AXIS2_PLACEMENT_3D('',#4913,#4136,#4137);
#3738=AXIS2_PLACEMENT_3D('',#4914,#4138,#4139);
#3739=AXIS2_PLACEMENT_3D('',#4916,#4140,#4141);
#3740=AXIS2_PLACEMENT_3D('',#4919,#4143,#4144);
#3741=AXIS2_PLACEMENT_3D('',#4920,#4145,#4146);
#3742=AXIS2_PLACEMENT_3D('',#4925,#4148,#4149);
#3743=AXIS2_PLACEMENT_3D('',#4928,#4151,#4152);
#3744=AXIS2_PLACEMENT_3D('',#4931,#4155,#4156);
#3745=AXIS2_PLACEMENT_3D('',#4932,#4157,#4158);
#3746=AXIS2_PLACEMENT_3D('',#4937,#4160,#4161);
#3747=AXIS2_PLACEMENT_3D('',#4940,#4163,#4164);
#3748=AXIS2_PLACEMENT_3D('',#4946,#4168,#4169);
#3749=AXIS2_PLACEMENT_3D('',#4947,#4170,#4171);
#3750=AXIS2_PLACEMENT_3D('',#4951,#4173,#4174);
#3751=AXIS2_PLACEMENT_3D('',#4952,#4175,#4176);
#3752=AXIS2_PLACEMENT_3D('',#4958,#4180,#4181);
#3753=AXIS2_PLACEMENT_3D('',#4964,#4185,#4186);
#3754=AXIS2_PLACEMENT_3D('',#4970,#4190,#4191);
#3755=AXIS2_PLACEMENT_3D('',#4971,#4192,#4193);
#3756=AXIS2_PLACEMENT_3D('',#4975,#4195,#4196);
#3757=AXIS2_PLACEMENT_3D('',#4976,#4197,#4198);
#3758=AXIS2_PLACEMENT_3D('',#4982,#4202,#4203);
#3759=AXIS2_PLACEMENT_3D('',#4983,#4204,#4205);
#3760=AXIS2_PLACEMENT_3D('',#4987,#4207,#4208);
#3761=AXIS2_PLACEMENT_3D('',#4988,#4209,#4210);
#3762=AXIS2_PLACEMENT_3D('',#4994,#4214,#4215);
#3763=AXIS2_PLACEMENT_3D('',#4998,#4218,#4219);
#3764=AXIS2_PLACEMENT_3D('',#5002,#4222,#4223);
#3765=AXIS2_PLACEMENT_3D('',#5004,#4225,#4226);
#3766=AXIS2_PLACEMENT_3D('',#5010,#4230,#4231);
#3767=AXIS2_PLACEMENT_3D('',#5014,#4234,#4235);
#3768=AXIS2_PLACEMENT_3D('',#5018,#4238,#4239);
#3769=AXIS2_PLACEMENT_3D('',#5020,#4241,#4242);
#3770=AXIS2_PLACEMENT_3D('',#5026,#4246,#4247);
#3771=AXIS2_PLACEMENT_3D('',#5030,#4250,#4251);
#3772=AXIS2_PLACEMENT_3D('',#5034,#4254,#4255);
#3773=AXIS2_PLACEMENT_3D('',#5036,#4257,#4258);
#3774=AXIS2_PLACEMENT_3D('',#5042,#4262,#4263);
#3775=AXIS2_PLACEMENT_3D('',#5046,#4266,#4267);
#3776=AXIS2_PLACEMENT_3D('',#5050,#4270,#4271);
#3777=AXIS2_PLACEMENT_3D('',#5052,#4273,#4274);
#3778=AXIS2_PLACEMENT_3D('',#5061,#4279,#4280);
#3779=AXIS2_PLACEMENT_3D('',#5070,#4285,#4286);
#3780=AXIS2_PLACEMENT_3D('',#5079,#4291,#4292);
#3781=AXIS2_PLACEMENT_3D('',#5088,#4297,#4298);
#3782=AXIS2_PLACEMENT_3D('',#5097,#4303,#4304);
#3783=AXIS2_PLACEMENT_3D('',#5098,#4305,#4306);
#3784=AXIS2_PLACEMENT_3D('',#5103,#4308,#4309);
#3785=AXIS2_PLACEMENT_3D('',#5106,#4311,#4312);
#3786=AXIS2_PLACEMENT_3D('',#5112,#4316,#4317);
#3787=AXIS2_PLACEMENT_3D('',#5118,#4321,#4322);
#3788=AXIS2_PLACEMENT_3D('',#5124,#4326,#4327);
#3789=AXIS2_PLACEMENT_3D('',#5125,#4328,#4329);
#3790=AXIS2_PLACEMENT_3D('',#5127,#4330,#4331);
#3791=AXIS2_PLACEMENT_3D('',#5130,#4333,#4334);
#3792=AXIS2_PLACEMENT_3D('',#5136,#4338,#4339);
#3793=AXIS2_PLACEMENT_3D('',#5137,#4340,#4341);
#3794=AXIS2_PLACEMENT_3D('',#5139,#4342,#4343);
#3795=AXIS2_PLACEMENT_3D('',#5142,#4345,#4346);
#3796=AXIS2_PLACEMENT_3D('',#5143,#4347,#4348);
#3797=AXIS2_PLACEMENT_3D('',#5148,#4350,#4351);
#3798=AXIS2_PLACEMENT_3D('',#5151,#4353,#4354);
#3799=AXIS2_PLACEMENT_3D('',#5154,#4357,#4358);
#3800=AXIS2_PLACEMENT_3D('',#5155,#4359,#4360);
#3801=AXIS2_PLACEMENT_3D('',#5160,#4362,#4363);
#3802=AXIS2_PLACEMENT_3D('',#5163,#4365,#4366);
#3803=AXIS2_PLACEMENT_3D('',#5169,#4370,#4371);
#3804=AXIS2_PLACEMENT_3D('',#5170,#4372,#4373);
#3805=AXIS2_PLACEMENT_3D('',#5174,#4375,#4376);
#3806=AXIS2_PLACEMENT_3D('',#5175,#4377,#4378);
#3807=AXIS2_PLACEMENT_3D('',#5181,#4382,#4383);
#3808=AXIS2_PLACEMENT_3D('',#5187,#4387,#4388);
#3809=AXIS2_PLACEMENT_3D('',#5193,#4392,#4393);
#3810=AXIS2_PLACEMENT_3D('',#5194,#4394,#4395);
#3811=AXIS2_PLACEMENT_3D('',#5198,#4397,#4398);
#3812=AXIS2_PLACEMENT_3D('',#5199,#4399,#4400);
#3813=AXIS2_PLACEMENT_3D('',#5205,#4404,#4405);
#3814=AXIS2_PLACEMENT_3D('',#5206,#4406,#4407);
#3815=AXIS2_PLACEMENT_3D('',#5210,#4409,#4410);
#3816=AXIS2_PLACEMENT_3D('',#5211,#4411,#4412);
#3817=AXIS2_PLACEMENT_3D('',#5212,#4413,#4414);
#3818=AXIS2_PLACEMENT_3D('',#5222,#4419,#4420);
#3819=AXIS2_PLACEMENT_3D('',#5231,#4425,#4426);
#3820=AXIS2_PLACEMENT_3D('',#5232,#4427,#4428);
#3821=AXIS2_PLACEMENT_3D('',#5233,#4429,#4430);
#3822=AXIS2_PLACEMENT_3D('',#5234,#4431,#4432);
#3823=AXIS2_PLACEMENT_3D('',#5235,#4433,#4434);
#3824=AXIS2_PLACEMENT_3D('',#5239,#4436,#4437);
#3825=AXIS2_PLACEMENT_3D('',#5243,#4439,#4440);
#3826=AXIS2_PLACEMENT_3D('',#5244,#4441,#4442);
#3827=AXIS2_PLACEMENT_3D('',#5245,#4443,#4444);
#3828=AXIS2_PLACEMENT_3D('',#5246,#4445,#4446);
#3829=AXIS2_PLACEMENT_3D('',#5252,#4450,#4451);
#3830=AXIS2_PLACEMENT_3D('',#5258,#4455,#4456);
#3831=AXIS2_PLACEMENT_3D('',#5262,#4459,#4460);
#3832=AXIS2_PLACEMENT_3D('',#5266,#4463,#4464);
#3833=AXIS2_PLACEMENT_3D('',#5268,#4466,#4467);
#3834=AXIS2_PLACEMENT_3D('',#5274,#4471,#4472);
#3835=AXIS2_PLACEMENT_3D('',#5278,#4475,#4476);
#3836=AXIS2_PLACEMENT_3D('',#5282,#4479,#4480);
#3837=AXIS2_PLACEMENT_3D('',#5284,#4482,#4483);
#3838=AXIS2_PLACEMENT_3D('',#5298,#4491,#4492);
#3839=AXIS2_PLACEMENT_3D('',#5302,#4494,#4495);
#3840=AXIS2_PLACEMENT_3D('',#5307,#4498,#4499);
#3841=AXIS2_PLACEMENT_3D('',#5311,#4501,#4502);
#3842=AXIS2_PLACEMENT_3D('',#5319,#4506,#4507);
#3843=AXIS2_PLACEMENT_3D('',#5320,#4508,#4509);
#3844=AXIS2_PLACEMENT_3D('',#5324,#4511,#4512);
#3845=AXIS2_PLACEMENT_3D('',#5332,#4516,#4517);
#3846=AXIS2_PLACEMENT_3D('',#5336,#4519,#4520);
#3847=AXIS2_PLACEMENT_3D('',#5341,#4523,#4524);
#3848=AXIS2_PLACEMENT_3D('',#5342,#4525,#4526);
#3849=AXIS2_PLACEMENT_3D('',#5345,#4529,#4530);
#3850=AXIS2_PLACEMENT_3D('',#5346,#4531,#4532);
#3851=AXIS2_PLACEMENT_3D('',#5348,#4534,#4535);
#3852=AXIS2_PLACEMENT_3D('',#5350,#4537,#4538);
#3853=AXIS2_PLACEMENT_3D('',#5352,#4540,#4541);
#3854=AXIS2_PLACEMENT_3D('',#5354,#4543,#4544);
#3855=AXIS2_PLACEMENT_3D('',#5356,#4546,#4547);
#3856=AXIS2_PLACEMENT_3D('',#5358,#4549,#4550);
#3857=AXIS2_PLACEMENT_3D('',#5360,#4552,#4553);
#3858=AXIS2_PLACEMENT_3D('',#5362,#4555,#4556);
#3859=AXIS2_PLACEMENT_3D('',#5363,#4557,#4558);
#3860=AXIS2_PLACEMENT_3D('',#5364,#4559,#4560);
#3861=AXIS2_PLACEMENT_3D('',#5365,#4561,#4562);
#3862=AXIS2_PLACEMENT_3D('',#5366,#4563,#4564);
#3863=AXIS2_PLACEMENT_3D('',#5367,#4565,#4566);
#3864=AXIS2_PLACEMENT_3D('',#5368,#4567,#4568);
#3865=AXIS2_PLACEMENT_3D('',#5369,#4569,#4570);
#3866=AXIS2_PLACEMENT_3D('',#5370,#4571,#4572);
#3867=AXIS2_PLACEMENT_3D('',#5371,#4573,#4574);
#3868=AXIS2_PLACEMENT_3D('',#5372,#4575,#4576);
#3869=AXIS2_PLACEMENT_3D('',#5373,#4577,#4578);
#3870=AXIS2_PLACEMENT_3D('',#5374,#4579,#4580);
#3871=AXIS2_PLACEMENT_3D('',#5375,#4581,#4582);
#3872=AXIS2_PLACEMENT_3D('',#5376,#4583,#4584);
#3873=AXIS2_PLACEMENT_3D('',#5377,#4585,#4586);
#3874=AXIS2_PLACEMENT_3D('',#5378,#4587,#4588);
#3875=AXIS2_PLACEMENT_3D('',#5379,#4589,#4590);
#3876=AXIS2_PLACEMENT_3D('',#5380,#4591,#4592);
#3877=AXIS2_PLACEMENT_3D('',#5381,#4593,#4594);
#3878=AXIS2_PLACEMENT_3D('',#5382,#4595,#4596);
#3879=AXIS2_PLACEMENT_3D('',#5383,#4597,#4598);
#3880=AXIS2_PLACEMENT_3D('',#5384,#4599,#4600);
#3881=AXIS2_PLACEMENT_3D('',#5385,#4601,#4602);
#3882=AXIS2_PLACEMENT_3D('',#5386,#4603,#4604);
#3883=AXIS2_PLACEMENT_3D('',#5387,#4605,#4606);
#3884=AXIS2_PLACEMENT_3D('',#5388,#4607,#4608);
#3885=AXIS2_PLACEMENT_3D('',#5389,#4609,#4610);
#3886=AXIS2_PLACEMENT_3D('',#5390,#4611,#4612);
#3887=AXIS2_PLACEMENT_3D('',#5391,#4613,#4614);
#3888=AXIS2_PLACEMENT_3D('',#5392,#4615,#4616);
#3889=AXIS2_PLACEMENT_3D('',#5393,#4617,#4618);
#3890=AXIS2_PLACEMENT_3D('',#5394,#4619,#4620);
#3891=AXIS2_PLACEMENT_3D('',#5395,#4621,#4622);
#3892=AXIS2_PLACEMENT_3D('',#5396,#4623,#4624);
#3893=AXIS2_PLACEMENT_3D('',#5397,#4625,#4626);
#3894=AXIS2_PLACEMENT_3D('',#5410,#4627,#4628);
#3895=AXIS2_PLACEMENT_3D('',#5423,#4629,#4630);
#3896=AXIS2_PLACEMENT_3D('',#5424,#4631,#4632);
#3897=AXIS2_PLACEMENT_3D('',#5425,#4633,#4634);
#3898=AXIS2_PLACEMENT_3D('',#5426,#4635,#4636);
#3899=AXIS2_PLACEMENT_3D('',#5427,#4637,#4638);
#3900=AXIS2_PLACEMENT_3D('',#5440,#4639,#4640);
#3901=AXIS2_PLACEMENT_3D('',#5453,#4641,#4642);
#3902=AXIS2_PLACEMENT_3D('',#5454,#4643,#4644);
#3903=AXIS2_PLACEMENT_3D('',#5455,#4645,#4646);
#3904=AXIS2_PLACEMENT_3D('',#5461,#4650,#4651);
#3905=AXIS2_PLACEMENT_3D('',#5465,#4654,#4655);
#3906=AXIS2_PLACEMENT_3D('',#5469,#4658,#4659);
#3907=AXIS2_PLACEMENT_3D('',#5471,#4661,#4662);
#3908=AXIS2_PLACEMENT_3D('',#5472,#4663,#4664);
#3909=AXIS2_PLACEMENT_3D('',#5473,#4665,#4666);
#3910=AXIS2_PLACEMENT_3D('',#5475,#4667,#4668);
#3911=DIRECTION('',(0.,0.,1.));
#3912=DIRECTION('',(1.,0.,0.));
#3913=DIRECTION('',(0.,0.,1.));
#3914=DIRECTION('',(1.,0.,0.));
#3915=DIRECTION('',(-1.,0.,0.));
#3916=DIRECTION('',(1.11773419843866E-16,1.,0.));
#3917=DIRECTION('',(1.,0.,0.));
#3918=DIRECTION('',(-1.11773419843866E-16,-1.,0.));
#3919=DIRECTION('',(0.,1.,0.));
#3920=DIRECTION('',(-1.,0.,0.));
#3921=DIRECTION('',(0.,-1.,0.));
#3922=DIRECTION('',(1.,0.,0.));
#3923=DIRECTION('',(0.,-0.998629534754574,-0.0523359562429431));
#3924=DIRECTION('',(0.,-0.0523359562429431,0.998629534754574));
#3925=DIRECTION('',(0.,0.0523359562429431,-0.998629534754574));
#3926=DIRECTION('',(1.,0.,0.));
#3927=DIRECTION('',(0.,0.0523359562429431,-0.998629534754574));
#3928=DIRECTION('',(1.,0.,0.));
#3929=DIRECTION('',(1.,0.,0.));
#3930=DIRECTION('',(0.,0.,1.));
#3931=DIRECTION('',(1.,0.,0.));
#3932=DIRECTION('',(0.,-1.,0.));
#3933=DIRECTION('',(1.,0.,0.));
#3934=DIRECTION('',(0.,-1.,0.));
#3935=DIRECTION('',(1.,0.,0.));
#3936=DIRECTION('',(0.,-0.0871557427476583,-0.996194698091745));
#3937=DIRECTION('',(0.,-0.996194698091746,0.0871557427476583));
#3938=DIRECTION('',(0.,0.996194698091746,-0.0871557427476583));
#3939=DIRECTION('',(0.,0.996194698091746,-0.0871557427476583));
#3940=DIRECTION('',(1.,0.,0.));
#3941=DIRECTION('',(0.,1.,0.));
#3942=DIRECTION('',(0.,0.,-1.));
#3943=DIRECTION('',(0.,0.,1.));
#3944=DIRECTION('',(0.,0.,1.));
#3945=DIRECTION('',(1.,0.,0.));
#3946=DIRECTION('',(0.,0.087155742747659,0.996194698091746));
#3947=DIRECTION('',(0.,0.996194698091746,-0.087155742747659));
#3948=DIRECTION('',(0.,-0.996194698091745,0.087155742747659));
#3949=DIRECTION('',(0.,-0.996194698091745,0.087155742747659));
#3950=DIRECTION('',(1.,0.,0.));
#3951=DIRECTION('',(1.,0.,0.));
#3952=DIRECTION('',(0.,0.,1.));
#3953=DIRECTION('',(-1.,0.,0.));
#3954=DIRECTION('',(0.,-1.,0.));
#3955=DIRECTION('',(-1.,0.,0.));
#3956=DIRECTION('',(0.,-1.,0.));
#3957=DIRECTION('',(1.,0.,0.));
#3958=DIRECTION('',(0.,0.998629534754574,0.0523359562429453));
#3959=DIRECTION('',(0.,0.0523359562429454,-0.998629534754574));
#3960=DIRECTION('',(0.,-0.0523359562429453,0.998629534754574));
#3961=DIRECTION('',(0.,-0.0523359562429453,0.998629534754574));
#3962=DIRECTION('',(1.,0.,0.));
#3963=DIRECTION('',(1.,0.,0.));
#3964=DIRECTION('',(0.,0.,1.));
#3965=DIRECTION('',(1.,0.,0.));
#3966=DIRECTION('',(0.,-1.,0.));
#3967=DIRECTION('',(1.,0.,0.));
#3968=DIRECTION('',(0.,-1.,0.));
#3969=DIRECTION('',(1.,0.,0.));
#3970=DIRECTION('',(0.,0.,1.));
#3971=DIRECTION('',(-1.,0.,0.));
#3972=DIRECTION('',(0.,-1.,0.));
#3973=DIRECTION('',(0.,-1.,0.));
#3974=DIRECTION('',(1.,0.,0.));
#3975=DIRECTION('',(0.,0.,-1.));
#3976=DIRECTION('',(1.,0.,0.));
#3977=DIRECTION('',(0.,1.,0.));
#3978=DIRECTION('',(-1.,0.,0.));
#3979=DIRECTION('',(0.,1.,0.));
#3980=DIRECTION('',(1.,0.,0.));
#3981=DIRECTION('',(1.,0.,0.));
#3982=DIRECTION('',(0.,0.,1.));
#3983=DIRECTION('',(-1.,0.,0.));
#3984=DIRECTION('',(0.,-1.,0.));
#3985=DIRECTION('',(-1.,0.,0.));
#3986=DIRECTION('',(0.,-1.,0.));
#3987=DIRECTION('',(1.,0.,0.));
#3988=DIRECTION('',(0.,0.,1.));
#3989=DIRECTION('',(0.,0.0523359562429438,-0.998629534754574));
#3990=DIRECTION('',(1.,0.,0.));
#3991=DIRECTION('',(0.,0.,1.));
#3992=DIRECTION('',(0.,0.0523359562429438,-0.998629534754574));
#3993=DIRECTION('',(-1.,0.,0.));
#3994=DIRECTION('',(0.,0.,1.));
#3995=DIRECTION('',(-1.,0.,0.));
#3996=DIRECTION('',(0.,1.,0.));
#3997=DIRECTION('',(-1.,0.,0.));
#3998=DIRECTION('',(-1.,0.,0.));
#3999=DIRECTION('',(0.,1.,0.));
#4000=DIRECTION('',(-1.,0.,0.));
#4001=DIRECTION('',(0.,-0.998629534754574,0.0523359562429453));
#4002=DIRECTION('',(0.,-0.0523359562429454,-0.998629534754574));
#4003=DIRECTION('',(0.,0.0523359562429453,0.998629534754574));
#4004=DIRECTION('',(-1.,0.,0.));
#4005=DIRECTION('',(0.,0.0523359562429453,0.998629534754574));
#4006=DIRECTION('',(-1.,0.,0.));
#4007=DIRECTION('',(0.,0.,1.));
#4008=DIRECTION('',(1.,0.,0.));
#4009=DIRECTION('',(0.,1.,0.));
#4010=DIRECTION('',(-1.,0.,0.));
#4011=DIRECTION('',(1.,0.,0.));
#4012=DIRECTION('',(0.,1.,0.));
#4013=DIRECTION('',(0.,-0.087155742747659,0.996194698091746));
#4014=DIRECTION('',(0.,-0.996194698091746,-0.087155742747659));
#4015=DIRECTION('',(0.,0.996194698091745,0.087155742747659));
#4016=DIRECTION('',(-1.,0.,0.));
#4017=DIRECTION('',(0.,0.996194698091745,0.087155742747659));
#4018=DIRECTION('',(0.,-1.,0.));
#4019=DIRECTION('',(0.,0.,-1.));
#4020=DIRECTION('',(0.,0.,1.));
#4021=DIRECTION('',(-1.,0.,0.));
#4022=DIRECTION('',(0.,0.,1.));
#4023=DIRECTION('',(0.,0.0871557427476583,-0.996194698091745));
#4024=DIRECTION('',(0.,0.996194698091746,0.0871557427476583));
#4025=DIRECTION('',(0.,-0.996194698091746,-0.0871557427476583));
#4026=DIRECTION('',(-1.,0.,0.));
#4027=DIRECTION('',(0.,-0.996194698091746,-0.0871557427476583));
#4028=DIRECTION('',(-1.,0.,0.));
#4029=DIRECTION('',(0.,0.,1.));
#4030=DIRECTION('',(-1.,0.,0.));
#4031=DIRECTION('',(0.,1.,0.));
#4032=DIRECTION('',(-1.,0.,0.));
#4033=DIRECTION('',(-1.,0.,0.));
#4034=DIRECTION('',(0.,1.,0.));
#4035=DIRECTION('',(0.,0.998629534754574,-0.0523359562429431));
#4036=DIRECTION('',(0.,0.0523359562429431,0.998629534754574));
#4037=DIRECTION('',(0.,-0.0523359562429431,-0.998629534754574));
#4038=DIRECTION('',(-1.,0.,0.));
#4039=DIRECTION('',(0.,-0.0523359562429431,-0.998629534754574));
#4040=DIRECTION('',(-1.,0.,0.));
#4041=DIRECTION('',(0.,0.,1.));
#4042=DIRECTION('',(1.,0.,0.));
#4043=DIRECTION('',(0.,1.,0.));
#4044=DIRECTION('',(-1.,0.,0.));
#4045=DIRECTION('',(1.,0.,0.));
#4046=DIRECTION('',(0.,1.,0.));
#4047=DIRECTION('',(-1.,0.,0.));
#4048=DIRECTION('',(0.,0.,1.));
#4049=DIRECTION('',(-1.,0.,0.));
#4050=DIRECTION('',(0.,1.,0.));
#4051=DIRECTION('',(-1.,0.,0.));
#4052=DIRECTION('',(-1.,0.,0.));
#4053=DIRECTION('',(0.,1.,0.));
#4054=DIRECTION('',(-1.,0.,0.));
#4055=DIRECTION('',(0.,-0.998629534754574,0.0523359562429453));
#4056=DIRECTION('',(0.,-0.0523359562429454,-0.998629534754574));
#4057=DIRECTION('',(0.,0.0523359562429453,0.998629534754574));
#4058=DIRECTION('',(-1.,0.,0.));
#4059=DIRECTION('',(0.,0.0523359562429453,0.998629534754574));
#4060=DIRECTION('',(-1.,0.,0.));
#4061=DIRECTION('',(0.,0.,1.));
#4062=DIRECTION('',(1.,0.,0.));
#4063=DIRECTION('',(0.,1.,0.));
#4064=DIRECTION('',(-1.,0.,0.));
#4065=DIRECTION('',(1.,0.,0.));
#4066=DIRECTION('',(0.,1.,0.));
#4067=DIRECTION('',(0.,-0.087155742747659,0.996194698091746));
#4068=DIRECTION('',(0.,-0.996194698091746,-0.087155742747659));
#4069=DIRECTION('',(0.,0.996194698091745,0.087155742747659));
#4070=DIRECTION('',(-1.,0.,0.));
#4071=DIRECTION('',(0.,0.996194698091745,0.087155742747659));
#4072=DIRECTION('',(0.,-1.,0.));
#4073=DIRECTION('',(0.,0.,-1.));
#4074=DIRECTION('',(0.,0.,1.));
#4075=DIRECTION('',(-1.,0.,0.));
#4076=DIRECTION('',(0.,0.,1.));
#4077=DIRECTION('',(0.,0.0871557427476583,-0.996194698091745));
#4078=DIRECTION('',(0.,0.996194698091746,0.0871557427476583));
#4079=DIRECTION('',(0.,-0.996194698091746,-0.0871557427476583));
#4080=DIRECTION('',(-1.,0.,0.));
#4081=DIRECTION('',(0.,-0.996194698091746,-0.0871557427476583));
#4082=DIRECTION('',(-1.,0.,0.));
#4083=DIRECTION('',(0.,0.,1.));
#4084=DIRECTION('',(-1.,0.,0.));
#4085=DIRECTION('',(0.,1.,0.));
#4086=DIRECTION('',(-1.,0.,0.));
#4087=DIRECTION('',(-1.,0.,0.));
#4088=DIRECTION('',(0.,1.,0.));
#4089=DIRECTION('',(0.,0.998629534754574,-0.0523359562429431));
#4090=DIRECTION('',(0.,0.0523359562429431,0.998629534754574));
#4091=DIRECTION('',(0.,-0.0523359562429431,-0.998629534754574));
#4092=DIRECTION('',(-1.,0.,0.));
#4093=DIRECTION('',(0.,-0.0523359562429431,-0.998629534754574));
#4094=DIRECTION('',(-1.,0.,0.));
#4095=DIRECTION('',(0.,0.,1.));
#4096=DIRECTION('',(1.,0.,0.));
#4097=DIRECTION('',(0.,1.,0.));
#4098=DIRECTION('',(-1.,0.,0.));
#4099=DIRECTION('',(1.,0.,0.));
#4100=DIRECTION('',(0.,1.,0.));
#4101=DIRECTION('',(-1.,0.,0.));
#4102=DIRECTION('',(0.,0.,1.));
#4103=DIRECTION('',(-1.,0.,0.));
#4104=DIRECTION('',(0.,1.,0.));
#4105=DIRECTION('',(-1.,0.,0.));
#4106=DIRECTION('',(-1.,0.,0.));
#4107=DIRECTION('',(0.,1.,0.));
#4108=DIRECTION('',(-1.,0.,0.));
#4109=DIRECTION('',(0.,0.0871557427476583,-0.996194698091745));
#4110=DIRECTION('',(0.,0.996194698091746,0.0871557427476583));
#4111=DIRECTION('',(0.,-0.996194698091746,-0.0871557427476583));
#4112=DIRECTION('',(0.,-0.996194698091746,-0.0871557427476583));
#4113=DIRECTION('',(-1.,0.,0.));
#4114=DIRECTION('',(0.,-1.,0.));
#4115=DIRECTION('',(0.,0.,-1.));
#4116=DIRECTION('',(0.,0.,1.));
#4117=DIRECTION('',(0.,0.,1.));
#4118=DIRECTION('',(-1.,0.,0.));
#4119=DIRECTION('',(0.,-0.087155742747659,0.996194698091746));
#4120=DIRECTION('',(0.,-0.996194698091746,-0.087155742747659));
#4121=DIRECTION('',(0.,0.996194698091745,0.087155742747659));
#4122=DIRECTION('',(0.,0.996194698091745,0.087155742747659));
#4123=DIRECTION('',(-1.,0.,0.));
#4124=DIRECTION('',(-1.,0.,0.));
#4125=DIRECTION('',(0.,0.,1.));
#4126=DIRECTION('',(1.,0.,0.));
#4127=DIRECTION('',(0.,1.,0.));
#4128=DIRECTION('',(1.,0.,0.));
#4129=DIRECTION('',(0.,1.,0.));
#4130=DIRECTION('',(-1.,0.,0.));
#4131=DIRECTION('',(0.,-0.998629534754574,0.0523359562429453));
#4132=DIRECTION('',(0.,-0.0523359562429454,-0.998629534754574));
#4133=DIRECTION('',(0.,0.0523359562429453,0.998629534754574));
#4134=DIRECTION('',(0.,0.0523359562429453,0.998629534754574));
#4135=DIRECTION('',(-1.,0.,0.));
#4136=DIRECTION('',(-1.,0.,0.));
#4137=DIRECTION('',(0.,0.,1.));
#4138=DIRECTION('',(-1.,0.,0.));
#4139=DIRECTION('',(0.,1.,0.));
#4140=DIRECTION('',(-1.,0.,0.));
#4141=DIRECTION('',(0.,1.,0.));
#4142=DIRECTION('',(-1.,0.,0.));
#4143=DIRECTION('',(-1.,0.,0.));
#4144=DIRECTION('',(0.,0.,1.));
#4145=DIRECTION('',(1.,0.,0.));
#4146=DIRECTION('',(0.,1.,0.));
#4147=DIRECTION('',(-1.,0.,0.));
#4148=DIRECTION('',(1.,0.,0.));
#4149=DIRECTION('',(0.,1.,0.));
#4150=DIRECTION('',(-1.,0.,0.));
#4151=DIRECTION('',(0.,0.998629534754574,-0.0523359562429431));
#4152=DIRECTION('',(0.,0.0523359562429431,0.998629534754574));
#4153=DIRECTION('',(0.,-0.0523359562429431,-0.998629534754574));
#4154=DIRECTION('',(0.,-0.0523359562429431,-0.998629534754574));
#4155=DIRECTION('',(-1.,0.,0.));
#4156=DIRECTION('',(0.,0.,1.));
#4157=DIRECTION('',(-1.,0.,0.));
#4158=DIRECTION('',(0.,1.,0.));
#4159=DIRECTION('',(-1.,0.,0.));
#4160=DIRECTION('',(-1.,0.,0.));
#4161=DIRECTION('',(0.,1.,0.));
#4162=DIRECTION('',(-1.,0.,0.));
#4163=DIRECTION('',(0.,-0.998629534754574,0.0523359562429453));
#4164=DIRECTION('',(0.,-0.0523359562429454,-0.998629534754574));
#4165=DIRECTION('',(0.,0.0523359562429453,0.998629534754574));
#4166=DIRECTION('',(-1.,0.,0.));
#4167=DIRECTION('',(0.,0.0523359562429453,0.998629534754574));
#4168=DIRECTION('',(-1.,0.,0.));
#4169=DIRECTION('',(0.,0.,1.));
#4170=DIRECTION('',(1.,0.,0.));
#4171=DIRECTION('',(0.,1.,0.));
#4172=DIRECTION('',(-1.,0.,0.));
#4173=DIRECTION('',(1.,0.,0.));
#4174=DIRECTION('',(0.,1.,0.));
#4175=DIRECTION('',(0.,-0.087155742747659,0.996194698091746));
#4176=DIRECTION('',(0.,-0.996194698091746,-0.087155742747659));
#4177=DIRECTION('',(0.,0.996194698091745,0.087155742747659));
#4178=DIRECTION('',(-1.,0.,0.));
#4179=DIRECTION('',(0.,0.996194698091745,0.087155742747659));
#4180=DIRECTION('',(0.,-1.,0.));
#4181=DIRECTION('',(0.,0.,-1.));
#4182=DIRECTION('',(0.,0.,1.));
#4183=DIRECTION('',(-1.,0.,0.));
#4184=DIRECTION('',(0.,0.,1.));
#4185=DIRECTION('',(0.,0.0871557427476583,-0.996194698091745));
#4186=DIRECTION('',(0.,0.996194698091746,0.0871557427476583));
#4187=DIRECTION('',(0.,-0.996194698091746,-0.0871557427476583));
#4188=DIRECTION('',(-1.,0.,0.));
#4189=DIRECTION('',(0.,-0.996194698091746,-0.0871557427476583));
#4190=DIRECTION('',(-1.,0.,0.));
#4191=DIRECTION('',(0.,0.,1.));
#4192=DIRECTION('',(-1.,0.,0.));
#4193=DIRECTION('',(0.,1.,0.));
#4194=DIRECTION('',(-1.,0.,0.));
#4195=DIRECTION('',(-1.,0.,0.));
#4196=DIRECTION('',(0.,1.,0.));
#4197=DIRECTION('',(0.,0.998629534754574,-0.0523359562429431));
#4198=DIRECTION('',(0.,0.0523359562429431,0.998629534754574));
#4199=DIRECTION('',(0.,-0.0523359562429431,-0.998629534754574));
#4200=DIRECTION('',(-1.,0.,0.));
#4201=DIRECTION('',(0.,-0.0523359562429431,-0.998629534754574));
#4202=DIRECTION('',(-1.,0.,0.));
#4203=DIRECTION('',(0.,0.,1.));
#4204=DIRECTION('',(1.,0.,0.));
#4205=DIRECTION('',(0.,1.,0.));
#4206=DIRECTION('',(-1.,0.,0.));
#4207=DIRECTION('',(1.,0.,0.));
#4208=DIRECTION('',(0.,1.,0.));
#4209=DIRECTION('',(-1.,0.,0.));
#4210=DIRECTION('',(0.,0.,1.));
#4211=DIRECTION('',(0.,-1.,0.));
#4212=DIRECTION('',(0.,-0.0523359562429438,-0.998629534754574));
#4213=DIRECTION('',(0.,1.,0.));
#4214=DIRECTION('',(0.,0.,1.));
#4215=DIRECTION('',(1.,0.,0.));
#4216=DIRECTION('',(0.,1.,0.));
#4217=DIRECTION('',(-1.,0.,0.));
#4218=DIRECTION('',(-1.,0.,0.));
#4219=DIRECTION('',(0.,0.,1.));
#4220=DIRECTION('',(0.,-0.0523359562429438,-0.998629534754574));
#4221=DIRECTION('',(0.,-1.,0.));
#4222=DIRECTION('',(0.,0.,-1.));
#4223=DIRECTION('',(-1.,0.,0.));
#4224=DIRECTION('',(1.,0.,0.));
#4225=DIRECTION('',(-1.,0.,0.));
#4226=DIRECTION('',(0.,0.,1.));
#4227=DIRECTION('',(0.,-1.,0.));
#4228=DIRECTION('',(0.,-0.0523359562429438,-0.998629534754574));
#4229=DIRECTION('',(0.,1.,0.));
#4230=DIRECTION('',(0.,0.,1.));
#4231=DIRECTION('',(1.,0.,0.));
#4232=DIRECTION('',(0.,1.,0.));
#4233=DIRECTION('',(-1.,0.,0.));
#4234=DIRECTION('',(-1.,0.,0.));
#4235=DIRECTION('',(0.,0.,1.));
#4236=DIRECTION('',(0.,-0.0523359562429438,-0.998629534754574));
#4237=DIRECTION('',(0.,-1.,0.));
#4238=DIRECTION('',(0.,0.,-1.));
#4239=DIRECTION('',(-1.,0.,0.));
#4240=DIRECTION('',(1.,0.,0.));
#4241=DIRECTION('',(0.,0.,1.));
#4242=DIRECTION('',(1.,0.,0.));
#4243=DIRECTION('',(0.,1.,0.));
#4244=DIRECTION('',(0.,1.,0.));
#4245=DIRECTION('',(-1.,0.,0.));
#4246=DIRECTION('',(-1.,0.,0.));
#4247=DIRECTION('',(0.,0.,1.));
#4248=DIRECTION('',(0.,-0.0523359562429438,-0.998629534754574));
#4249=DIRECTION('',(0.,-1.,0.));
#4250=DIRECTION('',(0.,0.,-1.));
#4251=DIRECTION('',(-1.,0.,0.));
#4252=DIRECTION('',(1.,0.,0.));
#4253=DIRECTION('',(0.,-1.,0.));
#4254=DIRECTION('',(-1.,0.,0.));
#4255=DIRECTION('',(0.,0.,1.));
#4256=DIRECTION('',(0.,-0.0523359562429438,-0.998629534754574));
#4257=DIRECTION('',(-1.,0.,0.));
#4258=DIRECTION('',(0.,0.,1.));
#4259=DIRECTION('',(0.,-1.,0.));
#4260=DIRECTION('',(0.,-0.0523359562429438,-0.998629534754574));
#4261=DIRECTION('',(0.,1.,0.));
#4262=DIRECTION('',(0.,0.,1.));
#4263=DIRECTION('',(1.,0.,0.));
#4264=DIRECTION('',(0.,1.,0.));
#4265=DIRECTION('',(-1.,0.,0.));
#4266=DIRECTION('',(-1.,0.,0.));
#4267=DIRECTION('',(0.,0.,1.));
#4268=DIRECTION('',(0.,-0.0523359562429438,-0.998629534754574));
#4269=DIRECTION('',(0.,-1.,0.));
#4270=DIRECTION('',(0.,0.,-1.));
#4271=DIRECTION('',(-1.,0.,0.));
#4272=DIRECTION('',(1.,0.,0.));
#4273=DIRECTION('',(0.,-0.998629534754574,-0.0523359562429438));
#4274=DIRECTION('',(0.,0.0523359562429438,-0.998629534754574));
#4275=DIRECTION('',(-0.0522644276887139,-0.0522644276887139,0.997264688634237));
#4276=DIRECTION('',(1.,0.,0.));
#4277=DIRECTION('',(0.0522644276887139,-0.0522644276887139,0.997264688634237));
#4278=DIRECTION('',(-1.,0.,0.));
#4279=DIRECTION('',(-0.998629534754574,1.11620238256608E-16,-0.0523359562429438));
#4280=DIRECTION('',(-0.0523359562429438,0.,0.998629534754574));
#4281=DIRECTION('',(-0.0522644276887139,0.0522644276887139,0.997264688634237));
#4282=DIRECTION('',(-1.11773419843866E-16,-1.,-7.69316209733331E-34));
#4283=DIRECTION('',(-0.0522644276887139,-0.0522644276887139,0.997264688634237));
#4284=DIRECTION('',(1.11773419843866E-16,1.,0.));
#4285=DIRECTION('',(0.,0.998629534754574,-0.0523359562429438));
#4286=DIRECTION('',(0.,0.0523359562429438,0.998629534754574));
#4287=DIRECTION('',(0.0522644276887139,0.0522644276887139,0.997264688634237));
#4288=DIRECTION('',(-1.,0.,0.));
#4289=DIRECTION('',(-0.0522644276887139,0.0522644276887139,0.997264688634237));
#4290=DIRECTION('',(1.,0.,0.));
#4291=DIRECTION('',(0.998629534754574,-1.11620238256608E-16,-0.0523359562429438));
#4292=DIRECTION('',(-0.0523359562429438,0.,-0.998629534754574));
#4293=DIRECTION('',(0.0522644276887139,-0.0522644276887139,0.997264688634237));
#4294=DIRECTION('',(1.11773419843866E-16,1.,-7.69316209733331E-34));
#4295=DIRECTION('',(0.0522644276887139,0.0522644276887139,0.997264688634237));
#4296=DIRECTION('',(-1.11773419843866E-16,-1.,0.));
#4297=DIRECTION('',(0.,-0.998629534754574,0.0523359562429438));
#4298=DIRECTION('',(0.,-0.0523359562429438,-0.998629534754574));
#4299=DIRECTION('',(-0.0522644276887139,0.0522644276887139,0.997264688634237));
#4300=DIRECTION('',(1.,0.,0.));
#4301=DIRECTION('',(0.0522644276887139,0.0522644276887139,0.997264688634237));
#4302=DIRECTION('',(-1.,0.,0.));
#4303=DIRECTION('',(1.,0.,0.));
#4304=DIRECTION('',(0.,0.,1.));
#4305=DIRECTION('',(1.,0.,0.));
#4306=DIRECTION('',(0.,-1.,0.));
#4307=DIRECTION('',(1.,0.,0.));
#4308=DIRECTION('',(1.,0.,0.));
#4309=DIRECTION('',(0.,-1.,0.));
#4310=DIRECTION('',(1.,0.,0.));
#4311=DIRECTION('',(0.,-0.0871557427476583,-0.996194698091745));
#4312=DIRECTION('',(0.,-0.996194698091746,0.0871557427476583));
#4313=DIRECTION('',(0.,0.996194698091746,-0.0871557427476583));
#4314=DIRECTION('',(0.,0.996194698091746,-0.0871557427476583));
#4315=DIRECTION('',(1.,0.,0.));
#4316=DIRECTION('',(0.,1.,0.));
#4317=DIRECTION('',(0.,0.,-1.));
#4318=DIRECTION('',(0.,0.,1.));
#4319=DIRECTION('',(0.,0.,1.));
#4320=DIRECTION('',(1.,0.,0.));
#4321=DIRECTION('',(0.,0.087155742747659,0.996194698091746));
#4322=DIRECTION('',(0.,0.996194698091746,-0.087155742747659));
#4323=DIRECTION('',(0.,-0.996194698091745,0.087155742747659));
#4324=DIRECTION('',(0.,-0.996194698091745,0.087155742747659));
#4325=DIRECTION('',(1.,0.,0.));
#4326=DIRECTION('',(1.,0.,0.));
#4327=DIRECTION('',(0.,0.,1.));
#4328=DIRECTION('',(-1.,0.,0.));
#4329=DIRECTION('',(0.,-1.,0.));
#4330=DIRECTION('',(-1.,0.,0.));
#4331=DIRECTION('',(0.,-1.,0.));
#4332=DIRECTION('',(1.,0.,0.));
#4333=DIRECTION('',(0.,0.998629534754574,0.0523359562429453));
#4334=DIRECTION('',(0.,0.0523359562429454,-0.998629534754574));
#4335=DIRECTION('',(0.,-0.0523359562429453,0.998629534754574));
#4336=DIRECTION('',(0.,-0.0523359562429453,0.998629534754574));
#4337=DIRECTION('',(1.,0.,0.));
#4338=DIRECTION('',(1.,0.,0.));
#4339=DIRECTION('',(0.,0.,1.));
#4340=DIRECTION('',(1.,0.,0.));
#4341=DIRECTION('',(0.,-1.,0.));
#4342=DIRECTION('',(1.,0.,0.));
#4343=DIRECTION('',(0.,-1.,0.));
#4344=DIRECTION('',(1.,0.,0.));
#4345=DIRECTION('',(1.,0.,0.));
#4346=DIRECTION('',(0.,0.,1.));
#4347=DIRECTION('',(-1.,0.,0.));
#4348=DIRECTION('',(0.,-1.,0.));
#4349=DIRECTION('',(1.,0.,0.));
#4350=DIRECTION('',(-1.,0.,0.));
#4351=DIRECTION('',(0.,-1.,0.));
#4352=DIRECTION('',(1.,0.,0.));
#4353=DIRECTION('',(0.,-0.998629534754574,-0.0523359562429431));
#4354=DIRECTION('',(0.,-0.0523359562429431,0.998629534754574));
#4355=DIRECTION('',(0.,0.0523359562429431,-0.998629534754574));
#4356=DIRECTION('',(0.,0.0523359562429431,-0.998629534754574));
#4357=DIRECTION('',(1.,0.,0.));
#4358=DIRECTION('',(0.,0.,1.));
#4359=DIRECTION('',(1.,0.,0.));
#4360=DIRECTION('',(0.,-1.,0.));
#4361=DIRECTION('',(1.,0.,0.));
#4362=DIRECTION('',(1.,0.,0.));
#4363=DIRECTION('',(0.,-1.,0.));
#4364=DIRECTION('',(1.,0.,0.));
#4365=DIRECTION('',(0.,0.998629534754574,0.0523359562429453));
#4366=DIRECTION('',(0.,0.0523359562429454,-0.998629534754574));
#4367=DIRECTION('',(0.,-0.0523359562429453,0.998629534754574));
#4368=DIRECTION('',(1.,0.,0.));
#4369=DIRECTION('',(0.,-0.0523359562429453,0.998629534754574));
#4370=DIRECTION('',(1.,0.,0.));
#4371=DIRECTION('',(0.,0.,1.));
#4372=DIRECTION('',(-1.,0.,0.));
#4373=DIRECTION('',(0.,-1.,0.));
#4374=DIRECTION('',(1.,0.,0.));
#4375=DIRECTION('',(-1.,0.,0.));
#4376=DIRECTION('',(0.,-1.,0.));
#4377=DIRECTION('',(0.,0.087155742747659,0.996194698091746));
#4378=DIRECTION('',(0.,0.996194698091746,-0.087155742747659));
#4379=DIRECTION('',(0.,-0.996194698091745,0.087155742747659));
#4380=DIRECTION('',(1.,0.,0.));
#4381=DIRECTION('',(0.,-0.996194698091745,0.087155742747659));
#4382=DIRECTION('',(0.,1.,0.));
#4383=DIRECTION('',(0.,0.,-1.));
#4384=DIRECTION('',(0.,0.,1.));
#4385=DIRECTION('',(1.,0.,0.));
#4386=DIRECTION('',(0.,0.,1.));
#4387=DIRECTION('',(0.,-0.0871557427476583,-0.996194698091745));
#4388=DIRECTION('',(0.,-0.996194698091746,0.0871557427476583));
#4389=DIRECTION('',(0.,0.996194698091746,-0.0871557427476583));
#4390=DIRECTION('',(1.,0.,0.));
#4391=DIRECTION('',(0.,0.996194698091746,-0.0871557427476583));
#4392=DIRECTION('',(1.,0.,0.));
#4393=DIRECTION('',(0.,0.,1.));
#4394=DIRECTION('',(1.,0.,0.));
#4395=DIRECTION('',(0.,-1.,0.));
#4396=DIRECTION('',(1.,0.,0.));
#4397=DIRECTION('',(1.,0.,0.));
#4398=DIRECTION('',(0.,-1.,0.));
#4399=DIRECTION('',(0.,-0.998629534754574,-0.0523359562429431));
#4400=DIRECTION('',(0.,-0.0523359562429431,0.998629534754574));
#4401=DIRECTION('',(0.,0.0523359562429431,-0.998629534754574));
#4402=DIRECTION('',(1.,0.,0.));
#4403=DIRECTION('',(0.,0.0523359562429431,-0.998629534754574));
#4404=DIRECTION('',(1.,0.,0.));
#4405=DIRECTION('',(0.,0.,1.));
#4406=DIRECTION('',(-1.,0.,0.));
#4407=DIRECTION('',(0.,-1.,0.));
#4408=DIRECTION('',(1.,0.,0.));
#4409=DIRECTION('',(-1.,0.,0.));
#4410=DIRECTION('',(0.,-1.,0.));
#4411=DIRECTION('',(0.,0.,1.));
#4412=DIRECTION('',(1.,0.,0.));
#4413=DIRECTION('',(0.,0.,-1.));
#4414=DIRECTION('',(-1.1578632897065E-16,1.,0.));
#4415=DIRECTION('',(0.,-1.,0.));
#4416=DIRECTION('',(1.,0.,0.));
#4417=DIRECTION('',(0.,1.,0.));
#4418=DIRECTION('',(-1.,0.,0.));
#4419=DIRECTION('',(-0.998629534754574,0.,0.0523359562429438));
#4420=DIRECTION('',(0.0523359562429438,0.,0.998629534754574));
#4421=DIRECTION('',(0.0522644276887139,0.0522644276887139,0.997264688634237));
#4422=DIRECTION('',(0.,-1.,0.));
#4423=DIRECTION('',(0.0522644276887139,-0.0522644276887139,0.997264688634237));
#4424=DIRECTION('',(0.,1.,0.));
#4425=DIRECTION('',(0.,0.,1.));
#4426=DIRECTION('',(1.,0.,0.));
#4427=DIRECTION('',(0.,0.,1.));
#4428=DIRECTION('',(0.707106781186548,0.707106781186548,0.));
#4429=DIRECTION('',(0.,0.,1.));
#4430=DIRECTION('',(-0.707106781186548,0.707106781186548,0.));
#4431=DIRECTION('',(0.,0.,1.));
#4432=DIRECTION('',(-0.707106781186548,-0.707106781186548,0.));
#4433=DIRECTION('',(0.,0.,1.));
#4434=DIRECTION('',(0.707106781186548,-0.707106781186548,0.));
#4435=DIRECTION('',(1.,0.,0.));
#4436=DIRECTION('',(0.,0.,1.));
#4437=DIRECTION('',(0.707106781186548,0.707106781186548,0.));
#4438=DIRECTION('',(0.,-1.,0.));
#4439=DIRECTION('',(0.,0.,1.));
#4440=DIRECTION('',(0.707106781186548,-0.707106781186548,0.));
#4441=DIRECTION('',(0.,0.,1.));
#4442=DIRECTION('',(-0.707106781186548,-0.707106781186548,0.));
#4443=DIRECTION('',(0.,0.,1.));
#4444=DIRECTION('',(-0.707106781186548,0.707106781186548,0.));
#4445=DIRECTION('',(0.998629534754574,0.,0.0523359562429438));
#4446=DIRECTION('',(0.0523359562429438,0.,-0.998629534754574));
#4447=DIRECTION('',(-0.0522644276887139,-0.0522644276887139,0.997264688634237));
#4448=DIRECTION('',(0.,1.,0.));
#4449=DIRECTION('',(-0.0522644276887139,0.0522644276887139,0.997264688634237));
#4450=DIRECTION('',(0.,0.,1.));
#4451=DIRECTION('',(-1.,0.,0.));
#4452=DIRECTION('',(0.,-1.,0.));
#4453=DIRECTION('',(0.,-1.,0.));
#4454=DIRECTION('',(1.,0.,0.));
#4455=DIRECTION('',(1.,0.,0.));
#4456=DIRECTION('',(0.,0.,1.));
#4457=DIRECTION('',(0.,0.0523359562429438,-0.998629534754574));
#4458=DIRECTION('',(0.,1.,0.));
#4459=DIRECTION('',(0.,0.,-1.));
#4460=DIRECTION('',(1.,0.,0.));
#4461=DIRECTION('',(-1.,0.,0.));
#4462=DIRECTION('',(0.,1.,0.));
#4463=DIRECTION('',(1.,0.,0.));
#4464=DIRECTION('',(0.,0.,1.));
#4465=DIRECTION('',(0.,0.0523359562429438,-0.998629534754574));
#4466=DIRECTION('',(1.,0.,0.));
#4467=DIRECTION('',(0.,0.,1.));
#4468=DIRECTION('',(0.,1.,0.));
#4469=DIRECTION('',(0.,0.0523359562429438,-0.998629534754574));
#4470=DIRECTION('',(0.,-1.,0.));
#4471=DIRECTION('',(0.,0.,1.));
#4472=DIRECTION('',(-1.,0.,0.));
#4473=DIRECTION('',(0.,-1.,0.));
#4474=DIRECTION('',(1.,0.,0.));
#4475=DIRECTION('',(1.,0.,0.));
#4476=DIRECTION('',(0.,0.,1.));
#4477=DIRECTION('',(0.,0.0523359562429438,-0.998629534754574));
#4478=DIRECTION('',(0.,1.,0.));
#4479=DIRECTION('',(0.,0.,-1.));
#4480=DIRECTION('',(1.,0.,0.));
#4481=DIRECTION('',(-1.,0.,0.));
#4482=DIRECTION('',(0.,0.998629534754574,0.0523359562429438));
#4483=DIRECTION('',(0.,-0.0523359562429438,0.998629534754574));
#4484=DIRECTION('',(0.,0.0523359562429438,-0.998629534754574));
#4485=DIRECTION('',(-1.,0.,0.));
#4486=DIRECTION('',(0.,0.0523359562429438,-0.998629534754574));
#4487=DIRECTION('',(1.,0.,0.));
#4488=DIRECTION('',(0.0522644276887139,-0.0522644276887139,0.997264688634237));
#4489=DIRECTION('',(-1.,0.,0.));
#4490=DIRECTION('',(-0.0522644276887139,-0.0522644276887139,0.997264688634237));
#4491=DIRECTION('',(1.,0.,0.));
#4492=DIRECTION('',(0.,0.,1.));
#4493=DIRECTION('',(0.,0.0523359562429431,-0.998629534754574));
#4494=DIRECTION('',(-1.,0.,0.));
#4495=DIRECTION('',(0.,-1.,0.));
#4496=DIRECTION('',(0.,1.,0.));
#4497=DIRECTION('',(0.,-1.,0.));
#4498=DIRECTION('',(1.,0.,0.));
#4499=DIRECTION('',(0.,-1.,0.));
#4500=DIRECTION('',(0.,-0.0523359562429453,0.998629534754574));
#4501=DIRECTION('',(-1.,0.,0.));
#4502=DIRECTION('',(0.,-1.,0.));
#4503=DIRECTION('',(0.,-0.996194698091745,0.087155742747659));
#4504=DIRECTION('',(0.,0.,1.));
#4505=DIRECTION('',(0.,0.996194698091746,-0.0871557427476583));
#4506=DIRECTION('',(1.,0.,0.));
#4507=DIRECTION('',(0.,-1.,0.));
#4508=DIRECTION('',(1.,0.,0.));
#4509=DIRECTION('',(0.,0.,1.));
#4510=DIRECTION('',(0.,0.0523359562429431,-0.998629534754574));
#4511=DIRECTION('',(1.,0.,0.));
#4512=DIRECTION('',(0.,-1.,0.));
#4513=DIRECTION('',(0.,0.996194698091746,-0.0871557427476583));
#4514=DIRECTION('',(0.,0.,1.));
#4515=DIRECTION('',(0.,-0.996194698091745,0.087155742747659));
#4516=DIRECTION('',(-1.,0.,0.));
#4517=DIRECTION('',(0.,-1.,0.));
#4518=DIRECTION('',(0.,-0.0523359562429453,0.998629534754574));
#4519=DIRECTION('',(1.,0.,0.));
#4520=DIRECTION('',(0.,-1.,0.));
#4521=DIRECTION('',(0.,-1.,0.));
#4522=DIRECTION('',(0.,1.,0.));
#4523=DIRECTION('',(-1.,0.,0.));
#4524=DIRECTION('',(0.,-1.,0.));
#4525=DIRECTION('',(1.,0.,0.));
#4526=DIRECTION('',(0.,0.,1.));
#4527=DIRECTION('',(1.,0.,0.));
#4528=DIRECTION('',(1.,0.,0.));
#4529=DIRECTION('',(0.,0.,-1.));
#4530=DIRECTION('',(1.,0.,0.));
#4531=DIRECTION('',(0.,0.,1.));
#4532=DIRECTION('',(-1.,0.,0.));
#4533=DIRECTION('',(1.,0.,0.));
#4534=DIRECTION('',(1.,0.,0.));
#4535=DIRECTION('',(0.,0.,1.));
#4536=DIRECTION('',(1.,0.,0.));
#4537=DIRECTION('',(0.,0.998629534754574,0.0523359562429453));
#4538=DIRECTION('',(0.,0.0523359562429454,-0.998629534754574));
#4539=DIRECTION('',(1.,0.,0.));
#4540=DIRECTION('',(1.,0.,0.));
#4541=DIRECTION('',(0.,0.,1.));
#4542=DIRECTION('',(1.,0.,0.));
#4543=DIRECTION('',(0.,0.087155742747659,0.996194698091746));
#4544=DIRECTION('',(0.,0.996194698091746,-0.087155742747659));
#4545=DIRECTION('',(1.,0.,0.));
#4546=DIRECTION('',(0.,1.,0.));
#4547=DIRECTION('',(0.,0.,-1.));
#4548=DIRECTION('',(1.,0.,0.));
#4549=DIRECTION('',(0.,-0.0871557427476583,-0.996194698091745));
#4550=DIRECTION('',(0.,-0.996194698091746,0.0871557427476583));
#4551=DIRECTION('',(1.,0.,0.));
#4552=DIRECTION('',(1.,0.,0.));
#4553=DIRECTION('',(0.,0.,1.));
#4554=DIRECTION('',(1.,0.,0.));
#4555=DIRECTION('',(0.,-0.998629534754574,-0.0523359562429431));
#4556=DIRECTION('',(0.,-0.0523359562429431,0.998629534754574));
#4557=DIRECTION('',(-0.0522644276887139,0.0522644276887139,-0.997264688634237));
#4558=DIRECTION('',(0.,0.998629534754574,0.0523359562429438));
#4559=DIRECTION('',(0.0522644276887161,-0.0522644276887157,0.997264688634237));
#4560=DIRECTION('',(0.998629534754574,0.,-0.052335956242946));
#4561=DIRECTION('',(0.0522644276887139,-0.0522644276887139,-0.997264688634237));
#4562=DIRECTION('',(0.,0.998629534754574,-0.0523359562429438));
#4563=DIRECTION('',(-0.0522644276887161,0.0522644276887157,0.997264688634237));
#4564=DIRECTION('',(0.998629534754574,0.,0.052335956242946));
#4565=DIRECTION('',(0.0522644276887139,0.0522644276887139,-0.997264688634237));
#4566=DIRECTION('',(-0.998629534754574,0.,-0.0523359562429438));
#4567=DIRECTION('',(-0.0522644276887157,-0.0522644276887166,0.997264688634237));
#4568=DIRECTION('',(0.,-0.998629534754574,-0.0523359562429465));
#4569=DIRECTION('',(-0.0522644276887139,-0.0522644276887139,-0.997264688634237));
#4570=DIRECTION('',(-0.998629534754574,0.,0.0523359562429438));
#4571=DIRECTION('',(0.0522644276887157,0.0522644276887166,0.997264688634237));
#4572=DIRECTION('',(0.,-0.998629534754574,0.0523359562429465));
#4573=DIRECTION('',(0.0522644276887139,-0.0522644276887139,-0.997264688634237));
#4574=DIRECTION('',(-0.998629534754574,0.,-0.0523359562429438));
#4575=DIRECTION('',(0.0522644276887139,-0.0522644276887139,-0.997264688634237));
#4576=DIRECTION('',(-0.998629534754574,0.,-0.0523359562429438));
#4577=DIRECTION('',(-0.0522644276887139,0.0522644276887139,-0.997264688634237));
#4578=DIRECTION('',(-0.998629534754574,0.,0.0523359562429438));
#4579=DIRECTION('',(-0.0522644276887139,0.0522644276887139,-0.997264688634237));
#4580=DIRECTION('',(-0.998629534754574,0.,0.0523359562429438));
#4581=DIRECTION('',(-0.0522644276887139,-0.0522644276887139,-0.997264688634237));
#4582=DIRECTION('',(-0.998629534754574,0.,0.0523359562429438));
#4583=DIRECTION('',(-0.0522644276887139,-0.0522644276887139,-0.997264688634237));
#4584=DIRECTION('',(-0.998629534754574,0.,0.0523359562429438));
#4585=DIRECTION('',(0.0522644276887139,0.0522644276887139,-0.997264688634237));
#4586=DIRECTION('',(-0.998629534754574,0.,-0.0523359562429438));
#4587=DIRECTION('',(0.0522644276887139,0.0522644276887139,-0.997264688634237));
#4588=DIRECTION('',(-0.998629534754574,0.,-0.0523359562429438));
#4589=DIRECTION('',(0.,0.,1.));
#4590=DIRECTION('',(1.,0.,0.));
#4591=DIRECTION('',(-1.,-2.48157730970939E-14,0.));
#4592=DIRECTION('',(2.48157730970939E-14,-1.,0.));
#4593=DIRECTION('',(0.,1.,0.));
#4594=DIRECTION('',(0.,0.,1.));
#4595=DIRECTION('',(0.,1.,0.));
#4596=DIRECTION('',(0.,0.,1.));
#4597=DIRECTION('',(0.,1.,0.));
#4598=DIRECTION('',(0.,0.,1.));
#4599=DIRECTION('',(1.,0.,0.));
#4600=DIRECTION('',(0.,0.,-1.));
#4601=DIRECTION('',(-1.,6.49378607472174E-16,1.23908819712629E-14));
#4602=DIRECTION('',(1.23908819712629E-14,0.,1.));
#4603=DIRECTION('',(0.,0.,1.));
#4604=DIRECTION('',(1.,0.,0.));
#4605=DIRECTION('',(-1.,1.2407886548547E-14,0.));
#4606=DIRECTION('',(-1.2407886548547E-14,-1.,0.));
#4607=DIRECTION('',(0.,0.,1.));
#4608=DIRECTION('',(1.,0.,0.));
#4609=DIRECTION('',(0.,1.,0.));
#4610=DIRECTION('',(0.,0.,1.));
#4611=DIRECTION('',(-1.,0.,0.));
#4612=DIRECTION('',(0.,0.,1.));
#4613=DIRECTION('',(-1.,-2.48157730970938E-14,0.));
#4614=DIRECTION('',(2.48157730970938E-14,-1.,0.));
#4615=DIRECTION('',(0.,-1.,0.));
#4616=DIRECTION('',(0.,0.,-1.));
#4617=DIRECTION('',(0.,1.,0.));
#4618=DIRECTION('',(0.,0.,1.));
#4619=DIRECTION('',(0.,0.,1.));
#4620=DIRECTION('',(1.,0.,0.));
#4621=DIRECTION('',(-1.11773419843866E-16,-1.,0.));
#4622=DIRECTION('',(1.,-1.11773419843866E-16,0.));
#4623=DIRECTION('',(-0.274721127897374,0.961523947640824,0.));
#4624=DIRECTION('',(-0.961523947640824,-0.274721127897374,0.));
#4625=DIRECTION('',(0.274721127897374,0.961523947640824,0.));
#4626=DIRECTION('',(-0.961523947640824,0.274721127897374,0.));
#4627=DIRECTION('',(-0.961523947640826,0.274721127897369,0.));
#4628=DIRECTION('',(-0.274721127897369,-0.961523947640826,0.));
#4629=DIRECTION('',(0.961523947640826,0.274721127897369,0.));
#4630=DIRECTION('',(-0.274721127897369,0.961523947640826,0.));
#4631=DIRECTION('',(1.,0.,0.));
#4632=DIRECTION('',(0.,0.,-1.));
#4633=DIRECTION('',(-0.961523947640826,-0.274721127897369,0.));
#4634=DIRECTION('',(0.274721127897369,-0.961523947640826,0.));
#4635=DIRECTION('',(-1.,0.,0.));
#4636=DIRECTION('',(0.,0.,1.));
#4637=DIRECTION('',(0.961523947640826,-0.274721127897369,0.));
#4638=DIRECTION('',(0.274721127897369,0.961523947640826,0.));
#4639=DIRECTION('',(-0.274721127897374,-0.961523947640824,0.));
#4640=DIRECTION('',(0.961523947640824,-0.274721127897374,0.));
#4641=DIRECTION('',(0.274721127897374,-0.961523947640824,0.));
#4642=DIRECTION('',(0.961523947640824,0.274721127897374,0.));
#4643=DIRECTION('',(1.11773419843866E-16,1.,0.));
#4644=DIRECTION('',(-1.,1.11773419843866E-16,0.));
#4645=DIRECTION('',(1.,0.,0.));
#4646=DIRECTION('',(0.,0.,-1.));
#4647=DIRECTION('',(0.,0.,1.));
#4648=DIRECTION('',(0.,1.,0.));
#4649=DIRECTION('',(0.,0.,1.));
#4650=DIRECTION('',(0.,-1.,0.));
#4651=DIRECTION('',(0.,0.,-1.));
#4652=DIRECTION('',(0.,0.,1.));
#4653=DIRECTION('',(1.,0.,0.));
#4654=DIRECTION('',(-1.,0.,0.));
#4655=DIRECTION('',(0.,0.,1.));
#4656=DIRECTION('',(0.,0.,1.));
#4657=DIRECTION('',(0.,-1.,0.));
#4658=DIRECTION('',(0.,1.,0.));
#4659=DIRECTION('',(0.,0.,1.));
#4660=DIRECTION('',(-1.,0.,0.));
#4661=DIRECTION('',(0.,0.,-1.));
#4662=DIRECTION('',(-1.,0.,0.));
#4663=DIRECTION('',(0.,0.,1.));
#4664=DIRECTION('',(1.,0.,0.));
#4665=DIRECTION('',(0.,0.,-1.));
#4666=DIRECTION('',(-1.1578632897065E-16,1.,0.));
#4667=DIRECTION('',(0.,0.,-1.));
#4668=DIRECTION('',(-1.,0.,0.));
#4669=CARTESIAN_POINT('',(0.,0.,0.));
#4670=CARTESIAN_POINT('',(0.,0.,-0.71));
#4671=CARTESIAN_POINT('',(0.,-1.87638972818082,-0.71));
#4672=CARTESIAN_POINT('',(2.37638972818082,-1.87638972818082,-0.71));
#4673=CARTESIAN_POINT('',(-2.37638972818082,-1.87638972818082,-0.71));
#4674=CARTESIAN_POINT('',(-2.37638972818082,2.65617206800606E-16,-0.71));
#4675=CARTESIAN_POINT('',(-2.37638972818082,1.87638972818082,-0.71));
#4676=CARTESIAN_POINT('',(0.,1.87638972818082,-0.71));
#4677=CARTESIAN_POINT('',(2.37638972818082,1.87638972818082,-0.71));
#4678=CARTESIAN_POINT('',(2.37638972818082,-2.65617206800606E-16,-0.71));
#4679=CARTESIAN_POINT('',(-1.625,-1.15,-0.71));
#4680=CARTESIAN_POINT('',(-1.625,-1.15,-0.71));
#4681=CARTESIAN_POINT('',(-1.625,1.15,-0.71));
#4682=CARTESIAN_POINT('',(1.625,-1.15,-0.71));
#4683=CARTESIAN_POINT('',(1.625,-1.15,-0.71));
#4684=CARTESIAN_POINT('',(1.625,1.15,-0.71));
#4685=CARTESIAN_POINT('',(1.625,1.15,-0.71));
#4686=CARTESIAN_POINT('',(-1.625,1.15,-0.71));
#4687=CARTESIAN_POINT('',(-0.835,2.18339983866839,-0.503259121772413));
#4688=CARTESIAN_POINT('',(-0.415,2.18339983866839,-0.503259121772413));
#4689=CARTESIAN_POINT('',(-0.415,2.16847378342246,-0.218453021416263));
#4690=CARTESIAN_POINT('',(-0.415,2.18336149738394,-0.502527526483141));
#4691=CARTESIAN_POINT('',(-0.835,2.16847404462563,-0.218458005469632));
#4692=CARTESIAN_POINT('',(-0.835,2.16847378342246,-0.218453021416263));
#4693=CARTESIAN_POINT('',(-0.835,2.18339983866839,-0.503259121772413));
#4694=CARTESIAN_POINT('',(-0.835,2.18336149738394,-0.502527526483141));
#4695=CARTESIAN_POINT('',(-0.835,2.18336134379851,-0.502524595898522));
#4696=CARTESIAN_POINT('',(-0.835,2.43301872748715,-0.489440606837787));
#4697=CARTESIAN_POINT('',(-0.415,2.43301872748715,-0.489440606837787));
#4698=CARTESIAN_POINT('',(-0.415,2.41122979180024,-0.738489281360723));
#4699=CARTESIAN_POINT('',(-0.835,2.43301872748715,-0.489440606837787));
#4700=CARTESIAN_POINT('',(-0.835,2.41122979180024,-0.738489281360723));
#4701=CARTESIAN_POINT('',(-0.835,2.41122979180024,-0.738489281360723));
#4702=CARTESIAN_POINT('',(-0.835,3.,-0.79));
#4703=CARTESIAN_POINT('',(-0.415,3.,-0.79));
#4704=CARTESIAN_POINT('',(-0.415,3.,-0.79));
#4705=CARTESIAN_POINT('',(-0.835,3.,-0.79));
#4706=CARTESIAN_POINT('',(-0.835,3.,-0.79));
#4707=CARTESIAN_POINT('',(-0.835,3.,-0.79));
#4708=CARTESIAN_POINT('',(-0.835,3.,-0.79));
#4709=CARTESIAN_POINT('',(-0.415,3.,-0.79));
#4710=CARTESIAN_POINT('',(-0.415,3.,-0.589236032491331));
#4711=CARTESIAN_POINT('',(-0.835,3.,-0.79));
#4712=CARTESIAN_POINT('',(-0.835,3.,-0.589236032491331));
#4713=CARTESIAN_POINT('',(-0.835,3.,-0.589236032491331));
#4714=CARTESIAN_POINT('',(-0.835,3.,-0.589236032491331));
#4715=CARTESIAN_POINT('',(-0.415,3.,-0.589236032491331));
#4716=CARTESIAN_POINT('',(-0.415,2.49360935329982,-0.544932591589503));
#4717=CARTESIAN_POINT('',(-0.835,3.,-0.589236032491331));
#4718=CARTESIAN_POINT('',(-0.835,2.49360935329982,-0.544932591589503));
#4719=CARTESIAN_POINT('',(-0.835,2.49360935329982,-0.544932591589503));
#4720=CARTESIAN_POINT('',(-0.835,2.50450382114328,-0.420408254328035));
#4721=CARTESIAN_POINT('',(-0.415,2.50450382114328,-0.420408254328035));
#4722=CARTESIAN_POINT('',(-0.415,2.3796752862381,-0.426953243435638));
#4723=CARTESIAN_POINT('',(-0.835,2.50450382114328,-0.420408254328035));
#4724=CARTESIAN_POINT('',(-0.835,2.3796752862381,-0.426953243435638));
#4725=CARTESIAN_POINT('',(-0.835,2.37967512929896,-0.426950248858403));
#4726=CARTESIAN_POINT('',(-0.835,2.37971362416883,-0.427684774732293));
#4727=CARTESIAN_POINT('',(-0.415,2.37971362416883,-0.427684774732293));
#4728=CARTESIAN_POINT('',(-0.415,2.36447493005675,-0.136913169437232));
#4729=CARTESIAN_POINT('',(-0.835,2.37971362416883,-0.427684774732293));
#4730=CARTESIAN_POINT('',(-0.835,2.36447493005675,-0.136913169437232));
#4731=CARTESIAN_POINT('',(-0.835,2.36447507897356,-0.136916010939264));
#4732=CARTESIAN_POINT('',(-0.835,2.11481769528492,-0.15));
#4733=CARTESIAN_POINT('',(-0.415,2.11481769528492,-0.15));
#4734=CARTESIAN_POINT('',(-0.415,2.11481769528492,0.1));
#4735=CARTESIAN_POINT('',(-0.835,2.11481769528492,-0.15));
#4736=CARTESIAN_POINT('',(-0.835,2.11481769528492,0.1));
#4737=CARTESIAN_POINT('',(-0.835,2.11481769528492,0.1));
#4738=CARTESIAN_POINT('',(-0.835,2.11481769528492,0.1));
#4739=CARTESIAN_POINT('',(-0.415,2.11481769528492,0.1));
#4740=CARTESIAN_POINT('',(-0.415,1.9379462107649,0.1));
#4741=CARTESIAN_POINT('',(-0.835,2.11481769528492,0.1));
#4742=CARTESIAN_POINT('',(-0.835,1.9379462107649,0.1));
#4743=CARTESIAN_POINT('',(0.,1.9379462107649,0.1));
#4744=CARTESIAN_POINT('',(-0.835,1.95,-0.1));
#4745=CARTESIAN_POINT('',(-0.415,1.95,-0.1));
#4746=CARTESIAN_POINT('',(-0.415,1.94842776662151,-0.1));
#4747=CARTESIAN_POINT('',(-0.415,2.04364535278131,-0.1));
#4748=CARTESIAN_POINT('',(0.,1.94842776662151,-0.1));
#4749=CARTESIAN_POINT('',(-0.835,1.94842776662151,-0.1));
#4750=CARTESIAN_POINT('',(-0.835,1.95,-0.1));
#4751=CARTESIAN_POINT('',(-0.835,2.04364535278131,-0.1));
#4752=CARTESIAN_POINT('',(-0.835,2.04364535278131,-0.1));
#4753=CARTESIAN_POINT('',(-0.835,2.04364535278131,-0.225));
#4754=CARTESIAN_POINT('',(-0.415,2.04364535278131,-0.225));
#4755=CARTESIAN_POINT('',(-0.835,2.04364535278131,-0.225));
#4756=CARTESIAN_POINT('',(-0.415,2.43828364552041,-0.48990122748009));
#4757=CARTESIAN_POINT('',(-0.415,1.95,-0.13));
#4758=CARTESIAN_POINT('',(-0.835,2.43828364552041,-0.48990122748009));
#4759=CARTESIAN_POINT('',(-0.835,1.95,-0.13));
#4760=CARTESIAN_POINT('',(0.835,-2.11481769528492,-0.15));
#4761=CARTESIAN_POINT('',(0.415,-2.11481769528492,-0.15));
#4762=CARTESIAN_POINT('',(0.415,-2.36447493005675,-0.136913169437232));
#4763=CARTESIAN_POINT('',(0.415,-2.11481769528492,0.1));
#4764=CARTESIAN_POINT('',(0.835,-2.36447507897356,-0.136916010939264));
#4765=CARTESIAN_POINT('',(0.835,-2.36447493005675,-0.136913169437232));
#4766=CARTESIAN_POINT('',(0.835,-2.11481769528492,-0.15));
#4767=CARTESIAN_POINT('',(0.835,-2.11481769528492,0.1));
#4768=CARTESIAN_POINT('',(0.835,-2.11481769528492,0.1));
#4769=CARTESIAN_POINT('',(0.835,-2.37971362416883,-0.427684774732293));
#4770=CARTESIAN_POINT('',(0.415,-2.37971362416883,-0.427684774732293));
#4771=CARTESIAN_POINT('',(0.415,-2.3796752862381,-0.426953243435638));
#4772=CARTESIAN_POINT('',(0.835,-2.37967512929896,-0.426950248858403));
#4773=CARTESIAN_POINT('',(0.835,-2.3796752862381,-0.426953243435638));
#4774=CARTESIAN_POINT('',(0.835,-2.37971362416883,-0.427684774732293));
#4775=CARTESIAN_POINT('',(0.835,-2.50450382114328,-0.420408254328035));
#4776=CARTESIAN_POINT('',(0.415,-2.50450382114328,-0.420408254328035));
#4777=CARTESIAN_POINT('',(0.415,-2.49360935329982,-0.544932591589503));
#4778=CARTESIAN_POINT('',(0.835,-2.49360935329982,-0.544932591589503));
#4779=CARTESIAN_POINT('',(0.835,-2.49360935329982,-0.544932591589503));
#4780=CARTESIAN_POINT('',(0.835,-2.50450382114328,-0.420408254328035));
#4781=CARTESIAN_POINT('',(0.835,-3.,-0.589236032491331));
#4782=CARTESIAN_POINT('',(0.415,-3.,-0.589236032491331));
#4783=CARTESIAN_POINT('',(0.415,-3.,-0.589236032491331));
#4784=CARTESIAN_POINT('',(0.835,-3.,-0.589236032491331));
#4785=CARTESIAN_POINT('',(0.835,-3.,-0.589236032491331));
#4786=CARTESIAN_POINT('',(0.835,-3.,-0.589236032491331));
#4787=CARTESIAN_POINT('',(0.835,-3.,-0.79));
#4788=CARTESIAN_POINT('',(0.415,-3.,-0.79));
#4789=CARTESIAN_POINT('',(0.415,-3.,-0.79));
#4790=CARTESIAN_POINT('',(0.835,-3.,-0.79));
#4791=CARTESIAN_POINT('',(0.835,-3.,-0.79));
#4792=CARTESIAN_POINT('',(0.835,-3.,-0.79));
#4793=CARTESIAN_POINT('',(0.835,-3.,-0.79));
#4794=CARTESIAN_POINT('',(0.415,-3.,-0.79));
#4795=CARTESIAN_POINT('',(0.415,-2.41122979180024,-0.738489281360723));
#4796=CARTESIAN_POINT('',(0.835,-2.41122979180024,-0.738489281360723));
#4797=CARTESIAN_POINT('',(0.835,-2.41122979180024,-0.738489281360723));
#4798=CARTESIAN_POINT('',(0.835,-3.,-0.79));
#4799=CARTESIAN_POINT('',(0.835,-2.43301872748715,-0.489440606837787));
#4800=CARTESIAN_POINT('',(0.415,-2.43301872748715,-0.489440606837787));
#4801=CARTESIAN_POINT('',(0.415,-2.18336149738394,-0.502527526483141));
#4802=CARTESIAN_POINT('',(0.835,-2.18336134379851,-0.502524595898522));
#4803=CARTESIAN_POINT('',(0.835,-2.18336149738394,-0.502527526483141));
#4804=CARTESIAN_POINT('',(0.835,-2.43301872748715,-0.489440606837787));
#4805=CARTESIAN_POINT('',(0.835,-2.18339983866839,-0.503259121772413));
#4806=CARTESIAN_POINT('',(0.415,-2.18339983866839,-0.503259121772413));
#4807=CARTESIAN_POINT('',(0.415,-2.16847378342246,-0.218453021416263));
#4808=CARTESIAN_POINT('',(0.835,-2.16847404462563,-0.218458005469632));
#4809=CARTESIAN_POINT('',(0.835,-2.16847378342246,-0.218453021416263));
#4810=CARTESIAN_POINT('',(0.835,-2.18339983866839,-0.503259121772413));
#4811=CARTESIAN_POINT('',(0.835,-2.04364535278131,-0.225));
#4812=CARTESIAN_POINT('',(0.415,-2.04364535278131,-0.225));
#4813=CARTESIAN_POINT('',(0.415,-2.04364535278131,-0.1));
#4814=CARTESIAN_POINT('',(0.835,-2.04364535278131,-0.1));
#4815=CARTESIAN_POINT('',(0.835,-2.04364535278131,-0.1));
#4816=CARTESIAN_POINT('',(0.835,-2.04364535278131,-0.225));
#4817=CARTESIAN_POINT('',(2.085,-2.11481769528492,-0.15));
#4818=CARTESIAN_POINT('',(1.665,-2.11481769528492,-0.15));
#4819=CARTESIAN_POINT('',(1.665,-2.36447493005675,-0.136913169437232));
#4820=CARTESIAN_POINT('',(1.665,-2.11481769528492,0.1));
#4821=CARTESIAN_POINT('',(2.085,-2.36447507897356,-0.136916010939264));
#4822=CARTESIAN_POINT('',(2.085,-2.36447493005675,-0.136913169437232));
#4823=CARTESIAN_POINT('',(2.085,-2.11481769528492,-0.15));
#4824=CARTESIAN_POINT('',(2.085,-2.11481769528492,0.1));
#4825=CARTESIAN_POINT('',(2.085,-2.11481769528492,0.1));
#4826=CARTESIAN_POINT('',(2.085,-2.37971362416883,-0.427684774732293));
#4827=CARTESIAN_POINT('',(1.665,-2.37971362416883,-0.427684774732293));
#4828=CARTESIAN_POINT('',(1.665,-2.3796752862381,-0.426953243435638));
#4829=CARTESIAN_POINT('',(2.085,-2.37967512929896,-0.426950248858403));
#4830=CARTESIAN_POINT('',(2.085,-2.3796752862381,-0.426953243435638));
#4831=CARTESIAN_POINT('',(2.085,-2.37971362416883,-0.427684774732293));
#4832=CARTESIAN_POINT('',(2.085,-2.50450382114328,-0.420408254328035));
#4833=CARTESIAN_POINT('',(1.665,-2.50450382114328,-0.420408254328035));
#4834=CARTESIAN_POINT('',(1.665,-2.49360935329982,-0.544932591589503));
#4835=CARTESIAN_POINT('',(2.085,-2.49360935329982,-0.544932591589503));
#4836=CARTESIAN_POINT('',(2.085,-2.49360935329982,-0.544932591589503));
#4837=CARTESIAN_POINT('',(2.085,-2.50450382114328,-0.420408254328035));
#4838=CARTESIAN_POINT('',(2.085,-3.,-0.589236032491331));
#4839=CARTESIAN_POINT('',(1.665,-3.,-0.589236032491331));
#4840=CARTESIAN_POINT('',(1.665,-3.,-0.589236032491331));
#4841=CARTESIAN_POINT('',(2.085,-3.,-0.589236032491331));
#4842=CARTESIAN_POINT('',(2.085,-3.,-0.589236032491331));
#4843=CARTESIAN_POINT('',(2.085,-3.,-0.589236032491331));
#4844=CARTESIAN_POINT('',(2.085,-3.,-0.79));
#4845=CARTESIAN_POINT('',(1.665,-3.,-0.79));
#4846=CARTESIAN_POINT('',(1.665,-3.,-0.79));
#4847=CARTESIAN_POINT('',(2.085,-3.,-0.79));
#4848=CARTESIAN_POINT('',(2.085,-3.,-0.79));
#4849=CARTESIAN_POINT('',(2.085,-3.,-0.79));
#4850=CARTESIAN_POINT('',(2.085,-3.,-0.79));
#4851=CARTESIAN_POINT('',(1.665,-3.,-0.79));
#4852=CARTESIAN_POINT('',(1.665,-2.41122979180024,-0.738489281360723));
#4853=CARTESIAN_POINT('',(2.085,-2.41122979180024,-0.738489281360723));
#4854=CARTESIAN_POINT('',(2.085,-2.41122979180024,-0.738489281360723));
#4855=CARTESIAN_POINT('',(2.085,-3.,-0.79));
#4856=CARTESIAN_POINT('',(2.085,-2.43301872748715,-0.489440606837787));
#4857=CARTESIAN_POINT('',(1.665,-2.43301872748715,-0.489440606837787));
#4858=CARTESIAN_POINT('',(1.665,-2.18336149738394,-0.502527526483141));
#4859=CARTESIAN_POINT('',(2.085,-2.18336134379851,-0.502524595898522));
#4860=CARTESIAN_POINT('',(2.085,-2.18336149738394,-0.502527526483141));
#4861=CARTESIAN_POINT('',(2.085,-2.43301872748715,-0.489440606837787));
#4862=CARTESIAN_POINT('',(2.085,-2.18339983866839,-0.503259121772413));
#4863=CARTESIAN_POINT('',(1.665,-2.18339983866839,-0.503259121772413));
#4864=CARTESIAN_POINT('',(1.665,-2.16847378342246,-0.218453021416263));
#4865=CARTESIAN_POINT('',(2.085,-2.16847404462563,-0.218458005469632));
#4866=CARTESIAN_POINT('',(2.085,-2.16847378342246,-0.218453021416263));
#4867=CARTESIAN_POINT('',(2.085,-2.18339983866839,-0.503259121772413));
#4868=CARTESIAN_POINT('',(2.085,-2.04364535278131,-0.225));
#4869=CARTESIAN_POINT('',(1.665,-2.04364535278131,-0.225));
#4870=CARTESIAN_POINT('',(1.665,-2.04364535278131,-0.1));
#4871=CARTESIAN_POINT('',(2.085,-2.04364535278131,-0.1));
#4872=CARTESIAN_POINT('',(2.085,-2.04364535278131,-0.1));
#4873=CARTESIAN_POINT('',(2.085,-2.04364535278131,-0.225));
#4874=CARTESIAN_POINT('',(-0.415,-2.43301872748715,-0.489440606837787));
#4875=CARTESIAN_POINT('',(-0.835,-2.43301872748715,-0.489440606837787));
#4876=CARTESIAN_POINT('',(-0.835,-2.18336149738394,-0.502527526483141));
#4877=CARTESIAN_POINT('',(-0.835,-2.41122979180024,-0.738489281360723));
#4878=CARTESIAN_POINT('',(-0.415,-2.18336134379851,-0.502524595898522));
#4879=CARTESIAN_POINT('',(-0.415,-2.18336149738394,-0.502527526483141));
#4880=CARTESIAN_POINT('',(-0.415,-2.43301872748715,-0.489440606837787));
#4881=CARTESIAN_POINT('',(-0.415,-2.41122979180024,-0.738489281360723));
#4882=CARTESIAN_POINT('',(-0.415,-2.41122979180024,-0.738489281360723));
#4883=CARTESIAN_POINT('',(-0.415,-3.,-0.79));
#4884=CARTESIAN_POINT('',(-0.835,-3.,-0.79));
#4885=CARTESIAN_POINT('',(-0.835,-3.,-0.79));
#4886=CARTESIAN_POINT('',(-0.415,-3.,-0.79));
#4887=CARTESIAN_POINT('',(-0.415,-3.,-0.79));
#4888=CARTESIAN_POINT('',(-0.415,-3.,-0.79));
#4889=CARTESIAN_POINT('',(-0.415,-3.,-0.79));
#4890=CARTESIAN_POINT('',(-0.835,-3.,-0.79));
#4891=CARTESIAN_POINT('',(-0.835,-3.,-0.589236032491331));
#4892=CARTESIAN_POINT('',(-0.415,-3.,-0.79));
#4893=CARTESIAN_POINT('',(-0.415,-3.,-0.589236032491331));
#4894=CARTESIAN_POINT('',(-0.415,-3.,-0.589236032491331));
#4895=CARTESIAN_POINT('',(-0.415,-3.,-0.589236032491331));
#4896=CARTESIAN_POINT('',(-0.835,-3.,-0.589236032491331));
#4897=CARTESIAN_POINT('',(-0.835,-2.49360935329982,-0.544932591589503));
#4898=CARTESIAN_POINT('',(-0.415,-3.,-0.589236032491331));
#4899=CARTESIAN_POINT('',(-0.415,-2.49360935329982,-0.544932591589503));
#4900=CARTESIAN_POINT('',(-0.415,-2.49360935329982,-0.544932591589503));
#4901=CARTESIAN_POINT('',(-0.415,-2.50450382114328,-0.420408254328035));
#4902=CARTESIAN_POINT('',(-0.835,-2.50450382114328,-0.420408254328035));
#4903=CARTESIAN_POINT('',(-0.835,-2.3796752862381,-0.426953243435638));
#4904=CARTESIAN_POINT('',(-0.415,-2.50450382114328,-0.420408254328035));
#4905=CARTESIAN_POINT('',(-0.415,-2.3796752862381,-0.426953243435638));
#4906=CARTESIAN_POINT('',(-0.415,-2.37967512929896,-0.426950248858403));
#4907=CARTESIAN_POINT('',(-0.415,-2.37971362416883,-0.427684774732293));
#4908=CARTESIAN_POINT('',(-0.835,-2.37971362416883,-0.427684774732293));
#4909=CARTESIAN_POINT('',(-0.835,-2.36447493005675,-0.136913169437232));
#4910=CARTESIAN_POINT('',(-0.415,-2.37971362416883,-0.427684774732293));
#4911=CARTESIAN_POINT('',(-0.415,-2.36447493005675,-0.136913169437232));
#4912=CARTESIAN_POINT('',(-0.415,-2.36447507897356,-0.136916010939264));
#4913=CARTESIAN_POINT('',(-0.415,-2.11481769528492,-0.15));
#4914=CARTESIAN_POINT('',(-0.835,-2.11481769528492,-0.15));
#4915=CARTESIAN_POINT('',(-0.835,-2.11481769528492,0.1));
#4916=CARTESIAN_POINT('',(-0.415,-2.11481769528492,-0.15));
#4917=CARTESIAN_POINT('',(-0.415,-2.11481769528492,0.1));
#4918=CARTESIAN_POINT('',(-0.415,-2.11481769528492,0.1));
#4919=CARTESIAN_POINT('',(-0.415,-2.04364535278131,-0.225));
#4920=CARTESIAN_POINT('',(-0.835,-2.04364535278131,-0.225));
#4921=CARTESIAN_POINT('',(-0.835,-2.04364535278131,-0.1));
#4922=CARTESIAN_POINT('',(-0.835,-2.16847378342246,-0.218453021416263));
#4923=CARTESIAN_POINT('',(-0.415,-2.04364535278131,-0.1));
#4924=CARTESIAN_POINT('',(-0.415,-2.04364535278131,-0.1));
#4925=CARTESIAN_POINT('',(-0.415,-2.04364535278131,-0.225));
#4926=CARTESIAN_POINT('',(-0.415,-2.16847378342246,-0.218453021416263));
#4927=CARTESIAN_POINT('',(-0.415,-2.16847404462563,-0.218458005469632));
#4928=CARTESIAN_POINT('',(-0.415,-2.18339983866839,-0.503259121772413));
#4929=CARTESIAN_POINT('',(-0.835,-2.18339983866839,-0.503259121772413));
#4930=CARTESIAN_POINT('',(-0.415,-2.18339983866839,-0.503259121772413));
#4931=CARTESIAN_POINT('',(-1.665,-2.11481769528492,-0.15));
#4932=CARTESIAN_POINT('',(-2.085,-2.11481769528492,-0.15));
#4933=CARTESIAN_POINT('',(-2.085,-2.36447493005675,-0.136913169437232));
#4934=CARTESIAN_POINT('',(-2.085,-2.11481769528492,0.1));
#4935=CARTESIAN_POINT('',(-1.665,-2.36447507897356,-0.136916010939264));
#4936=CARTESIAN_POINT('',(-1.665,-2.36447493005675,-0.136913169437232));
#4937=CARTESIAN_POINT('',(-1.665,-2.11481769528492,-0.15));
#4938=CARTESIAN_POINT('',(-1.665,-2.11481769528492,0.1));
#4939=CARTESIAN_POINT('',(-1.665,-2.11481769528492,0.1));
#4940=CARTESIAN_POINT('',(-1.665,-2.37971362416883,-0.427684774732293));
#4941=CARTESIAN_POINT('',(-2.085,-2.37971362416883,-0.427684774732293));
#4942=CARTESIAN_POINT('',(-2.085,-2.3796752862381,-0.426953243435638));
#4943=CARTESIAN_POINT('',(-1.665,-2.37967512929896,-0.426950248858403));
#4944=CARTESIAN_POINT('',(-1.665,-2.3796752862381,-0.426953243435638));
#4945=CARTESIAN_POINT('',(-1.665,-2.37971362416883,-0.427684774732293));
#4946=CARTESIAN_POINT('',(-1.665,-2.50450382114328,-0.420408254328035));
#4947=CARTESIAN_POINT('',(-2.085,-2.50450382114328,-0.420408254328035));
#4948=CARTESIAN_POINT('',(-2.085,-2.49360935329982,-0.544932591589503));
#4949=CARTESIAN_POINT('',(-1.665,-2.49360935329982,-0.544932591589503));
#4950=CARTESIAN_POINT('',(-1.665,-2.49360935329982,-0.544932591589503));
#4951=CARTESIAN_POINT('',(-1.665,-2.50450382114328,-0.420408254328035));
#4952=CARTESIAN_POINT('',(-1.665,-3.,-0.589236032491331));
#4953=CARTESIAN_POINT('',(-2.085,-3.,-0.589236032491331));
#4954=CARTESIAN_POINT('',(-2.085,-3.,-0.589236032491331));
#4955=CARTESIAN_POINT('',(-1.665,-3.,-0.589236032491331));
#4956=CARTESIAN_POINT('',(-1.665,-3.,-0.589236032491331));
#4957=CARTESIAN_POINT('',(-1.665,-3.,-0.589236032491331));
#4958=CARTESIAN_POINT('',(-1.665,-3.,-0.79));
#4959=CARTESIAN_POINT('',(-2.085,-3.,-0.79));
#4960=CARTESIAN_POINT('',(-2.085,-3.,-0.79));
#4961=CARTESIAN_POINT('',(-1.665,-3.,-0.79));
#4962=CARTESIAN_POINT('',(-1.665,-3.,-0.79));
#4963=CARTESIAN_POINT('',(-1.665,-3.,-0.79));
#4964=CARTESIAN_POINT('',(-1.665,-3.,-0.79));
#4965=CARTESIAN_POINT('',(-2.085,-3.,-0.79));
#4966=CARTESIAN_POINT('',(-2.085,-2.41122979180024,-0.738489281360723));
#4967=CARTESIAN_POINT('',(-1.665,-2.41122979180024,-0.738489281360723));
#4968=CARTESIAN_POINT('',(-1.665,-2.41122979180024,-0.738489281360723));
#4969=CARTESIAN_POINT('',(-1.665,-3.,-0.79));
#4970=CARTESIAN_POINT('',(-1.665,-2.43301872748715,-0.489440606837787));
#4971=CARTESIAN_POINT('',(-2.085,-2.43301872748715,-0.489440606837787));
#4972=CARTESIAN_POINT('',(-2.085,-2.18336149738394,-0.502527526483141));
#4973=CARTESIAN_POINT('',(-1.665,-2.18336134379851,-0.502524595898522));
#4974=CARTESIAN_POINT('',(-1.665,-2.18336149738394,-0.502527526483141));
#4975=CARTESIAN_POINT('',(-1.665,-2.43301872748715,-0.489440606837787));
#4976=CARTESIAN_POINT('',(-1.665,-2.18339983866839,-0.503259121772413));
#4977=CARTESIAN_POINT('',(-2.085,-2.18339983866839,-0.503259121772413));
#4978=CARTESIAN_POINT('',(-2.085,-2.16847378342246,-0.218453021416263));
#4979=CARTESIAN_POINT('',(-1.665,-2.16847404462563,-0.218458005469632));
#4980=CARTESIAN_POINT('',(-1.665,-2.16847378342246,-0.218453021416263));
#4981=CARTESIAN_POINT('',(-1.665,-2.18339983866839,-0.503259121772413));
#4982=CARTESIAN_POINT('',(-1.665,-2.04364535278131,-0.225));
#4983=CARTESIAN_POINT('',(-2.085,-2.04364535278131,-0.225));
#4984=CARTESIAN_POINT('',(-2.085,-2.04364535278131,-0.1));
#4985=CARTESIAN_POINT('',(-1.665,-2.04364535278131,-0.1));
#4986=CARTESIAN_POINT('',(-1.665,-2.04364535278131,-0.1));
#4987=CARTESIAN_POINT('',(-1.665,-2.04364535278131,-0.225));
#4988=CARTESIAN_POINT('',(0.835,-2.43828364552041,-0.48990122748009));
#4989=CARTESIAN_POINT('',(0.835,-1.95,-0.1));
#4990=CARTESIAN_POINT('',(0.835,-1.94842776662151,-0.1));
#4991=CARTESIAN_POINT('',(0.835,-1.95,-0.13));
#4992=CARTESIAN_POINT('',(0.835,-1.9379462107649,0.1));
#4993=CARTESIAN_POINT('',(0.835,-2.11481769528492,0.1));
#4994=CARTESIAN_POINT('',(0.835,-2.11481769528492,0.1));
#4995=CARTESIAN_POINT('',(0.415,-2.11481769528492,0.1));
#4996=CARTESIAN_POINT('',(0.415,-1.9379462107649,0.1));
#4997=CARTESIAN_POINT('',(0.,-1.9379462107649,0.1));
#4998=CARTESIAN_POINT('',(0.415,-2.43828364552041,-0.48990122748009));
#4999=CARTESIAN_POINT('',(0.415,-1.95,-0.13));
#5000=CARTESIAN_POINT('',(0.415,-1.94842776662151,-0.1));
#5001=CARTESIAN_POINT('',(0.415,-1.95,-0.1));
#5002=CARTESIAN_POINT('',(0.835,-1.95,-0.1));
#5003=CARTESIAN_POINT('',(0.,-1.94842776662151,-0.1));
#5004=CARTESIAN_POINT('',(2.085,-2.43828364552041,-0.48990122748009));
#5005=CARTESIAN_POINT('',(2.085,-1.95,-0.1));
#5006=CARTESIAN_POINT('',(2.085,-1.94842776662151,-0.1));
#5007=CARTESIAN_POINT('',(2.085,-1.95,-0.13));
#5008=CARTESIAN_POINT('',(2.085,-1.9379462107649,0.1));
#5009=CARTESIAN_POINT('',(2.085,-2.11481769528492,0.1));
#5010=CARTESIAN_POINT('',(2.085,-2.11481769528492,0.1));
#5011=CARTESIAN_POINT('',(1.665,-2.11481769528492,0.1));
#5012=CARTESIAN_POINT('',(1.665,-1.9379462107649,0.1));
#5013=CARTESIAN_POINT('',(0.,-1.9379462107649,0.1));
#5014=CARTESIAN_POINT('',(1.665,-2.43828364552041,-0.48990122748009));
#5015=CARTESIAN_POINT('',(1.665,-1.95,-0.13));
#5016=CARTESIAN_POINT('',(1.665,-1.94842776662151,-0.1));
#5017=CARTESIAN_POINT('',(1.665,-1.95,-0.1));
#5018=CARTESIAN_POINT('',(2.085,-1.95,-0.1));
#5019=CARTESIAN_POINT('',(0.,-1.94842776662151,-0.1));
#5020=CARTESIAN_POINT('',(-0.415,-2.11481769528492,0.1));
#5021=CARTESIAN_POINT('',(-0.835,-2.11481769528492,0.1));
#5022=CARTESIAN_POINT('',(-0.835,-1.9379462107649,0.1));
#5023=CARTESIAN_POINT('',(-0.415,-2.11481769528492,0.1));
#5024=CARTESIAN_POINT('',(-0.415,-1.9379462107649,0.1));
#5025=CARTESIAN_POINT('',(0.,-1.9379462107649,0.1));
#5026=CARTESIAN_POINT('',(-0.835,-2.43828364552041,-0.48990122748009));
#5027=CARTESIAN_POINT('',(-0.835,-1.95,-0.13));
#5028=CARTESIAN_POINT('',(-0.835,-1.94842776662151,-0.1));
#5029=CARTESIAN_POINT('',(-0.835,-1.95,-0.1));
#5030=CARTESIAN_POINT('',(-0.415,-1.95,-0.1));
#5031=CARTESIAN_POINT('',(-2.5,-1.94842776662151,-0.1));
#5032=CARTESIAN_POINT('',(-0.415,-1.94842776662151,-0.1));
#5033=CARTESIAN_POINT('',(-0.415,-1.95,-0.1));
#5034=CARTESIAN_POINT('',(-0.415,-2.43828364552041,-0.48990122748009));
#5035=CARTESIAN_POINT('',(-0.415,-1.95,-0.13));
#5036=CARTESIAN_POINT('',(-1.665,-2.43828364552041,-0.48990122748009));
#5037=CARTESIAN_POINT('',(-1.665,-1.95,-0.1));
#5038=CARTESIAN_POINT('',(-1.665,-1.94842776662151,-0.1));
#5039=CARTESIAN_POINT('',(-1.665,-1.95,-0.13));
#5040=CARTESIAN_POINT('',(-1.665,-1.9379462107649,0.1));
#5041=CARTESIAN_POINT('',(-1.665,-2.11481769528492,0.1));
#5042=CARTESIAN_POINT('',(-1.665,-2.11481769528492,0.1));
#5043=CARTESIAN_POINT('',(-2.085,-2.11481769528492,0.1));
#5044=CARTESIAN_POINT('',(-2.085,-1.9379462107649,0.1));
#5045=CARTESIAN_POINT('',(0.,-1.9379462107649,0.1));
#5046=CARTESIAN_POINT('',(-2.085,-2.43828364552041,-0.48990122748009));
#5047=CARTESIAN_POINT('',(-2.085,-1.95,-0.13));
#5048=CARTESIAN_POINT('',(-2.085,-1.94842776662151,-0.1));
#5049=CARTESIAN_POINT('',(-2.085,-1.95,-0.1));
#5050=CARTESIAN_POINT('',(-1.665,-1.95,-0.1));
#5051=CARTESIAN_POINT('',(0.,-1.94842776662151,-0.1));
#5052=CARTESIAN_POINT('',(0.,-1.94,-0.13));
#5053=CARTESIAN_POINT('',(-2.40843742552314,-1.93340316389201,-0.255875131483119));
#5054=CARTESIAN_POINT('',(-2.41503426163113,-1.94,-0.13));
#5055=CARTESIAN_POINT('',(-2.38637602352836,-1.91134176189723,-0.676831758468503));
#5056=CARTESIAN_POINT('',(0.,-1.91134176189723,-0.676831758468503));
#5057=CARTESIAN_POINT('',(2.38637602352836,-1.91134176189723,-0.676831758468503));
#5058=CARTESIAN_POINT('',(2.40843742552314,-1.93340316389201,-0.255875131483119));
#5059=CARTESIAN_POINT('',(2.41503426163113,-1.94,-0.13));
#5060=CARTESIAN_POINT('',(0.,-1.94,-0.13));
#5061=CARTESIAN_POINT('',(-2.44,2.72727144419034E-16,-0.13));
#5062=CARTESIAN_POINT('',(-2.43476894909282,1.90980321072396,-0.229814397380303));
#5063=CARTESIAN_POINT('',(-2.44,1.91503426163114,-0.13));
#5064=CARTESIAN_POINT('',(-2.41134176189723,1.88637602352836,-0.676831758468503));
#5065=CARTESIAN_POINT('',(-2.41134176189723,2.69523915139587E-16,-0.676831758468503));
#5066=CARTESIAN_POINT('',(-2.41134176189723,-1.88637602352836,-0.676831758468503));
#5067=CARTESIAN_POINT('',(-2.43476894909282,-1.90980321072396,-0.229814397380303));
#5068=CARTESIAN_POINT('',(-2.44,-1.91503426163114,-0.13));
#5069=CARTESIAN_POINT('',(-2.44,2.72727144419034E-16,-0.13));
#5070=CARTESIAN_POINT('',(0.,1.94,-0.13));
#5071=CARTESIAN_POINT('',(2.40843742552314,1.93340316389201,-0.255875131483119));
#5072=CARTESIAN_POINT('',(2.41503426163113,1.94,-0.13));
#5073=CARTESIAN_POINT('',(2.38637602352836,1.91134176189723,-0.676831758468503));
#5074=CARTESIAN_POINT('',(0.,1.91134176189723,-0.676831758468503));
#5075=CARTESIAN_POINT('',(-2.38637602352836,1.91134176189723,-0.676831758468503));
#5076=CARTESIAN_POINT('',(-2.40843742552314,1.93340316389201,-0.255875131483119));
#5077=CARTESIAN_POINT('',(-2.41503426163113,1.94,-0.13));
#5078=CARTESIAN_POINT('',(0.,1.94,-0.13));
#5079=CARTESIAN_POINT('',(2.44,-2.72727144419034E-16,-0.13));
#5080=CARTESIAN_POINT('',(2.43476894909282,-1.90980321072396,-0.229814397380303));
#5081=CARTESIAN_POINT('',(2.44,-1.91503426163114,-0.13));
#5082=CARTESIAN_POINT('',(2.41134176189723,-1.88637602352836,-0.676831758468503));
#5083=CARTESIAN_POINT('',(2.41134176189723,-2.69523915139587E-16,-0.676831758468503));
#5084=CARTESIAN_POINT('',(2.41134176189723,1.88637602352836,-0.676831758468503));
#5085=CARTESIAN_POINT('',(2.43476894909282,1.90980321072396,-0.229814397380303));
#5086=CARTESIAN_POINT('',(2.44,1.91503426163114,-0.13));
#5087=CARTESIAN_POINT('',(2.44,-2.72727144419034E-16,-0.13));
#5088=CARTESIAN_POINT('',(0.,-1.95,-0.13));
#5089=CARTESIAN_POINT('',(2.40845109274038,-1.94340312645679,-0.00412415421027372));
#5090=CARTESIAN_POINT('',(2.41504796628359,-1.95,-0.13));
#5091=CARTESIAN_POINT('',(2.37276370556723,-1.90771573928363,0.676831758468503));
#5092=CARTESIAN_POINT('',(-2.37102543168583,-1.90771573928363,0.676831758468503));
#5093=CARTESIAN_POINT('',(-2.37276370556723,-1.90771573928363,0.676831758468503));
#5094=CARTESIAN_POINT('',(-2.40845109274038,-1.94340312645679,-0.00412415421027372));
#5095=CARTESIAN_POINT('',(-2.41504796628359,-1.95,-0.13));
#5096=CARTESIAN_POINT('',(0.,-1.95,-0.13));
#5097=CARTESIAN_POINT('',(-2.085,2.43301872748715,-0.489440606837787));
#5098=CARTESIAN_POINT('',(-1.665,2.43301872748715,-0.489440606837787));
#5099=CARTESIAN_POINT('',(-1.665,2.18336149738394,-0.502527526483141));
#5100=CARTESIAN_POINT('',(-1.665,2.41122979180024,-0.738489281360723));
#5101=CARTESIAN_POINT('',(-2.085,2.18336134379851,-0.502524595898522));
#5102=CARTESIAN_POINT('',(-2.085,2.18336149738394,-0.502527526483141));
#5103=CARTESIAN_POINT('',(-2.085,2.43301872748715,-0.489440606837787));
#5104=CARTESIAN_POINT('',(-2.085,2.41122979180024,-0.738489281360723));
#5105=CARTESIAN_POINT('',(-2.085,2.41122979180024,-0.738489281360723));
#5106=CARTESIAN_POINT('',(-2.085,3.,-0.79));
#5107=CARTESIAN_POINT('',(-1.665,3.,-0.79));
#5108=CARTESIAN_POINT('',(-1.665,3.,-0.79));
#5109=CARTESIAN_POINT('',(-2.085,3.,-0.79));
#5110=CARTESIAN_POINT('',(-2.085,3.,-0.79));
#5111=CARTESIAN_POINT('',(-2.085,3.,-0.79));
#5112=CARTESIAN_POINT('',(-2.085,3.,-0.79));
#5113=CARTESIAN_POINT('',(-1.665,3.,-0.79));
#5114=CARTESIAN_POINT('',(-1.665,3.,-0.589236032491331));
#5115=CARTESIAN_POINT('',(-2.085,3.,-0.79));
#5116=CARTESIAN_POINT('',(-2.085,3.,-0.589236032491331));
#5117=CARTESIAN_POINT('',(-2.085,3.,-0.589236032491331));
#5118=CARTESIAN_POINT('',(-2.085,3.,-0.589236032491331));
#5119=CARTESIAN_POINT('',(-1.665,3.,-0.589236032491331));
#5120=CARTESIAN_POINT('',(-1.665,2.49360935329982,-0.544932591589503));
#5121=CARTESIAN_POINT('',(-2.085,3.,-0.589236032491331));
#5122=CARTESIAN_POINT('',(-2.085,2.49360935329982,-0.544932591589503));
#5123=CARTESIAN_POINT('',(-2.085,2.49360935329982,-0.544932591589503));
#5124=CARTESIAN_POINT('',(-2.085,2.50450382114328,-0.420408254328035));
#5125=CARTESIAN_POINT('',(-1.665,2.50450382114328,-0.420408254328035));
#5126=CARTESIAN_POINT('',(-1.665,2.3796752862381,-0.426953243435638));
#5127=CARTESIAN_POINT('',(-2.085,2.50450382114328,-0.420408254328035));
#5128=CARTESIAN_POINT('',(-2.085,2.3796752862381,-0.426953243435638));
#5129=CARTESIAN_POINT('',(-2.085,2.37967512929896,-0.426950248858403));
#5130=CARTESIAN_POINT('',(-2.085,2.37971362416883,-0.427684774732293));
#5131=CARTESIAN_POINT('',(-1.665,2.37971362416883,-0.427684774732293));
#5132=CARTESIAN_POINT('',(-1.665,2.36447493005675,-0.136913169437232));
#5133=CARTESIAN_POINT('',(-2.085,2.37971362416883,-0.427684774732293));
#5134=CARTESIAN_POINT('',(-2.085,2.36447493005675,-0.136913169437232));
#5135=CARTESIAN_POINT('',(-2.085,2.36447507897356,-0.136916010939264));
#5136=CARTESIAN_POINT('',(-2.085,2.11481769528492,-0.15));
#5137=CARTESIAN_POINT('',(-1.665,2.11481769528492,-0.15));
#5138=CARTESIAN_POINT('',(-1.665,2.11481769528492,0.1));
#5139=CARTESIAN_POINT('',(-2.085,2.11481769528492,-0.15));
#5140=CARTESIAN_POINT('',(-2.085,2.11481769528492,0.1));
#5141=CARTESIAN_POINT('',(-2.085,2.11481769528492,0.1));
#5142=CARTESIAN_POINT('',(-2.085,2.04364535278131,-0.225));
#5143=CARTESIAN_POINT('',(-1.665,2.04364535278131,-0.225));
#5144=CARTESIAN_POINT('',(-1.665,2.04364535278131,-0.1));
#5145=CARTESIAN_POINT('',(-1.665,2.16847378342246,-0.218453021416263));
#5146=CARTESIAN_POINT('',(-2.085,2.04364535278131,-0.1));
#5147=CARTESIAN_POINT('',(-2.085,2.04364535278131,-0.1));
#5148=CARTESIAN_POINT('',(-2.085,2.04364535278131,-0.225));
#5149=CARTESIAN_POINT('',(-2.085,2.16847378342246,-0.218453021416263));
#5150=CARTESIAN_POINT('',(-2.085,2.16847404462563,-0.218458005469632));
#5151=CARTESIAN_POINT('',(-2.085,2.18339983866839,-0.503259121772413));
#5152=CARTESIAN_POINT('',(-1.665,2.18339983866839,-0.503259121772413));
#5153=CARTESIAN_POINT('',(-2.085,2.18339983866839,-0.503259121772413));
#5154=CARTESIAN_POINT('',(0.415,2.11481769528492,-0.15));
#5155=CARTESIAN_POINT('',(0.835,2.11481769528492,-0.15));
#5156=CARTESIAN_POINT('',(0.835,2.36447493005675,-0.136913169437232));
#5157=CARTESIAN_POINT('',(0.835,2.11481769528492,0.1));
#5158=CARTESIAN_POINT('',(0.415,2.36447507897356,-0.136916010939264));
#5159=CARTESIAN_POINT('',(0.415,2.36447493005675,-0.136913169437232));
#5160=CARTESIAN_POINT('',(0.415,2.11481769528492,-0.15));
#5161=CARTESIAN_POINT('',(0.415,2.11481769528492,0.1));
#5162=CARTESIAN_POINT('',(0.415,2.11481769528492,0.1));
#5163=CARTESIAN_POINT('',(0.415,2.37971362416883,-0.427684774732293));
#5164=CARTESIAN_POINT('',(0.835,2.37971362416883,-0.427684774732293));
#5165=CARTESIAN_POINT('',(0.835,2.3796752862381,-0.426953243435638));
#5166=CARTESIAN_POINT('',(0.415,2.37967512929896,-0.426950248858403));
#5167=CARTESIAN_POINT('',(0.415,2.3796752862381,-0.426953243435638));
#5168=CARTESIAN_POINT('',(0.415,2.37971362416883,-0.427684774732293));
#5169=CARTESIAN_POINT('',(0.415,2.50450382114328,-0.420408254328035));
#5170=CARTESIAN_POINT('',(0.835,2.50450382114328,-0.420408254328035));
#5171=CARTESIAN_POINT('',(0.835,2.49360935329982,-0.544932591589503));
#5172=CARTESIAN_POINT('',(0.415,2.49360935329982,-0.544932591589503));
#5173=CARTESIAN_POINT('',(0.415,2.49360935329982,-0.544932591589503));
#5174=CARTESIAN_POINT('',(0.415,2.50450382114328,-0.420408254328035));
#5175=CARTESIAN_POINT('',(0.415,3.,-0.589236032491331));
#5176=CARTESIAN_POINT('',(0.835,3.,-0.589236032491331));
#5177=CARTESIAN_POINT('',(0.835,3.,-0.589236032491331));
#5178=CARTESIAN_POINT('',(0.415,3.,-0.589236032491331));
#5179=CARTESIAN_POINT('',(0.415,3.,-0.589236032491331));
#5180=CARTESIAN_POINT('',(0.415,3.,-0.589236032491331));
#5181=CARTESIAN_POINT('',(0.415,3.,-0.79));
#5182=CARTESIAN_POINT('',(0.835,3.,-0.79));
#5183=CARTESIAN_POINT('',(0.835,3.,-0.79));
#5184=CARTESIAN_POINT('',(0.415,3.,-0.79));
#5185=CARTESIAN_POINT('',(0.415,3.,-0.79));
#5186=CARTESIAN_POINT('',(0.415,3.,-0.79));
#5187=CARTESIAN_POINT('',(0.415,3.,-0.79));
#5188=CARTESIAN_POINT('',(0.835,3.,-0.79));
#5189=CARTESIAN_POINT('',(0.835,2.41122979180024,-0.738489281360723));
#5190=CARTESIAN_POINT('',(0.415,2.41122979180024,-0.738489281360723));
#5191=CARTESIAN_POINT('',(0.415,2.41122979180024,-0.738489281360723));
#5192=CARTESIAN_POINT('',(0.415,3.,-0.79));
#5193=CARTESIAN_POINT('',(0.415,2.43301872748715,-0.489440606837787));
#5194=CARTESIAN_POINT('',(0.835,2.43301872748715,-0.489440606837787));
#5195=CARTESIAN_POINT('',(0.835,2.18336149738394,-0.502527526483141));
#5196=CARTESIAN_POINT('',(0.415,2.18336134379851,-0.502524595898522));
#5197=CARTESIAN_POINT('',(0.415,2.18336149738394,-0.502527526483141));
#5198=CARTESIAN_POINT('',(0.415,2.43301872748715,-0.489440606837787));
#5199=CARTESIAN_POINT('',(0.415,2.18339983866839,-0.503259121772413));
#5200=CARTESIAN_POINT('',(0.835,2.18339983866839,-0.503259121772413));
#5201=CARTESIAN_POINT('',(0.835,2.16847378342246,-0.218453021416263));
#5202=CARTESIAN_POINT('',(0.415,2.16847404462563,-0.218458005469632));
#5203=CARTESIAN_POINT('',(0.415,2.16847378342246,-0.218453021416263));
#5204=CARTESIAN_POINT('',(0.415,2.18339983866839,-0.503259121772413));
#5205=CARTESIAN_POINT('',(0.415,2.04364535278131,-0.225));
#5206=CARTESIAN_POINT('',(0.835,2.04364535278131,-0.225));
#5207=CARTESIAN_POINT('',(0.835,2.04364535278131,-0.1));
#5208=CARTESIAN_POINT('',(0.415,2.04364535278131,-0.1));
#5209=CARTESIAN_POINT('',(0.415,2.04364535278131,-0.1));
#5210=CARTESIAN_POINT('',(0.415,2.04364535278131,-0.225));
#5211=CARTESIAN_POINT('',(0.,0.,0.71));
#5212=CARTESIAN_POINT('',(-1.88259775262429,-1.36473213554514,0.71));
#5213=CARTESIAN_POINT('',(-1.88259775262429,-1.18973213554514,0.71));
#5214=CARTESIAN_POINT('',(2.37276370556723,1.87102543168583,0.71));
#5215=CARTESIAN_POINT('',(2.37276370556723,-1.87276370556722,0.71));
#5216=CARTESIAN_POINT('',(2.37276370556723,1.87276370556722,0.71));
#5217=CARTESIAN_POINT('',(-2.37102543168583,1.87276370556722,0.71));
#5218=CARTESIAN_POINT('',(-2.37276370556723,1.87276370556722,0.71));
#5219=CARTESIAN_POINT('',(-2.37276370556723,-1.87102543168583,0.71));
#5220=CARTESIAN_POINT('',(-2.37276370556723,-1.87276370556722,0.71));
#5221=CARTESIAN_POINT('',(2.37102543168583,-1.87276370556722,0.71));
#5222=CARTESIAN_POINT('',(-2.45,0.,-0.13));
#5223=CARTESIAN_POINT('',(-2.4447689116576,-1.90981687794119,-0.0301848883130897));
#5224=CARTESIAN_POINT('',(-2.45,-1.91504796628359,-0.13));
#5225=CARTESIAN_POINT('',(-2.40771573928363,-1.87276370556722,0.676831758468503));
#5226=CARTESIAN_POINT('',(-2.40771573928364,1.87102543168583,0.676831758468503));
#5227=CARTESIAN_POINT('',(-2.40771573928363,1.87276370556722,0.676831758468503));
#5228=CARTESIAN_POINT('',(-2.4447689116576,1.90981687794119,-0.0301848883130897));
#5229=CARTESIAN_POINT('',(-2.45,1.91504796628359,-0.13));
#5230=CARTESIAN_POINT('',(-2.45,0.,-0.13));
#5231=CARTESIAN_POINT('',(0.,0.,-0.13));
#5232=CARTESIAN_POINT('',(-2.41496569135005,-1.91496569135005,-0.13));
#5233=CARTESIAN_POINT('',(2.41496569135005,-1.91496569135005,-0.13));
#5234=CARTESIAN_POINT('',(2.41496569135005,1.91496569135005,-0.13));
#5235=CARTESIAN_POINT('',(-2.41496569135005,1.91496569135005,-0.13));
#5236=CARTESIAN_POINT('',(0.,1.95,-0.13));
#5237=CARTESIAN_POINT('',(2.41504796628359,1.95,-0.13));
#5238=CARTESIAN_POINT('',(-2.41504796628359,1.95,-0.13));
#5239=CARTESIAN_POINT('',(2.41495196789007,1.91495196789007,-0.13));
#5240=CARTESIAN_POINT('',(2.45,1.91504796628359,-0.13));
#5241=CARTESIAN_POINT('',(2.45,0.,-0.13));
#5242=CARTESIAN_POINT('',(2.45,-1.91504796628359,-0.13));
#5243=CARTESIAN_POINT('',(2.41495196789007,-1.91495196789007,-0.13));
#5244=CARTESIAN_POINT('',(-2.41495196789007,-1.91495196789007,-0.13));
#5245=CARTESIAN_POINT('',(-2.41495196789007,1.91495196789007,-0.13));
#5246=CARTESIAN_POINT('',(2.45,0.,-0.13));
#5247=CARTESIAN_POINT('',(2.4447689116576,1.90981687794119,-0.0301848883130897));
#5248=CARTESIAN_POINT('',(2.40771573928363,1.87276370556722,0.676831758468503));
#5249=CARTESIAN_POINT('',(2.40771573928364,-1.87102543168583,0.676831758468503));
#5250=CARTESIAN_POINT('',(2.40771573928363,-1.87276370556722,0.676831758468503));
#5251=CARTESIAN_POINT('',(2.4447689116576,-1.90981687794119,-0.0301848883130897));
#5252=CARTESIAN_POINT('',(-2.085,2.11481769528492,0.1));
#5253=CARTESIAN_POINT('',(-1.665,2.11481769528492,0.1));
#5254=CARTESIAN_POINT('',(-1.665,1.9379462107649,0.1));
#5255=CARTESIAN_POINT('',(-2.085,2.11481769528492,0.1));
#5256=CARTESIAN_POINT('',(-2.085,1.9379462107649,0.1));
#5257=CARTESIAN_POINT('',(0.,1.9379462107649,0.1));
#5258=CARTESIAN_POINT('',(-1.665,2.43828364552041,-0.48990122748009));
#5259=CARTESIAN_POINT('',(-1.665,1.95,-0.13));
#5260=CARTESIAN_POINT('',(-1.665,1.94842776662151,-0.1));
#5261=CARTESIAN_POINT('',(-1.665,1.95,-0.1));
#5262=CARTESIAN_POINT('',(-2.085,1.95,-0.1));
#5263=CARTESIAN_POINT('',(0.,1.94842776662151,-0.1));
#5264=CARTESIAN_POINT('',(-2.085,1.94842776662151,-0.1));
#5265=CARTESIAN_POINT('',(-2.085,1.95,-0.1));
#5266=CARTESIAN_POINT('',(-2.085,2.43828364552041,-0.48990122748009));
#5267=CARTESIAN_POINT('',(-2.085,1.95,-0.13));
#5268=CARTESIAN_POINT('',(0.415,2.43828364552041,-0.48990122748009));
#5269=CARTESIAN_POINT('',(0.415,1.95,-0.1));
#5270=CARTESIAN_POINT('',(0.415,1.94842776662151,-0.1));
#5271=CARTESIAN_POINT('',(0.415,1.95,-0.13));
#5272=CARTESIAN_POINT('',(0.415,1.9379462107649,0.1));
#5273=CARTESIAN_POINT('',(0.415,2.11481769528492,0.1));
#5274=CARTESIAN_POINT('',(0.415,2.11481769528492,0.1));
#5275=CARTESIAN_POINT('',(0.835,2.11481769528492,0.1));
#5276=CARTESIAN_POINT('',(0.835,1.9379462107649,0.1));
#5277=CARTESIAN_POINT('',(0.,1.9379462107649,0.1));
#5278=CARTESIAN_POINT('',(0.835,2.43828364552041,-0.48990122748009));
#5279=CARTESIAN_POINT('',(0.835,1.95,-0.13));
#5280=CARTESIAN_POINT('',(0.835,1.94842776662151,-0.1));
#5281=CARTESIAN_POINT('',(0.835,1.95,-0.1));
#5282=CARTESIAN_POINT('',(0.415,1.95,-0.1));
#5283=CARTESIAN_POINT('',(0.,1.94842776662151,-0.1));
#5284=CARTESIAN_POINT('',(0.,1.95,-0.13));
#5285=CARTESIAN_POINT('',(1.665,1.95,-0.13));
#5286=CARTESIAN_POINT('',(1.665,1.94842776662151,-0.1));
#5287=CARTESIAN_POINT('',(1.665,1.9379462107649,0.1));
#5288=CARTESIAN_POINT('',(0.,1.94842776662151,-0.1));
#5289=CARTESIAN_POINT('',(2.085,1.94842776662151,-0.1));
#5290=CARTESIAN_POINT('',(2.085,1.95,-0.13));
#5291=CARTESIAN_POINT('',(2.085,1.9379462107649,0.1));
#5292=CARTESIAN_POINT('',(0.,1.9379462107649,0.1));
#5293=CARTESIAN_POINT('',(-2.40845109274038,1.94340312645679,-0.00412415421027372));
#5294=CARTESIAN_POINT('',(-2.37276370556723,1.90771573928363,0.676831758468503));
#5295=CARTESIAN_POINT('',(2.37102543168583,1.90771573928363,0.676831758468503));
#5296=CARTESIAN_POINT('',(2.37276370556723,1.90771573928363,0.676831758468503));
#5297=CARTESIAN_POINT('',(2.40845109274038,1.94340312645679,-0.00412415421027372));
#5298=CARTESIAN_POINT('',(1.665,2.43828364552041,-0.48990122748009));
#5299=CARTESIAN_POINT('',(1.665,2.18339983866839,-0.503259121772413));
#5300=CARTESIAN_POINT('',(1.665,2.16847378342246,-0.218453021416263));
#5301=CARTESIAN_POINT('',(1.665,2.18336149738394,-0.502527526483141));
#5302=CARTESIAN_POINT('',(1.665,2.04364535278131,-0.225));
#5303=CARTESIAN_POINT('',(1.665,2.04364535278131,-0.1));
#5304=CARTESIAN_POINT('',(1.665,1.95,-0.1));
#5305=CARTESIAN_POINT('',(1.665,2.11481769528492,0.1));
#5306=CARTESIAN_POINT('',(1.665,2.11481769528492,0.1));
#5307=CARTESIAN_POINT('',(1.665,2.11481769528492,-0.15));
#5308=CARTESIAN_POINT('',(1.665,2.36447493005675,-0.136913169437232));
#5309=CARTESIAN_POINT('',(1.665,2.37971362416883,-0.427684774732293));
#5310=CARTESIAN_POINT('',(1.665,2.3796752862381,-0.426953243435638));
#5311=CARTESIAN_POINT('',(1.665,2.50450382114328,-0.420408254328035));
#5312=CARTESIAN_POINT('',(1.665,2.49360935329982,-0.544932591589503));
#5313=CARTESIAN_POINT('',(1.665,3.,-0.589236032491331));
#5314=CARTESIAN_POINT('',(1.665,3.,-0.589236032491331));
#5315=CARTESIAN_POINT('',(1.665,3.,-0.79));
#5316=CARTESIAN_POINT('',(1.665,3.,-0.79));
#5317=CARTESIAN_POINT('',(1.665,3.,-0.79));
#5318=CARTESIAN_POINT('',(1.665,2.41122979180024,-0.738489281360723));
#5319=CARTESIAN_POINT('',(1.665,2.43301872748715,-0.489440606837787));
#5320=CARTESIAN_POINT('',(2.085,2.43828364552041,-0.48990122748009));
#5321=CARTESIAN_POINT('',(2.085,2.18339983866839,-0.503259121772413));
#5322=CARTESIAN_POINT('',(2.085,2.16847378342246,-0.218453021416263));
#5323=CARTESIAN_POINT('',(2.085,2.18336149738394,-0.502527526483141));
#5324=CARTESIAN_POINT('',(2.085,2.43301872748715,-0.489440606837787));
#5325=CARTESIAN_POINT('',(2.085,2.41122979180024,-0.738489281360723));
#5326=CARTESIAN_POINT('',(2.085,3.,-0.79));
#5327=CARTESIAN_POINT('',(2.085,3.,-0.79));
#5328=CARTESIAN_POINT('',(2.085,3.,-0.79));
#5329=CARTESIAN_POINT('',(2.085,3.,-0.589236032491331));
#5330=CARTESIAN_POINT('',(2.085,3.,-0.589236032491331));
#5331=CARTESIAN_POINT('',(2.085,2.49360935329982,-0.544932591589503));
#5332=CARTESIAN_POINT('',(2.085,2.50450382114328,-0.420408254328035));
#5333=CARTESIAN_POINT('',(2.085,2.3796752862381,-0.426953243435638));
#5334=CARTESIAN_POINT('',(2.085,2.37971362416883,-0.427684774732293));
#5335=CARTESIAN_POINT('',(2.085,2.36447493005675,-0.136913169437232));
#5336=CARTESIAN_POINT('',(2.085,2.11481769528492,-0.15));
#5337=CARTESIAN_POINT('',(2.085,2.11481769528492,0.1));
#5338=CARTESIAN_POINT('',(2.085,2.11481769528492,0.1));
#5339=CARTESIAN_POINT('',(2.085,1.95,-0.1));
#5340=CARTESIAN_POINT('',(2.085,2.04364535278131,-0.1));
#5341=CARTESIAN_POINT('',(2.085,2.04364535278131,-0.225));
#5342=CARTESIAN_POINT('',(1.665,2.04364535278131,-0.225));
#5343=CARTESIAN_POINT('',(1.665,2.04364535278131,-0.1));
#5344=CARTESIAN_POINT('',(1.665,2.16847404462563,-0.218458005469632));
#5345=CARTESIAN_POINT('',(1.665,1.95,-0.1));
#5346=CARTESIAN_POINT('',(1.665,2.11481769528492,0.1));
#5347=CARTESIAN_POINT('',(1.665,2.11481769528492,0.1));
#5348=CARTESIAN_POINT('',(1.665,2.11481769528492,-0.15));
#5349=CARTESIAN_POINT('',(1.665,2.36447507897356,-0.136916010939264));
#5350=CARTESIAN_POINT('',(1.665,2.37971362416883,-0.427684774732293));
#5351=CARTESIAN_POINT('',(1.665,2.37967512929896,-0.426950248858403));
#5352=CARTESIAN_POINT('',(1.665,2.50450382114328,-0.420408254328035));
#5353=CARTESIAN_POINT('',(1.665,2.49360935329982,-0.544932591589503));
#5354=CARTESIAN_POINT('',(1.665,3.,-0.589236032491331));
#5355=CARTESIAN_POINT('',(1.665,3.,-0.589236032491331));
#5356=CARTESIAN_POINT('',(1.665,3.,-0.79));
#5357=CARTESIAN_POINT('',(1.665,3.,-0.79));
#5358=CARTESIAN_POINT('',(1.665,3.,-0.79));
#5359=CARTESIAN_POINT('',(1.665,2.41122979180024,-0.738489281360723));
#5360=CARTESIAN_POINT('',(1.665,2.43301872748715,-0.489440606837787));
#5361=CARTESIAN_POINT('',(1.665,2.18336134379851,-0.502524595898522));
#5362=CARTESIAN_POINT('',(1.665,2.18339983866839,-0.503259121772413));
#5363=CARTESIAN_POINT('',(2.40980321072396,-1.90980321072396,-0.228505998474229));
#5364=CARTESIAN_POINT('',(2.38637602352836,-1.88637602352836,-0.67552335956243));
#5365=CARTESIAN_POINT('',(-2.40980321072396,1.90980321072396,-0.228505998474229));
#5366=CARTESIAN_POINT('',(-2.38637602352836,1.88637602352836,-0.67552335956243));
#5367=CARTESIAN_POINT('',(-2.40843742552314,-1.90843742552314,-0.254566732577045));
#5368=CARTESIAN_POINT('',(-2.38637602352836,-1.88637602352836,-0.67552335956243));
#5369=CARTESIAN_POINT('',(2.40843742552314,1.90843742552314,-0.254566732577045));
#5370=CARTESIAN_POINT('',(2.38637602352836,1.88637602352836,-0.67552335956243));
#5371=CARTESIAN_POINT('',(2.40981687794119,-1.90981687794119,-0.0320166467815927));
#5372=CARTESIAN_POINT('',(2.37276370556723,-1.87276370556722,0.675));
#5373=CARTESIAN_POINT('',(-2.40981687794119,1.90981687794119,-0.0320166467815927));
#5374=CARTESIAN_POINT('',(-2.37276370556723,1.87276370556722,0.675));
#5375=CARTESIAN_POINT('',(-2.40845109274038,-1.90845109274038,-0.00595591267877677));
#5376=CARTESIAN_POINT('',(-2.37276370556723,-1.87276370556722,0.675));
#5377=CARTESIAN_POINT('',(2.40845109274038,1.90845109274038,-0.00595591267877677));
#5378=CARTESIAN_POINT('',(2.37276370556723,1.87276370556722,0.675));
#5379=CARTESIAN_POINT('',(2.37276370556723,-1.87276370556722,0.675));
#5380=CARTESIAN_POINT('',(2.37276370556723,-1.87276370556722,0.675));
#5381=CARTESIAN_POINT('',(2.37276370556723,-1.87276370556722,0.675));
#5382=CARTESIAN_POINT('',(2.37276370556723,0.,0.675));
#5383=CARTESIAN_POINT('',(2.37276370556723,1.87276370556722,0.675));
#5384=CARTESIAN_POINT('',(0.,-1.87276370556722,0.675));
#5385=CARTESIAN_POINT('',(-2.37276370556723,-1.87276370556722,0.675));
#5386=CARTESIAN_POINT('',(2.37276370556723,1.87276370556722,0.675));
#5387=CARTESIAN_POINT('',(2.37276370556723,1.87276370556722,0.675));
#5388=CARTESIAN_POINT('',(-2.37276370556723,-1.87276370556722,0.675));
#5389=CARTESIAN_POINT('',(-2.37276370556723,-1.87276370556722,0.675));
#5390=CARTESIAN_POINT('',(0.,1.87276370556722,0.675));
#5391=CARTESIAN_POINT('',(-2.37276370556723,1.87276370556722,0.675));
#5392=CARTESIAN_POINT('',(-2.37276370556723,0.,0.675));
#5393=CARTESIAN_POINT('',(-2.37276370556723,1.87276370556722,0.675));
#5394=CARTESIAN_POINT('',(-2.37276370556723,1.87276370556722,0.675));
#5395=CARTESIAN_POINT('',(2.37638972818082,-2.65617206800606E-16,-0.675));
#5396=CARTESIAN_POINT('',(2.37638972818082,1.87638972818082,-0.675));
#5397=CARTESIAN_POINT('',(2.37638972818082,-1.87638972818082,-0.675));
#5398=CARTESIAN_POINT('',(2.37638972818082,1.87638972818082,-0.71));
#5399=CARTESIAN_POINT('',(2.37638972818082,1.87638972818082,-0.71));
#5400=CARTESIAN_POINT('',(2.37638972818081,1.87638972818082,-0.71));
#5401=CARTESIAN_POINT('',(2.38145960401485,1.89413429359995,-0.709999999999999));
#5402=CARTESIAN_POINT('',(2.38779432780396,1.88779432780398,-0.710001583003238));
#5403=CARTESIAN_POINT('',(2.39413429359994,1.88145960401486,-0.710000000000001));
#5404=CARTESIAN_POINT('',(2.38606997546606,1.91038775066951,-0.695035377106087));
#5405=CARTESIAN_POINT('',(2.40754633382927,1.90754633382926,-0.708030290085308));
#5406=CARTESIAN_POINT('',(2.41038775066951,1.88606997546606,-0.695035377106089));
#5407=CARTESIAN_POINT('',(2.38637602352836,1.91134176189723,-0.676831758468503));
#5408=CARTESIAN_POINT('',(2.41127356622524,1.91127356622524,-0.678133009407126));
#5409=CARTESIAN_POINT('',(2.41134176189723,1.88637602352836,-0.676831758468503));
#5410=CARTESIAN_POINT('',(2.37638972818082,1.87638972818082,-0.675));
#5411=CARTESIAN_POINT('',(2.37638972818082,-1.87638972818082,-0.71));
#5412=CARTESIAN_POINT('',(2.37638972818082,-1.87638972818082,-0.71));
#5413=CARTESIAN_POINT('',(2.37638972818082,-1.87638972818081,-0.71));
#5414=CARTESIAN_POINT('',(2.39413429359995,-1.88145960401486,-0.709999999999999));
#5415=CARTESIAN_POINT('',(2.38779432780397,-1.88779432780396,-0.710001583003238));
#5416=CARTESIAN_POINT('',(2.38145960401485,-1.89413429359995,-0.71));
#5417=CARTESIAN_POINT('',(2.41038775066951,-1.88606997546606,-0.695035377106087));
#5418=CARTESIAN_POINT('',(2.40754633382927,-1.90754633382926,-0.708030290085306));
#5419=CARTESIAN_POINT('',(2.38606997546606,-1.91038775066951,-0.695035377106088));
#5420=CARTESIAN_POINT('',(2.41134176189723,-1.88637602352836,-0.676831758468503));
#5421=CARTESIAN_POINT('',(2.41127356622524,-1.91127356622524,-0.678133009407126));
#5422=CARTESIAN_POINT('',(2.38637602352836,-1.91134176189723,-0.676831758468503));
#5423=CARTESIAN_POINT('',(2.37638972818082,-1.87638972818082,-0.675));
#5424=CARTESIAN_POINT('',(0.,1.87638972818082,-0.675));
#5425=CARTESIAN_POINT('',(-2.37638972818082,1.87638972818082,-0.675));
#5426=CARTESIAN_POINT('',(0.,-1.87638972818082,-0.675));
#5427=CARTESIAN_POINT('',(-2.37638972818082,-1.87638972818082,-0.675));
#5428=CARTESIAN_POINT('',(-2.37638972818082,1.87638972818082,-0.71));
#5429=CARTESIAN_POINT('',(-2.37638972818082,1.87638972818082,-0.71));
#5430=CARTESIAN_POINT('',(-2.37638972818082,1.87638972818081,-0.71));
#5431=CARTESIAN_POINT('',(-2.39413429359995,1.88145960401486,-0.709999999999999));
#5432=CARTESIAN_POINT('',(-2.38779432780397,1.88779432780396,-0.710001583003238));
#5433=CARTESIAN_POINT('',(-2.38145960401485,1.89413429359995,-0.71));
#5434=CARTESIAN_POINT('',(-2.41038775066951,1.88606997546606,-0.695035377106087));
#5435=CARTESIAN_POINT('',(-2.40754633382927,1.90754633382926,-0.708030290085306));
#5436=CARTESIAN_POINT('',(-2.38606997546606,1.91038775066951,-0.695035377106088));
#5437=CARTESIAN_POINT('',(-2.41134176189723,1.88637602352836,-0.676831758468503));
#5438=CARTESIAN_POINT('',(-2.41127356622524,1.91127356622524,-0.678133009407126));
#5439=CARTESIAN_POINT('',(-2.38637602352836,1.91134176189723,-0.676831758468503));
#5440=CARTESIAN_POINT('',(-2.37638972818082,1.87638972818082,-0.675));
#5441=CARTESIAN_POINT('',(-2.37638972818082,-1.87638972818082,-0.71));
#5442=CARTESIAN_POINT('',(-2.37638972818082,-1.87638972818082,-0.71));
#5443=CARTESIAN_POINT('',(-2.37638972818081,-1.87638972818082,-0.71));
#5444=CARTESIAN_POINT('',(-2.38145960401485,-1.89413429359995,-0.709999999999999));
#5445=CARTESIAN_POINT('',(-2.38779432780396,-1.88779432780398,-0.710001583003238));
#5446=CARTESIAN_POINT('',(-2.39413429359994,-1.88145960401486,-0.710000000000001));
#5447=CARTESIAN_POINT('',(-2.38606997546606,-1.91038775066951,-0.695035377106087));
#5448=CARTESIAN_POINT('',(-2.40754633382927,-1.90754633382926,-0.708030290085308));
#5449=CARTESIAN_POINT('',(-2.41038775066951,-1.88606997546606,-0.695035377106089));
#5450=CARTESIAN_POINT('',(-2.38637602352836,-1.91134176189723,-0.676831758468503));
#5451=CARTESIAN_POINT('',(-2.41127356622524,-1.91127356622524,-0.678133009407126));
#5452=CARTESIAN_POINT('',(-2.41134176189723,-1.88637602352836,-0.676831758468503));
#5453=CARTESIAN_POINT('',(-2.37638972818082,-1.87638972818082,-0.675));
#5454=CARTESIAN_POINT('',(-2.37638972818082,2.65617206800606E-16,-0.675));
#5455=CARTESIAN_POINT('',(-1.625,-1.15,-0.74));
#5456=CARTESIAN_POINT('',(-1.625,1.15,-0.74));
#5457=CARTESIAN_POINT('',(-1.625,1.15,-0.74));
#5458=CARTESIAN_POINT('',(-1.625,-1.15,-0.74));
#5459=CARTESIAN_POINT('',(-1.625,-1.15,-0.74));
#5460=CARTESIAN_POINT('',(-1.625,-1.15,-0.74));
#5461=CARTESIAN_POINT('',(-1.625,1.15,-0.74));
#5462=CARTESIAN_POINT('',(1.625,1.15,-0.74));
#5463=CARTESIAN_POINT('',(1.625,1.15,-0.74));
#5464=CARTESIAN_POINT('',(-1.625,1.15,-0.74));
#5465=CARTESIAN_POINT('',(1.625,1.15,-0.74));
#5466=CARTESIAN_POINT('',(1.625,-1.15,-0.74));
#5467=CARTESIAN_POINT('',(1.625,-1.15,-0.74));
#5468=CARTESIAN_POINT('',(1.625,1.15,-0.74));
#5469=CARTESIAN_POINT('',(1.625,-1.15,-0.74));
#5470=CARTESIAN_POINT('',(1.625,-1.15,-0.74));
#5471=CARTESIAN_POINT('',(0.,0.,-0.74));
#5472=CARTESIAN_POINT('',(-1.88259775262429,-1.36473213554514,0.704791575684772));
#5473=CARTESIAN_POINT('',(-1.88259775262429,-1.36473213554514,0.704791575684772));
#5474=CARTESIAN_POINT('',(-1.88259775262429,-1.18973213554514,0.704791575684772));
#5475=CARTESIAN_POINT('',(-1.88259775262429,-1.36473213554514,0.704791575684772));
#5476=MECHANICAL_DESIGN_GEOMETRIC_PRESENTATION_REPRESENTATION('',(#2496,
#2497,#2498,#2499,#2500,#2501,#2502,#2503,#2504,#2505,#2506,#2507,#2508,
#2509,#2510,#2511,#2512,#2513,#2514,#2515,#2516,#2517,#2518,#2519,#2520,
#2521,#2522,#2523,#2524,#2525,#2526,#2527,#2528,#2529,#2530,#2531,#2532,
#2533,#2534,#2535,#2536,#2537,#2538,#2539,#2540,#2541,#2542,#2543,#2544,
#2545,#2546,#2547,#2548,#2549,#2550,#2551,#2552,#2553,#2554,#2555,#2556,
#2557,#2558,#2559,#2560,#2561,#2562,#2563,#2564,#2565,#2566,#2567,#2568,
#2569,#2570,#2571,#2572,#2573,#2574,#2575,#2576,#2577,#2578,#2579,#2580,
#2581,#2582,#2583,#2584,#2585,#2586,#2587,#2588,#2589,#2590,#2591,#2592,
#2593,#2594,#2595,#2596,#2597,#2598,#2599,#2600,#2601,#2602,#2603,#2604,
#2605,#2606,#2607,#2608,#2609,#2610,#2611,#2612,#2613,#2614,#2615,#2616,
#2617,#2618,#2619,#2620,#2621,#2622,#2623,#2624,#2625,#2626,#2627,#2628,
#2629,#2630,#2631,#2632,#2633,#2634,#2635,#2636,#2637,#2638,#2639,#2640,
#2641),#5477);
#5477=(
GEOMETRIC_REPRESENTATION_CONTEXT(3)
GLOBAL_UNCERTAINTY_ASSIGNED_CONTEXT((#5478))
GLOBAL_UNIT_ASSIGNED_CONTEXT((#5481,#5480,#5479))
REPRESENTATION_CONTEXT('RT6365GSP','TOP_LEVEL_ASSEMBLY_PART')
);
#5478=UNCERTAINTY_MEASURE_WITH_UNIT(LENGTH_MEASURE(0.005),#5481,
'DISTANCE_ACCURACY_VALUE','Maximum Tolerance applied to model');
#5479=(
NAMED_UNIT(*)
SI_UNIT($,.STERADIAN.)
SOLID_ANGLE_UNIT()
);
#5480=(
NAMED_UNIT(*)
PLANE_ANGLE_UNIT()
SI_UNIT($,.RADIAN.)
);
#5481=(
LENGTH_UNIT()
NAMED_UNIT(*)
SI_UNIT(.MILLI.,.METRE.)
);
#5482=PRODUCT_DEFINITION_SHAPE('','',#5483);
#5483=PRODUCT_DEFINITION('','',#5485,#5484);
#5484=PRODUCT_DEFINITION_CONTEXT('',#5491,'design');
#5485=PRODUCT_DEFINITION_FORMATION_WITH_SPECIFIED_SOURCE('','',#5487,
 .NOT_KNOWN.);
#5486=PRODUCT_RELATED_PRODUCT_CATEGORY('','',(#5487));
#5487=PRODUCT('RT6365GSP','RT6365GSP','RT6365GSP',(#5489));
#5488=PRODUCT_CATEGORY('','');
#5489=PRODUCT_CONTEXT('',#5491,'mechanical');
#5490=APPLICATION_PROTOCOL_DEFINITION('international standard',
'automotive_design',2010,#5491);
#5491=APPLICATION_CONTEXT(
'core data for automotive mechanical design processes');
ENDSEC;
END-ISO-10303-21;
