ISO-10303-21;
HEADER;
/* Generated by software containing ST-Developer
 * from STEP Tools, Inc. (www.steptools.com) 
 */
/* OPTION: strings as raw bytes, not using required /X/ escapes */

FILE_DESCRIPTION(
/* description */ ('Unknown'),
/* implementation_level */ '2;1');

FILE_NAME(
/* name */ '615108137221R',
/* time_stamp */ '2025-02-13T11:52:24+01:00',
/* author */ ('Unknown'),
/* organization */ ('Unknown'),
/* preprocessor_version */ 'ST-DEVELOPER v19.4',
/* originating_system */ 'Solid Edge',
/* authorisation */ 'Unknown');

FILE_SCHEMA (('AUTOMOTIVE_DESIGN {1 0 10303 214 3 1 1}'));
ENDSEC;

DATA;
#10=PROPERTY_DEFINITION_REPRESENTATION(#14,#12);
#11=PROPERTY_DEFINITION_REPRESENTATION(#15,#13);
#12=REPRESENTATION('',(#16),#18400);
#13=REPRESENTATION('',(#17),#18400);
#14=PROPERTY_DEFINITION('pmi validation property','',#18419);
#15=PROPERTY_DEFINITION('pmi validation property','',#18419);
#16=VALUE_REPRESENTATION_ITEM('number of annotations',COUNT_MEASURE(0.));
#17=VALUE_REPRESENTATION_ITEM('number of views',COUNT_MEASURE(0.));
#18=TOROIDAL_SURFACE('',#12272,1.4,0.2);
#19=TOROIDAL_SURFACE('',#12277,1.4,0.2);
#20=TOROIDAL_SURFACE('',#12327,1.4,0.2);
#21=TOROIDAL_SURFACE('',#12332,1.4,0.2);
#22=SURFACE_STYLE_RENDERING_WITH_PROPERTIES(.CONSTANT_SHADING.,#11587,(#46));
#23=SURFACE_STYLE_RENDERING_WITH_PROPERTIES(.CONSTANT_SHADING.,#11587,(#47));
#24=SURFACE_STYLE_RENDERING_WITH_PROPERTIES(.CONSTANT_SHADING.,#11587,(#48));
#25=SURFACE_STYLE_RENDERING_WITH_PROPERTIES(.CONSTANT_SHADING.,#11587,(#49));
#26=SURFACE_STYLE_RENDERING_WITH_PROPERTIES(.CONSTANT_SHADING.,#11587,(#50));
#27=SURFACE_STYLE_RENDERING_WITH_PROPERTIES(.CONSTANT_SHADING.,#11587,(#51));
#28=SURFACE_STYLE_RENDERING_WITH_PROPERTIES(.CONSTANT_SHADING.,#11587,(#52));
#29=SURFACE_STYLE_RENDERING_WITH_PROPERTIES(.CONSTANT_SHADING.,#11587,(#53));
#30=SURFACE_STYLE_RENDERING_WITH_PROPERTIES(.CONSTANT_SHADING.,#11587,(#54));
#31=SURFACE_STYLE_RENDERING_WITH_PROPERTIES(.CONSTANT_SHADING.,#11587,(#55));
#32=SURFACE_STYLE_RENDERING_WITH_PROPERTIES(.CONSTANT_SHADING.,#11587,(#56));
#33=SURFACE_STYLE_RENDERING_WITH_PROPERTIES(.CONSTANT_SHADING.,#11587,(#57));
#34=SURFACE_STYLE_RENDERING_WITH_PROPERTIES(.CONSTANT_SHADING.,#11589,(#58));
#35=SURFACE_STYLE_RENDERING_WITH_PROPERTIES(.CONSTANT_SHADING.,#11589,(#59));
#36=SURFACE_STYLE_RENDERING_WITH_PROPERTIES(.CONSTANT_SHADING.,#11589,(#60));
#37=SURFACE_STYLE_RENDERING_WITH_PROPERTIES(.CONSTANT_SHADING.,#11589,(#61));
#38=SURFACE_STYLE_RENDERING_WITH_PROPERTIES(.CONSTANT_SHADING.,#11589,(#62));
#39=SURFACE_STYLE_RENDERING_WITH_PROPERTIES(.CONSTANT_SHADING.,#11589,(#63));
#40=SURFACE_STYLE_RENDERING_WITH_PROPERTIES(.CONSTANT_SHADING.,#11589,(#64));
#41=SURFACE_STYLE_RENDERING_WITH_PROPERTIES(.CONSTANT_SHADING.,#11589,(#65));
#42=SURFACE_STYLE_RENDERING_WITH_PROPERTIES(.CONSTANT_SHADING.,#11589,(#66));
#43=SURFACE_STYLE_RENDERING_WITH_PROPERTIES(.CONSTANT_SHADING.,#11589,(#67));
#44=SURFACE_STYLE_RENDERING_WITH_PROPERTIES(.CONSTANT_SHADING.,#11589,(#68));
#45=SURFACE_STYLE_RENDERING_WITH_PROPERTIES(.CONSTANT_SHADING.,#11589,(#69));
#46=SURFACE_STYLE_TRANSPARENT(0.699999988079071);
#47=SURFACE_STYLE_TRANSPARENT(0.699999988079071);
#48=SURFACE_STYLE_TRANSPARENT(0.699999988079071);
#49=SURFACE_STYLE_TRANSPARENT(0.699999988079071);
#50=SURFACE_STYLE_TRANSPARENT(0.699999988079071);
#51=SURFACE_STYLE_TRANSPARENT(0.699999988079071);
#52=SURFACE_STYLE_TRANSPARENT(0.699999988079071);
#53=SURFACE_STYLE_TRANSPARENT(0.699999988079071);
#54=SURFACE_STYLE_TRANSPARENT(0.699999988079071);
#55=SURFACE_STYLE_TRANSPARENT(0.699999988079071);
#56=SURFACE_STYLE_TRANSPARENT(0.699999988079071);
#57=SURFACE_STYLE_TRANSPARENT(0.699999988079071);
#58=SURFACE_STYLE_TRANSPARENT(0.699999988079071);
#59=SURFACE_STYLE_TRANSPARENT(0.699999988079071);
#60=SURFACE_STYLE_TRANSPARENT(0.699999988079071);
#61=SURFACE_STYLE_TRANSPARENT(0.699999988079071);
#62=SURFACE_STYLE_TRANSPARENT(0.699999988079071);
#63=SURFACE_STYLE_TRANSPARENT(0.699999988079071);
#64=SURFACE_STYLE_TRANSPARENT(0.699999988079071);
#65=SURFACE_STYLE_TRANSPARENT(0.699999988079071);
#66=SURFACE_STYLE_TRANSPARENT(0.699999988079071);
#67=SURFACE_STYLE_TRANSPARENT(0.699999988079071);
#68=SURFACE_STYLE_TRANSPARENT(0.699999988079071);
#69=SURFACE_STYLE_TRANSPARENT(0.699999988079071);
#70=CONICAL_SURFACE('',#12006,1.55,0.463647609000806);
#71=CONICAL_SURFACE('',#12034,1.05,0.463647609000806);
#72=CONTEXT_DEPENDENT_SHAPE_REPRESENTATION(#98,#18421);
#73=CONTEXT_DEPENDENT_SHAPE_REPRESENTATION(#99,#18423);
#74=CONTEXT_DEPENDENT_SHAPE_REPRESENTATION(#100,#18425);
#75=CONTEXT_DEPENDENT_SHAPE_REPRESENTATION(#101,#18427);
#76=CONTEXT_DEPENDENT_SHAPE_REPRESENTATION(#102,#18428);
#77=CONTEXT_DEPENDENT_SHAPE_REPRESENTATION(#103,#18429);
#78=CONTEXT_DEPENDENT_SHAPE_REPRESENTATION(#104,#18430);
#79=CONTEXT_DEPENDENT_SHAPE_REPRESENTATION(#105,#18431);
#80=CONTEXT_DEPENDENT_SHAPE_REPRESENTATION(#106,#18433);
#81=CONTEXT_DEPENDENT_SHAPE_REPRESENTATION(#107,#18434);
#82=CONTEXT_DEPENDENT_SHAPE_REPRESENTATION(#108,#18435);
#83=CONTEXT_DEPENDENT_SHAPE_REPRESENTATION(#109,#18437);
#84=CONTEXT_DEPENDENT_SHAPE_REPRESENTATION(#110,#18439);
#85=NEXT_ASSEMBLY_USAGE_OCCURRENCE('615108137221R_Shielding',
'615108137221R_Shielding','615108137221R_Shielding',#18440,#18441,'');
#86=NEXT_ASSEMBLY_USAGE_OCCURRENCE('615108137221R_Housing',
'615108137221R_Housing','615108137221R_Housing',#18440,#18442,'');
#87=NEXT_ASSEMBLY_USAGE_OCCURRENCE('615108137221R_Pin Longue',
'615108137221R_Pin Longue','615108137221R_Pin Longue',#18440,#18443,'');
#88=NEXT_ASSEMBLY_USAGE_OCCURRENCE('615108137221R_Pin Short',
'615108137221R_Pin Short','615108137221R_Pin Short',#18440,#18444,'');
#89=NEXT_ASSEMBLY_USAGE_OCCURRENCE('615108137221R_Pin Longue',
'615108137221R_Pin Longue','615108137221R_Pin Longue',#18440,#18443,'');
#90=NEXT_ASSEMBLY_USAGE_OCCURRENCE('615108137221R_Pin Short',
'615108137221R_Pin Short','615108137221R_Pin Short',#18440,#18444,'');
#91=NEXT_ASSEMBLY_USAGE_OCCURRENCE('615108137221R_Pin Longue',
'615108137221R_Pin Longue','615108137221R_Pin Longue',#18440,#18443,'');
#92=NEXT_ASSEMBLY_USAGE_OCCURRENCE('615108137221R_Pin Short',
'615108137221R_Pin Short','615108137221R_Pin Short',#18440,#18444,'');
#93=NEXT_ASSEMBLY_USAGE_OCCURRENCE('615108137221R_Housing-2',
'615108137221R_Housing-2','615108137221R_Housing-2',#18440,#18445,'');
#94=NEXT_ASSEMBLY_USAGE_OCCURRENCE('615108137221R_Pin Longue',
'615108137221R_Pin Longue','615108137221R_Pin Longue',#18440,#18443,'');
#95=NEXT_ASSEMBLY_USAGE_OCCURRENCE('615108137221R_Pin Short',
'615108137221R_Pin Short','615108137221R_Pin Short',#18440,#18444,'');
#96=NEXT_ASSEMBLY_USAGE_OCCURRENCE('615108137221R_Led Green',
'615108137221R_Led Green','615108137221R_Led Green',#18440,#18446,'');
#97=NEXT_ASSEMBLY_USAGE_OCCURRENCE('615108137221R_Led Yellow',
'615108137221R_Led Yellow','615108137221R_Led Yellow',#18440,#18447,'');
#98=(
REPRESENTATION_RELATIONSHIP(' ',' ',#11605,#11606)
REPRESENTATION_RELATIONSHIP_WITH_TRANSFORMATION(#111)
SHAPE_REPRESENTATION_RELATIONSHIP()
);
#99=(
REPRESENTATION_RELATIONSHIP(' ',' ',#11607,#11606)
REPRESENTATION_RELATIONSHIP_WITH_TRANSFORMATION(#112)
SHAPE_REPRESENTATION_RELATIONSHIP()
);
#100=(
REPRESENTATION_RELATIONSHIP(' ',' ',#11608,#11606)
REPRESENTATION_RELATIONSHIP_WITH_TRANSFORMATION(#113)
SHAPE_REPRESENTATION_RELATIONSHIP()
);
#101=(
REPRESENTATION_RELATIONSHIP(' ',' ',#11609,#11606)
REPRESENTATION_RELATIONSHIP_WITH_TRANSFORMATION(#114)
SHAPE_REPRESENTATION_RELATIONSHIP()
);
#102=(
REPRESENTATION_RELATIONSHIP(' ',' ',#11608,#11606)
REPRESENTATION_RELATIONSHIP_WITH_TRANSFORMATION(#115)
SHAPE_REPRESENTATION_RELATIONSHIP()
);
#103=(
REPRESENTATION_RELATIONSHIP(' ',' ',#11609,#11606)
REPRESENTATION_RELATIONSHIP_WITH_TRANSFORMATION(#116)
SHAPE_REPRESENTATION_RELATIONSHIP()
);
#104=(
REPRESENTATION_RELATIONSHIP(' ',' ',#11608,#11606)
REPRESENTATION_RELATIONSHIP_WITH_TRANSFORMATION(#117)
SHAPE_REPRESENTATION_RELATIONSHIP()
);
#105=(
REPRESENTATION_RELATIONSHIP(' ',' ',#11609,#11606)
REPRESENTATION_RELATIONSHIP_WITH_TRANSFORMATION(#118)
SHAPE_REPRESENTATION_RELATIONSHIP()
);
#106=(
REPRESENTATION_RELATIONSHIP(' ',' ',#11610,#11606)
REPRESENTATION_RELATIONSHIP_WITH_TRANSFORMATION(#119)
SHAPE_REPRESENTATION_RELATIONSHIP()
);
#107=(
REPRESENTATION_RELATIONSHIP(' ',' ',#11608,#11606)
REPRESENTATION_RELATIONSHIP_WITH_TRANSFORMATION(#120)
SHAPE_REPRESENTATION_RELATIONSHIP()
);
#108=(
REPRESENTATION_RELATIONSHIP(' ',' ',#11609,#11606)
REPRESENTATION_RELATIONSHIP_WITH_TRANSFORMATION(#121)
SHAPE_REPRESENTATION_RELATIONSHIP()
);
#109=(
REPRESENTATION_RELATIONSHIP(' ',' ',#11611,#11606)
REPRESENTATION_RELATIONSHIP_WITH_TRANSFORMATION(#122)
SHAPE_REPRESENTATION_RELATIONSHIP()
);
#110=(
REPRESENTATION_RELATIONSHIP(' ',' ',#11612,#11606)
REPRESENTATION_RELATIONSHIP_WITH_TRANSFORMATION(#123)
SHAPE_REPRESENTATION_RELATIONSHIP()
);
#111=ITEM_DEFINED_TRANSFORMATION(' ',' ',#11613,#11868);
#112=ITEM_DEFINED_TRANSFORMATION(' ',' ',#11613,#12128);
#113=ITEM_DEFINED_TRANSFORMATION(' ',' ',#11613,#12159);
#114=ITEM_DEFINED_TRANSFORMATION(' ',' ',#11613,#12190);
#115=ITEM_DEFINED_TRANSFORMATION(' ',' ',#11613,#12191);
#116=ITEM_DEFINED_TRANSFORMATION(' ',' ',#11613,#12192);
#117=ITEM_DEFINED_TRANSFORMATION(' ',' ',#11613,#12193);
#118=ITEM_DEFINED_TRANSFORMATION(' ',' ',#11613,#12194);
#119=ITEM_DEFINED_TRANSFORMATION(' ',' ',#11613,#12253);
#120=ITEM_DEFINED_TRANSFORMATION(' ',' ',#11613,#12254);
#121=ITEM_DEFINED_TRANSFORMATION(' ',' ',#11613,#12255);
#122=ITEM_DEFINED_TRANSFORMATION(' ',' ',#11613,#12310);
#123=ITEM_DEFINED_TRANSFORMATION(' ',' ',#11613,#12365);
#124=SHAPE_REPRESENTATION_RELATIONSHIP('','',#11605,#131);
#125=SHAPE_REPRESENTATION_RELATIONSHIP('','',#11607,#132);
#126=SHAPE_REPRESENTATION_RELATIONSHIP('','',#11608,#133);
#127=SHAPE_REPRESENTATION_RELATIONSHIP('','',#11609,#134);
#128=SHAPE_REPRESENTATION_RELATIONSHIP('','',#11610,#135);
#129=SHAPE_REPRESENTATION_RELATIONSHIP('','',#11611,#136);
#130=SHAPE_REPRESENTATION_RELATIONSHIP('','',#11612,#137);
#131=ADVANCED_BREP_SHAPE_REPRESENTATION('',(#11590),#18401);
#132=ADVANCED_BREP_SHAPE_REPRESENTATION('',(#11591),#18402);
#133=ADVANCED_BREP_SHAPE_REPRESENTATION('',(#11592),#18403);
#134=ADVANCED_BREP_SHAPE_REPRESENTATION('',(#11593),#18404);
#135=ADVANCED_BREP_SHAPE_REPRESENTATION('',(#11594),#18405);
#136=ADVANCED_BREP_SHAPE_REPRESENTATION('',(#11595),#18406);
#137=ADVANCED_BREP_SHAPE_REPRESENTATION('',(#11596),#18407);
#138=ELLIPSE('',#11629,0.701141925718324,0.7);
#139=ELLIPSE('',#11632,0.701141925718324,0.7);
#140=ELLIPSE('',#11792,0.282842712474619,0.2);
#141=ELLIPSE('',#11794,0.282842712474619,0.2);
#142=ELLIPSE('',#11797,0.282842712474619,0.2);
#143=ELLIPSE('',#11798,0.282842712474619,0.2);
#144=ELLIPSE('',#11800,0.282842712474619,0.2);
#145=ELLIPSE('',#11802,0.282842712474619,0.2);
#146=ELLIPSE('',#11831,0.282842712474619,0.2);
#147=ELLIPSE('',#11833,0.282842712474619,0.2);
#148=ELLIPSE('',#11836,0.282842712474619,0.2);
#149=ELLIPSE('',#11837,0.282842712474619,0.2);
#150=ELLIPSE('',#11839,0.282842712474619,0.2);
#151=ELLIPSE('',#11841,0.282842712474619,0.2);
#152=CYLINDRICAL_SURFACE('',#11622,0.5);
#153=CYLINDRICAL_SURFACE('',#11624,0.3);
#154=CYLINDRICAL_SURFACE('',#11628,0.7);
#155=CYLINDRICAL_SURFACE('',#11631,0.7);
#156=CYLINDRICAL_SURFACE('',#11641,0.4);
#157=CYLINDRICAL_SURFACE('',#11653,0.4);
#158=CYLINDRICAL_SURFACE('',#11657,0.2);
#159=CYLINDRICAL_SURFACE('',#11663,0.25);
#160=CYLINDRICAL_SURFACE('',#11666,0.25);
#161=CYLINDRICAL_SURFACE('',#11669,0.45);
#162=CYLINDRICAL_SURFACE('',#11673,0.05);
#163=CYLINDRICAL_SURFACE('',#11676,0.3);
#164=CYLINDRICAL_SURFACE('',#11703,0.4);
#165=CYLINDRICAL_SURFACE('',#11706,0.2);
#166=CYLINDRICAL_SURFACE('',#11709,0.2);
#167=CYLINDRICAL_SURFACE('',#11716,0.4);
#168=CYLINDRICAL_SURFACE('',#11718,0.2);
#169=CYLINDRICAL_SURFACE('',#11751,0.45);
#170=CYLINDRICAL_SURFACE('',#11757,0.25);
#171=CYLINDRICAL_SURFACE('',#11758,0.25);
#172=CYLINDRICAL_SURFACE('',#11761,0.05);
#173=CYLINDRICAL_SURFACE('',#11762,0.3);
#174=CYLINDRICAL_SURFACE('',#11763,0.3);
#175=CYLINDRICAL_SURFACE('',#11764,0.3);
#176=CYLINDRICAL_SURFACE('',#11772,0.4);
#177=CYLINDRICAL_SURFACE('',#11773,0.2);
#178=CYLINDRICAL_SURFACE('',#11778,0.4);
#179=CYLINDRICAL_SURFACE('',#11779,0.2);
#180=CYLINDRICAL_SURFACE('',#11791,0.2);
#181=CYLINDRICAL_SURFACE('',#11793,0.2);
#182=CYLINDRICAL_SURFACE('',#11795,0.2);
#183=CYLINDRICAL_SURFACE('',#11796,0.2);
#184=CYLINDRICAL_SURFACE('',#11799,0.2);
#185=CYLINDRICAL_SURFACE('',#11801,0.2);
#186=CYLINDRICAL_SURFACE('',#11803,0.2);
#187=CYLINDRICAL_SURFACE('',#11811,0.3);
#188=CYLINDRICAL_SURFACE('',#11812,0.3);
#189=CYLINDRICAL_SURFACE('',#11817,0.4);
#190=CYLINDRICAL_SURFACE('',#11818,0.2);
#191=CYLINDRICAL_SURFACE('',#11830,0.2);
#192=CYLINDRICAL_SURFACE('',#11832,0.2);
#193=CYLINDRICAL_SURFACE('',#11834,0.2);
#194=CYLINDRICAL_SURFACE('',#11835,0.2);
#195=CYLINDRICAL_SURFACE('',#11838,0.2);
#196=CYLINDRICAL_SURFACE('',#11840,0.2);
#197=CYLINDRICAL_SURFACE('',#11842,0.2);
#198=CYLINDRICAL_SURFACE('',#11853,0.5);
#199=CYLINDRICAL_SURFACE('',#11857,0.3);
#200=CYLINDRICAL_SURFACE('',#11858,0.2);
#201=CYLINDRICAL_SURFACE('',#11859,0.2);
#202=CYLINDRICAL_SURFACE('',#11864,0.2);
#203=CYLINDRICAL_SURFACE('',#11865,0.2);
#204=CYLINDRICAL_SURFACE('',#12003,1.55);
#205=CYLINDRICAL_SURFACE('',#12027,1.55);
#206=CYLINDRICAL_SURFACE('',#12147,3.14);
#207=CYLINDRICAL_SURFACE('',#12148,0.5);
#208=CYLINDRICAL_SURFACE('',#12150,0.5);
#209=CYLINDRICAL_SURFACE('',#12153,3.44);
#210=CYLINDRICAL_SURFACE('',#12154,0.2);
#211=CYLINDRICAL_SURFACE('',#12156,0.8);
#212=CYLINDRICAL_SURFACE('',#12179,3.14);
#213=CYLINDRICAL_SURFACE('',#12180,0.5);
#214=CYLINDRICAL_SURFACE('',#12182,0.5);
#215=CYLINDRICAL_SURFACE('',#12184,3.44);
#216=CYLINDRICAL_SURFACE('',#12185,0.2);
#217=CYLINDRICAL_SURFACE('',#12187,0.8);
#218=CYLINDRICAL_SURFACE('',#12208,3.65416666666666);
#219=CYLINDRICAL_SURFACE('',#12238,0.481666666666667);
#220=CYLINDRICAL_SURFACE('',#12245,0.481666666666667);
#221=CYLINDRICAL_SURFACE('',#12267,1.6);
#222=CYLINDRICAL_SURFACE('',#12270,0.2);
#223=CYLINDRICAL_SURFACE('',#12274,0.2);
#224=CYLINDRICAL_SURFACE('',#12275,0.2);
#225=CYLINDRICAL_SURFACE('',#12279,0.2);
#226=CYLINDRICAL_SURFACE('',#12282,1.38);
#227=CYLINDRICAL_SURFACE('',#12285,1.88);
#228=CYLINDRICAL_SURFACE('',#12295,1.88);
#229=CYLINDRICAL_SURFACE('',#12298,1.38);
#230=CYLINDRICAL_SURFACE('',#12322,1.6);
#231=CYLINDRICAL_SURFACE('',#12325,0.2);
#232=CYLINDRICAL_SURFACE('',#12329,0.2);
#233=CYLINDRICAL_SURFACE('',#12330,0.2);
#234=CYLINDRICAL_SURFACE('',#12334,0.2);
#235=CYLINDRICAL_SURFACE('',#12337,1.38);
#236=CYLINDRICAL_SURFACE('',#12340,1.88);
#237=CYLINDRICAL_SURFACE('',#12350,1.88);
#238=CYLINDRICAL_SURFACE('',#12353,1.38);
#239=CIRCLE('',#11615,0.5);
#240=CIRCLE('',#11616,0.3);
#241=CIRCLE('',#11618,0.3);
#242=CIRCLE('',#11619,0.5);
#243=CIRCLE('',#11627,0.3);
#244=CIRCLE('',#11630,0.7);
#245=CIRCLE('',#11633,0.7);
#246=CIRCLE('',#11635,0.2);
#247=CIRCLE('',#11636,0.2);
#248=CIRCLE('',#11639,0.2);
#249=CIRCLE('',#11640,0.2);
#250=CIRCLE('',#11642,0.4);
#251=CIRCLE('',#11643,0.4);
#252=CIRCLE('',#11644,0.4);
#253=CIRCLE('',#11645,0.4);
#254=CIRCLE('',#11647,0.2);
#255=CIRCLE('',#11649,0.2);
#256=CIRCLE('',#11652,0.3);
#257=CIRCLE('',#11654,0.4);
#258=CIRCLE('',#11655,0.4);
#259=CIRCLE('',#11656,0.4);
#260=CIRCLE('',#11658,0.2);
#261=CIRCLE('',#11659,0.2);
#262=CIRCLE('',#11660,0.2);
#263=CIRCLE('',#11662,0.3);
#264=CIRCLE('',#11664,0.25);
#265=CIRCLE('',#11665,0.25);
#266=CIRCLE('',#11667,0.25);
#267=CIRCLE('',#11668,0.25);
#268=CIRCLE('',#11670,0.45);
#269=CIRCLE('',#11671,0.45);
#270=CIRCLE('',#11672,0.45);
#271=CIRCLE('',#11674,0.05);
#272=CIRCLE('',#11675,0.05);
#273=CIRCLE('',#11677,0.3);
#274=CIRCLE('',#11678,0.3);
#275=CIRCLE('',#11690,0.2);
#276=CIRCLE('',#11691,0.4);
#277=CIRCLE('',#11692,0.4);
#278=CIRCLE('',#11693,0.2);
#279=CIRCLE('',#11694,0.3);
#280=CIRCLE('',#11696,0.2);
#281=CIRCLE('',#11697,0.2);
#282=CIRCLE('',#11698,0.4);
#283=CIRCLE('',#11699,0.4);
#284=CIRCLE('',#11702,0.45);
#285=CIRCLE('',#11704,0.4);
#286=CIRCLE('',#11705,0.4);
#287=CIRCLE('',#11707,0.2);
#288=CIRCLE('',#11708,0.2);
#289=CIRCLE('',#11711,0.2);
#290=CIRCLE('',#11712,0.4);
#291=CIRCLE('',#11717,0.4);
#292=CIRCLE('',#11719,0.2);
#293=CIRCLE('',#11731,0.3);
#294=CIRCLE('',#11733,0.3);
#295=CIRCLE('',#11739,0.25);
#296=CIRCLE('',#11740,0.25);
#297=CIRCLE('',#11741,0.45);
#298=CIRCLE('',#11742,0.05);
#299=CIRCLE('',#11748,0.3);
#300=CIRCLE('',#11749,0.3);
#301=CIRCLE('',#11752,0.45);
#302=CIRCLE('',#11754,0.25);
#303=CIRCLE('',#11755,0.25);
#304=CIRCLE('',#11756,0.05);
#305=CIRCLE('',#11760,0.3);
#306=CIRCLE('',#11768,0.2);
#307=CIRCLE('',#11769,0.4);
#308=CIRCLE('',#11770,0.4);
#309=CIRCLE('',#11771,0.2);
#310=CIRCLE('',#11775,0.4);
#311=CIRCLE('',#11776,0.2);
#312=CIRCLE('',#11784,0.2);
#313=CIRCLE('',#11785,0.2);
#314=CIRCLE('',#11788,0.2);
#315=CIRCLE('',#11789,0.2);
#316=CIRCLE('',#11808,0.3);
#317=CIRCLE('',#11815,0.2);
#318=CIRCLE('',#11816,0.4);
#319=CIRCLE('',#11822,0.2);
#320=CIRCLE('',#11823,0.2);
#321=CIRCLE('',#11827,0.2);
#322=CIRCLE('',#11828,0.2);
#323=CIRCLE('',#11844,0.3);
#324=CIRCLE('',#11845,0.5);
#325=CIRCLE('',#11847,0.5);
#326=CIRCLE('',#11848,0.3);
#327=CIRCLE('',#11851,0.2);
#328=CIRCLE('',#11852,0.2);
#329=CIRCLE('',#11855,0.2);
#330=CIRCLE('',#11856,0.2);
#331=CIRCLE('',#11888,1.55);
#332=CIRCLE('',#11889,1.55);
#333=CIRCLE('',#11902,1.55);
#334=CIRCLE('',#11904,1.55);
#335=CIRCLE('',#12002,1.55);
#336=CIRCLE('',#12004,1.55);
#337=CIRCLE('',#12005,1.55);
#338=CIRCLE('',#12007,1.05);
#339=CIRCLE('',#12028,1.55);
#340=CIRCLE('',#12029,1.55);
#341=CIRCLE('',#12030,1.55);
#342=CIRCLE('',#12033,1.05);
#343=CIRCLE('',#12131,0.5);
#344=CIRCLE('',#12132,0.5);
#345=CIRCLE('',#12133,3.14);
#346=CIRCLE('',#12134,3.44);
#347=CIRCLE('',#12135,0.2);
#348=CIRCLE('',#12136,0.8);
#349=CIRCLE('',#12139,0.8);
#350=CIRCLE('',#12140,0.2);
#351=CIRCLE('',#12141,3.44);
#352=CIRCLE('',#12142,3.14);
#353=CIRCLE('',#12143,0.5);
#354=CIRCLE('',#12144,0.5);
#355=CIRCLE('',#12163,0.5);
#356=CIRCLE('',#12164,0.5);
#357=CIRCLE('',#12165,3.14);
#358=CIRCLE('',#12166,3.44);
#359=CIRCLE('',#12167,0.2);
#360=CIRCLE('',#12168,0.8);
#361=CIRCLE('',#12171,0.8);
#362=CIRCLE('',#12172,0.2);
#363=CIRCLE('',#12173,3.44);
#364=CIRCLE('',#12174,3.14);
#365=CIRCLE('',#12175,0.5);
#366=CIRCLE('',#12176,0.5);
#367=CIRCLE('',#12202,3.65416666666666);
#368=CIRCLE('',#12209,3.65416666666666);
#369=CIRCLE('',#12239,0.481666666666667);
#370=CIRCLE('',#12240,0.481666666666667);
#371=CIRCLE('',#12246,0.481666666666667);
#372=CIRCLE('',#12247,0.481666666666667);
#373=CIRCLE('',#12257,0.2);
#374=CIRCLE('',#12258,0.2);
#375=CIRCLE('',#12259,0.2);
#376=CIRCLE('',#12260,0.2);
#377=CIRCLE('',#12263,1.4);
#378=CIRCLE('',#12266,1.4);
#379=CIRCLE('',#12268,1.6);
#380=CIRCLE('',#12269,1.6);
#381=CIRCLE('',#12271,0.2);
#382=CIRCLE('',#12273,0.2);
#383=CIRCLE('',#12276,0.2);
#384=CIRCLE('',#12278,0.2);
#385=CIRCLE('',#12283,1.38);
#386=CIRCLE('',#12284,1.38);
#387=CIRCLE('',#12286,1.88);
#388=CIRCLE('',#12287,1.88);
#389=CIRCLE('',#12296,1.88);
#390=CIRCLE('',#12297,1.88);
#391=CIRCLE('',#12299,1.38);
#392=CIRCLE('',#12300,1.38);
#393=CIRCLE('',#12312,0.2);
#394=CIRCLE('',#12313,0.2);
#395=CIRCLE('',#12314,0.2);
#396=CIRCLE('',#12315,0.2);
#397=CIRCLE('',#12318,1.4);
#398=CIRCLE('',#12321,1.4);
#399=CIRCLE('',#12323,1.6);
#400=CIRCLE('',#12324,1.6);
#401=CIRCLE('',#12326,0.2);
#402=CIRCLE('',#12328,0.2);
#403=CIRCLE('',#12331,0.2);
#404=CIRCLE('',#12333,0.2);
#405=CIRCLE('',#12338,1.38);
#406=CIRCLE('',#12339,1.38);
#407=CIRCLE('',#12341,1.88);
#408=CIRCLE('',#12342,1.88);
#409=CIRCLE('',#12351,1.88);
#410=CIRCLE('',#12352,1.88);
#411=CIRCLE('',#12354,1.38);
#412=CIRCLE('',#12355,1.38);
#413=ORIENTED_EDGE('',*,*,#3545,.T.);
#414=ORIENTED_EDGE('',*,*,#3546,.T.);
#415=ORIENTED_EDGE('',*,*,#3547,.F.);
#416=ORIENTED_EDGE('',*,*,#3548,.F.);
#417=ORIENTED_EDGE('',*,*,#3549,.F.);
#418=ORIENTED_EDGE('',*,*,#3550,.T.);
#419=ORIENTED_EDGE('',*,*,#3551,.T.);
#420=ORIENTED_EDGE('',*,*,#3552,.T.);
#421=ORIENTED_EDGE('',*,*,#3553,.T.);
#422=ORIENTED_EDGE('',*,*,#3554,.F.);
#423=ORIENTED_EDGE('',*,*,#3555,.F.);
#424=ORIENTED_EDGE('',*,*,#3556,.F.);
#425=ORIENTED_EDGE('',*,*,#3557,.F.);
#426=ORIENTED_EDGE('',*,*,#3550,.F.);
#427=ORIENTED_EDGE('',*,*,#3558,.T.);
#428=ORIENTED_EDGE('',*,*,#3556,.T.);
#429=ORIENTED_EDGE('',*,*,#3555,.T.);
#430=ORIENTED_EDGE('',*,*,#3559,.F.);
#431=ORIENTED_EDGE('',*,*,#3545,.F.);
#432=ORIENTED_EDGE('',*,*,#3557,.T.);
#433=ORIENTED_EDGE('',*,*,#3554,.T.);
#434=ORIENTED_EDGE('',*,*,#3560,.F.);
#435=ORIENTED_EDGE('',*,*,#3546,.F.);
#436=ORIENTED_EDGE('',*,*,#3559,.T.);
#437=ORIENTED_EDGE('',*,*,#3558,.F.);
#438=ORIENTED_EDGE('',*,*,#3549,.T.);
#439=ORIENTED_EDGE('',*,*,#3561,.T.);
#440=ORIENTED_EDGE('',*,*,#3551,.F.);
#441=ORIENTED_EDGE('',*,*,#3552,.F.);
#442=ORIENTED_EDGE('',*,*,#3561,.F.);
#443=ORIENTED_EDGE('',*,*,#3548,.T.);
#444=ORIENTED_EDGE('',*,*,#3562,.T.);
#445=ORIENTED_EDGE('',*,*,#3563,.T.);
#446=ORIENTED_EDGE('',*,*,#3547,.T.);
#447=ORIENTED_EDGE('',*,*,#3564,.F.);
#448=ORIENTED_EDGE('',*,*,#3565,.F.);
#449=ORIENTED_EDGE('',*,*,#3566,.F.);
#450=ORIENTED_EDGE('',*,*,#3567,.F.);
#451=ORIENTED_EDGE('',*,*,#3568,.F.);
#452=ORIENTED_EDGE('',*,*,#3569,.F.);
#453=ORIENTED_EDGE('',*,*,#3570,.F.);
#454=ORIENTED_EDGE('',*,*,#3571,.T.);
#455=ORIENTED_EDGE('',*,*,#3572,.F.);
#456=ORIENTED_EDGE('',*,*,#3573,.T.);
#457=ORIENTED_EDGE('',*,*,#3574,.F.);
#458=ORIENTED_EDGE('',*,*,#3575,.F.);
#459=ORIENTED_EDGE('',*,*,#3576,.F.);
#460=ORIENTED_EDGE('',*,*,#3577,.T.);
#461=ORIENTED_EDGE('',*,*,#3578,.F.);
#462=ORIENTED_EDGE('',*,*,#3579,.F.);
#463=ORIENTED_EDGE('',*,*,#3580,.F.);
#464=ORIENTED_EDGE('',*,*,#3581,.T.);
#465=ORIENTED_EDGE('',*,*,#3582,.F.);
#466=ORIENTED_EDGE('',*,*,#3583,.F.);
#467=ORIENTED_EDGE('',*,*,#3584,.F.);
#468=ORIENTED_EDGE('',*,*,#3585,.T.);
#469=ORIENTED_EDGE('',*,*,#3586,.F.);
#470=ORIENTED_EDGE('',*,*,#3587,.F.);
#471=ORIENTED_EDGE('',*,*,#3588,.T.);
#472=ORIENTED_EDGE('',*,*,#3589,.T.);
#473=ORIENTED_EDGE('',*,*,#3590,.F.);
#474=ORIENTED_EDGE('',*,*,#3591,.T.);
#475=ORIENTED_EDGE('',*,*,#3584,.T.);
#476=ORIENTED_EDGE('',*,*,#3592,.T.);
#477=ORIENTED_EDGE('',*,*,#3593,.T.);
#478=ORIENTED_EDGE('',*,*,#3594,.T.);
#479=ORIENTED_EDGE('',*,*,#3590,.T.);
#480=ORIENTED_EDGE('',*,*,#3595,.T.);
#481=ORIENTED_EDGE('',*,*,#3596,.F.);
#482=ORIENTED_EDGE('',*,*,#3597,.T.);
#483=ORIENTED_EDGE('',*,*,#3598,.F.);
#484=ORIENTED_EDGE('',*,*,#3599,.T.);
#485=ORIENTED_EDGE('',*,*,#3600,.T.);
#486=ORIENTED_EDGE('',*,*,#3601,.F.);
#487=ORIENTED_EDGE('',*,*,#3602,.T.);
#488=ORIENTED_EDGE('',*,*,#3603,.F.);
#489=ORIENTED_EDGE('',*,*,#3604,.T.);
#490=ORIENTED_EDGE('',*,*,#3597,.F.);
#491=ORIENTED_EDGE('',*,*,#3605,.F.);
#492=ORIENTED_EDGE('',*,*,#3606,.T.);
#493=ORIENTED_EDGE('',*,*,#3607,.T.);
#494=ORIENTED_EDGE('',*,*,#3600,.F.);
#495=ORIENTED_EDGE('',*,*,#3608,.T.);
#496=ORIENTED_EDGE('',*,*,#3609,.T.);
#497=ORIENTED_EDGE('',*,*,#3602,.F.);
#498=ORIENTED_EDGE('',*,*,#3610,.F.);
#499=ORIENTED_EDGE('',*,*,#3611,.T.);
#500=ORIENTED_EDGE('',*,*,#3612,.T.);
#501=ORIENTED_EDGE('',*,*,#3613,.F.);
#502=ORIENTED_EDGE('',*,*,#3614,.F.);
#503=ORIENTED_EDGE('',*,*,#3615,.F.);
#504=ORIENTED_EDGE('',*,*,#3616,.T.);
#505=ORIENTED_EDGE('',*,*,#3617,.T.);
#506=ORIENTED_EDGE('',*,*,#3618,.T.);
#507=ORIENTED_EDGE('',*,*,#3619,.T.);
#508=ORIENTED_EDGE('',*,*,#3583,.T.);
#509=ORIENTED_EDGE('',*,*,#3620,.T.);
#510=ORIENTED_EDGE('',*,*,#3621,.T.);
#511=ORIENTED_EDGE('',*,*,#3622,.T.);
#512=ORIENTED_EDGE('',*,*,#3623,.T.);
#513=ORIENTED_EDGE('',*,*,#3624,.T.);
#514=ORIENTED_EDGE('',*,*,#3569,.T.);
#515=ORIENTED_EDGE('',*,*,#3625,.F.);
#516=ORIENTED_EDGE('',*,*,#3626,.F.);
#517=ORIENTED_EDGE('',*,*,#3627,.T.);
#518=ORIENTED_EDGE('',*,*,#3628,.F.);
#519=ORIENTED_EDGE('',*,*,#3617,.F.);
#520=ORIENTED_EDGE('',*,*,#3629,.F.);
#521=ORIENTED_EDGE('',*,*,#3630,.T.);
#522=ORIENTED_EDGE('',*,*,#3631,.F.);
#523=ORIENTED_EDGE('',*,*,#3632,.T.);
#524=ORIENTED_EDGE('',*,*,#3633,.T.);
#525=ORIENTED_EDGE('',*,*,#3634,.T.);
#526=ORIENTED_EDGE('',*,*,#3635,.T.);
#527=ORIENTED_EDGE('',*,*,#3636,.T.);
#528=ORIENTED_EDGE('',*,*,#3637,.T.);
#529=ORIENTED_EDGE('',*,*,#3638,.F.);
#530=ORIENTED_EDGE('',*,*,#3639,.T.);
#531=ORIENTED_EDGE('',*,*,#3640,.T.);
#532=ORIENTED_EDGE('',*,*,#3641,.T.);
#533=ORIENTED_EDGE('',*,*,#3642,.F.);
#534=ORIENTED_EDGE('',*,*,#3643,.F.);
#535=ORIENTED_EDGE('',*,*,#3642,.T.);
#536=ORIENTED_EDGE('',*,*,#3644,.T.);
#537=ORIENTED_EDGE('',*,*,#3645,.F.);
#538=ORIENTED_EDGE('',*,*,#3646,.F.);
#539=ORIENTED_EDGE('',*,*,#3645,.T.);
#540=ORIENTED_EDGE('',*,*,#3647,.T.);
#541=ORIENTED_EDGE('',*,*,#3571,.F.);
#542=ORIENTED_EDGE('',*,*,#3648,.F.);
#543=ORIENTED_EDGE('',*,*,#3649,.T.);
#544=ORIENTED_EDGE('',*,*,#3650,.T.);
#545=ORIENTED_EDGE('',*,*,#3651,.T.);
#546=ORIENTED_EDGE('',*,*,#3652,.F.);
#547=ORIENTED_EDGE('',*,*,#3653,.F.);
#548=ORIENTED_EDGE('',*,*,#3651,.F.);
#549=ORIENTED_EDGE('',*,*,#3654,.T.);
#550=ORIENTED_EDGE('',*,*,#3615,.T.);
#551=ORIENTED_EDGE('',*,*,#3655,.F.);
#552=ORIENTED_EDGE('',*,*,#3656,.F.);
#553=ORIENTED_EDGE('',*,*,#3657,.T.);
#554=ORIENTED_EDGE('',*,*,#3658,.F.);
#555=ORIENTED_EDGE('',*,*,#3659,.F.);
#556=ORIENTED_EDGE('',*,*,#3660,.T.);
#557=ORIENTED_EDGE('',*,*,#3661,.T.);
#558=ORIENTED_EDGE('',*,*,#3662,.T.);
#559=ORIENTED_EDGE('',*,*,#3663,.T.);
#560=ORIENTED_EDGE('',*,*,#3664,.T.);
#561=ORIENTED_EDGE('',*,*,#3665,.T.);
#562=ORIENTED_EDGE('',*,*,#3666,.T.);
#563=ORIENTED_EDGE('',*,*,#3667,.T.);
#564=ORIENTED_EDGE('',*,*,#3668,.F.);
#565=ORIENTED_EDGE('',*,*,#3669,.F.);
#566=ORIENTED_EDGE('',*,*,#3670,.F.);
#567=ORIENTED_EDGE('',*,*,#3671,.F.);
#568=ORIENTED_EDGE('',*,*,#3672,.F.);
#569=ORIENTED_EDGE('',*,*,#3673,.T.);
#570=ORIENTED_EDGE('',*,*,#3674,.T.);
#571=ORIENTED_EDGE('',*,*,#3675,.T.);
#572=ORIENTED_EDGE('',*,*,#3676,.F.);
#573=ORIENTED_EDGE('',*,*,#3677,.F.);
#574=ORIENTED_EDGE('',*,*,#3678,.F.);
#575=ORIENTED_EDGE('',*,*,#3679,.F.);
#576=ORIENTED_EDGE('',*,*,#3623,.F.);
#577=ORIENTED_EDGE('',*,*,#3680,.T.);
#578=ORIENTED_EDGE('',*,*,#3572,.T.);
#579=ORIENTED_EDGE('',*,*,#3681,.F.);
#580=ORIENTED_EDGE('',*,*,#3574,.T.);
#581=ORIENTED_EDGE('',*,*,#3682,.T.);
#582=ORIENTED_EDGE('',*,*,#3621,.F.);
#583=ORIENTED_EDGE('',*,*,#3683,.T.);
#584=ORIENTED_EDGE('',*,*,#3620,.F.);
#585=ORIENTED_EDGE('',*,*,#3582,.T.);
#586=ORIENTED_EDGE('',*,*,#3575,.T.);
#587=ORIENTED_EDGE('',*,*,#3683,.F.);
#588=ORIENTED_EDGE('',*,*,#3567,.T.);
#589=ORIENTED_EDGE('',*,*,#3580,.T.);
#590=ORIENTED_EDGE('',*,*,#3619,.F.);
#591=ORIENTED_EDGE('',*,*,#3684,.T.);
#592=ORIENTED_EDGE('',*,*,#3618,.F.);
#593=ORIENTED_EDGE('',*,*,#3633,.F.);
#594=ORIENTED_EDGE('',*,*,#3685,.T.);
#595=ORIENTED_EDGE('',*,*,#3625,.T.);
#596=ORIENTED_EDGE('',*,*,#3568,.T.);
#597=ORIENTED_EDGE('',*,*,#3684,.F.);
#598=ORIENTED_EDGE('',*,*,#3686,.T.);
#599=ORIENTED_EDGE('',*,*,#3628,.T.);
#600=ORIENTED_EDGE('',*,*,#3601,.T.);
#601=ORIENTED_EDGE('',*,*,#3687,.T.);
#602=ORIENTED_EDGE('',*,*,#3688,.T.);
#603=ORIENTED_EDGE('',*,*,#3689,.T.);
#604=ORIENTED_EDGE('',*,*,#3690,.T.);
#605=ORIENTED_EDGE('',*,*,#3691,.T.);
#606=ORIENTED_EDGE('',*,*,#3692,.T.);
#607=ORIENTED_EDGE('',*,*,#3564,.T.);
#608=ORIENTED_EDGE('',*,*,#3560,.T.);
#609=ORIENTED_EDGE('',*,*,#3693,.T.);
#610=ORIENTED_EDGE('',*,*,#3694,.T.);
#611=ORIENTED_EDGE('',*,*,#3613,.T.);
#612=ORIENTED_EDGE('',*,*,#3695,.F.);
#613=ORIENTED_EDGE('',*,*,#3696,.T.);
#614=ORIENTED_EDGE('',*,*,#3697,.T.);
#615=ORIENTED_EDGE('',*,*,#3698,.T.);
#616=ORIENTED_EDGE('',*,*,#3699,.T.);
#617=ORIENTED_EDGE('',*,*,#3700,.T.);
#618=ORIENTED_EDGE('',*,*,#3701,.T.);
#619=ORIENTED_EDGE('',*,*,#3702,.T.);
#620=ORIENTED_EDGE('',*,*,#3703,.T.);
#621=ORIENTED_EDGE('',*,*,#3704,.T.);
#622=ORIENTED_EDGE('',*,*,#3705,.T.);
#623=ORIENTED_EDGE('',*,*,#3706,.T.);
#624=ORIENTED_EDGE('',*,*,#3707,.T.);
#625=ORIENTED_EDGE('',*,*,#3708,.T.);
#626=ORIENTED_EDGE('',*,*,#3709,.F.);
#627=ORIENTED_EDGE('',*,*,#3710,.T.);
#628=ORIENTED_EDGE('',*,*,#3711,.T.);
#629=ORIENTED_EDGE('',*,*,#3712,.T.);
#630=ORIENTED_EDGE('',*,*,#3713,.F.);
#631=ORIENTED_EDGE('',*,*,#3714,.F.);
#632=ORIENTED_EDGE('',*,*,#3715,.F.);
#633=ORIENTED_EDGE('',*,*,#3716,.F.);
#634=ORIENTED_EDGE('',*,*,#3717,.F.);
#635=ORIENTED_EDGE('',*,*,#3718,.F.);
#636=ORIENTED_EDGE('',*,*,#3719,.F.);
#637=ORIENTED_EDGE('',*,*,#3720,.F.);
#638=ORIENTED_EDGE('',*,*,#3721,.T.);
#639=ORIENTED_EDGE('',*,*,#3722,.T.);
#640=ORIENTED_EDGE('',*,*,#3723,.F.);
#641=ORIENTED_EDGE('',*,*,#3724,.F.);
#642=ORIENTED_EDGE('',*,*,#3725,.F.);
#643=ORIENTED_EDGE('',*,*,#3726,.F.);
#644=ORIENTED_EDGE('',*,*,#3727,.T.);
#645=ORIENTED_EDGE('',*,*,#3728,.T.);
#646=ORIENTED_EDGE('',*,*,#3729,.T.);
#647=ORIENTED_EDGE('',*,*,#3730,.F.);
#648=ORIENTED_EDGE('',*,*,#3731,.T.);
#649=ORIENTED_EDGE('',*,*,#3732,.T.);
#650=ORIENTED_EDGE('',*,*,#3733,.F.);
#651=ORIENTED_EDGE('',*,*,#3734,.T.);
#652=ORIENTED_EDGE('',*,*,#3735,.T.);
#653=ORIENTED_EDGE('',*,*,#3657,.F.);
#654=ORIENTED_EDGE('',*,*,#3736,.T.);
#655=ORIENTED_EDGE('',*,*,#3649,.F.);
#656=ORIENTED_EDGE('',*,*,#3737,.T.);
#657=ORIENTED_EDGE('',*,*,#3738,.T.);
#658=ORIENTED_EDGE('',*,*,#3739,.T.);
#659=ORIENTED_EDGE('',*,*,#3740,.F.);
#660=ORIENTED_EDGE('',*,*,#3741,.F.);
#661=ORIENTED_EDGE('',*,*,#3742,.F.);
#662=ORIENTED_EDGE('',*,*,#3724,.T.);
#663=ORIENTED_EDGE('',*,*,#3743,.T.);
#664=ORIENTED_EDGE('',*,*,#3741,.T.);
#665=ORIENTED_EDGE('',*,*,#3744,.T.);
#666=ORIENTED_EDGE('',*,*,#3745,.T.);
#667=ORIENTED_EDGE('',*,*,#3658,.T.);
#668=ORIENTED_EDGE('',*,*,#3735,.F.);
#669=ORIENTED_EDGE('',*,*,#3746,.F.);
#670=ORIENTED_EDGE('',*,*,#3732,.F.);
#671=ORIENTED_EDGE('',*,*,#3747,.T.);
#672=ORIENTED_EDGE('',*,*,#3748,.T.);
#673=ORIENTED_EDGE('',*,*,#3749,.T.);
#674=ORIENTED_EDGE('',*,*,#3728,.F.);
#675=ORIENTED_EDGE('',*,*,#3750,.F.);
#676=ORIENTED_EDGE('',*,*,#3737,.F.);
#677=ORIENTED_EDGE('',*,*,#3648,.T.);
#678=ORIENTED_EDGE('',*,*,#3744,.F.);
#679=ORIENTED_EDGE('',*,*,#3740,.T.);
#680=ORIENTED_EDGE('',*,*,#3686,.F.);
#681=ORIENTED_EDGE('',*,*,#3751,.T.);
#682=ORIENTED_EDGE('',*,*,#3752,.T.);
#683=ORIENTED_EDGE('',*,*,#3753,.T.);
#684=ORIENTED_EDGE('',*,*,#3754,.F.);
#685=ORIENTED_EDGE('',*,*,#3725,.T.);
#686=ORIENTED_EDGE('',*,*,#3738,.F.);
#687=ORIENTED_EDGE('',*,*,#3750,.T.);
#688=ORIENTED_EDGE('',*,*,#3727,.F.);
#689=ORIENTED_EDGE('',*,*,#3755,.T.);
#690=ORIENTED_EDGE('',*,*,#3756,.F.);
#691=ORIENTED_EDGE('',*,*,#3757,.F.);
#692=ORIENTED_EDGE('',*,*,#3758,.F.);
#693=ORIENTED_EDGE('',*,*,#3759,.T.);
#694=ORIENTED_EDGE('',*,*,#3608,.F.);
#695=ORIENTED_EDGE('',*,*,#3760,.T.);
#696=ORIENTED_EDGE('',*,*,#3606,.F.);
#697=ORIENTED_EDGE('',*,*,#3761,.T.);
#698=ORIENTED_EDGE('',*,*,#3587,.T.);
#699=ORIENTED_EDGE('',*,*,#3762,.T.);
#700=ORIENTED_EDGE('',*,*,#3607,.F.);
#701=ORIENTED_EDGE('',*,*,#3763,.F.);
#702=ORIENTED_EDGE('',*,*,#3764,.T.);
#703=ORIENTED_EDGE('',*,*,#3765,.T.);
#704=ORIENTED_EDGE('',*,*,#3766,.T.);
#705=ORIENTED_EDGE('',*,*,#3767,.F.);
#706=ORIENTED_EDGE('',*,*,#3768,.T.);
#707=ORIENTED_EDGE('',*,*,#3769,.T.);
#708=ORIENTED_EDGE('',*,*,#3689,.F.);
#709=ORIENTED_EDGE('',*,*,#3770,.F.);
#710=ORIENTED_EDGE('',*,*,#3771,.T.);
#711=ORIENTED_EDGE('',*,*,#3772,.T.);
#712=ORIENTED_EDGE('',*,*,#3773,.T.);
#713=ORIENTED_EDGE('',*,*,#3758,.T.);
#714=ORIENTED_EDGE('',*,*,#3774,.T.);
#715=ORIENTED_EDGE('',*,*,#3751,.F.);
#716=ORIENTED_EDGE('',*,*,#3700,.F.);
#717=ORIENTED_EDGE('',*,*,#3775,.F.);
#718=ORIENTED_EDGE('',*,*,#3765,.F.);
#719=ORIENTED_EDGE('',*,*,#3776,.T.);
#720=ORIENTED_EDGE('',*,*,#3777,.T.);
#721=ORIENTED_EDGE('',*,*,#3687,.F.);
#722=ORIENTED_EDGE('',*,*,#3778,.F.);
#723=ORIENTED_EDGE('',*,*,#3763,.T.);
#724=ORIENTED_EDGE('',*,*,#3779,.T.);
#725=ORIENTED_EDGE('',*,*,#3780,.F.);
#726=ORIENTED_EDGE('',*,*,#3692,.F.);
#727=ORIENTED_EDGE('',*,*,#3781,.F.);
#728=ORIENTED_EDGE('',*,*,#3782,.T.);
#729=ORIENTED_EDGE('',*,*,#3565,.T.);
#730=ORIENTED_EDGE('',*,*,#3691,.F.);
#731=ORIENTED_EDGE('',*,*,#3783,.F.);
#732=ORIENTED_EDGE('',*,*,#3784,.T.);
#733=ORIENTED_EDGE('',*,*,#3781,.T.);
#734=ORIENTED_EDGE('',*,*,#3690,.F.);
#735=ORIENTED_EDGE('',*,*,#3772,.F.);
#736=ORIENTED_EDGE('',*,*,#3785,.T.);
#737=ORIENTED_EDGE('',*,*,#3783,.T.);
#738=ORIENTED_EDGE('',*,*,#3699,.F.);
#739=ORIENTED_EDGE('',*,*,#3786,.F.);
#740=ORIENTED_EDGE('',*,*,#3787,.T.);
#741=ORIENTED_EDGE('',*,*,#3775,.T.);
#742=ORIENTED_EDGE('',*,*,#3698,.F.);
#743=ORIENTED_EDGE('',*,*,#3788,.F.);
#744=ORIENTED_EDGE('',*,*,#3789,.T.);
#745=ORIENTED_EDGE('',*,*,#3786,.T.);
#746=ORIENTED_EDGE('',*,*,#3697,.F.);
#747=ORIENTED_EDGE('',*,*,#3790,.F.);
#748=ORIENTED_EDGE('',*,*,#3791,.T.);
#749=ORIENTED_EDGE('',*,*,#3788,.T.);
#750=ORIENTED_EDGE('',*,*,#3792,.F.);
#751=ORIENTED_EDGE('',*,*,#3793,.T.);
#752=ORIENTED_EDGE('',*,*,#3790,.T.);
#753=ORIENTED_EDGE('',*,*,#3696,.F.);
#754=ORIENTED_EDGE('',*,*,#3694,.F.);
#755=ORIENTED_EDGE('',*,*,#3794,.F.);
#756=ORIENTED_EDGE('',*,*,#3795,.T.);
#757=ORIENTED_EDGE('',*,*,#3614,.T.);
#758=ORIENTED_EDGE('',*,*,#3553,.F.);
#759=ORIENTED_EDGE('',*,*,#3796,.T.);
#760=ORIENTED_EDGE('',*,*,#3794,.T.);
#761=ORIENTED_EDGE('',*,*,#3693,.F.);
#762=ORIENTED_EDGE('',*,*,#3630,.F.);
#763=ORIENTED_EDGE('',*,*,#3759,.F.);
#764=ORIENTED_EDGE('',*,*,#3773,.F.);
#765=ORIENTED_EDGE('',*,*,#3787,.F.);
#766=ORIENTED_EDGE('',*,*,#3789,.F.);
#767=ORIENTED_EDGE('',*,*,#3791,.F.);
#768=ORIENTED_EDGE('',*,*,#3793,.F.);
#769=ORIENTED_EDGE('',*,*,#3797,.T.);
#770=ORIENTED_EDGE('',*,*,#3611,.F.);
#771=ORIENTED_EDGE('',*,*,#3795,.F.);
#772=ORIENTED_EDGE('',*,*,#3796,.F.);
#773=ORIENTED_EDGE('',*,*,#3562,.F.);
#774=ORIENTED_EDGE('',*,*,#3563,.F.);
#775=ORIENTED_EDGE('',*,*,#3782,.F.);
#776=ORIENTED_EDGE('',*,*,#3784,.F.);
#777=ORIENTED_EDGE('',*,*,#3785,.F.);
#778=ORIENTED_EDGE('',*,*,#3771,.F.);
#779=ORIENTED_EDGE('',*,*,#3798,.F.);
#780=ORIENTED_EDGE('',*,*,#3779,.F.);
#781=ORIENTED_EDGE('',*,*,#3760,.F.);
#782=ORIENTED_EDGE('',*,*,#3799,.F.);
#783=ORIENTED_EDGE('',*,*,#3800,.T.);
#784=ORIENTED_EDGE('',*,*,#3801,.T.);
#785=ORIENTED_EDGE('',*,*,#3802,.T.);
#786=ORIENTED_EDGE('',*,*,#3803,.T.);
#787=ORIENTED_EDGE('',*,*,#3804,.T.);
#788=ORIENTED_EDGE('',*,*,#3579,.T.);
#789=ORIENTED_EDGE('',*,*,#3805,.T.);
#790=ORIENTED_EDGE('',*,*,#3767,.T.);
#791=ORIENTED_EDGE('',*,*,#3806,.T.);
#792=ORIENTED_EDGE('',*,*,#3778,.T.);
#793=ORIENTED_EDGE('',*,*,#3807,.F.);
#794=ORIENTED_EDGE('',*,*,#3808,.T.);
#795=ORIENTED_EDGE('',*,*,#3809,.F.);
#796=ORIENTED_EDGE('',*,*,#3810,.F.);
#797=ORIENTED_EDGE('',*,*,#3811,.T.);
#798=ORIENTED_EDGE('',*,*,#3812,.F.);
#799=ORIENTED_EDGE('',*,*,#3813,.F.);
#800=ORIENTED_EDGE('',*,*,#3814,.T.);
#801=ORIENTED_EDGE('',*,*,#3776,.F.);
#802=ORIENTED_EDGE('',*,*,#3815,.F.);
#803=ORIENTED_EDGE('',*,*,#3769,.F.);
#804=ORIENTED_EDGE('',*,*,#3812,.T.);
#805=ORIENTED_EDGE('',*,*,#3816,.T.);
#806=ORIENTED_EDGE('',*,*,#3801,.F.);
#807=ORIENTED_EDGE('',*,*,#3817,.T.);
#808=ORIENTED_EDGE('',*,*,#3803,.F.);
#809=ORIENTED_EDGE('',*,*,#3818,.T.);
#810=ORIENTED_EDGE('',*,*,#3810,.T.);
#811=ORIENTED_EDGE('',*,*,#3819,.F.);
#812=ORIENTED_EDGE('',*,*,#3809,.T.);
#813=ORIENTED_EDGE('',*,*,#3576,.T.);
#814=ORIENTED_EDGE('',*,*,#3804,.F.);
#815=ORIENTED_EDGE('',*,*,#3819,.T.);
#816=ORIENTED_EDGE('',*,*,#3805,.F.);
#817=ORIENTED_EDGE('',*,*,#3578,.T.);
#818=ORIENTED_EDGE('',*,*,#3807,.T.);
#819=ORIENTED_EDGE('',*,*,#3768,.F.);
#820=ORIENTED_EDGE('',*,*,#3688,.F.);
#821=ORIENTED_EDGE('',*,*,#3777,.F.);
#822=ORIENTED_EDGE('',*,*,#3814,.F.);
#823=ORIENTED_EDGE('',*,*,#3820,.F.);
#824=ORIENTED_EDGE('',*,*,#3821,.F.);
#825=ORIENTED_EDGE('',*,*,#3822,.F.);
#826=ORIENTED_EDGE('',*,*,#3823,.T.);
#827=ORIENTED_EDGE('',*,*,#3730,.T.);
#828=ORIENTED_EDGE('',*,*,#3824,.T.);
#829=ORIENTED_EDGE('',*,*,#3825,.T.);
#830=ORIENTED_EDGE('',*,*,#3799,.T.);
#831=ORIENTED_EDGE('',*,*,#3780,.T.);
#832=ORIENTED_EDGE('',*,*,#3798,.T.);
#833=ORIENTED_EDGE('',*,*,#3770,.T.);
#834=ORIENTED_EDGE('',*,*,#3774,.F.);
#835=ORIENTED_EDGE('',*,*,#3757,.T.);
#836=ORIENTED_EDGE('',*,*,#3826,.T.);
#837=ORIENTED_EDGE('',*,*,#3752,.F.);
#838=ORIENTED_EDGE('',*,*,#3826,.F.);
#839=ORIENTED_EDGE('',*,*,#3756,.T.);
#840=ORIENTED_EDGE('',*,*,#3827,.T.);
#841=ORIENTED_EDGE('',*,*,#3753,.F.);
#842=ORIENTED_EDGE('',*,*,#3755,.F.);
#843=ORIENTED_EDGE('',*,*,#3726,.T.);
#844=ORIENTED_EDGE('',*,*,#3754,.T.);
#845=ORIENTED_EDGE('',*,*,#3827,.F.);
#846=ORIENTED_EDGE('',*,*,#3806,.F.);
#847=ORIENTED_EDGE('',*,*,#3766,.F.);
#848=ORIENTED_EDGE('',*,*,#3815,.T.);
#849=ORIENTED_EDGE('',*,*,#3764,.F.);
#850=ORIENTED_EDGE('',*,*,#3828,.T.);
#851=ORIENTED_EDGE('',*,*,#3829,.T.);
#852=ORIENTED_EDGE('',*,*,#3830,.T.);
#853=ORIENTED_EDGE('',*,*,#3831,.T.);
#854=ORIENTED_EDGE('',*,*,#3832,.T.);
#855=ORIENTED_EDGE('',*,*,#3833,.T.);
#856=ORIENTED_EDGE('',*,*,#3834,.F.);
#857=ORIENTED_EDGE('',*,*,#3835,.F.);
#858=ORIENTED_EDGE('',*,*,#3748,.F.);
#859=ORIENTED_EDGE('',*,*,#3836,.T.);
#860=ORIENTED_EDGE('',*,*,#3837,.T.);
#861=ORIENTED_EDGE('',*,*,#3838,.T.);
#862=ORIENTED_EDGE('',*,*,#3832,.F.);
#863=ORIENTED_EDGE('',*,*,#3839,.T.);
#864=ORIENTED_EDGE('',*,*,#3823,.F.);
#865=ORIENTED_EDGE('',*,*,#3824,.F.);
#866=ORIENTED_EDGE('',*,*,#3729,.F.);
#867=ORIENTED_EDGE('',*,*,#3749,.F.);
#868=ORIENTED_EDGE('',*,*,#3835,.T.);
#869=ORIENTED_EDGE('',*,*,#3840,.F.);
#870=ORIENTED_EDGE('',*,*,#3841,.F.);
#871=ORIENTED_EDGE('',*,*,#3834,.T.);
#872=ORIENTED_EDGE('',*,*,#3842,.T.);
#873=ORIENTED_EDGE('',*,*,#3843,.F.);
#874=ORIENTED_EDGE('',*,*,#3844,.F.);
#875=ORIENTED_EDGE('',*,*,#3845,.F.);
#876=ORIENTED_EDGE('',*,*,#3817,.F.);
#877=ORIENTED_EDGE('',*,*,#3846,.T.);
#878=ORIENTED_EDGE('',*,*,#3840,.T.);
#879=ORIENTED_EDGE('',*,*,#3847,.F.);
#880=ORIENTED_EDGE('',*,*,#3820,.T.);
#881=ORIENTED_EDGE('',*,*,#3813,.T.);
#882=ORIENTED_EDGE('',*,*,#3845,.T.);
#883=ORIENTED_EDGE('',*,*,#3848,.F.);
#884=ORIENTED_EDGE('',*,*,#3821,.T.);
#885=ORIENTED_EDGE('',*,*,#3847,.T.);
#886=ORIENTED_EDGE('',*,*,#3844,.T.);
#887=ORIENTED_EDGE('',*,*,#3849,.T.);
#888=ORIENTED_EDGE('',*,*,#3850,.T.);
#889=ORIENTED_EDGE('',*,*,#3851,.T.);
#890=ORIENTED_EDGE('',*,*,#3852,.T.);
#891=ORIENTED_EDGE('',*,*,#3837,.F.);
#892=ORIENTED_EDGE('',*,*,#3822,.T.);
#893=ORIENTED_EDGE('',*,*,#3848,.T.);
#894=ORIENTED_EDGE('',*,*,#3843,.T.);
#895=ORIENTED_EDGE('',*,*,#3853,.T.);
#896=ORIENTED_EDGE('',*,*,#3825,.F.);
#897=ORIENTED_EDGE('',*,*,#3841,.T.);
#898=ORIENTED_EDGE('',*,*,#3846,.F.);
#899=ORIENTED_EDGE('',*,*,#3800,.F.);
#900=ORIENTED_EDGE('',*,*,#3802,.F.);
#901=ORIENTED_EDGE('',*,*,#3816,.F.);
#902=ORIENTED_EDGE('',*,*,#3811,.F.);
#903=ORIENTED_EDGE('',*,*,#3818,.F.);
#904=ORIENTED_EDGE('',*,*,#3731,.F.);
#905=ORIENTED_EDGE('',*,*,#3839,.F.);
#906=ORIENTED_EDGE('',*,*,#3836,.F.);
#907=ORIENTED_EDGE('',*,*,#3747,.F.);
#908=ORIENTED_EDGE('',*,*,#3833,.F.);
#909=ORIENTED_EDGE('',*,*,#3838,.F.);
#910=ORIENTED_EDGE('',*,*,#3853,.F.);
#911=ORIENTED_EDGE('',*,*,#3842,.F.);
#912=ORIENTED_EDGE('',*,*,#3854,.T.);
#913=ORIENTED_EDGE('',*,*,#3855,.T.);
#914=ORIENTED_EDGE('',*,*,#3856,.T.);
#915=ORIENTED_EDGE('',*,*,#3857,.T.);
#916=ORIENTED_EDGE('',*,*,#3858,.F.);
#917=ORIENTED_EDGE('',*,*,#3859,.F.);
#918=ORIENTED_EDGE('',*,*,#3860,.F.);
#919=ORIENTED_EDGE('',*,*,#3861,.F.);
#920=ORIENTED_EDGE('',*,*,#3860,.T.);
#921=ORIENTED_EDGE('',*,*,#3862,.F.);
#922=ORIENTED_EDGE('',*,*,#3671,.T.);
#923=ORIENTED_EDGE('',*,*,#3863,.F.);
#924=ORIENTED_EDGE('',*,*,#3662,.F.);
#925=ORIENTED_EDGE('',*,*,#3864,.T.);
#926=ORIENTED_EDGE('',*,*,#3857,.F.);
#927=ORIENTED_EDGE('',*,*,#3865,.T.);
#928=ORIENTED_EDGE('',*,*,#3701,.F.);
#929=ORIENTED_EDGE('',*,*,#3866,.T.);
#930=ORIENTED_EDGE('',*,*,#3718,.T.);
#931=ORIENTED_EDGE('',*,*,#3867,.F.);
#932=ORIENTED_EDGE('',*,*,#3742,.T.);
#933=ORIENTED_EDGE('',*,*,#3743,.F.);
#934=ORIENTED_EDGE('',*,*,#3723,.T.);
#935=ORIENTED_EDGE('',*,*,#3855,.F.);
#936=ORIENTED_EDGE('',*,*,#3734,.F.);
#937=ORIENTED_EDGE('',*,*,#3858,.T.);
#938=ORIENTED_EDGE('',*,*,#3721,.F.);
#939=ORIENTED_EDGE('',*,*,#3746,.T.);
#940=ORIENTED_EDGE('',*,*,#3703,.F.);
#941=ORIENTED_EDGE('',*,*,#3868,.T.);
#942=ORIENTED_EDGE('',*,*,#3722,.F.);
#943=ORIENTED_EDGE('',*,*,#3869,.F.);
#944=ORIENTED_EDGE('',*,*,#3720,.T.);
#945=ORIENTED_EDGE('',*,*,#3870,.F.);
#946=ORIENTED_EDGE('',*,*,#3719,.T.);
#947=ORIENTED_EDGE('',*,*,#3866,.F.);
#948=ORIENTED_EDGE('',*,*,#3704,.F.);
#949=ORIENTED_EDGE('',*,*,#3870,.T.);
#950=ORIENTED_EDGE('',*,*,#3868,.F.);
#951=ORIENTED_EDGE('',*,*,#3702,.F.);
#952=ORIENTED_EDGE('',*,*,#3865,.F.);
#953=ORIENTED_EDGE('',*,*,#3856,.F.);
#954=ORIENTED_EDGE('',*,*,#3869,.T.);
#955=ORIENTED_EDGE('',*,*,#3861,.T.);
#956=ORIENTED_EDGE('',*,*,#3867,.T.);
#957=ORIENTED_EDGE('',*,*,#3717,.T.);
#958=ORIENTED_EDGE('',*,*,#3706,.F.);
#959=ORIENTED_EDGE('',*,*,#3871,.F.);
#960=ORIENTED_EDGE('',*,*,#3716,.T.);
#961=ORIENTED_EDGE('',*,*,#3872,.T.);
#962=ORIENTED_EDGE('',*,*,#3707,.F.);
#963=ORIENTED_EDGE('',*,*,#3872,.F.);
#964=ORIENTED_EDGE('',*,*,#3715,.T.);
#965=ORIENTED_EDGE('',*,*,#3873,.T.);
#966=ORIENTED_EDGE('',*,*,#3708,.F.);
#967=ORIENTED_EDGE('',*,*,#3873,.F.);
#968=ORIENTED_EDGE('',*,*,#3714,.T.);
#969=ORIENTED_EDGE('',*,*,#3874,.T.);
#970=ORIENTED_EDGE('',*,*,#3875,.T.);
#971=ORIENTED_EDGE('',*,*,#3876,.T.);
#972=ORIENTED_EDGE('',*,*,#3709,.T.);
#973=ORIENTED_EDGE('',*,*,#3871,.T.);
#974=ORIENTED_EDGE('',*,*,#3705,.F.);
#975=ORIENTED_EDGE('',*,*,#3874,.F.);
#976=ORIENTED_EDGE('',*,*,#3713,.T.);
#977=ORIENTED_EDGE('',*,*,#3877,.T.);
#978=ORIENTED_EDGE('',*,*,#3878,.T.);
#979=ORIENTED_EDGE('',*,*,#3879,.T.);
#980=ORIENTED_EDGE('',*,*,#3880,.T.);
#981=ORIENTED_EDGE('',*,*,#3881,.T.);
#982=ORIENTED_EDGE('',*,*,#3849,.F.);
#983=ORIENTED_EDGE('',*,*,#3882,.T.);
#984=ORIENTED_EDGE('',*,*,#3711,.F.);
#985=ORIENTED_EDGE('',*,*,#3883,.T.);
#986=ORIENTED_EDGE('',*,*,#3875,.F.);
#987=ORIENTED_EDGE('',*,*,#3884,.T.);
#988=ORIENTED_EDGE('',*,*,#3885,.T.);
#989=ORIENTED_EDGE('',*,*,#3886,.T.);
#990=ORIENTED_EDGE('',*,*,#3876,.F.);
#991=ORIENTED_EDGE('',*,*,#3886,.F.);
#992=ORIENTED_EDGE('',*,*,#3887,.F.);
#993=ORIENTED_EDGE('',*,*,#3850,.F.);
#994=ORIENTED_EDGE('',*,*,#3883,.F.);
#995=ORIENTED_EDGE('',*,*,#3710,.F.);
#996=ORIENTED_EDGE('',*,*,#3887,.T.);
#997=ORIENTED_EDGE('',*,*,#3885,.F.);
#998=ORIENTED_EDGE('',*,*,#3888,.F.);
#999=ORIENTED_EDGE('',*,*,#3851,.F.);
#1000=ORIENTED_EDGE('',*,*,#3888,.T.);
#1001=ORIENTED_EDGE('',*,*,#3884,.F.);
#1002=ORIENTED_EDGE('',*,*,#3877,.F.);
#1003=ORIENTED_EDGE('',*,*,#3712,.F.);
#1004=ORIENTED_EDGE('',*,*,#3882,.F.);
#1005=ORIENTED_EDGE('',*,*,#3852,.F.);
#1006=ORIENTED_EDGE('',*,*,#3889,.F.);
#1007=ORIENTED_EDGE('',*,*,#3831,.F.);
#1008=ORIENTED_EDGE('',*,*,#3890,.F.);
#1009=ORIENTED_EDGE('',*,*,#3878,.F.);
#1010=ORIENTED_EDGE('',*,*,#3890,.T.);
#1011=ORIENTED_EDGE('',*,*,#3830,.F.);
#1012=ORIENTED_EDGE('',*,*,#3891,.F.);
#1013=ORIENTED_EDGE('',*,*,#3879,.F.);
#1014=ORIENTED_EDGE('',*,*,#3889,.T.);
#1015=ORIENTED_EDGE('',*,*,#3881,.F.);
#1016=ORIENTED_EDGE('',*,*,#3892,.F.);
#1017=ORIENTED_EDGE('',*,*,#3828,.F.);
#1018=ORIENTED_EDGE('',*,*,#3891,.T.);
#1019=ORIENTED_EDGE('',*,*,#3829,.F.);
#1020=ORIENTED_EDGE('',*,*,#3892,.T.);
#1021=ORIENTED_EDGE('',*,*,#3880,.F.);
#1022=ORIENTED_EDGE('',*,*,#3685,.F.);
#1023=ORIENTED_EDGE('',*,*,#3632,.F.);
#1024=ORIENTED_EDGE('',*,*,#3893,.T.);
#1025=ORIENTED_EDGE('',*,*,#3626,.T.);
#1026=ORIENTED_EDGE('',*,*,#3893,.F.);
#1027=ORIENTED_EDGE('',*,*,#3631,.T.);
#1028=ORIENTED_EDGE('',*,*,#3610,.T.);
#1029=ORIENTED_EDGE('',*,*,#3627,.F.);
#1030=ORIENTED_EDGE('',*,*,#3739,.F.);
#1031=ORIENTED_EDGE('',*,*,#3629,.T.);
#1032=ORIENTED_EDGE('',*,*,#3616,.F.);
#1033=ORIENTED_EDGE('',*,*,#3654,.F.);
#1034=ORIENTED_EDGE('',*,*,#3650,.F.);
#1035=ORIENTED_EDGE('',*,*,#3736,.F.);
#1036=ORIENTED_EDGE('',*,*,#3894,.F.);
#1037=ORIENTED_EDGE('',*,*,#3638,.T.);
#1038=ORIENTED_EDGE('',*,*,#3643,.T.);
#1039=ORIENTED_EDGE('',*,*,#3646,.T.);
#1040=ORIENTED_EDGE('',*,*,#3570,.T.);
#1041=ORIENTED_EDGE('',*,*,#3624,.F.);
#1042=ORIENTED_EDGE('',*,*,#3895,.T.);
#1043=ORIENTED_EDGE('',*,*,#3896,.T.);
#1044=ORIENTED_EDGE('',*,*,#3897,.T.);
#1045=ORIENTED_EDGE('',*,*,#3898,.T.);
#1046=ORIENTED_EDGE('',*,*,#3899,.F.);
#1047=ORIENTED_EDGE('',*,*,#3900,.T.);
#1048=ORIENTED_EDGE('',*,*,#3901,.F.);
#1049=ORIENTED_EDGE('',*,*,#3659,.T.);
#1050=ORIENTED_EDGE('',*,*,#3745,.F.);
#1051=ORIENTED_EDGE('',*,*,#3653,.T.);
#1052=ORIENTED_EDGE('',*,*,#3901,.T.);
#1053=ORIENTED_EDGE('',*,*,#3902,.T.);
#1054=ORIENTED_EDGE('',*,*,#3639,.F.);
#1055=ORIENTED_EDGE('',*,*,#3894,.T.);
#1056=ORIENTED_EDGE('',*,*,#3656,.T.);
#1057=ORIENTED_EDGE('',*,*,#3641,.F.);
#1058=ORIENTED_EDGE('',*,*,#3903,.T.);
#1059=ORIENTED_EDGE('',*,*,#3899,.T.);
#1060=ORIENTED_EDGE('',*,*,#3652,.T.);
#1061=ORIENTED_EDGE('',*,*,#3655,.T.);
#1062=ORIENTED_EDGE('',*,*,#3681,.T.);
#1063=ORIENTED_EDGE('',*,*,#3647,.F.);
#1064=ORIENTED_EDGE('',*,*,#3644,.F.);
#1065=ORIENTED_EDGE('',*,*,#3622,.F.);
#1066=ORIENTED_EDGE('',*,*,#3682,.F.);
#1067=ORIENTED_EDGE('',*,*,#3573,.F.);
#1068=ORIENTED_EDGE('',*,*,#3680,.F.);
#1069=ORIENTED_EDGE('',*,*,#3900,.F.);
#1070=ORIENTED_EDGE('',*,*,#3903,.F.);
#1071=ORIENTED_EDGE('',*,*,#3640,.F.);
#1072=ORIENTED_EDGE('',*,*,#3902,.F.);
#1073=ORIENTED_EDGE('',*,*,#3670,.T.);
#1074=ORIENTED_EDGE('',*,*,#3904,.F.);
#1075=ORIENTED_EDGE('',*,*,#3663,.F.);
#1076=ORIENTED_EDGE('',*,*,#3863,.T.);
#1077=ORIENTED_EDGE('',*,*,#3669,.T.);
#1078=ORIENTED_EDGE('',*,*,#3905,.F.);
#1079=ORIENTED_EDGE('',*,*,#3733,.T.);
#1080=ORIENTED_EDGE('',*,*,#3906,.T.);
#1081=ORIENTED_EDGE('',*,*,#3660,.F.);
#1082=ORIENTED_EDGE('',*,*,#3904,.T.);
#1083=ORIENTED_EDGE('',*,*,#3864,.F.);
#1084=ORIENTED_EDGE('',*,*,#3661,.F.);
#1085=ORIENTED_EDGE('',*,*,#3906,.F.);
#1086=ORIENTED_EDGE('',*,*,#3854,.F.);
#1087=ORIENTED_EDGE('',*,*,#3862,.T.);
#1088=ORIENTED_EDGE('',*,*,#3859,.T.);
#1089=ORIENTED_EDGE('',*,*,#3905,.T.);
#1090=ORIENTED_EDGE('',*,*,#3668,.T.);
#1091=ORIENTED_EDGE('',*,*,#3665,.F.);
#1092=ORIENTED_EDGE('',*,*,#3907,.F.);
#1093=ORIENTED_EDGE('',*,*,#3678,.T.);
#1094=ORIENTED_EDGE('',*,*,#3908,.T.);
#1095=ORIENTED_EDGE('',*,*,#3666,.F.);
#1096=ORIENTED_EDGE('',*,*,#3908,.F.);
#1097=ORIENTED_EDGE('',*,*,#3677,.T.);
#1098=ORIENTED_EDGE('',*,*,#3909,.T.);
#1099=ORIENTED_EDGE('',*,*,#3676,.T.);
#1100=ORIENTED_EDGE('',*,*,#3910,.T.);
#1101=ORIENTED_EDGE('',*,*,#3911,.T.);
#1102=ORIENTED_EDGE('',*,*,#3912,.T.);
#1103=ORIENTED_EDGE('',*,*,#3672,.T.);
#1104=ORIENTED_EDGE('',*,*,#3913,.T.);
#1105=ORIENTED_EDGE('',*,*,#3667,.F.);
#1106=ORIENTED_EDGE('',*,*,#3909,.F.);
#1107=ORIENTED_EDGE('',*,*,#3664,.F.);
#1108=ORIENTED_EDGE('',*,*,#3913,.F.);
#1109=ORIENTED_EDGE('',*,*,#3679,.T.);
#1110=ORIENTED_EDGE('',*,*,#3907,.T.);
#1111=ORIENTED_EDGE('',*,*,#3914,.T.);
#1112=ORIENTED_EDGE('',*,*,#3915,.T.);
#1113=ORIENTED_EDGE('',*,*,#3916,.T.);
#1114=ORIENTED_EDGE('',*,*,#3917,.T.);
#1115=ORIENTED_EDGE('',*,*,#3674,.F.);
#1116=ORIENTED_EDGE('',*,*,#3918,.T.);
#1117=ORIENTED_EDGE('',*,*,#3637,.F.);
#1118=ORIENTED_EDGE('',*,*,#3919,.T.);
#1119=ORIENTED_EDGE('',*,*,#3920,.T.);
#1120=ORIENTED_EDGE('',*,*,#3921,.T.);
#1121=ORIENTED_EDGE('',*,*,#3911,.F.);
#1122=ORIENTED_EDGE('',*,*,#3922,.T.);
#1123=ORIENTED_EDGE('',*,*,#3919,.F.);
#1124=ORIENTED_EDGE('',*,*,#3636,.F.);
#1125=ORIENTED_EDGE('',*,*,#3923,.F.);
#1126=ORIENTED_EDGE('',*,*,#3922,.F.);
#1127=ORIENTED_EDGE('',*,*,#3910,.F.);
#1128=ORIENTED_EDGE('',*,*,#3675,.F.);
#1129=ORIENTED_EDGE('',*,*,#3923,.T.);
#1130=ORIENTED_EDGE('',*,*,#3635,.F.);
#1131=ORIENTED_EDGE('',*,*,#3924,.F.);
#1132=ORIENTED_EDGE('',*,*,#3920,.F.);
#1133=ORIENTED_EDGE('',*,*,#3912,.F.);
#1134=ORIENTED_EDGE('',*,*,#3921,.F.);
#1135=ORIENTED_EDGE('',*,*,#3924,.T.);
#1136=ORIENTED_EDGE('',*,*,#3634,.F.);
#1137=ORIENTED_EDGE('',*,*,#3918,.F.);
#1138=ORIENTED_EDGE('',*,*,#3673,.F.);
#1139=ORIENTED_EDGE('',*,*,#3925,.F.);
#1140=ORIENTED_EDGE('',*,*,#3898,.F.);
#1141=ORIENTED_EDGE('',*,*,#3926,.F.);
#1142=ORIENTED_EDGE('',*,*,#3915,.F.);
#1143=ORIENTED_EDGE('',*,*,#3926,.T.);
#1144=ORIENTED_EDGE('',*,*,#3897,.F.);
#1145=ORIENTED_EDGE('',*,*,#3927,.F.);
#1146=ORIENTED_EDGE('',*,*,#3916,.F.);
#1147=ORIENTED_EDGE('',*,*,#3925,.T.);
#1148=ORIENTED_EDGE('',*,*,#3914,.F.);
#1149=ORIENTED_EDGE('',*,*,#3928,.F.);
#1150=ORIENTED_EDGE('',*,*,#3895,.F.);
#1151=ORIENTED_EDGE('',*,*,#3927,.T.);
#1152=ORIENTED_EDGE('',*,*,#3896,.F.);
#1153=ORIENTED_EDGE('',*,*,#3928,.T.);
#1154=ORIENTED_EDGE('',*,*,#3917,.F.);
#1155=ORIENTED_EDGE('',*,*,#3929,.F.);
#1156=ORIENTED_EDGE('',*,*,#3930,.T.);
#1157=ORIENTED_EDGE('',*,*,#3931,.T.);
#1158=ORIENTED_EDGE('',*,*,#3932,.T.);
#1159=ORIENTED_EDGE('',*,*,#3792,.T.);
#1160=ORIENTED_EDGE('',*,*,#3933,.F.);
#1161=ORIENTED_EDGE('',*,*,#3934,.F.);
#1162=ORIENTED_EDGE('',*,*,#3935,.T.);
#1163=ORIENTED_EDGE('',*,*,#3936,.T.);
#1164=ORIENTED_EDGE('',*,*,#3937,.T.);
#1165=ORIENTED_EDGE('',*,*,#3612,.F.);
#1166=ORIENTED_EDGE('',*,*,#3938,.F.);
#1167=ORIENTED_EDGE('',*,*,#3939,.T.);
#1168=ORIENTED_EDGE('',*,*,#3940,.T.);
#1169=ORIENTED_EDGE('',*,*,#3941,.F.);
#1170=ORIENTED_EDGE('',*,*,#3942,.T.);
#1171=ORIENTED_EDGE('',*,*,#3936,.F.);
#1172=ORIENTED_EDGE('',*,*,#3943,.T.);
#1173=ORIENTED_EDGE('',*,*,#3939,.F.);
#1174=ORIENTED_EDGE('',*,*,#3944,.T.);
#1175=ORIENTED_EDGE('',*,*,#3929,.T.);
#1176=ORIENTED_EDGE('',*,*,#3945,.T.);
#1177=ORIENTED_EDGE('',*,*,#3937,.F.);
#1178=ORIENTED_EDGE('',*,*,#3945,.F.);
#1179=ORIENTED_EDGE('',*,*,#3933,.T.);
#1180=ORIENTED_EDGE('',*,*,#3695,.T.);
#1181=ORIENTED_EDGE('',*,*,#3941,.T.);
#1182=ORIENTED_EDGE('',*,*,#3946,.T.);
#1183=ORIENTED_EDGE('',*,*,#3934,.T.);
#1184=ORIENTED_EDGE('',*,*,#3947,.F.);
#1185=ORIENTED_EDGE('',*,*,#3931,.F.);
#1186=ORIENTED_EDGE('',*,*,#3948,.T.);
#1187=ORIENTED_EDGE('',*,*,#3938,.T.);
#1188=ORIENTED_EDGE('',*,*,#3797,.F.);
#1189=ORIENTED_EDGE('',*,*,#3932,.F.);
#1190=ORIENTED_EDGE('',*,*,#3947,.T.);
#1191=ORIENTED_EDGE('',*,*,#3948,.F.);
#1192=ORIENTED_EDGE('',*,*,#3930,.F.);
#1193=ORIENTED_EDGE('',*,*,#3944,.F.);
#1194=ORIENTED_EDGE('',*,*,#3942,.F.);
#1195=ORIENTED_EDGE('',*,*,#3946,.F.);
#1196=ORIENTED_EDGE('',*,*,#3940,.F.);
#1197=ORIENTED_EDGE('',*,*,#3943,.F.);
#1198=ORIENTED_EDGE('',*,*,#3935,.F.);
#1199=ORIENTED_EDGE('',*,*,#3949,.F.);
#1200=ORIENTED_EDGE('',*,*,#3603,.T.);
#1201=ORIENTED_EDGE('',*,*,#3609,.F.);
#1202=ORIENTED_EDGE('',*,*,#3762,.F.);
#1203=ORIENTED_EDGE('',*,*,#3586,.T.);
#1204=ORIENTED_EDGE('',*,*,#3950,.T.);
#1205=ORIENTED_EDGE('',*,*,#3593,.F.);
#1206=ORIENTED_EDGE('',*,*,#3604,.F.);
#1207=ORIENTED_EDGE('',*,*,#3949,.T.);
#1208=ORIENTED_EDGE('',*,*,#3605,.T.);
#1209=ORIENTED_EDGE('',*,*,#3599,.F.);
#1210=ORIENTED_EDGE('',*,*,#3951,.T.);
#1211=ORIENTED_EDGE('',*,*,#3761,.F.);
#1212=ORIENTED_EDGE('',*,*,#3596,.T.);
#1213=ORIENTED_EDGE('',*,*,#3952,.T.);
#1214=ORIENTED_EDGE('',*,*,#3588,.F.);
#1215=ORIENTED_EDGE('',*,*,#3951,.F.);
#1216=ORIENTED_EDGE('',*,*,#3598,.T.);
#1217=ORIENTED_EDGE('',*,*,#3589,.F.);
#1218=ORIENTED_EDGE('',*,*,#3952,.F.);
#1219=ORIENTED_EDGE('',*,*,#3595,.F.);
#1220=ORIENTED_EDGE('',*,*,#3592,.F.);
#1221=ORIENTED_EDGE('',*,*,#3585,.F.);
#1222=ORIENTED_EDGE('',*,*,#3591,.F.);
#1223=ORIENTED_EDGE('',*,*,#3594,.F.);
#1224=ORIENTED_EDGE('',*,*,#3950,.F.);
#1225=ORIENTED_EDGE('',*,*,#3566,.T.);
#1226=ORIENTED_EDGE('',*,*,#3581,.F.);
#1227=ORIENTED_EDGE('',*,*,#3808,.F.);
#1228=ORIENTED_EDGE('',*,*,#3577,.F.);
#1229=ORIENTED_EDGE('',*,*,#3953,.T.);
#1230=ORIENTED_EDGE('',*,*,#3954,.T.);
#1231=ORIENTED_EDGE('',*,*,#3955,.F.);
#1232=ORIENTED_EDGE('',*,*,#3956,.T.);
#1233=ORIENTED_EDGE('',*,*,#3957,.T.);
#1234=ORIENTED_EDGE('',*,*,#3958,.T.);
#1235=ORIENTED_EDGE('',*,*,#3953,.F.);
#1236=ORIENTED_EDGE('',*,*,#3959,.T.);
#1237=ORIENTED_EDGE('',*,*,#3960,.T.);
#1238=ORIENTED_EDGE('',*,*,#3961,.T.);
#1239=ORIENTED_EDGE('',*,*,#3957,.F.);
#1240=ORIENTED_EDGE('',*,*,#3962,.T.);
#1241=ORIENTED_EDGE('',*,*,#3955,.T.);
#1242=ORIENTED_EDGE('',*,*,#3963,.T.);
#1243=ORIENTED_EDGE('',*,*,#3960,.F.);
#1244=ORIENTED_EDGE('',*,*,#3964,.T.);
#1245=ORIENTED_EDGE('',*,*,#3965,.T.);
#1246=ORIENTED_EDGE('',*,*,#3966,.T.);
#1247=ORIENTED_EDGE('',*,*,#3967,.F.);
#1248=ORIENTED_EDGE('',*,*,#3968,.T.);
#1249=ORIENTED_EDGE('',*,*,#3969,.T.);
#1250=ORIENTED_EDGE('',*,*,#3970,.T.);
#1251=ORIENTED_EDGE('',*,*,#3965,.F.);
#1252=ORIENTED_EDGE('',*,*,#3971,.T.);
#1253=ORIENTED_EDGE('',*,*,#3972,.T.);
#1254=ORIENTED_EDGE('',*,*,#3973,.T.);
#1255=ORIENTED_EDGE('',*,*,#3969,.F.);
#1256=ORIENTED_EDGE('',*,*,#3974,.T.);
#1257=ORIENTED_EDGE('',*,*,#3967,.T.);
#1258=ORIENTED_EDGE('',*,*,#3975,.T.);
#1259=ORIENTED_EDGE('',*,*,#3972,.F.);
#1260=ORIENTED_EDGE('',*,*,#3976,.T.);
#1261=ORIENTED_EDGE('',*,*,#3977,.F.);
#1262=ORIENTED_EDGE('',*,*,#3978,.F.);
#1263=ORIENTED_EDGE('',*,*,#3979,.T.);
#1264=ORIENTED_EDGE('',*,*,#3980,.T.);
#1265=ORIENTED_EDGE('',*,*,#3964,.F.);
#1266=ORIENTED_EDGE('',*,*,#3962,.F.);
#1267=ORIENTED_EDGE('',*,*,#3959,.F.);
#1268=ORIENTED_EDGE('',*,*,#3956,.F.);
#1269=ORIENTED_EDGE('',*,*,#3976,.F.);
#1270=ORIENTED_EDGE('',*,*,#3974,.F.);
#1271=ORIENTED_EDGE('',*,*,#3971,.F.);
#1272=ORIENTED_EDGE('',*,*,#3968,.F.);
#1273=ORIENTED_EDGE('',*,*,#3981,.F.);
#1274=ORIENTED_EDGE('',*,*,#3980,.F.);
#1275=ORIENTED_EDGE('',*,*,#3982,.T.);
#1276=ORIENTED_EDGE('',*,*,#3983,.T.);
#1277=ORIENTED_EDGE('',*,*,#3984,.F.);
#1278=ORIENTED_EDGE('',*,*,#3983,.F.);
#1279=ORIENTED_EDGE('',*,*,#3985,.T.);
#1280=ORIENTED_EDGE('',*,*,#3986,.T.);
#1281=ORIENTED_EDGE('',*,*,#3987,.F.);
#1282=ORIENTED_EDGE('',*,*,#3985,.F.);
#1283=ORIENTED_EDGE('',*,*,#3982,.F.);
#1284=ORIENTED_EDGE('',*,*,#3979,.F.);
#1285=ORIENTED_EDGE('',*,*,#3988,.T.);
#1286=ORIENTED_EDGE('',*,*,#3977,.T.);
#1287=ORIENTED_EDGE('',*,*,#3981,.T.);
#1288=ORIENTED_EDGE('',*,*,#3984,.T.);
#1289=ORIENTED_EDGE('',*,*,#3987,.T.);
#1290=ORIENTED_EDGE('',*,*,#3978,.T.);
#1291=ORIENTED_EDGE('',*,*,#3988,.F.);
#1292=ORIENTED_EDGE('',*,*,#3986,.F.);
#1293=ORIENTED_EDGE('',*,*,#3989,.F.);
#1294=ORIENTED_EDGE('',*,*,#3990,.T.);
#1295=ORIENTED_EDGE('',*,*,#3991,.F.);
#1296=ORIENTED_EDGE('',*,*,#3992,.F.);
#1297=ORIENTED_EDGE('',*,*,#3993,.T.);
#1298=ORIENTED_EDGE('',*,*,#3994,.T.);
#1299=ORIENTED_EDGE('',*,*,#3995,.T.);
#1300=ORIENTED_EDGE('',*,*,#3996,.T.);
#1301=ORIENTED_EDGE('',*,*,#3997,.T.);
#1302=ORIENTED_EDGE('',*,*,#3998,.T.);
#1303=ORIENTED_EDGE('',*,*,#3999,.T.);
#1304=ORIENTED_EDGE('',*,*,#4000,.T.);
#1305=ORIENTED_EDGE('',*,*,#4001,.T.);
#1306=ORIENTED_EDGE('',*,*,#4002,.T.);
#1307=ORIENTED_EDGE('',*,*,#4003,.T.);
#1308=ORIENTED_EDGE('',*,*,#4004,.T.);
#1309=ORIENTED_EDGE('',*,*,#4005,.T.);
#1310=ORIENTED_EDGE('',*,*,#4006,.T.);
#1311=ORIENTED_EDGE('',*,*,#4007,.T.);
#1312=ORIENTED_EDGE('',*,*,#4008,.T.);
#1313=ORIENTED_EDGE('',*,*,#4009,.T.);
#1314=ORIENTED_EDGE('',*,*,#4010,.T.);
#1315=ORIENTED_EDGE('',*,*,#4011,.T.);
#1316=ORIENTED_EDGE('',*,*,#4012,.T.);
#1317=ORIENTED_EDGE('',*,*,#4013,.F.);
#1318=ORIENTED_EDGE('',*,*,#4014,.T.);
#1319=ORIENTED_EDGE('',*,*,#4015,.T.);
#1320=ORIENTED_EDGE('',*,*,#4016,.F.);
#1321=ORIENTED_EDGE('',*,*,#4017,.T.);
#1322=ORIENTED_EDGE('',*,*,#4018,.T.);
#1323=ORIENTED_EDGE('',*,*,#4019,.T.);
#1324=ORIENTED_EDGE('',*,*,#4020,.F.);
#1325=ORIENTED_EDGE('',*,*,#4021,.F.);
#1326=ORIENTED_EDGE('',*,*,#4022,.T.);
#1327=ORIENTED_EDGE('',*,*,#4023,.F.);
#1328=ORIENTED_EDGE('',*,*,#4024,.F.);
#1329=ORIENTED_EDGE('',*,*,#4025,.F.);
#1330=ORIENTED_EDGE('',*,*,#4026,.F.);
#1331=ORIENTED_EDGE('',*,*,#4027,.F.);
#1332=ORIENTED_EDGE('',*,*,#4028,.F.);
#1333=ORIENTED_EDGE('',*,*,#4029,.T.);
#1334=ORIENTED_EDGE('',*,*,#4030,.T.);
#1335=ORIENTED_EDGE('',*,*,#4031,.F.);
#1336=ORIENTED_EDGE('',*,*,#4032,.F.);
#1337=ORIENTED_EDGE('',*,*,#4033,.T.);
#1338=ORIENTED_EDGE('',*,*,#4034,.F.);
#1339=ORIENTED_EDGE('',*,*,#4035,.T.);
#1340=ORIENTED_EDGE('',*,*,#4019,.F.);
#1341=ORIENTED_EDGE('',*,*,#4036,.T.);
#1342=ORIENTED_EDGE('',*,*,#4037,.T.);
#1343=ORIENTED_EDGE('',*,*,#4038,.T.);
#1344=ORIENTED_EDGE('',*,*,#3992,.T.);
#1345=ORIENTED_EDGE('',*,*,#4039,.F.);
#1346=ORIENTED_EDGE('',*,*,#4040,.F.);
#1347=ORIENTED_EDGE('',*,*,#4041,.F.);
#1348=ORIENTED_EDGE('',*,*,#4042,.T.);
#1349=ORIENTED_EDGE('',*,*,#4043,.T.);
#1350=ORIENTED_EDGE('',*,*,#4044,.T.);
#1351=ORIENTED_EDGE('',*,*,#4045,.T.);
#1352=ORIENTED_EDGE('',*,*,#4046,.T.);
#1353=ORIENTED_EDGE('',*,*,#4047,.F.);
#1354=ORIENTED_EDGE('',*,*,#4048,.T.);
#1355=ORIENTED_EDGE('',*,*,#3989,.T.);
#1356=ORIENTED_EDGE('',*,*,#4038,.F.);
#1357=ORIENTED_EDGE('',*,*,#4049,.F.);
#1358=ORIENTED_EDGE('',*,*,#4017,.F.);
#1359=ORIENTED_EDGE('',*,*,#4050,.T.);
#1360=ORIENTED_EDGE('',*,*,#4051,.F.);
#1361=ORIENTED_EDGE('',*,*,#4052,.T.);
#1362=ORIENTED_EDGE('',*,*,#4053,.T.);
#1363=ORIENTED_EDGE('',*,*,#4054,.F.);
#1364=ORIENTED_EDGE('',*,*,#4055,.T.);
#1365=ORIENTED_EDGE('',*,*,#4056,.F.);
#1366=ORIENTED_EDGE('',*,*,#4057,.T.);
#1367=ORIENTED_EDGE('',*,*,#4058,.F.);
#1368=ORIENTED_EDGE('',*,*,#4059,.F.);
#1369=ORIENTED_EDGE('',*,*,#4060,.F.);
#1370=ORIENTED_EDGE('',*,*,#4061,.F.);
#1371=ORIENTED_EDGE('',*,*,#4062,.T.);
#1372=ORIENTED_EDGE('',*,*,#4063,.T.);
#1373=ORIENTED_EDGE('',*,*,#4064,.T.);
#1374=ORIENTED_EDGE('',*,*,#4065,.F.);
#1375=ORIENTED_EDGE('',*,*,#4042,.F.);
#1376=ORIENTED_EDGE('',*,*,#4066,.F.);
#1377=ORIENTED_EDGE('',*,*,#4067,.F.);
#1378=ORIENTED_EDGE('',*,*,#4068,.F.);
#1379=ORIENTED_EDGE('',*,*,#4069,.F.);
#1380=ORIENTED_EDGE('',*,*,#4070,.T.);
#1381=ORIENTED_EDGE('',*,*,#4071,.T.);
#1382=ORIENTED_EDGE('',*,*,#4072,.F.);
#1383=ORIENTED_EDGE('',*,*,#4073,.T.);
#1384=ORIENTED_EDGE('',*,*,#4074,.T.);
#1385=ORIENTED_EDGE('',*,*,#4075,.F.);
#1386=ORIENTED_EDGE('',*,*,#4076,.F.);
#1387=ORIENTED_EDGE('',*,*,#4077,.F.);
#1388=ORIENTED_EDGE('',*,*,#4078,.T.);
#1389=ORIENTED_EDGE('',*,*,#4046,.F.);
#1390=ORIENTED_EDGE('',*,*,#4079,.T.);
#1391=ORIENTED_EDGE('',*,*,#4080,.T.);
#1392=ORIENTED_EDGE('',*,*,#4081,.T.);
#1393=ORIENTED_EDGE('',*,*,#4082,.F.);
#1394=ORIENTED_EDGE('',*,*,#4083,.F.);
#1395=ORIENTED_EDGE('',*,*,#4084,.F.);
#1396=ORIENTED_EDGE('',*,*,#4085,.T.);
#1397=ORIENTED_EDGE('',*,*,#4086,.F.);
#1398=ORIENTED_EDGE('',*,*,#4087,.F.);
#1399=ORIENTED_EDGE('',*,*,#4088,.F.);
#1400=ORIENTED_EDGE('',*,*,#4089,.T.);
#1401=ORIENTED_EDGE('',*,*,#4090,.F.);
#1402=ORIENTED_EDGE('',*,*,#4091,.F.);
#1403=ORIENTED_EDGE('',*,*,#4092,.F.);
#1404=ORIENTED_EDGE('',*,*,#4093,.T.);
#1405=ORIENTED_EDGE('',*,*,#4094,.F.);
#1406=ORIENTED_EDGE('',*,*,#4095,.F.);
#1407=ORIENTED_EDGE('',*,*,#4096,.F.);
#1408=ORIENTED_EDGE('',*,*,#4097,.T.);
#1409=ORIENTED_EDGE('',*,*,#4098,.F.);
#1410=ORIENTED_EDGE('',*,*,#4099,.F.);
#1411=ORIENTED_EDGE('',*,*,#4100,.F.);
#1412=ORIENTED_EDGE('',*,*,#4101,.T.);
#1413=ORIENTED_EDGE('',*,*,#4102,.F.);
#1414=ORIENTED_EDGE('',*,*,#4103,.F.);
#1415=ORIENTED_EDGE('',*,*,#4104,.F.);
#1416=ORIENTED_EDGE('',*,*,#4105,.T.);
#1417=ORIENTED_EDGE('',*,*,#4106,.F.);
#1418=ORIENTED_EDGE('',*,*,#4107,.F.);
#1419=ORIENTED_EDGE('',*,*,#4108,.F.);
#1420=ORIENTED_EDGE('',*,*,#4109,.T.);
#1421=ORIENTED_EDGE('',*,*,#4110,.F.);
#1422=ORIENTED_EDGE('',*,*,#4111,.F.);
#1423=ORIENTED_EDGE('',*,*,#4112,.T.);
#1424=ORIENTED_EDGE('',*,*,#4105,.F.);
#1425=ORIENTED_EDGE('',*,*,#4113,.F.);
#1426=ORIENTED_EDGE('',*,*,#4114,.F.);
#1427=ORIENTED_EDGE('',*,*,#4115,.T.);
#1428=ORIENTED_EDGE('',*,*,#4097,.F.);
#1429=ORIENTED_EDGE('',*,*,#4116,.F.);
#1430=ORIENTED_EDGE('',*,*,#4117,.F.);
#1431=ORIENTED_EDGE('',*,*,#4118,.T.);
#1432=ORIENTED_EDGE('',*,*,#4089,.F.);
#1433=ORIENTED_EDGE('',*,*,#4119,.F.);
#1434=ORIENTED_EDGE('',*,*,#4120,.T.);
#1435=ORIENTED_EDGE('',*,*,#4109,.F.);
#1436=ORIENTED_EDGE('',*,*,#4121,.F.);
#1437=ORIENTED_EDGE('',*,*,#4122,.F.);
#1438=ORIENTED_EDGE('',*,*,#4123,.T.);
#1439=ORIENTED_EDGE('',*,*,#4101,.F.);
#1440=ORIENTED_EDGE('',*,*,#4124,.F.);
#1441=ORIENTED_EDGE('',*,*,#4125,.F.);
#1442=ORIENTED_EDGE('',*,*,#4126,.T.);
#1443=ORIENTED_EDGE('',*,*,#4093,.F.);
#1444=ORIENTED_EDGE('',*,*,#4127,.F.);
#1445=ORIENTED_EDGE('',*,*,#4128,.F.);
#1446=ORIENTED_EDGE('',*,*,#4129,.T.);
#1447=ORIENTED_EDGE('',*,*,#4085,.F.);
#1448=ORIENTED_EDGE('',*,*,#4130,.F.);
#1449=ORIENTED_EDGE('',*,*,#4081,.F.);
#1450=ORIENTED_EDGE('',*,*,#4131,.T.);
#1451=ORIENTED_EDGE('',*,*,#4061,.T.);
#1452=ORIENTED_EDGE('',*,*,#4132,.T.);
#1453=ORIENTED_EDGE('',*,*,#4065,.T.);
#1454=ORIENTED_EDGE('',*,*,#4133,.T.);
#1455=ORIENTED_EDGE('',*,*,#4134,.F.);
#1456=ORIENTED_EDGE('',*,*,#4043,.F.);
#1457=ORIENTED_EDGE('',*,*,#4135,.F.);
#1458=ORIENTED_EDGE('',*,*,#4136,.T.);
#1459=ORIENTED_EDGE('',*,*,#4137,.T.);
#1460=ORIENTED_EDGE('',*,*,#4138,.T.);
#1461=ORIENTED_EDGE('',*,*,#4139,.T.);
#1462=ORIENTED_EDGE('',*,*,#4140,.T.);
#1463=ORIENTED_EDGE('',*,*,#4070,.F.);
#1464=ORIENTED_EDGE('',*,*,#4141,.F.);
#1465=ORIENTED_EDGE('',*,*,#4142,.F.);
#1466=ORIENTED_EDGE('',*,*,#4143,.T.);
#1467=ORIENTED_EDGE('',*,*,#4135,.T.);
#1468=ORIENTED_EDGE('',*,*,#4144,.T.);
#1469=ORIENTED_EDGE('',*,*,#4134,.T.);
#1470=ORIENTED_EDGE('',*,*,#4145,.T.);
#1471=ORIENTED_EDGE('',*,*,#4146,.T.);
#1472=ORIENTED_EDGE('',*,*,#4044,.F.);
#1473=ORIENTED_EDGE('',*,*,#4147,.T.);
#1474=ORIENTED_EDGE('',*,*,#4054,.T.);
#1475=ORIENTED_EDGE('',*,*,#4148,.T.);
#1476=ORIENTED_EDGE('',*,*,#4149,.T.);
#1477=ORIENTED_EDGE('',*,*,#4150,.T.);
#1478=ORIENTED_EDGE('',*,*,#4059,.T.);
#1479=ORIENTED_EDGE('',*,*,#4151,.F.);
#1480=ORIENTED_EDGE('',*,*,#4152,.T.);
#1481=ORIENTED_EDGE('',*,*,#4153,.T.);
#1482=ORIENTED_EDGE('',*,*,#4154,.T.);
#1483=ORIENTED_EDGE('',*,*,#4155,.T.);
#1484=ORIENTED_EDGE('',*,*,#4156,.T.);
#1485=ORIENTED_EDGE('',*,*,#4157,.F.);
#1486=ORIENTED_EDGE('',*,*,#4158,.T.);
#1487=ORIENTED_EDGE('',*,*,#4159,.T.);
#1488=ORIENTED_EDGE('',*,*,#4160,.T.);
#1489=ORIENTED_EDGE('',*,*,#4161,.F.);
#1490=ORIENTED_EDGE('',*,*,#4162,.T.);
#1491=ORIENTED_EDGE('',*,*,#4163,.T.);
#1492=ORIENTED_EDGE('',*,*,#4164,.F.);
#1493=ORIENTED_EDGE('',*,*,#4165,.F.);
#1494=ORIENTED_EDGE('',*,*,#4024,.T.);
#1495=ORIENTED_EDGE('',*,*,#4166,.T.);
#1496=ORIENTED_EDGE('',*,*,#4167,.T.);
#1497=ORIENTED_EDGE('',*,*,#4082,.T.);
#1498=ORIENTED_EDGE('',*,*,#4132,.F.);
#1499=ORIENTED_EDGE('',*,*,#4060,.T.);
#1500=ORIENTED_EDGE('',*,*,#4150,.F.);
#1501=ORIENTED_EDGE('',*,*,#4168,.T.);
#1502=ORIENTED_EDGE('',*,*,#4169,.F.);
#1503=ORIENTED_EDGE('',*,*,#4170,.F.);
#1504=ORIENTED_EDGE('',*,*,#4171,.F.);
#1505=ORIENTED_EDGE('',*,*,#4172,.T.);
#1506=ORIENTED_EDGE('',*,*,#4173,.T.);
#1507=ORIENTED_EDGE('',*,*,#4174,.F.);
#1508=ORIENTED_EDGE('',*,*,#4175,.F.);
#1509=ORIENTED_EDGE('',*,*,#4176,.T.);
#1510=ORIENTED_EDGE('',*,*,#4177,.T.);
#1511=ORIENTED_EDGE('',*,*,#4178,.F.);
#1512=ORIENTED_EDGE('',*,*,#4179,.T.);
#1513=ORIENTED_EDGE('',*,*,#4180,.F.);
#1514=ORIENTED_EDGE('',*,*,#4181,.T.);
#1515=ORIENTED_EDGE('',*,*,#4159,.F.);
#1516=ORIENTED_EDGE('',*,*,#4182,.T.);
#1517=ORIENTED_EDGE('',*,*,#4141,.T.);
#1518=ORIENTED_EDGE('',*,*,#4069,.T.);
#1519=ORIENTED_EDGE('',*,*,#4128,.T.);
#1520=ORIENTED_EDGE('',*,*,#4183,.T.);
#1521=ORIENTED_EDGE('',*,*,#4184,.F.);
#1522=ORIENTED_EDGE('',*,*,#4185,.F.);
#1523=ORIENTED_EDGE('',*,*,#4186,.T.);
#1524=ORIENTED_EDGE('',*,*,#4187,.T.);
#1525=ORIENTED_EDGE('',*,*,#4188,.T.);
#1526=ORIENTED_EDGE('',*,*,#4189,.T.);
#1527=ORIENTED_EDGE('',*,*,#4190,.T.);
#1528=ORIENTED_EDGE('',*,*,#4191,.T.);
#1529=ORIENTED_EDGE('',*,*,#4192,.T.);
#1530=ORIENTED_EDGE('',*,*,#4193,.T.);
#1531=ORIENTED_EDGE('',*,*,#4194,.T.);
#1532=ORIENTED_EDGE('',*,*,#4195,.T.);
#1533=ORIENTED_EDGE('',*,*,#4196,.T.);
#1534=ORIENTED_EDGE('',*,*,#4197,.T.);
#1535=ORIENTED_EDGE('',*,*,#4198,.T.);
#1536=ORIENTED_EDGE('',*,*,#4199,.T.);
#1537=ORIENTED_EDGE('',*,*,#4200,.T.);
#1538=ORIENTED_EDGE('',*,*,#4201,.T.);
#1539=ORIENTED_EDGE('',*,*,#4202,.T.);
#1540=ORIENTED_EDGE('',*,*,#4203,.T.);
#1541=ORIENTED_EDGE('',*,*,#4204,.T.);
#1542=ORIENTED_EDGE('',*,*,#4205,.T.);
#1543=ORIENTED_EDGE('',*,*,#4206,.T.);
#1544=ORIENTED_EDGE('',*,*,#4207,.T.);
#1545=ORIENTED_EDGE('',*,*,#4208,.T.);
#1546=ORIENTED_EDGE('',*,*,#4209,.T.);
#1547=ORIENTED_EDGE('',*,*,#4210,.T.);
#1548=ORIENTED_EDGE('',*,*,#4211,.T.);
#1549=ORIENTED_EDGE('',*,*,#4212,.T.);
#1550=ORIENTED_EDGE('',*,*,#4213,.T.);
#1551=ORIENTED_EDGE('',*,*,#4214,.T.);
#1552=ORIENTED_EDGE('',*,*,#4178,.T.);
#1553=ORIENTED_EDGE('',*,*,#4215,.T.);
#1554=ORIENTED_EDGE('',*,*,#4216,.T.);
#1555=ORIENTED_EDGE('',*,*,#4217,.T.);
#1556=ORIENTED_EDGE('',*,*,#4218,.T.);
#1557=ORIENTED_EDGE('',*,*,#4219,.T.);
#1558=ORIENTED_EDGE('',*,*,#4220,.T.);
#1559=ORIENTED_EDGE('',*,*,#4221,.T.);
#1560=ORIENTED_EDGE('',*,*,#4222,.T.);
#1561=ORIENTED_EDGE('',*,*,#4223,.T.);
#1562=ORIENTED_EDGE('',*,*,#4171,.T.);
#1563=ORIENTED_EDGE('',*,*,#4224,.T.);
#1564=ORIENTED_EDGE('',*,*,#4225,.T.);
#1565=ORIENTED_EDGE('',*,*,#4226,.F.);
#1566=ORIENTED_EDGE('',*,*,#4215,.F.);
#1567=ORIENTED_EDGE('',*,*,#4177,.F.);
#1568=ORIENTED_EDGE('',*,*,#4227,.T.);
#1569=ORIENTED_EDGE('',*,*,#4228,.F.);
#1570=ORIENTED_EDGE('',*,*,#4212,.F.);
#1571=ORIENTED_EDGE('',*,*,#4229,.F.);
#1572=ORIENTED_EDGE('',*,*,#4230,.T.);
#1573=ORIENTED_EDGE('',*,*,#4231,.F.);
#1574=ORIENTED_EDGE('',*,*,#4208,.F.);
#1575=ORIENTED_EDGE('',*,*,#4232,.F.);
#1576=ORIENTED_EDGE('',*,*,#4233,.T.);
#1577=ORIENTED_EDGE('',*,*,#4234,.F.);
#1578=ORIENTED_EDGE('',*,*,#4204,.F.);
#1579=ORIENTED_EDGE('',*,*,#4235,.F.);
#1580=ORIENTED_EDGE('',*,*,#4236,.T.);
#1581=ORIENTED_EDGE('',*,*,#4237,.F.);
#1582=ORIENTED_EDGE('',*,*,#4200,.F.);
#1583=ORIENTED_EDGE('',*,*,#4238,.F.);
#1584=ORIENTED_EDGE('',*,*,#4239,.T.);
#1585=ORIENTED_EDGE('',*,*,#4240,.F.);
#1586=ORIENTED_EDGE('',*,*,#4196,.F.);
#1587=ORIENTED_EDGE('',*,*,#4241,.F.);
#1588=ORIENTED_EDGE('',*,*,#4242,.T.);
#1589=ORIENTED_EDGE('',*,*,#4243,.F.);
#1590=ORIENTED_EDGE('',*,*,#4192,.F.);
#1591=ORIENTED_EDGE('',*,*,#4244,.F.);
#1592=ORIENTED_EDGE('',*,*,#4245,.T.);
#1593=ORIENTED_EDGE('',*,*,#4246,.F.);
#1594=ORIENTED_EDGE('',*,*,#4188,.F.);
#1595=ORIENTED_EDGE('',*,*,#4247,.F.);
#1596=ORIENTED_EDGE('',*,*,#4248,.T.);
#1597=ORIENTED_EDGE('',*,*,#4172,.F.);
#1598=ORIENTED_EDGE('',*,*,#4223,.F.);
#1599=ORIENTED_EDGE('',*,*,#4117,.T.);
#1600=ORIENTED_EDGE('',*,*,#4249,.T.);
#1601=ORIENTED_EDGE('',*,*,#4250,.F.);
#1602=ORIENTED_EDGE('',*,*,#4251,.F.);
#1603=ORIENTED_EDGE('',*,*,#4125,.T.);
#1604=ORIENTED_EDGE('',*,*,#4252,.T.);
#1605=ORIENTED_EDGE('',*,*,#4253,.F.);
#1606=ORIENTED_EDGE('',*,*,#4254,.F.);
#1607=ORIENTED_EDGE('',*,*,#4114,.T.);
#1608=ORIENTED_EDGE('',*,*,#4255,.T.);
#1609=ORIENTED_EDGE('',*,*,#4256,.F.);
#1610=ORIENTED_EDGE('',*,*,#4257,.F.);
#1611=ORIENTED_EDGE('',*,*,#4122,.T.);
#1612=ORIENTED_EDGE('',*,*,#4258,.T.);
#1613=ORIENTED_EDGE('',*,*,#4259,.F.);
#1614=ORIENTED_EDGE('',*,*,#4260,.F.);
#1615=ORIENTED_EDGE('',*,*,#4111,.T.);
#1616=ORIENTED_EDGE('',*,*,#4261,.T.);
#1617=ORIENTED_EDGE('',*,*,#4262,.F.);
#1618=ORIENTED_EDGE('',*,*,#4263,.F.);
#1619=ORIENTED_EDGE('',*,*,#4119,.T.);
#1620=ORIENTED_EDGE('',*,*,#4264,.T.);
#1621=ORIENTED_EDGE('',*,*,#4265,.F.);
#1622=ORIENTED_EDGE('',*,*,#4266,.F.);
#1623=ORIENTED_EDGE('',*,*,#4052,.F.);
#1624=ORIENTED_EDGE('',*,*,#4267,.T.);
#1625=ORIENTED_EDGE('',*,*,#4268,.T.);
#1626=ORIENTED_EDGE('',*,*,#4269,.T.);
#1627=ORIENTED_EDGE('',*,*,#4270,.T.);
#1628=ORIENTED_EDGE('',*,*,#4271,.T.);
#1629=ORIENTED_EDGE('',*,*,#4272,.T.);
#1630=ORIENTED_EDGE('',*,*,#4273,.T.);
#1631=ORIENTED_EDGE('',*,*,#4274,.F.);
#1632=ORIENTED_EDGE('',*,*,#4275,.T.);
#1633=ORIENTED_EDGE('',*,*,#4276,.T.);
#1634=ORIENTED_EDGE('',*,*,#4277,.T.);
#1635=ORIENTED_EDGE('',*,*,#4278,.F.);
#1636=ORIENTED_EDGE('',*,*,#4279,.T.);
#1637=ORIENTED_EDGE('',*,*,#4280,.F.);
#1638=ORIENTED_EDGE('',*,*,#4281,.T.);
#1639=ORIENTED_EDGE('',*,*,#4282,.F.);
#1640=ORIENTED_EDGE('',*,*,#4283,.T.);
#1641=ORIENTED_EDGE('',*,*,#4284,.F.);
#1642=ORIENTED_EDGE('',*,*,#4285,.T.);
#1643=ORIENTED_EDGE('',*,*,#4284,.T.);
#1644=ORIENTED_EDGE('',*,*,#4286,.T.);
#1645=ORIENTED_EDGE('',*,*,#4287,.F.);
#1646=ORIENTED_EDGE('',*,*,#4288,.F.);
#1647=ORIENTED_EDGE('',*,*,#4289,.F.);
#1648=ORIENTED_EDGE('',*,*,#4290,.F.);
#1649=ORIENTED_EDGE('',*,*,#4291,.T.);
#1650=ORIENTED_EDGE('',*,*,#4292,.T.);
#1651=ORIENTED_EDGE('',*,*,#4293,.T.);
#1652=ORIENTED_EDGE('',*,*,#4294,.T.);
#1653=ORIENTED_EDGE('',*,*,#4295,.F.);
#1654=ORIENTED_EDGE('',*,*,#4296,.T.);
#1655=ORIENTED_EDGE('',*,*,#4297,.T.);
#1656=ORIENTED_EDGE('',*,*,#4298,.T.);
#1657=ORIENTED_EDGE('',*,*,#4299,.T.);
#1658=ORIENTED_EDGE('',*,*,#4300,.F.);
#1659=ORIENTED_EDGE('',*,*,#4301,.F.);
#1660=ORIENTED_EDGE('',*,*,#4302,.T.);
#1661=ORIENTED_EDGE('',*,*,#4291,.F.);
#1662=ORIENTED_EDGE('',*,*,#4303,.F.);
#1663=ORIENTED_EDGE('',*,*,#4304,.T.);
#1664=ORIENTED_EDGE('',*,*,#4305,.F.);
#1665=ORIENTED_EDGE('',*,*,#4306,.F.);
#1666=ORIENTED_EDGE('',*,*,#4307,.T.);
#1667=ORIENTED_EDGE('',*,*,#4308,.T.);
#1668=ORIENTED_EDGE('',*,*,#4309,.F.);
#1669=ORIENTED_EDGE('',*,*,#4027,.T.);
#1670=ORIENTED_EDGE('',*,*,#4310,.F.);
#1671=ORIENTED_EDGE('',*,*,#4311,.T.);
#1672=ORIENTED_EDGE('',*,*,#4163,.F.);
#1673=ORIENTED_EDGE('',*,*,#4299,.F.);
#1674=ORIENTED_EDGE('',*,*,#4312,.F.);
#1675=ORIENTED_EDGE('',*,*,#4313,.T.);
#1676=ORIENTED_EDGE('',*,*,#4314,.F.);
#1677=ORIENTED_EDGE('',*,*,#4315,.F.);
#1678=ORIENTED_EDGE('',*,*,#4316,.F.);
#1679=ORIENTED_EDGE('',*,*,#4317,.F.);
#1680=ORIENTED_EDGE('',*,*,#4169,.T.);
#1681=ORIENTED_EDGE('',*,*,#4318,.F.);
#1682=ORIENTED_EDGE('',*,*,#4319,.F.);
#1683=ORIENTED_EDGE('',*,*,#4320,.F.);
#1684=ORIENTED_EDGE('',*,*,#4321,.F.);
#1685=ORIENTED_EDGE('',*,*,#4030,.F.);
#1686=ORIENTED_EDGE('',*,*,#4322,.F.);
#1687=ORIENTED_EDGE('',*,*,#4323,.F.);
#1688=ORIENTED_EDGE('',*,*,#4324,.F.);
#1689=ORIENTED_EDGE('',*,*,#4325,.F.);
#1690=ORIENTED_EDGE('',*,*,#4180,.T.);
#1691=ORIENTED_EDGE('',*,*,#4326,.F.);
#1692=ORIENTED_EDGE('',*,*,#4327,.F.);
#1693=ORIENTED_EDGE('',*,*,#4328,.T.);
#1694=ORIENTED_EDGE('',*,*,#4322,.T.);
#1695=ORIENTED_EDGE('',*,*,#4029,.F.);
#1696=ORIENTED_EDGE('',*,*,#4329,.F.);
#1697=ORIENTED_EDGE('',*,*,#4330,.F.);
#1698=ORIENTED_EDGE('',*,*,#4331,.T.);
#1699=ORIENTED_EDGE('',*,*,#4332,.T.);
#1700=ORIENTED_EDGE('',*,*,#4333,.F.);
#1701=ORIENTED_EDGE('',*,*,#4321,.T.);
#1702=ORIENTED_EDGE('',*,*,#4334,.F.);
#1703=ORIENTED_EDGE('',*,*,#4335,.F.);
#1704=ORIENTED_EDGE('',*,*,#4276,.F.);
#1705=ORIENTED_EDGE('',*,*,#4336,.T.);
#1706=ORIENTED_EDGE('',*,*,#4274,.T.);
#1707=ORIENTED_EDGE('',*,*,#4337,.F.);
#1708=ORIENTED_EDGE('',*,*,#4031,.T.);
#1709=ORIENTED_EDGE('',*,*,#4330,.T.);
#1710=ORIENTED_EDGE('',*,*,#4338,.T.);
#1711=ORIENTED_EDGE('',*,*,#4308,.F.);
#1712=ORIENTED_EDGE('',*,*,#4339,.T.);
#1713=ORIENTED_EDGE('',*,*,#4306,.T.);
#1714=ORIENTED_EDGE('',*,*,#4340,.T.);
#1715=ORIENTED_EDGE('',*,*,#4332,.F.);
#1716=ORIENTED_EDGE('',*,*,#4341,.T.);
#1717=ORIENTED_EDGE('',*,*,#4342,.T.);
#1718=ORIENTED_EDGE('',*,*,#4343,.T.);
#1719=ORIENTED_EDGE('',*,*,#4344,.F.);
#1720=ORIENTED_EDGE('',*,*,#4345,.F.);
#1721=ORIENTED_EDGE('',*,*,#4346,.T.);
#1722=ORIENTED_EDGE('',*,*,#4347,.T.);
#1723=ORIENTED_EDGE('',*,*,#4224,.F.);
#1724=ORIENTED_EDGE('',*,*,#4222,.F.);
#1725=ORIENTED_EDGE('',*,*,#4348,.F.);
#1726=ORIENTED_EDGE('',*,*,#4349,.T.);
#1727=ORIENTED_EDGE('',*,*,#4350,.T.);
#1728=ORIENTED_EDGE('',*,*,#4351,.T.);
#1729=ORIENTED_EDGE('',*,*,#4039,.T.);
#1730=ORIENTED_EDGE('',*,*,#3991,.T.);
#1731=ORIENTED_EDGE('',*,*,#4352,.T.);
#1732=ORIENTED_EDGE('',*,*,#4353,.T.);
#1733=ORIENTED_EDGE('',*,*,#4073,.F.);
#1734=ORIENTED_EDGE('',*,*,#4354,.F.);
#1735=ORIENTED_EDGE('',*,*,#4144,.F.);
#1736=ORIENTED_EDGE('',*,*,#4138,.F.);
#1737=ORIENTED_EDGE('',*,*,#4355,.T.);
#1738=ORIENTED_EDGE('',*,*,#4356,.T.);
#1739=ORIENTED_EDGE('',*,*,#4342,.F.);
#1740=ORIENTED_EDGE('',*,*,#4357,.T.);
#1741=ORIENTED_EDGE('',*,*,#4358,.T.);
#1742=ORIENTED_EDGE('',*,*,#4359,.T.);
#1743=ORIENTED_EDGE('',*,*,#4360,.F.);
#1744=ORIENTED_EDGE('',*,*,#4361,.T.);
#1745=ORIENTED_EDGE('',*,*,#4362,.T.);
#1746=ORIENTED_EDGE('',*,*,#4216,.F.);
#1747=ORIENTED_EDGE('',*,*,#4226,.T.);
#1748=ORIENTED_EDGE('',*,*,#4363,.T.);
#1749=ORIENTED_EDGE('',*,*,#4364,.F.);
#1750=ORIENTED_EDGE('',*,*,#4365,.F.);
#1751=ORIENTED_EDGE('',*,*,#4360,.T.);
#1752=ORIENTED_EDGE('',*,*,#4366,.T.);
#1753=ORIENTED_EDGE('',*,*,#4367,.F.);
#1754=ORIENTED_EDGE('',*,*,#4368,.T.);
#1755=ORIENTED_EDGE('',*,*,#4367,.T.);
#1756=ORIENTED_EDGE('',*,*,#4369,.T.);
#1757=ORIENTED_EDGE('',*,*,#4370,.F.);
#1758=ORIENTED_EDGE('',*,*,#4371,.T.);
#1759=ORIENTED_EDGE('',*,*,#4372,.T.);
#1760=ORIENTED_EDGE('',*,*,#4312,.T.);
#1761=ORIENTED_EDGE('',*,*,#4298,.F.);
#1762=ORIENTED_EDGE('',*,*,#4373,.F.);
#1763=ORIENTED_EDGE('',*,*,#4374,.T.);
#1764=ORIENTED_EDGE('',*,*,#4293,.F.);
#1765=ORIENTED_EDGE('',*,*,#4375,.T.);
#1766=ORIENTED_EDGE('',*,*,#4376,.T.);
#1767=ORIENTED_EDGE('',*,*,#4218,.F.);
#1768=ORIENTED_EDGE('',*,*,#4377,.F.);
#1769=ORIENTED_EDGE('',*,*,#4378,.T.);
#1770=ORIENTED_EDGE('',*,*,#4370,.T.);
#1771=ORIENTED_EDGE('',*,*,#4379,.T.);
#1772=ORIENTED_EDGE('',*,*,#4380,.F.);
#1773=ORIENTED_EDGE('',*,*,#4381,.T.);
#1774=ORIENTED_EDGE('',*,*,#4380,.T.);
#1775=ORIENTED_EDGE('',*,*,#4382,.T.);
#1776=ORIENTED_EDGE('',*,*,#4383,.F.);
#1777=ORIENTED_EDGE('',*,*,#4384,.T.);
#1778=ORIENTED_EDGE('',*,*,#4383,.T.);
#1779=ORIENTED_EDGE('',*,*,#4385,.T.);
#1780=ORIENTED_EDGE('',*,*,#4386,.F.);
#1781=ORIENTED_EDGE('',*,*,#4387,.T.);
#1782=ORIENTED_EDGE('',*,*,#4386,.T.);
#1783=ORIENTED_EDGE('',*,*,#4388,.T.);
#1784=ORIENTED_EDGE('',*,*,#4389,.F.);
#1785=ORIENTED_EDGE('',*,*,#4390,.T.);
#1786=ORIENTED_EDGE('',*,*,#4389,.T.);
#1787=ORIENTED_EDGE('',*,*,#4391,.T.);
#1788=ORIENTED_EDGE('',*,*,#4392,.F.);
#1789=ORIENTED_EDGE('',*,*,#4393,.T.);
#1790=ORIENTED_EDGE('',*,*,#4392,.T.);
#1791=ORIENTED_EDGE('',*,*,#4394,.T.);
#1792=ORIENTED_EDGE('',*,*,#4355,.F.);
#1793=ORIENTED_EDGE('',*,*,#4395,.T.);
#1794=ORIENTED_EDGE('',*,*,#4396,.T.);
#1795=ORIENTED_EDGE('',*,*,#4220,.F.);
#1796=ORIENTED_EDGE('',*,*,#4397,.F.);
#1797=ORIENTED_EDGE('',*,*,#4398,.T.);
#1798=ORIENTED_EDGE('',*,*,#4295,.T.);
#1799=ORIENTED_EDGE('',*,*,#4399,.T.);
#1800=ORIENTED_EDGE('',*,*,#4400,.T.);
#1801=ORIENTED_EDGE('',*,*,#4401,.T.);
#1802=ORIENTED_EDGE('',*,*,#4314,.T.);
#1803=ORIENTED_EDGE('',*,*,#4402,.F.);
#1804=ORIENTED_EDGE('',*,*,#4403,.T.);
#1805=ORIENTED_EDGE('',*,*,#4387,.F.);
#1806=ORIENTED_EDGE('',*,*,#4390,.F.);
#1807=ORIENTED_EDGE('',*,*,#4393,.F.);
#1808=ORIENTED_EDGE('',*,*,#4403,.F.);
#1809=ORIENTED_EDGE('',*,*,#4404,.F.);
#1810=ORIENTED_EDGE('',*,*,#4371,.F.);
#1811=ORIENTED_EDGE('',*,*,#4381,.F.);
#1812=ORIENTED_EDGE('',*,*,#4384,.F.);
#1813=ORIENTED_EDGE('',*,*,#4313,.F.);
#1814=ORIENTED_EDGE('',*,*,#4372,.F.);
#1815=ORIENTED_EDGE('',*,*,#4404,.T.);
#1816=ORIENTED_EDGE('',*,*,#4402,.T.);
#1817=ORIENTED_EDGE('',*,*,#4405,.F.);
#1818=ORIENTED_EDGE('',*,*,#4406,.T.);
#1819=ORIENTED_EDGE('',*,*,#4407,.F.);
#1820=ORIENTED_EDGE('',*,*,#4408,.F.);
#1821=ORIENTED_EDGE('',*,*,#4409,.F.);
#1822=ORIENTED_EDGE('',*,*,#4410,.T.);
#1823=ORIENTED_EDGE('',*,*,#4411,.F.);
#1824=ORIENTED_EDGE('',*,*,#4406,.F.);
#1825=ORIENTED_EDGE('',*,*,#4412,.F.);
#1826=ORIENTED_EDGE('',*,*,#4413,.T.);
#1827=ORIENTED_EDGE('',*,*,#4414,.F.);
#1828=ORIENTED_EDGE('',*,*,#4410,.F.);
#1829=ORIENTED_EDGE('',*,*,#4415,.F.);
#1830=ORIENTED_EDGE('',*,*,#4408,.T.);
#1831=ORIENTED_EDGE('',*,*,#4416,.F.);
#1832=ORIENTED_EDGE('',*,*,#4413,.F.);
#1833=ORIENTED_EDGE('',*,*,#4417,.F.);
#1834=ORIENTED_EDGE('',*,*,#4418,.T.);
#1835=ORIENTED_EDGE('',*,*,#4419,.F.);
#1836=ORIENTED_EDGE('',*,*,#4420,.F.);
#1837=ORIENTED_EDGE('',*,*,#4421,.F.);
#1838=ORIENTED_EDGE('',*,*,#4422,.T.);
#1839=ORIENTED_EDGE('',*,*,#4423,.F.);
#1840=ORIENTED_EDGE('',*,*,#4418,.F.);
#1841=ORIENTED_EDGE('',*,*,#4424,.F.);
#1842=ORIENTED_EDGE('',*,*,#4425,.T.);
#1843=ORIENTED_EDGE('',*,*,#4426,.F.);
#1844=ORIENTED_EDGE('',*,*,#4422,.F.);
#1845=ORIENTED_EDGE('',*,*,#4427,.F.);
#1846=ORIENTED_EDGE('',*,*,#4420,.T.);
#1847=ORIENTED_EDGE('',*,*,#4428,.F.);
#1848=ORIENTED_EDGE('',*,*,#4425,.F.);
#1849=ORIENTED_EDGE('',*,*,#4429,.T.);
#1850=ORIENTED_EDGE('',*,*,#4430,.T.);
#1851=ORIENTED_EDGE('',*,*,#4431,.T.);
#1852=ORIENTED_EDGE('',*,*,#4432,.T.);
#1853=ORIENTED_EDGE('',*,*,#4433,.T.);
#1854=ORIENTED_EDGE('',*,*,#4434,.T.);
#1855=ORIENTED_EDGE('',*,*,#4435,.T.);
#1856=ORIENTED_EDGE('',*,*,#4436,.T.);
#1857=ORIENTED_EDGE('',*,*,#4307,.F.);
#1858=ORIENTED_EDGE('',*,*,#4341,.F.);
#1859=ORIENTED_EDGE('',*,*,#4331,.F.);
#1860=ORIENTED_EDGE('',*,*,#4339,.F.);
#1861=ORIENTED_EDGE('',*,*,#3970,.F.);
#1862=ORIENTED_EDGE('',*,*,#3973,.F.);
#1863=ORIENTED_EDGE('',*,*,#3975,.F.);
#1864=ORIENTED_EDGE('',*,*,#3966,.F.);
#1865=ORIENTED_EDGE('',*,*,#3958,.F.);
#1866=ORIENTED_EDGE('',*,*,#3961,.F.);
#1867=ORIENTED_EDGE('',*,*,#3963,.F.);
#1868=ORIENTED_EDGE('',*,*,#3954,.F.);
#1869=ORIENTED_EDGE('',*,*,#4336,.F.);
#1870=ORIENTED_EDGE('',*,*,#4279,.F.);
#1871=ORIENTED_EDGE('',*,*,#4437,.F.);
#1872=ORIENTED_EDGE('',*,*,#4275,.F.);
#1873=ORIENTED_EDGE('',*,*,#4050,.F.);
#1874=ORIENTED_EDGE('',*,*,#4022,.F.);
#1875=ORIENTED_EDGE('',*,*,#4438,.F.);
#1876=ORIENTED_EDGE('',*,*,#4439,.F.);
#1877=ORIENTED_EDGE('',*,*,#4033,.F.);
#1878=ORIENTED_EDGE('',*,*,#4440,.F.);
#1879=ORIENTED_EDGE('',*,*,#4272,.F.);
#1880=ORIENTED_EDGE('',*,*,#4437,.T.);
#1881=ORIENTED_EDGE('',*,*,#4278,.T.);
#1882=ORIENTED_EDGE('',*,*,#4441,.F.);
#1883=ORIENTED_EDGE('',*,*,#4442,.F.);
#1884=ORIENTED_EDGE('',*,*,#4443,.F.);
#1885=ORIENTED_EDGE('',*,*,#4444,.T.);
#1886=ORIENTED_EDGE('',*,*,#4445,.T.);
#1887=ORIENTED_EDGE('',*,*,#4219,.F.);
#1888=ORIENTED_EDGE('',*,*,#4376,.F.);
#1889=ORIENTED_EDGE('',*,*,#4446,.T.);
#1890=ORIENTED_EDGE('',*,*,#4397,.T.);
#1891=ORIENTED_EDGE('',*,*,#4407,.T.);
#1892=ORIENTED_EDGE('',*,*,#4411,.T.);
#1893=ORIENTED_EDGE('',*,*,#4414,.T.);
#1894=ORIENTED_EDGE('',*,*,#4416,.T.);
#1895=ORIENTED_EDGE('',*,*,#4419,.T.);
#1896=ORIENTED_EDGE('',*,*,#4423,.T.);
#1897=ORIENTED_EDGE('',*,*,#4426,.T.);
#1898=ORIENTED_EDGE('',*,*,#4428,.T.);
#1899=ORIENTED_EDGE('',*,*,#4398,.F.);
#1900=ORIENTED_EDGE('',*,*,#4446,.F.);
#1901=ORIENTED_EDGE('',*,*,#4375,.F.);
#1902=ORIENTED_EDGE('',*,*,#4296,.F.);
#1903=ORIENTED_EDGE('',*,*,#4378,.F.);
#1904=ORIENTED_EDGE('',*,*,#4447,.F.);
#1905=ORIENTED_EDGE('',*,*,#4361,.F.);
#1906=ORIENTED_EDGE('',*,*,#4368,.F.);
#1907=ORIENTED_EDGE('',*,*,#4217,.F.);
#1908=ORIENTED_EDGE('',*,*,#4362,.F.);
#1909=ORIENTED_EDGE('',*,*,#4447,.T.);
#1910=ORIENTED_EDGE('',*,*,#4377,.T.);
#1911=ORIENTED_EDGE('',*,*,#4349,.F.);
#1912=ORIENTED_EDGE('',*,*,#4448,.F.);
#1913=ORIENTED_EDGE('',*,*,#4395,.F.);
#1914=ORIENTED_EDGE('',*,*,#4357,.F.);
#1915=ORIENTED_EDGE('',*,*,#4221,.F.);
#1916=ORIENTED_EDGE('',*,*,#4396,.F.);
#1917=ORIENTED_EDGE('',*,*,#4448,.T.);
#1918=ORIENTED_EDGE('',*,*,#4348,.T.);
#1919=ORIENTED_EDGE('',*,*,#4365,.T.);
#1920=ORIENTED_EDGE('',*,*,#4449,.T.);
#1921=ORIENTED_EDGE('',*,*,#4450,.T.);
#1922=ORIENTED_EDGE('',*,*,#4451,.T.);
#1923=ORIENTED_EDGE('',*,*,#4364,.T.);
#1924=ORIENTED_EDGE('',*,*,#4452,.T.);
#1925=ORIENTED_EDGE('',*,*,#4453,.F.);
#1926=ORIENTED_EDGE('',*,*,#4449,.F.);
#1927=ORIENTED_EDGE('',*,*,#4453,.T.);
#1928=ORIENTED_EDGE('',*,*,#4454,.T.);
#1929=ORIENTED_EDGE('',*,*,#4455,.F.);
#1930=ORIENTED_EDGE('',*,*,#4450,.F.);
#1931=ORIENTED_EDGE('',*,*,#4455,.T.);
#1932=ORIENTED_EDGE('',*,*,#4456,.T.);
#1933=ORIENTED_EDGE('',*,*,#4358,.F.);
#1934=ORIENTED_EDGE('',*,*,#4451,.F.);
#1935=ORIENTED_EDGE('',*,*,#4345,.T.);
#1936=ORIENTED_EDGE('',*,*,#4457,.T.);
#1937=ORIENTED_EDGE('',*,*,#4458,.T.);
#1938=ORIENTED_EDGE('',*,*,#4459,.T.);
#1939=ORIENTED_EDGE('',*,*,#4344,.T.);
#1940=ORIENTED_EDGE('',*,*,#4460,.T.);
#1941=ORIENTED_EDGE('',*,*,#4461,.F.);
#1942=ORIENTED_EDGE('',*,*,#4457,.F.);
#1943=ORIENTED_EDGE('',*,*,#4461,.T.);
#1944=ORIENTED_EDGE('',*,*,#4462,.T.);
#1945=ORIENTED_EDGE('',*,*,#4463,.F.);
#1946=ORIENTED_EDGE('',*,*,#4458,.F.);
#1947=ORIENTED_EDGE('',*,*,#4463,.T.);
#1948=ORIENTED_EDGE('',*,*,#4464,.T.);
#1949=ORIENTED_EDGE('',*,*,#4346,.F.);
#1950=ORIENTED_EDGE('',*,*,#4459,.F.);
#1951=ORIENTED_EDGE('',*,*,#4465,.F.);
#1952=ORIENTED_EDGE('',*,*,#4466,.T.);
#1953=ORIENTED_EDGE('',*,*,#4333,.T.);
#1954=ORIENTED_EDGE('',*,*,#4340,.F.);
#1955=ORIENTED_EDGE('',*,*,#4305,.T.);
#1956=ORIENTED_EDGE('',*,*,#4467,.F.);
#1957=ORIENTED_EDGE('',*,*,#4468,.T.);
#1958=ORIENTED_EDGE('',*,*,#4323,.T.);
#1959=ORIENTED_EDGE('',*,*,#4328,.F.);
#1960=ORIENTED_EDGE('',*,*,#4466,.F.);
#1961=ORIENTED_EDGE('',*,*,#4469,.F.);
#1962=ORIENTED_EDGE('',*,*,#4470,.T.);
#1963=ORIENTED_EDGE('',*,*,#4157,.T.);
#1964=ORIENTED_EDGE('',*,*,#4471,.F.);
#1965=ORIENTED_EDGE('',*,*,#4324,.T.);
#1966=ORIENTED_EDGE('',*,*,#4468,.F.);
#1967=ORIENTED_EDGE('',*,*,#4465,.T.);
#1968=ORIENTED_EDGE('',*,*,#4472,.F.);
#1969=ORIENTED_EDGE('',*,*,#4473,.F.);
#1970=ORIENTED_EDGE('',*,*,#4289,.T.);
#1971=ORIENTED_EDGE('',*,*,#4329,.T.);
#1972=ORIENTED_EDGE('',*,*,#4028,.T.);
#1973=ORIENTED_EDGE('',*,*,#4309,.T.);
#1974=ORIENTED_EDGE('',*,*,#4338,.F.);
#1975=ORIENTED_EDGE('',*,*,#4467,.T.);
#1976=ORIENTED_EDGE('',*,*,#4304,.F.);
#1977=ORIENTED_EDGE('',*,*,#4474,.F.);
#1978=ORIENTED_EDGE('',*,*,#4472,.T.);
#1979=ORIENTED_EDGE('',*,*,#4303,.T.);
#1980=ORIENTED_EDGE('',*,*,#4290,.T.);
#1981=ORIENTED_EDGE('',*,*,#4473,.T.);
#1982=ORIENTED_EDGE('',*,*,#4474,.T.);
#1983=ORIENTED_EDGE('',*,*,#4326,.T.);
#1984=ORIENTED_EDGE('',*,*,#4179,.F.);
#1985=ORIENTED_EDGE('',*,*,#4214,.F.);
#1986=ORIENTED_EDGE('',*,*,#4475,.T.);
#1987=ORIENTED_EDGE('',*,*,#4476,.T.);
#1988=ORIENTED_EDGE('',*,*,#4477,.T.);
#1989=ORIENTED_EDGE('',*,*,#4327,.T.);
#1990=ORIENTED_EDGE('',*,*,#4477,.F.);
#1991=ORIENTED_EDGE('',*,*,#4478,.T.);
#1992=ORIENTED_EDGE('',*,*,#4300,.T.);
#1993=ORIENTED_EDGE('',*,*,#4401,.F.);
#1994=ORIENTED_EDGE('',*,*,#4479,.T.);
#1995=ORIENTED_EDGE('',*,*,#4480,.T.);
#1996=ORIENTED_EDGE('',*,*,#4315,.T.);
#1997=ORIENTED_EDGE('',*,*,#4316,.T.);
#1998=ORIENTED_EDGE('',*,*,#4480,.F.);
#1999=ORIENTED_EDGE('',*,*,#4481,.T.);
#2000=ORIENTED_EDGE('',*,*,#4482,.T.);
#2001=ORIENTED_EDGE('',*,*,#4170,.T.);
#2002=ORIENTED_EDGE('',*,*,#4317,.T.);
#2003=ORIENTED_EDGE('',*,*,#4482,.F.);
#2004=ORIENTED_EDGE('',*,*,#4483,.T.);
#2005=ORIENTED_EDGE('',*,*,#4484,.F.);
#2006=ORIENTED_EDGE('',*,*,#4186,.F.);
#2007=ORIENTED_EDGE('',*,*,#4184,.T.);
#2008=ORIENTED_EDGE('',*,*,#4485,.T.);
#2009=ORIENTED_EDGE('',*,*,#4483,.F.);
#2010=ORIENTED_EDGE('',*,*,#4481,.F.);
#2011=ORIENTED_EDGE('',*,*,#4479,.F.);
#2012=ORIENTED_EDGE('',*,*,#4486,.F.);
#2013=ORIENTED_EDGE('',*,*,#4297,.F.);
#2014=ORIENTED_EDGE('',*,*,#4478,.F.);
#2015=ORIENTED_EDGE('',*,*,#4476,.F.);
#2016=ORIENTED_EDGE('',*,*,#4487,.T.);
#2017=ORIENTED_EDGE('',*,*,#4265,.T.);
#2018=ORIENTED_EDGE('',*,*,#4488,.T.);
#2019=ORIENTED_EDGE('',*,*,#4489,.T.);
#2020=ORIENTED_EDGE('',*,*,#4490,.T.);
#2021=ORIENTED_EDGE('',*,*,#4262,.T.);
#2022=ORIENTED_EDGE('',*,*,#4491,.T.);
#2023=ORIENTED_EDGE('',*,*,#4492,.T.);
#2024=ORIENTED_EDGE('',*,*,#4493,.T.);
#2025=ORIENTED_EDGE('',*,*,#4259,.T.);
#2026=ORIENTED_EDGE('',*,*,#4494,.T.);
#2027=ORIENTED_EDGE('',*,*,#4495,.T.);
#2028=ORIENTED_EDGE('',*,*,#4496,.T.);
#2029=ORIENTED_EDGE('',*,*,#4256,.T.);
#2030=ORIENTED_EDGE('',*,*,#4497,.T.);
#2031=ORIENTED_EDGE('',*,*,#4498,.T.);
#2032=ORIENTED_EDGE('',*,*,#4499,.T.);
#2033=ORIENTED_EDGE('',*,*,#4253,.T.);
#2034=ORIENTED_EDGE('',*,*,#4500,.T.);
#2035=ORIENTED_EDGE('',*,*,#4501,.T.);
#2036=ORIENTED_EDGE('',*,*,#4502,.T.);
#2037=ORIENTED_EDGE('',*,*,#4250,.T.);
#2038=ORIENTED_EDGE('',*,*,#4503,.T.);
#2039=ORIENTED_EDGE('',*,*,#4504,.T.);
#2040=ORIENTED_EDGE('',*,*,#4505,.T.);
#2041=ORIENTED_EDGE('',*,*,#4405,.T.);
#2042=ORIENTED_EDGE('',*,*,#4415,.T.);
#2043=ORIENTED_EDGE('',*,*,#4412,.T.);
#2044=ORIENTED_EDGE('',*,*,#4409,.T.);
#2045=ORIENTED_EDGE('',*,*,#4417,.T.);
#2046=ORIENTED_EDGE('',*,*,#4427,.T.);
#2047=ORIENTED_EDGE('',*,*,#4424,.T.);
#2048=ORIENTED_EDGE('',*,*,#4421,.T.);
#2049=ORIENTED_EDGE('',*,*,#4325,.T.);
#2050=ORIENTED_EDGE('',*,*,#4471,.T.);
#2051=ORIENTED_EDGE('',*,*,#4160,.F.);
#2052=ORIENTED_EDGE('',*,*,#4181,.F.);
#2053=ORIENTED_EDGE('',*,*,#4165,.T.);
#2054=ORIENTED_EDGE('',*,*,#4506,.F.);
#2055=ORIENTED_EDGE('',*,*,#4507,.F.);
#2056=ORIENTED_EDGE('',*,*,#4025,.T.);
#2057=ORIENTED_EDGE('',*,*,#4164,.T.);
#2058=ORIENTED_EDGE('',*,*,#4311,.F.);
#2059=ORIENTED_EDGE('',*,*,#4508,.F.);
#2060=ORIENTED_EDGE('',*,*,#4506,.T.);
#2061=ORIENTED_EDGE('',*,*,#4310,.T.);
#2062=ORIENTED_EDGE('',*,*,#4026,.T.);
#2063=ORIENTED_EDGE('',*,*,#4507,.T.);
#2064=ORIENTED_EDGE('',*,*,#4508,.T.);
#2065=ORIENTED_EDGE('',*,*,#4486,.T.);
#2066=ORIENTED_EDGE('',*,*,#4400,.F.);
#2067=ORIENTED_EDGE('',*,*,#4509,.T.);
#2068=ORIENTED_EDGE('',*,*,#4373,.T.);
#2069=ORIENTED_EDGE('',*,*,#4374,.F.);
#2070=ORIENTED_EDGE('',*,*,#4509,.F.);
#2071=ORIENTED_EDGE('',*,*,#4399,.F.);
#2072=ORIENTED_EDGE('',*,*,#4294,.F.);
#2073=ORIENTED_EDGE('',*,*,#4302,.F.);
#2074=ORIENTED_EDGE('',*,*,#4510,.T.);
#2075=ORIENTED_EDGE('',*,*,#4285,.F.);
#2076=ORIENTED_EDGE('',*,*,#4292,.F.);
#2077=ORIENTED_EDGE('',*,*,#4511,.F.);
#2078=ORIENTED_EDGE('',*,*,#4469,.T.);
#2079=ORIENTED_EDGE('',*,*,#4288,.T.);
#2080=ORIENTED_EDGE('',*,*,#4512,.T.);
#2081=ORIENTED_EDGE('',*,*,#4513,.T.);
#2082=ORIENTED_EDGE('',*,*,#4514,.T.);
#2083=ORIENTED_EDGE('',*,*,#4512,.F.);
#2084=ORIENTED_EDGE('',*,*,#4287,.T.);
#2085=ORIENTED_EDGE('',*,*,#4515,.T.);
#2086=ORIENTED_EDGE('',*,*,#4516,.T.);
#2087=ORIENTED_EDGE('',*,*,#4282,.T.);
#2088=ORIENTED_EDGE('',*,*,#4517,.T.);
#2089=ORIENTED_EDGE('',*,*,#4156,.F.);
#2090=ORIENTED_EDGE('',*,*,#4518,.T.);
#2091=ORIENTED_EDGE('',*,*,#4516,.F.);
#2092=ORIENTED_EDGE('',*,*,#4519,.T.);
#2093=ORIENTED_EDGE('',*,*,#4283,.F.);
#2094=ORIENTED_EDGE('',*,*,#4519,.F.);
#2095=ORIENTED_EDGE('',*,*,#4515,.F.);
#2096=ORIENTED_EDGE('',*,*,#4286,.F.);
#2097=ORIENTED_EDGE('',*,*,#4520,.F.);
#2098=ORIENTED_EDGE('',*,*,#4153,.F.);
#2099=ORIENTED_EDGE('',*,*,#4517,.F.);
#2100=ORIENTED_EDGE('',*,*,#4281,.F.);
#2101=ORIENTED_EDGE('',*,*,#4521,.F.);
#2102=ORIENTED_EDGE('',*,*,#4513,.F.);
#2103=ORIENTED_EDGE('',*,*,#4518,.F.);
#2104=ORIENTED_EDGE('',*,*,#4155,.F.);
#2105=ORIENTED_EDGE('',*,*,#4522,.F.);
#2106=ORIENTED_EDGE('',*,*,#4523,.F.);
#2107=ORIENTED_EDGE('',*,*,#4524,.T.);
#2108=ORIENTED_EDGE('',*,*,#4175,.T.);
#2109=ORIENTED_EDGE('',*,*,#4176,.F.);
#2110=ORIENTED_EDGE('',*,*,#4524,.F.);
#2111=ORIENTED_EDGE('',*,*,#4525,.F.);
#2112=ORIENTED_EDGE('',*,*,#4227,.F.);
#2113=ORIENTED_EDGE('',*,*,#4523,.T.);
#2114=ORIENTED_EDGE('',*,*,#4526,.T.);
#2115=ORIENTED_EDGE('',*,*,#4067,.T.);
#2116=ORIENTED_EDGE('',*,*,#4120,.F.);
#2117=ORIENTED_EDGE('',*,*,#4266,.T.);
#2118=ORIENTED_EDGE('',*,*,#4487,.F.);
#2119=ORIENTED_EDGE('',*,*,#4475,.F.);
#2120=ORIENTED_EDGE('',*,*,#4213,.F.);
#2121=ORIENTED_EDGE('',*,*,#4228,.T.);
#2122=ORIENTED_EDGE('',*,*,#4525,.T.);
#2123=ORIENTED_EDGE('',*,*,#4527,.F.);
#2124=ORIENTED_EDGE('',*,*,#4354,.T.);
#2125=ORIENTED_EDGE('',*,*,#4528,.F.);
#2126=ORIENTED_EDGE('',*,*,#4529,.F.);
#2127=ORIENTED_EDGE('',*,*,#4530,.T.);
#2128=ORIENTED_EDGE('',*,*,#4142,.T.);
#2129=ORIENTED_EDGE('',*,*,#4527,.T.);
#2130=ORIENTED_EDGE('',*,*,#4072,.T.);
#2131=ORIENTED_EDGE('',*,*,#4531,.F.);
#2132=ORIENTED_EDGE('',*,*,#4532,.F.);
#2133=ORIENTED_EDGE('',*,*,#4528,.T.);
#2134=ORIENTED_EDGE('',*,*,#4532,.T.);
#2135=ORIENTED_EDGE('',*,*,#4533,.F.);
#2136=ORIENTED_EDGE('',*,*,#4441,.T.);
#2137=ORIENTED_EDGE('',*,*,#4277,.F.);
#2138=ORIENTED_EDGE('',*,*,#4335,.T.);
#2139=ORIENTED_EDGE('',*,*,#4534,.T.);
#2140=ORIENTED_EDGE('',*,*,#4535,.F.);
#2141=ORIENTED_EDGE('',*,*,#4536,.T.);
#2142=ORIENTED_EDGE('',*,*,#4537,.T.);
#2143=ORIENTED_EDGE('',*,*,#4268,.F.);
#2144=ORIENTED_EDGE('',*,*,#4538,.T.);
#2145=ORIENTED_EDGE('',*,*,#4444,.F.);
#2146=ORIENTED_EDGE('',*,*,#4539,.F.);
#2147=ORIENTED_EDGE('',*,*,#4540,.T.);
#2148=ORIENTED_EDGE('',*,*,#4541,.F.);
#2149=ORIENTED_EDGE('',*,*,#4151,.T.);
#2150=ORIENTED_EDGE('',*,*,#4058,.T.);
#2151=ORIENTED_EDGE('',*,*,#4542,.F.);
#2152=ORIENTED_EDGE('',*,*,#4540,.F.);
#2153=ORIENTED_EDGE('',*,*,#4543,.F.);
#2154=ORIENTED_EDGE('',*,*,#4544,.T.);
#2155=ORIENTED_EDGE('',*,*,#4535,.T.);
#2156=ORIENTED_EDGE('',*,*,#4545,.T.);
#2157=ORIENTED_EDGE('',*,*,#4319,.T.);
#2158=ORIENTED_EDGE('',*,*,#4546,.T.);
#2159=ORIENTED_EDGE('',*,*,#4334,.T.);
#2160=ORIENTED_EDGE('',*,*,#4320,.T.);
#2161=ORIENTED_EDGE('',*,*,#4545,.F.);
#2162=ORIENTED_EDGE('',*,*,#4534,.F.);
#2163=ORIENTED_EDGE('',*,*,#4440,.T.);
#2164=ORIENTED_EDGE('',*,*,#4032,.T.);
#2165=ORIENTED_EDGE('',*,*,#4337,.T.);
#2166=ORIENTED_EDGE('',*,*,#4273,.F.);
#2167=ORIENTED_EDGE('',*,*,#4533,.T.);
#2168=ORIENTED_EDGE('',*,*,#4544,.F.);
#2169=ORIENTED_EDGE('',*,*,#4547,.F.);
#2170=ORIENTED_EDGE('',*,*,#4442,.T.);
#2171=ORIENTED_EDGE('',*,*,#4539,.T.);
#2172=ORIENTED_EDGE('',*,*,#4443,.T.);
#2173=ORIENTED_EDGE('',*,*,#4547,.T.);
#2174=ORIENTED_EDGE('',*,*,#4543,.T.);
#2175=ORIENTED_EDGE('',*,*,#4152,.F.);
#2176=ORIENTED_EDGE('',*,*,#4546,.F.);
#2177=ORIENTED_EDGE('',*,*,#4318,.T.);
#2178=ORIENTED_EDGE('',*,*,#4168,.F.);
#2179=ORIENTED_EDGE('',*,*,#4021,.T.);
#2180=ORIENTED_EDGE('',*,*,#4548,.F.);
#2181=ORIENTED_EDGE('',*,*,#4549,.F.);
#2182=ORIENTED_EDGE('',*,*,#4438,.T.);
#2183=ORIENTED_EDGE('',*,*,#4020,.T.);
#2184=ORIENTED_EDGE('',*,*,#4035,.F.);
#2185=ORIENTED_EDGE('',*,*,#4550,.F.);
#2186=ORIENTED_EDGE('',*,*,#4548,.T.);
#2187=ORIENTED_EDGE('',*,*,#4034,.T.);
#2188=ORIENTED_EDGE('',*,*,#4439,.T.);
#2189=ORIENTED_EDGE('',*,*,#4549,.T.);
#2190=ORIENTED_EDGE('',*,*,#4550,.T.);
#2191=ORIENTED_EDGE('',*,*,#4267,.F.);
#2192=ORIENTED_EDGE('',*,*,#4051,.T.);
#2193=ORIENTED_EDGE('',*,*,#4445,.F.);
#2194=ORIENTED_EDGE('',*,*,#4538,.F.);
#2195=ORIENTED_EDGE('',*,*,#4057,.F.);
#2196=ORIENTED_EDGE('',*,*,#4551,.T.);
#2197=ORIENTED_EDGE('',*,*,#4541,.T.);
#2198=ORIENTED_EDGE('',*,*,#4542,.T.);
#2199=ORIENTED_EDGE('',*,*,#4551,.F.);
#2200=ORIENTED_EDGE('',*,*,#4056,.T.);
#2201=ORIENTED_EDGE('',*,*,#4552,.T.);
#2202=ORIENTED_EDGE('',*,*,#4553,.F.);
#2203=ORIENTED_EDGE('',*,*,#4554,.T.);
#2204=ORIENTED_EDGE('',*,*,#4536,.F.);
#2205=ORIENTED_EDGE('',*,*,#4149,.F.);
#2206=ORIENTED_EDGE('',*,*,#4555,.T.);
#2207=ORIENTED_EDGE('',*,*,#4270,.F.);
#2208=ORIENTED_EDGE('',*,*,#4556,.T.);
#2209=ORIENTED_EDGE('',*,*,#4553,.T.);
#2210=ORIENTED_EDGE('',*,*,#4557,.T.);
#2211=ORIENTED_EDGE('',*,*,#4537,.F.);
#2212=ORIENTED_EDGE('',*,*,#4554,.F.);
#2213=ORIENTED_EDGE('',*,*,#4556,.F.);
#2214=ORIENTED_EDGE('',*,*,#4269,.F.);
#2215=ORIENTED_EDGE('',*,*,#4053,.F.);
#2216=ORIENTED_EDGE('',*,*,#4271,.F.);
#2217=ORIENTED_EDGE('',*,*,#4555,.F.);
#2218=ORIENTED_EDGE('',*,*,#4148,.F.);
#2219=ORIENTED_EDGE('',*,*,#4055,.F.);
#2220=ORIENTED_EDGE('',*,*,#4147,.F.);
#2221=ORIENTED_EDGE('',*,*,#4557,.F.);
#2222=ORIENTED_EDGE('',*,*,#4552,.F.);
#2223=ORIENTED_EDGE('',*,*,#4146,.F.);
#2224=ORIENTED_EDGE('',*,*,#4558,.T.);
#2225=ORIENTED_EDGE('',*,*,#4559,.F.);
#2226=ORIENTED_EDGE('',*,*,#4560,.T.);
#2227=ORIENTED_EDGE('',*,*,#4079,.F.);
#2228=ORIENTED_EDGE('',*,*,#4561,.F.);
#2229=ORIENTED_EDGE('',*,*,#4562,.T.);
#2230=ORIENTED_EDGE('',*,*,#4045,.F.);
#2231=ORIENTED_EDGE('',*,*,#4561,.T.);
#2232=ORIENTED_EDGE('',*,*,#4563,.F.);
#2233=ORIENTED_EDGE('',*,*,#4562,.F.);
#2234=ORIENTED_EDGE('',*,*,#4563,.T.);
#2235=ORIENTED_EDGE('',*,*,#4564,.F.);
#2236=ORIENTED_EDGE('',*,*,#4565,.F.);
#2237=ORIENTED_EDGE('',*,*,#4566,.T.);
#2238=ORIENTED_EDGE('',*,*,#4567,.T.);
#2239=ORIENTED_EDGE('',*,*,#4568,.F.);
#2240=ORIENTED_EDGE('',*,*,#4566,.F.);
#2241=ORIENTED_EDGE('',*,*,#4569,.F.);
#2242=ORIENTED_EDGE('',*,*,#4230,.F.);
#2243=ORIENTED_EDGE('',*,*,#4264,.F.);
#2244=ORIENTED_EDGE('',*,*,#4121,.T.);
#2245=ORIENTED_EDGE('',*,*,#4108,.T.);
#2246=ORIENTED_EDGE('',*,*,#4570,.F.);
#2247=ORIENTED_EDGE('',*,*,#4567,.F.);
#2248=ORIENTED_EDGE('',*,*,#4568,.T.);
#2249=ORIENTED_EDGE('',*,*,#4229,.T.);
#2250=ORIENTED_EDGE('',*,*,#4211,.F.);
#2251=ORIENTED_EDGE('',*,*,#4571,.T.);
#2252=ORIENTED_EDGE('',*,*,#4488,.F.);
#2253=ORIENTED_EDGE('',*,*,#4572,.T.);
#2254=ORIENTED_EDGE('',*,*,#4489,.F.);
#2255=ORIENTED_EDGE('',*,*,#4571,.F.);
#2256=ORIENTED_EDGE('',*,*,#4210,.F.);
#2257=ORIENTED_EDGE('',*,*,#4565,.T.);
#2258=ORIENTED_EDGE('',*,*,#4573,.T.);
#2259=ORIENTED_EDGE('',*,*,#4106,.T.);
#2260=ORIENTED_EDGE('',*,*,#4112,.F.);
#2261=ORIENTED_EDGE('',*,*,#4263,.T.);
#2262=ORIENTED_EDGE('',*,*,#4490,.F.);
#2263=ORIENTED_EDGE('',*,*,#4572,.F.);
#2264=ORIENTED_EDGE('',*,*,#4209,.F.);
#2265=ORIENTED_EDGE('',*,*,#4231,.T.);
#2266=ORIENTED_EDGE('',*,*,#4569,.T.);
#2267=ORIENTED_EDGE('',*,*,#4574,.F.);
#2268=ORIENTED_EDGE('',*,*,#4575,.F.);
#2269=ORIENTED_EDGE('',*,*,#4576,.T.);
#2270=ORIENTED_EDGE('',*,*,#4577,.T.);
#2271=ORIENTED_EDGE('',*,*,#4578,.F.);
#2272=ORIENTED_EDGE('',*,*,#4576,.F.);
#2273=ORIENTED_EDGE('',*,*,#4579,.F.);
#2274=ORIENTED_EDGE('',*,*,#4233,.F.);
#2275=ORIENTED_EDGE('',*,*,#4261,.F.);
#2276=ORIENTED_EDGE('',*,*,#4110,.T.);
#2277=ORIENTED_EDGE('',*,*,#4104,.T.);
#2278=ORIENTED_EDGE('',*,*,#4580,.F.);
#2279=ORIENTED_EDGE('',*,*,#4577,.F.);
#2280=ORIENTED_EDGE('',*,*,#4578,.T.);
#2281=ORIENTED_EDGE('',*,*,#4232,.T.);
#2282=ORIENTED_EDGE('',*,*,#4207,.F.);
#2283=ORIENTED_EDGE('',*,*,#4581,.T.);
#2284=ORIENTED_EDGE('',*,*,#4491,.F.);
#2285=ORIENTED_EDGE('',*,*,#4582,.T.);
#2286=ORIENTED_EDGE('',*,*,#4492,.F.);
#2287=ORIENTED_EDGE('',*,*,#4581,.F.);
#2288=ORIENTED_EDGE('',*,*,#4206,.F.);
#2289=ORIENTED_EDGE('',*,*,#4575,.T.);
#2290=ORIENTED_EDGE('',*,*,#4583,.T.);
#2291=ORIENTED_EDGE('',*,*,#4102,.T.);
#2292=ORIENTED_EDGE('',*,*,#4123,.F.);
#2293=ORIENTED_EDGE('',*,*,#4260,.T.);
#2294=ORIENTED_EDGE('',*,*,#4493,.F.);
#2295=ORIENTED_EDGE('',*,*,#4582,.F.);
#2296=ORIENTED_EDGE('',*,*,#4205,.F.);
#2297=ORIENTED_EDGE('',*,*,#4234,.T.);
#2298=ORIENTED_EDGE('',*,*,#4579,.T.);
#2299=ORIENTED_EDGE('',*,*,#4584,.F.);
#2300=ORIENTED_EDGE('',*,*,#4585,.F.);
#2301=ORIENTED_EDGE('',*,*,#4586,.T.);
#2302=ORIENTED_EDGE('',*,*,#4587,.T.);
#2303=ORIENTED_EDGE('',*,*,#4588,.F.);
#2304=ORIENTED_EDGE('',*,*,#4586,.F.);
#2305=ORIENTED_EDGE('',*,*,#4589,.F.);
#2306=ORIENTED_EDGE('',*,*,#4236,.F.);
#2307=ORIENTED_EDGE('',*,*,#4258,.F.);
#2308=ORIENTED_EDGE('',*,*,#4124,.T.);
#2309=ORIENTED_EDGE('',*,*,#4100,.T.);
#2310=ORIENTED_EDGE('',*,*,#4590,.F.);
#2311=ORIENTED_EDGE('',*,*,#4587,.F.);
#2312=ORIENTED_EDGE('',*,*,#4588,.T.);
#2313=ORIENTED_EDGE('',*,*,#4235,.T.);
#2314=ORIENTED_EDGE('',*,*,#4203,.F.);
#2315=ORIENTED_EDGE('',*,*,#4591,.T.);
#2316=ORIENTED_EDGE('',*,*,#4494,.F.);
#2317=ORIENTED_EDGE('',*,*,#4592,.T.);
#2318=ORIENTED_EDGE('',*,*,#4495,.F.);
#2319=ORIENTED_EDGE('',*,*,#4591,.F.);
#2320=ORIENTED_EDGE('',*,*,#4202,.F.);
#2321=ORIENTED_EDGE('',*,*,#4585,.T.);
#2322=ORIENTED_EDGE('',*,*,#4593,.T.);
#2323=ORIENTED_EDGE('',*,*,#4098,.T.);
#2324=ORIENTED_EDGE('',*,*,#4115,.F.);
#2325=ORIENTED_EDGE('',*,*,#4257,.T.);
#2326=ORIENTED_EDGE('',*,*,#4496,.F.);
#2327=ORIENTED_EDGE('',*,*,#4592,.F.);
#2328=ORIENTED_EDGE('',*,*,#4201,.F.);
#2329=ORIENTED_EDGE('',*,*,#4237,.T.);
#2330=ORIENTED_EDGE('',*,*,#4589,.T.);
#2331=ORIENTED_EDGE('',*,*,#4594,.F.);
#2332=ORIENTED_EDGE('',*,*,#4595,.F.);
#2333=ORIENTED_EDGE('',*,*,#4596,.T.);
#2334=ORIENTED_EDGE('',*,*,#4597,.T.);
#2335=ORIENTED_EDGE('',*,*,#4598,.F.);
#2336=ORIENTED_EDGE('',*,*,#4596,.F.);
#2337=ORIENTED_EDGE('',*,*,#4599,.F.);
#2338=ORIENTED_EDGE('',*,*,#4239,.F.);
#2339=ORIENTED_EDGE('',*,*,#4255,.F.);
#2340=ORIENTED_EDGE('',*,*,#4113,.T.);
#2341=ORIENTED_EDGE('',*,*,#4096,.T.);
#2342=ORIENTED_EDGE('',*,*,#4600,.F.);
#2343=ORIENTED_EDGE('',*,*,#4597,.F.);
#2344=ORIENTED_EDGE('',*,*,#4598,.T.);
#2345=ORIENTED_EDGE('',*,*,#4238,.T.);
#2346=ORIENTED_EDGE('',*,*,#4199,.F.);
#2347=ORIENTED_EDGE('',*,*,#4601,.T.);
#2348=ORIENTED_EDGE('',*,*,#4497,.F.);
#2349=ORIENTED_EDGE('',*,*,#4602,.T.);
#2350=ORIENTED_EDGE('',*,*,#4498,.F.);
#2351=ORIENTED_EDGE('',*,*,#4601,.F.);
#2352=ORIENTED_EDGE('',*,*,#4198,.F.);
#2353=ORIENTED_EDGE('',*,*,#4595,.T.);
#2354=ORIENTED_EDGE('',*,*,#4603,.T.);
#2355=ORIENTED_EDGE('',*,*,#4094,.T.);
#2356=ORIENTED_EDGE('',*,*,#4126,.F.);
#2357=ORIENTED_EDGE('',*,*,#4254,.T.);
#2358=ORIENTED_EDGE('',*,*,#4499,.F.);
#2359=ORIENTED_EDGE('',*,*,#4602,.F.);
#2360=ORIENTED_EDGE('',*,*,#4197,.F.);
#2361=ORIENTED_EDGE('',*,*,#4240,.T.);
#2362=ORIENTED_EDGE('',*,*,#4599,.T.);
#2363=ORIENTED_EDGE('',*,*,#4604,.F.);
#2364=ORIENTED_EDGE('',*,*,#4605,.F.);
#2365=ORIENTED_EDGE('',*,*,#4606,.T.);
#2366=ORIENTED_EDGE('',*,*,#4607,.T.);
#2367=ORIENTED_EDGE('',*,*,#4608,.F.);
#2368=ORIENTED_EDGE('',*,*,#4606,.F.);
#2369=ORIENTED_EDGE('',*,*,#4609,.F.);
#2370=ORIENTED_EDGE('',*,*,#4242,.F.);
#2371=ORIENTED_EDGE('',*,*,#4252,.F.);
#2372=ORIENTED_EDGE('',*,*,#4127,.T.);
#2373=ORIENTED_EDGE('',*,*,#4092,.T.);
#2374=ORIENTED_EDGE('',*,*,#4610,.F.);
#2375=ORIENTED_EDGE('',*,*,#4607,.F.);
#2376=ORIENTED_EDGE('',*,*,#4608,.T.);
#2377=ORIENTED_EDGE('',*,*,#4241,.T.);
#2378=ORIENTED_EDGE('',*,*,#4195,.F.);
#2379=ORIENTED_EDGE('',*,*,#4611,.T.);
#2380=ORIENTED_EDGE('',*,*,#4500,.F.);
#2381=ORIENTED_EDGE('',*,*,#4612,.T.);
#2382=ORIENTED_EDGE('',*,*,#4501,.F.);
#2383=ORIENTED_EDGE('',*,*,#4611,.F.);
#2384=ORIENTED_EDGE('',*,*,#4194,.F.);
#2385=ORIENTED_EDGE('',*,*,#4605,.T.);
#2386=ORIENTED_EDGE('',*,*,#4613,.T.);
#2387=ORIENTED_EDGE('',*,*,#4090,.T.);
#2388=ORIENTED_EDGE('',*,*,#4118,.F.);
#2389=ORIENTED_EDGE('',*,*,#4251,.T.);
#2390=ORIENTED_EDGE('',*,*,#4502,.F.);
#2391=ORIENTED_EDGE('',*,*,#4612,.F.);
#2392=ORIENTED_EDGE('',*,*,#4193,.F.);
#2393=ORIENTED_EDGE('',*,*,#4243,.T.);
#2394=ORIENTED_EDGE('',*,*,#4609,.T.);
#2395=ORIENTED_EDGE('',*,*,#4614,.F.);
#2396=ORIENTED_EDGE('',*,*,#4615,.F.);
#2397=ORIENTED_EDGE('',*,*,#4616,.T.);
#2398=ORIENTED_EDGE('',*,*,#4617,.T.);
#2399=ORIENTED_EDGE('',*,*,#4618,.F.);
#2400=ORIENTED_EDGE('',*,*,#4616,.F.);
#2401=ORIENTED_EDGE('',*,*,#4619,.F.);
#2402=ORIENTED_EDGE('',*,*,#4245,.F.);
#2403=ORIENTED_EDGE('',*,*,#4249,.F.);
#2404=ORIENTED_EDGE('',*,*,#4116,.T.);
#2405=ORIENTED_EDGE('',*,*,#4088,.T.);
#2406=ORIENTED_EDGE('',*,*,#4620,.F.);
#2407=ORIENTED_EDGE('',*,*,#4617,.F.);
#2408=ORIENTED_EDGE('',*,*,#4618,.T.);
#2409=ORIENTED_EDGE('',*,*,#4244,.T.);
#2410=ORIENTED_EDGE('',*,*,#4191,.F.);
#2411=ORIENTED_EDGE('',*,*,#4621,.T.);
#2412=ORIENTED_EDGE('',*,*,#4503,.F.);
#2413=ORIENTED_EDGE('',*,*,#4622,.T.);
#2414=ORIENTED_EDGE('',*,*,#4504,.F.);
#2415=ORIENTED_EDGE('',*,*,#4621,.F.);
#2416=ORIENTED_EDGE('',*,*,#4190,.F.);
#2417=ORIENTED_EDGE('',*,*,#4615,.T.);
#2418=ORIENTED_EDGE('',*,*,#4623,.T.);
#2419=ORIENTED_EDGE('',*,*,#4086,.T.);
#2420=ORIENTED_EDGE('',*,*,#4129,.F.);
#2421=ORIENTED_EDGE('',*,*,#4185,.T.);
#2422=ORIENTED_EDGE('',*,*,#4505,.F.);
#2423=ORIENTED_EDGE('',*,*,#4622,.F.);
#2424=ORIENTED_EDGE('',*,*,#4189,.F.);
#2425=ORIENTED_EDGE('',*,*,#4246,.T.);
#2426=ORIENTED_EDGE('',*,*,#4619,.T.);
#2427=ORIENTED_EDGE('',*,*,#4624,.F.);
#2428=ORIENTED_EDGE('',*,*,#4166,.F.);
#2429=ORIENTED_EDGE('',*,*,#4625,.T.);
#2430=ORIENTED_EDGE('',*,*,#4626,.T.);
#2431=ORIENTED_EDGE('',*,*,#4627,.F.);
#2432=ORIENTED_EDGE('',*,*,#4625,.F.);
#2433=ORIENTED_EDGE('',*,*,#4173,.F.);
#2434=ORIENTED_EDGE('',*,*,#4248,.F.);
#2435=ORIENTED_EDGE('',*,*,#4183,.F.);
#2436=ORIENTED_EDGE('',*,*,#4130,.T.);
#2437=ORIENTED_EDGE('',*,*,#4084,.T.);
#2438=ORIENTED_EDGE('',*,*,#4628,.F.);
#2439=ORIENTED_EDGE('',*,*,#4626,.F.);
#2440=ORIENTED_EDGE('',*,*,#4627,.T.);
#2441=ORIENTED_EDGE('',*,*,#4247,.T.);
#2442=ORIENTED_EDGE('',*,*,#4187,.F.);
#2443=ORIENTED_EDGE('',*,*,#4484,.T.);
#2444=ORIENTED_EDGE('',*,*,#4485,.F.);
#2445=ORIENTED_EDGE('',*,*,#4162,.F.);
#2446=ORIENTED_EDGE('',*,*,#4629,.T.);
#2447=ORIENTED_EDGE('',*,*,#4630,.T.);
#2448=ORIENTED_EDGE('',*,*,#4350,.F.);
#2449=ORIENTED_EDGE('',*,*,#4137,.F.);
#2450=ORIENTED_EDGE('',*,*,#4631,.T.);
#2451=ORIENTED_EDGE('',*,*,#4632,.T.);
#2452=ORIENTED_EDGE('',*,*,#4633,.T.);
#2453=ORIENTED_EDGE('',*,*,#4139,.F.);
#2454=ORIENTED_EDGE('',*,*,#4182,.F.);
#2455=ORIENTED_EDGE('',*,*,#4158,.F.);
#2456=ORIENTED_EDGE('',*,*,#4470,.F.);
#2457=ORIENTED_EDGE('',*,*,#4511,.T.);
#2458=ORIENTED_EDGE('',*,*,#4514,.F.);
#2459=ORIENTED_EDGE('',*,*,#4521,.T.);
#2460=ORIENTED_EDGE('',*,*,#4154,.F.);
#2461=ORIENTED_EDGE('',*,*,#4520,.T.);
#2462=ORIENTED_EDGE('',*,*,#4280,.T.);
#2463=ORIENTED_EDGE('',*,*,#4510,.F.);
#2464=ORIENTED_EDGE('',*,*,#4301,.T.);
#2465=ORIENTED_EDGE('',*,*,#4048,.F.);
#2466=ORIENTED_EDGE('',*,*,#4634,.F.);
#2467=ORIENTED_EDGE('',*,*,#4352,.F.);
#2468=ORIENTED_EDGE('',*,*,#3990,.F.);
#2469=ORIENTED_EDGE('',*,*,#4078,.F.);
#2470=ORIENTED_EDGE('',*,*,#4635,.F.);
#2471=ORIENTED_EDGE('',*,*,#4636,.F.);
#2472=ORIENTED_EDGE('',*,*,#4637,.T.);
#2473=ORIENTED_EDGE('',*,*,#4074,.F.);
#2474=ORIENTED_EDGE('',*,*,#4353,.F.);
#2475=ORIENTED_EDGE('',*,*,#4634,.T.);
#2476=ORIENTED_EDGE('',*,*,#4047,.T.);
#2477=ORIENTED_EDGE('',*,*,#4558,.F.);
#2478=ORIENTED_EDGE('',*,*,#4145,.F.);
#2479=ORIENTED_EDGE('',*,*,#4133,.F.);
#2480=ORIENTED_EDGE('',*,*,#4064,.F.);
#2481=ORIENTED_EDGE('',*,*,#4638,.F.);
#2482=ORIENTED_EDGE('',*,*,#4639,.T.);
#2483=ORIENTED_EDGE('',*,*,#4640,.F.);
#2484=ORIENTED_EDGE('',*,*,#4559,.T.);
#2485=ORIENTED_EDGE('',*,*,#4639,.F.);
#2486=ORIENTED_EDGE('',*,*,#4641,.F.);
#2487=ORIENTED_EDGE('',*,*,#4080,.F.);
#2488=ORIENTED_EDGE('',*,*,#4560,.F.);
#2489=ORIENTED_EDGE('',*,*,#4640,.T.);
#2490=ORIENTED_EDGE('',*,*,#4642,.T.);
#2491=ORIENTED_EDGE('',*,*,#4062,.F.);
#2492=ORIENTED_EDGE('',*,*,#4131,.F.);
#2493=ORIENTED_EDGE('',*,*,#4638,.T.);
#2494=ORIENTED_EDGE('',*,*,#4063,.F.);
#2495=ORIENTED_EDGE('',*,*,#4642,.F.);
#2496=ORIENTED_EDGE('',*,*,#4641,.T.);
#2497=ORIENTED_EDGE('',*,*,#4530,.F.);
#2498=ORIENTED_EDGE('',*,*,#4643,.T.);
#2499=ORIENTED_EDGE('',*,*,#4644,.T.);
#2500=ORIENTED_EDGE('',*,*,#4631,.F.);
#2501=ORIENTED_EDGE('',*,*,#4136,.F.);
#2502=ORIENTED_EDGE('',*,*,#4143,.F.);
#2503=ORIENTED_EDGE('',*,*,#4643,.F.);
#2504=ORIENTED_EDGE('',*,*,#4529,.T.);
#2505=ORIENTED_EDGE('',*,*,#4645,.F.);
#2506=ORIENTED_EDGE('',*,*,#4646,.F.);
#2507=ORIENTED_EDGE('',*,*,#4647,.T.);
#2508=ORIENTED_EDGE('',*,*,#4632,.F.);
#2509=ORIENTED_EDGE('',*,*,#4644,.F.);
#2510=ORIENTED_EDGE('',*,*,#4646,.T.);
#2511=ORIENTED_EDGE('',*,*,#4071,.F.);
#2512=ORIENTED_EDGE('',*,*,#4140,.F.);
#2513=ORIENTED_EDGE('',*,*,#4633,.F.);
#2514=ORIENTED_EDGE('',*,*,#4647,.F.);
#2515=ORIENTED_EDGE('',*,*,#4645,.T.);
#2516=ORIENTED_EDGE('',*,*,#4531,.T.);
#2517=ORIENTED_EDGE('',*,*,#4648,.T.);
#2518=ORIENTED_EDGE('',*,*,#4636,.T.);
#2519=ORIENTED_EDGE('',*,*,#4649,.T.);
#2520=ORIENTED_EDGE('',*,*,#4650,.T.);
#2521=ORIENTED_EDGE('',*,*,#4077,.T.);
#2522=ORIENTED_EDGE('',*,*,#4651,.F.);
#2523=ORIENTED_EDGE('',*,*,#4649,.F.);
#2524=ORIENTED_EDGE('',*,*,#4635,.T.);
#2525=ORIENTED_EDGE('',*,*,#4076,.T.);
#2526=ORIENTED_EDGE('',*,*,#4652,.F.);
#2527=ORIENTED_EDGE('',*,*,#4650,.F.);
#2528=ORIENTED_EDGE('',*,*,#4651,.T.);
#2529=ORIENTED_EDGE('',*,*,#4075,.T.);
#2530=ORIENTED_EDGE('',*,*,#4637,.F.);
#2531=ORIENTED_EDGE('',*,*,#4648,.F.);
#2532=ORIENTED_EDGE('',*,*,#4652,.T.);
#2533=ORIENTED_EDGE('',*,*,#4624,.T.);
#2534=ORIENTED_EDGE('',*,*,#4628,.T.);
#2535=ORIENTED_EDGE('',*,*,#4083,.T.);
#2536=ORIENTED_EDGE('',*,*,#4167,.F.);
#2537=ORIENTED_EDGE('',*,*,#4604,.T.);
#2538=ORIENTED_EDGE('',*,*,#4610,.T.);
#2539=ORIENTED_EDGE('',*,*,#4091,.T.);
#2540=ORIENTED_EDGE('',*,*,#4613,.F.);
#2541=ORIENTED_EDGE('',*,*,#4584,.T.);
#2542=ORIENTED_EDGE('',*,*,#4590,.T.);
#2543=ORIENTED_EDGE('',*,*,#4099,.T.);
#2544=ORIENTED_EDGE('',*,*,#4593,.F.);
#2545=ORIENTED_EDGE('',*,*,#4564,.T.);
#2546=ORIENTED_EDGE('',*,*,#4570,.T.);
#2547=ORIENTED_EDGE('',*,*,#4107,.T.);
#2548=ORIENTED_EDGE('',*,*,#4573,.F.);
#2549=ORIENTED_EDGE('',*,*,#4614,.T.);
#2550=ORIENTED_EDGE('',*,*,#4620,.T.);
#2551=ORIENTED_EDGE('',*,*,#4087,.T.);
#2552=ORIENTED_EDGE('',*,*,#4623,.F.);
#2553=ORIENTED_EDGE('',*,*,#4594,.T.);
#2554=ORIENTED_EDGE('',*,*,#4600,.T.);
#2555=ORIENTED_EDGE('',*,*,#4095,.T.);
#2556=ORIENTED_EDGE('',*,*,#4603,.F.);
#2557=ORIENTED_EDGE('',*,*,#4574,.T.);
#2558=ORIENTED_EDGE('',*,*,#4580,.T.);
#2559=ORIENTED_EDGE('',*,*,#4103,.T.);
#2560=ORIENTED_EDGE('',*,*,#4583,.F.);
#2561=ORIENTED_EDGE('',*,*,#4522,.T.);
#2562=ORIENTED_EDGE('',*,*,#4174,.T.);
#2563=ORIENTED_EDGE('',*,*,#4068,.T.);
#2564=ORIENTED_EDGE('',*,*,#4526,.F.);
#2565=ORIENTED_EDGE('',*,*,#4161,.T.);
#2566=ORIENTED_EDGE('',*,*,#4023,.T.);
#2567=ORIENTED_EDGE('',*,*,#4653,.F.);
#2568=ORIENTED_EDGE('',*,*,#4629,.F.);
#2569=ORIENTED_EDGE('',*,*,#4653,.T.);
#2570=ORIENTED_EDGE('',*,*,#4040,.T.);
#2571=ORIENTED_EDGE('',*,*,#4351,.F.);
#2572=ORIENTED_EDGE('',*,*,#4630,.F.);
#2573=ORIENTED_EDGE('',*,*,#4049,.T.);
#2574=ORIENTED_EDGE('',*,*,#4654,.T.);
#2575=ORIENTED_EDGE('',*,*,#4036,.F.);
#2576=ORIENTED_EDGE('',*,*,#4018,.F.);
#2577=ORIENTED_EDGE('',*,*,#4066,.T.);
#2578=ORIENTED_EDGE('',*,*,#4041,.T.);
#2579=ORIENTED_EDGE('',*,*,#4037,.F.);
#2580=ORIENTED_EDGE('',*,*,#4654,.F.);
#2581=ORIENTED_EDGE('',*,*,#4655,.F.);
#2582=ORIENTED_EDGE('',*,*,#4004,.F.);
#2583=ORIENTED_EDGE('',*,*,#4656,.F.);
#2584=ORIENTED_EDGE('',*,*,#4379,.F.);
#2585=ORIENTED_EDGE('',*,*,#4656,.T.);
#2586=ORIENTED_EDGE('',*,*,#4003,.F.);
#2587=ORIENTED_EDGE('',*,*,#4657,.F.);
#2588=ORIENTED_EDGE('',*,*,#4382,.F.);
#2589=ORIENTED_EDGE('',*,*,#4655,.T.);
#2590=ORIENTED_EDGE('',*,*,#4369,.F.);
#2591=ORIENTED_EDGE('',*,*,#4658,.F.);
#2592=ORIENTED_EDGE('',*,*,#4005,.F.);
#2593=ORIENTED_EDGE('',*,*,#4657,.T.);
#2594=ORIENTED_EDGE('',*,*,#4002,.F.);
#2595=ORIENTED_EDGE('',*,*,#4659,.F.);
#2596=ORIENTED_EDGE('',*,*,#4385,.F.);
#2597=ORIENTED_EDGE('',*,*,#4658,.T.);
#2598=ORIENTED_EDGE('',*,*,#4366,.F.);
#2599=ORIENTED_EDGE('',*,*,#4660,.F.);
#2600=ORIENTED_EDGE('',*,*,#4006,.F.);
#2601=ORIENTED_EDGE('',*,*,#4659,.T.);
#2602=ORIENTED_EDGE('',*,*,#4001,.F.);
#2603=ORIENTED_EDGE('',*,*,#4661,.F.);
#2604=ORIENTED_EDGE('',*,*,#4388,.F.);
#2605=ORIENTED_EDGE('',*,*,#4660,.T.);
#2606=ORIENTED_EDGE('',*,*,#4359,.F.);
#2607=ORIENTED_EDGE('',*,*,#4662,.F.);
#2608=ORIENTED_EDGE('',*,*,#4007,.F.);
#2609=ORIENTED_EDGE('',*,*,#4661,.T.);
#2610=ORIENTED_EDGE('',*,*,#4000,.F.);
#2611=ORIENTED_EDGE('',*,*,#4663,.F.);
#2612=ORIENTED_EDGE('',*,*,#4391,.F.);
#2613=ORIENTED_EDGE('',*,*,#4662,.T.);
#2614=ORIENTED_EDGE('',*,*,#4456,.F.);
#2615=ORIENTED_EDGE('',*,*,#4664,.F.);
#2616=ORIENTED_EDGE('',*,*,#4008,.F.);
#2617=ORIENTED_EDGE('',*,*,#4663,.T.);
#2618=ORIENTED_EDGE('',*,*,#3999,.F.);
#2619=ORIENTED_EDGE('',*,*,#4665,.F.);
#2620=ORIENTED_EDGE('',*,*,#4394,.F.);
#2621=ORIENTED_EDGE('',*,*,#4664,.T.);
#2622=ORIENTED_EDGE('',*,*,#4454,.F.);
#2623=ORIENTED_EDGE('',*,*,#4666,.F.);
#2624=ORIENTED_EDGE('',*,*,#4009,.F.);
#2625=ORIENTED_EDGE('',*,*,#4665,.T.);
#2626=ORIENTED_EDGE('',*,*,#3998,.F.);
#2627=ORIENTED_EDGE('',*,*,#4667,.F.);
#2628=ORIENTED_EDGE('',*,*,#4356,.F.);
#2629=ORIENTED_EDGE('',*,*,#4666,.T.);
#2630=ORIENTED_EDGE('',*,*,#4452,.F.);
#2631=ORIENTED_EDGE('',*,*,#4668,.F.);
#2632=ORIENTED_EDGE('',*,*,#4010,.F.);
#2633=ORIENTED_EDGE('',*,*,#4667,.T.);
#2634=ORIENTED_EDGE('',*,*,#3997,.F.);
#2635=ORIENTED_EDGE('',*,*,#4669,.F.);
#2636=ORIENTED_EDGE('',*,*,#4343,.F.);
#2637=ORIENTED_EDGE('',*,*,#4668,.T.);
#2638=ORIENTED_EDGE('',*,*,#4363,.F.);
#2639=ORIENTED_EDGE('',*,*,#4670,.F.);
#2640=ORIENTED_EDGE('',*,*,#4011,.F.);
#2641=ORIENTED_EDGE('',*,*,#4669,.T.);
#2642=ORIENTED_EDGE('',*,*,#3996,.F.);
#2643=ORIENTED_EDGE('',*,*,#4671,.F.);
#2644=ORIENTED_EDGE('',*,*,#4460,.F.);
#2645=ORIENTED_EDGE('',*,*,#4670,.T.);
#2646=ORIENTED_EDGE('',*,*,#4225,.F.);
#2647=ORIENTED_EDGE('',*,*,#4672,.F.);
#2648=ORIENTED_EDGE('',*,*,#4012,.F.);
#2649=ORIENTED_EDGE('',*,*,#4671,.T.);
#2650=ORIENTED_EDGE('',*,*,#3995,.F.);
#2651=ORIENTED_EDGE('',*,*,#4673,.F.);
#2652=ORIENTED_EDGE('',*,*,#4462,.F.);
#2653=ORIENTED_EDGE('',*,*,#4672,.T.);
#2654=ORIENTED_EDGE('',*,*,#4347,.F.);
#2655=ORIENTED_EDGE('',*,*,#4674,.F.);
#2656=ORIENTED_EDGE('',*,*,#3993,.F.);
#2657=ORIENTED_EDGE('',*,*,#4673,.T.);
#2658=ORIENTED_EDGE('',*,*,#3994,.F.);
#2659=ORIENTED_EDGE('',*,*,#4674,.T.);
#2660=ORIENTED_EDGE('',*,*,#4464,.F.);
#2661=ORIENTED_EDGE('',*,*,#4675,.T.);
#2662=ORIENTED_EDGE('',*,*,#4676,.F.);
#2663=ORIENTED_EDGE('',*,*,#4677,.F.);
#2664=ORIENTED_EDGE('',*,*,#4016,.T.);
#2665=ORIENTED_EDGE('',*,*,#4678,.T.);
#2666=ORIENTED_EDGE('',*,*,#4679,.T.);
#2667=ORIENTED_EDGE('',*,*,#4680,.T.);
#2668=ORIENTED_EDGE('',*,*,#4681,.T.);
#2669=ORIENTED_EDGE('',*,*,#4682,.T.);
#2670=ORIENTED_EDGE('',*,*,#4683,.T.);
#2671=ORIENTED_EDGE('',*,*,#4684,.T.);
#2672=ORIENTED_EDGE('',*,*,#4685,.T.);
#2673=ORIENTED_EDGE('',*,*,#4686,.T.);
#2674=ORIENTED_EDGE('',*,*,#4687,.F.);
#2675=ORIENTED_EDGE('',*,*,#4688,.F.);
#2676=ORIENTED_EDGE('',*,*,#4676,.T.);
#2677=ORIENTED_EDGE('',*,*,#4689,.T.);
#2678=ORIENTED_EDGE('',*,*,#4014,.F.);
#2679=ORIENTED_EDGE('',*,*,#4690,.F.);
#2680=ORIENTED_EDGE('',*,*,#4687,.T.);
#2681=ORIENTED_EDGE('',*,*,#4013,.T.);
#2682=ORIENTED_EDGE('',*,*,#4677,.T.);
#2683=ORIENTED_EDGE('',*,*,#4688,.T.);
#2684=ORIENTED_EDGE('',*,*,#4690,.T.);
#2685=ORIENTED_EDGE('',*,*,#4015,.F.);
#2686=ORIENTED_EDGE('',*,*,#4689,.F.);
#2687=ORIENTED_EDGE('',*,*,#4686,.F.);
#2688=ORIENTED_EDGE('',*,*,#4675,.F.);
#2689=ORIENTED_EDGE('',*,*,#4691,.F.);
#2690=ORIENTED_EDGE('',*,*,#4683,.F.);
#2691=ORIENTED_EDGE('',*,*,#4692,.T.);
#2692=ORIENTED_EDGE('',*,*,#4434,.F.);
#2693=ORIENTED_EDGE('',*,*,#4693,.F.);
#2694=ORIENTED_EDGE('',*,*,#4684,.F.);
#2695=ORIENTED_EDGE('',*,*,#4691,.T.);
#2696=ORIENTED_EDGE('',*,*,#4433,.F.);
#2697=ORIENTED_EDGE('',*,*,#4694,.F.);
#2698=ORIENTED_EDGE('',*,*,#4685,.F.);
#2699=ORIENTED_EDGE('',*,*,#4693,.T.);
#2700=ORIENTED_EDGE('',*,*,#4436,.F.);
#2701=ORIENTED_EDGE('',*,*,#4692,.F.);
#2702=ORIENTED_EDGE('',*,*,#4682,.F.);
#2703=ORIENTED_EDGE('',*,*,#4694,.T.);
#2704=ORIENTED_EDGE('',*,*,#4435,.F.);
#2705=ORIENTED_EDGE('',*,*,#4695,.F.);
#2706=ORIENTED_EDGE('',*,*,#4679,.F.);
#2707=ORIENTED_EDGE('',*,*,#4696,.T.);
#2708=ORIENTED_EDGE('',*,*,#4430,.F.);
#2709=ORIENTED_EDGE('',*,*,#4697,.F.);
#2710=ORIENTED_EDGE('',*,*,#4680,.F.);
#2711=ORIENTED_EDGE('',*,*,#4695,.T.);
#2712=ORIENTED_EDGE('',*,*,#4429,.F.);
#2713=ORIENTED_EDGE('',*,*,#4698,.F.);
#2714=ORIENTED_EDGE('',*,*,#4681,.F.);
#2715=ORIENTED_EDGE('',*,*,#4697,.T.);
#2716=ORIENTED_EDGE('',*,*,#4432,.F.);
#2717=ORIENTED_EDGE('',*,*,#4696,.F.);
#2718=ORIENTED_EDGE('',*,*,#4678,.F.);
#2719=ORIENTED_EDGE('',*,*,#4698,.T.);
#2720=ORIENTED_EDGE('',*,*,#4431,.F.);
#2721=ORIENTED_EDGE('',*,*,#4699,.F.);
#2722=ORIENTED_EDGE('',*,*,#4700,.F.);
#2723=ORIENTED_EDGE('',*,*,#4701,.T.);
#2724=ORIENTED_EDGE('',*,*,#4702,.T.);
#2725=ORIENTED_EDGE('',*,*,#4703,.T.);
#2726=ORIENTED_EDGE('',*,*,#4704,.T.);
#2727=ORIENTED_EDGE('',*,*,#4705,.F.);
#2728=ORIENTED_EDGE('',*,*,#4706,.F.);
#2729=ORIENTED_EDGE('',*,*,#4707,.F.);
#2730=ORIENTED_EDGE('',*,*,#4708,.F.);
#2731=ORIENTED_EDGE('',*,*,#4709,.F.);
#2732=ORIENTED_EDGE('',*,*,#4710,.F.);
#2733=ORIENTED_EDGE('',*,*,#4711,.F.);
#2734=ORIENTED_EDGE('',*,*,#4712,.T.);
#2735=ORIENTED_EDGE('',*,*,#4713,.T.);
#2736=ORIENTED_EDGE('',*,*,#4714,.T.);
#2737=ORIENTED_EDGE('',*,*,#4715,.T.);
#2738=ORIENTED_EDGE('',*,*,#4716,.T.);
#2739=ORIENTED_EDGE('',*,*,#4700,.T.);
#2740=ORIENTED_EDGE('',*,*,#4717,.T.);
#2741=ORIENTED_EDGE('',*,*,#4703,.F.);
#2742=ORIENTED_EDGE('',*,*,#4718,.F.);
#2743=ORIENTED_EDGE('',*,*,#4719,.T.);
#2744=ORIENTED_EDGE('',*,*,#4720,.T.);
#2745=ORIENTED_EDGE('',*,*,#4721,.F.);
#2746=ORIENTED_EDGE('',*,*,#4719,.F.);
#2747=ORIENTED_EDGE('',*,*,#4722,.F.);
#2748=ORIENTED_EDGE('',*,*,#4723,.F.);
#2749=ORIENTED_EDGE('',*,*,#4724,.F.);
#2750=ORIENTED_EDGE('',*,*,#4725,.F.);
#2751=ORIENTED_EDGE('',*,*,#4726,.F.);
#2752=ORIENTED_EDGE('',*,*,#4727,.T.);
#2753=ORIENTED_EDGE('',*,*,#4728,.T.);
#2754=ORIENTED_EDGE('',*,*,#4729,.T.);
#2755=ORIENTED_EDGE('',*,*,#4730,.T.);
#2756=ORIENTED_EDGE('',*,*,#4731,.T.);
#2757=ORIENTED_EDGE('',*,*,#4732,.T.);
#2758=ORIENTED_EDGE('',*,*,#4733,.T.);
#2759=ORIENTED_EDGE('',*,*,#4727,.F.);
#2760=ORIENTED_EDGE('',*,*,#4734,.T.);
#2761=ORIENTED_EDGE('',*,*,#4711,.T.);
#2762=ORIENTED_EDGE('',*,*,#4735,.F.);
#2763=ORIENTED_EDGE('',*,*,#4710,.T.);
#2764=ORIENTED_EDGE('',*,*,#4736,.F.);
#2765=ORIENTED_EDGE('',*,*,#4728,.F.);
#2766=ORIENTED_EDGE('',*,*,#4735,.T.);
#2767=ORIENTED_EDGE('',*,*,#4709,.T.);
#2768=ORIENTED_EDGE('',*,*,#4737,.F.);
#2769=ORIENTED_EDGE('',*,*,#4729,.F.);
#2770=ORIENTED_EDGE('',*,*,#4736,.T.);
#2771=ORIENTED_EDGE('',*,*,#4708,.T.);
#2772=ORIENTED_EDGE('',*,*,#4738,.F.);
#2773=ORIENTED_EDGE('',*,*,#4730,.F.);
#2774=ORIENTED_EDGE('',*,*,#4737,.T.);
#2775=ORIENTED_EDGE('',*,*,#4707,.T.);
#2776=ORIENTED_EDGE('',*,*,#4739,.F.);
#2777=ORIENTED_EDGE('',*,*,#4731,.F.);
#2778=ORIENTED_EDGE('',*,*,#4738,.T.);
#2779=ORIENTED_EDGE('',*,*,#4706,.T.);
#2780=ORIENTED_EDGE('',*,*,#4740,.F.);
#2781=ORIENTED_EDGE('',*,*,#4732,.F.);
#2782=ORIENTED_EDGE('',*,*,#4739,.T.);
#2783=ORIENTED_EDGE('',*,*,#4705,.T.);
#2784=ORIENTED_EDGE('',*,*,#4741,.T.);
#2785=ORIENTED_EDGE('',*,*,#4702,.F.);
#2786=ORIENTED_EDGE('',*,*,#4742,.T.);
#2787=ORIENTED_EDGE('',*,*,#4733,.F.);
#2788=ORIENTED_EDGE('',*,*,#4740,.T.);
#2789=ORIENTED_EDGE('',*,*,#4712,.F.);
#2790=ORIENTED_EDGE('',*,*,#4734,.F.);
#2791=ORIENTED_EDGE('',*,*,#4726,.T.);
#2792=ORIENTED_EDGE('',*,*,#4743,.T.);
#2793=ORIENTED_EDGE('',*,*,#4713,.F.);
#2794=ORIENTED_EDGE('',*,*,#4743,.F.);
#2795=ORIENTED_EDGE('',*,*,#4725,.T.);
#2796=ORIENTED_EDGE('',*,*,#4744,.T.);
#2797=ORIENTED_EDGE('',*,*,#4714,.F.);
#2798=ORIENTED_EDGE('',*,*,#4744,.F.);
#2799=ORIENTED_EDGE('',*,*,#4724,.T.);
#2800=ORIENTED_EDGE('',*,*,#4745,.T.);
#2801=ORIENTED_EDGE('',*,*,#4715,.F.);
#2802=ORIENTED_EDGE('',*,*,#4745,.F.);
#2803=ORIENTED_EDGE('',*,*,#4723,.T.);
#2804=ORIENTED_EDGE('',*,*,#4746,.T.);
#2805=ORIENTED_EDGE('',*,*,#4716,.F.);
#2806=ORIENTED_EDGE('',*,*,#4746,.F.);
#2807=ORIENTED_EDGE('',*,*,#4722,.T.);
#2808=ORIENTED_EDGE('',*,*,#4718,.T.);
#2809=ORIENTED_EDGE('',*,*,#4721,.T.);
#2810=ORIENTED_EDGE('',*,*,#4742,.F.);
#2811=ORIENTED_EDGE('',*,*,#4701,.F.);
#2812=ORIENTED_EDGE('',*,*,#4720,.F.);
#2813=ORIENTED_EDGE('',*,*,#4699,.T.);
#2814=ORIENTED_EDGE('',*,*,#4741,.F.);
#2815=ORIENTED_EDGE('',*,*,#4704,.F.);
#2816=ORIENTED_EDGE('',*,*,#4717,.F.);
#2817=ORIENTED_EDGE('',*,*,#4747,.F.);
#2818=ORIENTED_EDGE('',*,*,#4748,.T.);
#2819=ORIENTED_EDGE('',*,*,#4749,.T.);
#2820=ORIENTED_EDGE('',*,*,#4750,.F.);
#2821=ORIENTED_EDGE('',*,*,#4751,.T.);
#2822=ORIENTED_EDGE('',*,*,#4752,.T.);
#2823=ORIENTED_EDGE('',*,*,#4750,.T.);
#2824=ORIENTED_EDGE('',*,*,#4753,.T.);
#2825=ORIENTED_EDGE('',*,*,#4754,.F.);
#2826=ORIENTED_EDGE('',*,*,#4755,.F.);
#2827=ORIENTED_EDGE('',*,*,#4756,.T.);
#2828=ORIENTED_EDGE('',*,*,#4757,.T.);
#2829=ORIENTED_EDGE('',*,*,#4751,.F.);
#2830=ORIENTED_EDGE('',*,*,#4758,.F.);
#2831=ORIENTED_EDGE('',*,*,#4759,.F.);
#2832=ORIENTED_EDGE('',*,*,#4760,.F.);
#2833=ORIENTED_EDGE('',*,*,#4761,.F.);
#2834=ORIENTED_EDGE('',*,*,#4762,.F.);
#2835=ORIENTED_EDGE('',*,*,#4763,.F.);
#2836=ORIENTED_EDGE('',*,*,#4764,.T.);
#2837=ORIENTED_EDGE('',*,*,#4765,.T.);
#2838=ORIENTED_EDGE('',*,*,#4766,.T.);
#2839=ORIENTED_EDGE('',*,*,#4767,.T.);
#2840=ORIENTED_EDGE('',*,*,#4768,.T.);
#2841=ORIENTED_EDGE('',*,*,#4769,.F.);
#2842=ORIENTED_EDGE('',*,*,#4756,.F.);
#2843=ORIENTED_EDGE('',*,*,#4770,.T.);
#2844=ORIENTED_EDGE('',*,*,#4771,.T.);
#2845=ORIENTED_EDGE('',*,*,#4772,.F.);
#2846=ORIENTED_EDGE('',*,*,#4748,.F.);
#2847=ORIENTED_EDGE('',*,*,#4773,.F.);
#2848=ORIENTED_EDGE('',*,*,#4771,.F.);
#2849=ORIENTED_EDGE('',*,*,#4774,.F.);
#2850=ORIENTED_EDGE('',*,*,#4775,.F.);
#2851=ORIENTED_EDGE('',*,*,#4776,.F.);
#2852=ORIENTED_EDGE('',*,*,#4777,.F.);
#2853=ORIENTED_EDGE('',*,*,#4778,.F.);
#2854=ORIENTED_EDGE('',*,*,#4779,.T.);
#2855=ORIENTED_EDGE('',*,*,#4780,.T.);
#2856=ORIENTED_EDGE('',*,*,#4781,.T.);
#2857=ORIENTED_EDGE('',*,*,#4782,.T.);
#2858=ORIENTED_EDGE('',*,*,#4783,.T.);
#2859=ORIENTED_EDGE('',*,*,#4784,.T.);
#2860=ORIENTED_EDGE('',*,*,#4754,.T.);
#2861=ORIENTED_EDGE('',*,*,#4785,.F.);
#2862=ORIENTED_EDGE('',*,*,#4763,.T.);
#2863=ORIENTED_EDGE('',*,*,#4786,.T.);
#2864=ORIENTED_EDGE('',*,*,#4779,.F.);
#2865=ORIENTED_EDGE('',*,*,#4780,.F.);
#2866=ORIENTED_EDGE('',*,*,#4786,.F.);
#2867=ORIENTED_EDGE('',*,*,#4762,.T.);
#2868=ORIENTED_EDGE('',*,*,#4787,.T.);
#2869=ORIENTED_EDGE('',*,*,#4781,.F.);
#2870=ORIENTED_EDGE('',*,*,#4787,.F.);
#2871=ORIENTED_EDGE('',*,*,#4761,.T.);
#2872=ORIENTED_EDGE('',*,*,#4788,.T.);
#2873=ORIENTED_EDGE('',*,*,#4782,.F.);
#2874=ORIENTED_EDGE('',*,*,#4788,.F.);
#2875=ORIENTED_EDGE('',*,*,#4760,.T.);
#2876=ORIENTED_EDGE('',*,*,#4789,.T.);
#2877=ORIENTED_EDGE('',*,*,#4783,.F.);
#2878=ORIENTED_EDGE('',*,*,#4789,.F.);
#2879=ORIENTED_EDGE('',*,*,#4759,.T.);
#2880=ORIENTED_EDGE('',*,*,#4790,.T.);
#2881=ORIENTED_EDGE('',*,*,#4784,.F.);
#2882=ORIENTED_EDGE('',*,*,#4790,.F.);
#2883=ORIENTED_EDGE('',*,*,#4758,.T.);
#2884=ORIENTED_EDGE('',*,*,#4755,.T.);
#2885=ORIENTED_EDGE('',*,*,#4778,.T.);
#2886=ORIENTED_EDGE('',*,*,#4791,.F.);
#2887=ORIENTED_EDGE('',*,*,#4764,.F.);
#2888=ORIENTED_EDGE('',*,*,#4785,.T.);
#2889=ORIENTED_EDGE('',*,*,#4777,.T.);
#2890=ORIENTED_EDGE('',*,*,#4792,.F.);
#2891=ORIENTED_EDGE('',*,*,#4765,.F.);
#2892=ORIENTED_EDGE('',*,*,#4791,.T.);
#2893=ORIENTED_EDGE('',*,*,#4776,.T.);
#2894=ORIENTED_EDGE('',*,*,#4793,.F.);
#2895=ORIENTED_EDGE('',*,*,#4766,.F.);
#2896=ORIENTED_EDGE('',*,*,#4792,.T.);
#2897=ORIENTED_EDGE('',*,*,#4775,.T.);
#2898=ORIENTED_EDGE('',*,*,#4794,.F.);
#2899=ORIENTED_EDGE('',*,*,#4767,.F.);
#2900=ORIENTED_EDGE('',*,*,#4793,.T.);
#2901=ORIENTED_EDGE('',*,*,#4774,.T.);
#2902=ORIENTED_EDGE('',*,*,#4770,.F.);
#2903=ORIENTED_EDGE('',*,*,#4768,.F.);
#2904=ORIENTED_EDGE('',*,*,#4794,.T.);
#2905=ORIENTED_EDGE('',*,*,#4772,.T.);
#2906=ORIENTED_EDGE('',*,*,#4773,.T.);
#2907=ORIENTED_EDGE('',*,*,#4753,.F.);
#2908=ORIENTED_EDGE('',*,*,#4749,.F.);
#2909=ORIENTED_EDGE('',*,*,#4769,.T.);
#2910=ORIENTED_EDGE('',*,*,#4747,.T.);
#2911=ORIENTED_EDGE('',*,*,#4752,.F.);
#2912=ORIENTED_EDGE('',*,*,#4757,.F.);
#2913=ORIENTED_EDGE('',*,*,#4795,.F.);
#2914=ORIENTED_EDGE('',*,*,#4796,.F.);
#2915=ORIENTED_EDGE('',*,*,#4797,.F.);
#2916=ORIENTED_EDGE('',*,*,#4798,.T.);
#2917=ORIENTED_EDGE('',*,*,#4799,.F.);
#2918=ORIENTED_EDGE('',*,*,#4800,.F.);
#2919=ORIENTED_EDGE('',*,*,#4801,.F.);
#2920=ORIENTED_EDGE('',*,*,#4802,.T.);
#2921=ORIENTED_EDGE('',*,*,#4803,.F.);
#2922=ORIENTED_EDGE('',*,*,#4804,.T.);
#2923=ORIENTED_EDGE('',*,*,#4805,.F.);
#2924=ORIENTED_EDGE('',*,*,#4806,.F.);
#2925=ORIENTED_EDGE('',*,*,#4807,.T.);
#2926=ORIENTED_EDGE('',*,*,#4808,.T.);
#2927=ORIENTED_EDGE('',*,*,#4801,.T.);
#2928=ORIENTED_EDGE('',*,*,#4809,.F.);
#2929=ORIENTED_EDGE('',*,*,#4810,.F.);
#2930=ORIENTED_EDGE('',*,*,#4811,.T.);
#2931=ORIENTED_EDGE('',*,*,#4812,.T.);
#2932=ORIENTED_EDGE('',*,*,#4813,.F.);
#2933=ORIENTED_EDGE('',*,*,#4814,.F.);
#2934=ORIENTED_EDGE('',*,*,#4815,.T.);
#2935=ORIENTED_EDGE('',*,*,#4816,.F.);
#2936=ORIENTED_EDGE('',*,*,#4812,.F.);
#2937=ORIENTED_EDGE('',*,*,#4817,.T.);
#2938=ORIENTED_EDGE('',*,*,#4818,.T.);
#2939=ORIENTED_EDGE('',*,*,#4797,.T.);
#2940=ORIENTED_EDGE('',*,*,#4819,.F.);
#2941=ORIENTED_EDGE('',*,*,#4820,.F.);
#2942=ORIENTED_EDGE('',*,*,#4821,.T.);
#2943=ORIENTED_EDGE('',*,*,#4806,.T.);
#2944=ORIENTED_EDGE('',*,*,#4822,.F.);
#2945=ORIENTED_EDGE('',*,*,#4823,.F.);
#2946=ORIENTED_EDGE('',*,*,#4824,.F.);
#2947=ORIENTED_EDGE('',*,*,#4825,.F.);
#2948=ORIENTED_EDGE('',*,*,#4826,.F.);
#2949=ORIENTED_EDGE('',*,*,#4827,.T.);
#2950=ORIENTED_EDGE('',*,*,#4828,.T.);
#2951=ORIENTED_EDGE('',*,*,#4829,.F.);
#2952=ORIENTED_EDGE('',*,*,#4830,.F.);
#2953=ORIENTED_EDGE('',*,*,#4831,.T.);
#2954=ORIENTED_EDGE('',*,*,#4832,.F.);
#2955=ORIENTED_EDGE('',*,*,#4833,.F.);
#2956=ORIENTED_EDGE('',*,*,#4834,.F.);
#2957=ORIENTED_EDGE('',*,*,#4835,.F.);
#2958=ORIENTED_EDGE('',*,*,#4836,.F.);
#2959=ORIENTED_EDGE('',*,*,#4837,.F.);
#2960=ORIENTED_EDGE('',*,*,#4838,.F.);
#2961=ORIENTED_EDGE('',*,*,#4839,.T.);
#2962=ORIENTED_EDGE('',*,*,#4840,.F.);
#2963=ORIENTED_EDGE('',*,*,#4841,.F.);
#2964=ORIENTED_EDGE('',*,*,#4842,.T.);
#2965=ORIENTED_EDGE('',*,*,#4843,.F.);
#2966=ORIENTED_EDGE('',*,*,#4844,.F.);
#2967=ORIENTED_EDGE('',*,*,#4845,.F.);
#2968=ORIENTED_EDGE('',*,*,#4846,.T.);
#2969=ORIENTED_EDGE('',*,*,#4847,.F.);
#2970=ORIENTED_EDGE('',*,*,#4848,.F.);
#2971=ORIENTED_EDGE('',*,*,#4849,.F.);
#2972=ORIENTED_EDGE('',*,*,#4850,.T.);
#2973=ORIENTED_EDGE('',*,*,#4847,.T.);
#2974=ORIENTED_EDGE('',*,*,#4851,.F.);
#2975=ORIENTED_EDGE('',*,*,#4852,.T.);
#2976=ORIENTED_EDGE('',*,*,#4853,.T.);
#2977=ORIENTED_EDGE('',*,*,#4838,.T.);
#2978=ORIENTED_EDGE('',*,*,#4854,.T.);
#2979=ORIENTED_EDGE('',*,*,#4855,.F.);
#2980=ORIENTED_EDGE('',*,*,#4856,.F.);
#2981=ORIENTED_EDGE('',*,*,#4857,.F.);
#2982=ORIENTED_EDGE('',*,*,#4858,.T.);
#2983=ORIENTED_EDGE('',*,*,#4843,.T.);
#2984=ORIENTED_EDGE('',*,*,#4859,.F.);
#2985=ORIENTED_EDGE('',*,*,#4860,.T.);
#2986=ORIENTED_EDGE('',*,*,#4810,.T.);
#2987=ORIENTED_EDGE('',*,*,#4861,.F.);
#2988=ORIENTED_EDGE('',*,*,#4862,.F.);
#2989=ORIENTED_EDGE('',*,*,#4836,.T.);
#2990=ORIENTED_EDGE('',*,*,#4863,.F.);
#2991=ORIENTED_EDGE('',*,*,#4864,.F.);
#2992=ORIENTED_EDGE('',*,*,#4856,.T.);
#2993=ORIENTED_EDGE('',*,*,#4865,.F.);
#2994=ORIENTED_EDGE('',*,*,#4804,.F.);
#2995=ORIENTED_EDGE('',*,*,#4866,.F.);
#2996=ORIENTED_EDGE('',*,*,#4854,.F.);
#2997=ORIENTED_EDGE('',*,*,#4837,.T.);
#2998=ORIENTED_EDGE('',*,*,#4862,.T.);
#2999=ORIENTED_EDGE('',*,*,#4867,.F.);
#3000=ORIENTED_EDGE('',*,*,#4868,.T.);
#3001=ORIENTED_EDGE('',*,*,#4869,.F.);
#3002=ORIENTED_EDGE('',*,*,#4815,.F.);
#3003=ORIENTED_EDGE('',*,*,#4870,.F.);
#3004=ORIENTED_EDGE('',*,*,#4868,.F.);
#3005=ORIENTED_EDGE('',*,*,#4871,.F.);
#3006=ORIENTED_EDGE('',*,*,#4840,.T.);
#3007=ORIENTED_EDGE('',*,*,#4872,.T.);
#3008=ORIENTED_EDGE('',*,*,#4820,.T.);
#3009=ORIENTED_EDGE('',*,*,#4873,.F.);
#3010=ORIENTED_EDGE('',*,*,#4874,.F.);
#3011=ORIENTED_EDGE('',*,*,#4826,.T.);
#3012=ORIENTED_EDGE('',*,*,#4875,.T.);
#3013=ORIENTED_EDGE('',*,*,#4876,.F.);
#3014=ORIENTED_EDGE('',*,*,#4875,.F.);
#3015=ORIENTED_EDGE('',*,*,#4825,.T.);
#3016=ORIENTED_EDGE('',*,*,#4877,.T.);
#3017=ORIENTED_EDGE('',*,*,#4878,.F.);
#3018=ORIENTED_EDGE('',*,*,#4877,.F.);
#3019=ORIENTED_EDGE('',*,*,#4824,.T.);
#3020=ORIENTED_EDGE('',*,*,#4879,.T.);
#3021=ORIENTED_EDGE('',*,*,#4880,.F.);
#3022=ORIENTED_EDGE('',*,*,#4881,.F.);
#3023=ORIENTED_EDGE('',*,*,#4832,.T.);
#3024=ORIENTED_EDGE('',*,*,#4882,.T.);
#3025=ORIENTED_EDGE('',*,*,#4883,.F.);
#3026=ORIENTED_EDGE('',*,*,#4882,.F.);
#3027=ORIENTED_EDGE('',*,*,#4884,.T.);
#3028=ORIENTED_EDGE('',*,*,#4885,.T.);
#3029=ORIENTED_EDGE('',*,*,#4886,.F.);
#3030=ORIENTED_EDGE('',*,*,#4887,.T.);
#3031=ORIENTED_EDGE('',*,*,#4888,.F.);
#3032=ORIENTED_EDGE('',*,*,#4887,.F.);
#3033=ORIENTED_EDGE('',*,*,#4834,.T.);
#3034=ORIENTED_EDGE('',*,*,#4889,.T.);
#3035=ORIENTED_EDGE('',*,*,#4890,.F.);
#3036=ORIENTED_EDGE('',*,*,#4879,.F.);
#3037=ORIENTED_EDGE('',*,*,#4891,.F.);
#3038=ORIENTED_EDGE('',*,*,#4892,.F.);
#3039=ORIENTED_EDGE('',*,*,#4893,.T.);
#3040=ORIENTED_EDGE('',*,*,#4874,.T.);
#3041=ORIENTED_EDGE('',*,*,#4894,.F.);
#3042=ORIENTED_EDGE('',*,*,#4889,.F.);
#3043=ORIENTED_EDGE('',*,*,#4833,.T.);
#3044=ORIENTED_EDGE('',*,*,#4881,.T.);
#3045=ORIENTED_EDGE('',*,*,#4880,.T.);
#3046=ORIENTED_EDGE('',*,*,#4883,.T.);
#3047=ORIENTED_EDGE('',*,*,#4888,.T.);
#3048=ORIENTED_EDGE('',*,*,#4894,.T.);
#3049=ORIENTED_EDGE('',*,*,#4873,.T.);
#3050=ORIENTED_EDGE('',*,*,#4876,.T.);
#3051=ORIENTED_EDGE('',*,*,#4878,.T.);
#3052=ORIENTED_EDGE('',*,*,#4890,.T.);
#3053=ORIENTED_EDGE('',*,*,#4805,.T.);
#3054=ORIENTED_EDGE('',*,*,#4865,.T.);
#3055=ORIENTED_EDGE('',*,*,#4855,.T.);
#3056=ORIENTED_EDGE('',*,*,#4866,.T.);
#3057=ORIENTED_EDGE('',*,*,#4861,.T.);
#3058=ORIENTED_EDGE('',*,*,#4813,.T.);
#3059=ORIENTED_EDGE('',*,*,#4816,.T.);
#3060=ORIENTED_EDGE('',*,*,#4869,.T.);
#3061=ORIENTED_EDGE('',*,*,#4870,.T.);
#3062=ORIENTED_EDGE('',*,*,#4822,.T.);
#3063=ORIENTED_EDGE('',*,*,#4895,.T.);
#3064=ORIENTED_EDGE('',*,*,#4867,.T.);
#3065=ORIENTED_EDGE('',*,*,#4814,.T.);
#3066=ORIENTED_EDGE('',*,*,#4896,.T.);
#3067=ORIENTED_EDGE('',*,*,#4857,.T.);
#3068=ORIENTED_EDGE('',*,*,#4871,.T.);
#3069=ORIENTED_EDGE('',*,*,#4895,.F.);
#3070=ORIENTED_EDGE('',*,*,#4863,.T.);
#3071=ORIENTED_EDGE('',*,*,#4835,.T.);
#3072=ORIENTED_EDGE('',*,*,#4796,.T.);
#3073=ORIENTED_EDGE('',*,*,#4897,.F.);
#3074=ORIENTED_EDGE('',*,*,#4898,.F.);
#3075=ORIENTED_EDGE('',*,*,#4899,.T.);
#3076=ORIENTED_EDGE('',*,*,#4844,.T.);
#3077=ORIENTED_EDGE('',*,*,#4858,.F.);
#3078=ORIENTED_EDGE('',*,*,#4896,.F.);
#3079=ORIENTED_EDGE('',*,*,#4819,.T.);
#3080=ORIENTED_EDGE('',*,*,#4900,.F.);
#3081=ORIENTED_EDGE('',*,*,#4852,.F.);
#3082=ORIENTED_EDGE('',*,*,#4901,.F.);
#3083=ORIENTED_EDGE('',*,*,#4807,.F.);
#3084=ORIENTED_EDGE('',*,*,#4821,.F.);
#3085=ORIENTED_EDGE('',*,*,#4839,.F.);
#3086=ORIENTED_EDGE('',*,*,#4853,.F.);
#3087=ORIENTED_EDGE('',*,*,#4900,.T.);
#3088=ORIENTED_EDGE('',*,*,#4872,.F.);
#3089=ORIENTED_EDGE('',*,*,#4802,.F.);
#3090=ORIENTED_EDGE('',*,*,#4808,.F.);
#3091=ORIENTED_EDGE('',*,*,#4901,.T.);
#3092=ORIENTED_EDGE('',*,*,#4851,.T.);
#3093=ORIENTED_EDGE('',*,*,#4846,.F.);
#3094=ORIENTED_EDGE('',*,*,#4902,.F.);
#3095=ORIENTED_EDGE('',*,*,#4903,.F.);
#3096=ORIENTED_EDGE('',*,*,#4904,.T.);
#3097=ORIENTED_EDGE('',*,*,#4811,.F.);
#3098=ORIENTED_EDGE('',*,*,#4860,.F.);
#3099=ORIENTED_EDGE('',*,*,#4905,.F.);
#3100=ORIENTED_EDGE('',*,*,#4817,.F.);
#3101=ORIENTED_EDGE('',*,*,#4798,.F.);
#3102=ORIENTED_EDGE('',*,*,#4818,.F.);
#3103=ORIENTED_EDGE('',*,*,#4905,.T.);
#3104=ORIENTED_EDGE('',*,*,#4859,.T.);
#3105=ORIENTED_EDGE('',*,*,#4842,.F.);
#3106=ORIENTED_EDGE('',*,*,#4906,.F.);
#3107=ORIENTED_EDGE('',*,*,#4907,.F.);
#3108=ORIENTED_EDGE('',*,*,#4908,.T.);
#3109=ORIENTED_EDGE('',*,*,#4864,.T.);
#3110=ORIENTED_EDGE('',*,*,#4803,.T.);
#3111=ORIENTED_EDGE('',*,*,#4909,.T.);
#3112=ORIENTED_EDGE('',*,*,#4849,.T.);
#3113=ORIENTED_EDGE('',*,*,#4800,.T.);
#3114=ORIENTED_EDGE('',*,*,#4910,.F.);
#3115=ORIENTED_EDGE('',*,*,#4911,.F.);
#3116=ORIENTED_EDGE('',*,*,#4912,.T.);
#3117=ORIENTED_EDGE('',*,*,#4848,.T.);
#3118=ORIENTED_EDGE('',*,*,#4850,.F.);
#3119=ORIENTED_EDGE('',*,*,#4909,.F.);
#3120=ORIENTED_EDGE('',*,*,#4809,.T.);
#3121=ORIENTED_EDGE('',*,*,#4913,.T.);
#3122=ORIENTED_EDGE('',*,*,#4903,.T.);
#3123=ORIENTED_EDGE('',*,*,#4914,.T.);
#3124=ORIENTED_EDGE('',*,*,#4911,.T.);
#3125=ORIENTED_EDGE('',*,*,#4799,.T.);
#3126=ORIENTED_EDGE('',*,*,#4904,.F.);
#3127=ORIENTED_EDGE('',*,*,#4913,.F.);
#3128=ORIENTED_EDGE('',*,*,#4910,.T.);
#3129=ORIENTED_EDGE('',*,*,#4845,.T.);
#3130=ORIENTED_EDGE('',*,*,#4912,.F.);
#3131=ORIENTED_EDGE('',*,*,#4914,.F.);
#3132=ORIENTED_EDGE('',*,*,#4902,.T.);
#3133=ORIENTED_EDGE('',*,*,#4915,.T.);
#3134=ORIENTED_EDGE('',*,*,#4907,.T.);
#3135=ORIENTED_EDGE('',*,*,#4916,.T.);
#3136=ORIENTED_EDGE('',*,*,#4898,.T.);
#3137=ORIENTED_EDGE('',*,*,#4841,.T.);
#3138=ORIENTED_EDGE('',*,*,#4899,.F.);
#3139=ORIENTED_EDGE('',*,*,#4916,.F.);
#3140=ORIENTED_EDGE('',*,*,#4906,.T.);
#3141=ORIENTED_EDGE('',*,*,#4795,.T.);
#3142=ORIENTED_EDGE('',*,*,#4908,.F.);
#3143=ORIENTED_EDGE('',*,*,#4915,.F.);
#3144=ORIENTED_EDGE('',*,*,#4897,.T.);
#3145=ORIENTED_EDGE('',*,*,#4917,.F.);
#3146=ORIENTED_EDGE('',*,*,#4918,.F.);
#3147=ORIENTED_EDGE('',*,*,#4919,.T.);
#3148=ORIENTED_EDGE('',*,*,#4920,.T.);
#3149=ORIENTED_EDGE('',*,*,#4921,.F.);
#3150=ORIENTED_EDGE('',*,*,#4920,.F.);
#3151=ORIENTED_EDGE('',*,*,#4922,.T.);
#3152=ORIENTED_EDGE('',*,*,#4923,.T.);
#3153=ORIENTED_EDGE('',*,*,#4924,.F.);
#3154=ORIENTED_EDGE('',*,*,#4923,.F.);
#3155=ORIENTED_EDGE('',*,*,#4925,.T.);
#3156=ORIENTED_EDGE('',*,*,#4830,.T.);
#3157=ORIENTED_EDGE('',*,*,#4926,.F.);
#3158=ORIENTED_EDGE('',*,*,#4885,.F.);
#3159=ORIENTED_EDGE('',*,*,#4927,.T.);
#3160=ORIENTED_EDGE('',*,*,#4918,.T.);
#3161=ORIENTED_EDGE('',*,*,#4919,.F.);
#3162=ORIENTED_EDGE('',*,*,#4927,.F.);
#3163=ORIENTED_EDGE('',*,*,#4884,.F.);
#3164=ORIENTED_EDGE('',*,*,#4831,.F.);
#3165=ORIENTED_EDGE('',*,*,#4925,.F.);
#3166=ORIENTED_EDGE('',*,*,#4922,.F.);
#3167=ORIENTED_EDGE('',*,*,#4917,.T.);
#3168=ORIENTED_EDGE('',*,*,#4921,.T.);
#3169=ORIENTED_EDGE('',*,*,#4924,.T.);
#3170=ORIENTED_EDGE('',*,*,#4829,.T.);
#3171=ORIENTED_EDGE('',*,*,#4886,.T.);
#3172=ORIENTED_EDGE('',*,*,#4926,.T.);
#3173=ORIENTED_EDGE('',*,*,#4928,.F.);
#3174=ORIENTED_EDGE('',*,*,#4929,.F.);
#3175=ORIENTED_EDGE('',*,*,#4930,.T.);
#3176=ORIENTED_EDGE('',*,*,#4931,.T.);
#3177=ORIENTED_EDGE('',*,*,#4932,.F.);
#3178=ORIENTED_EDGE('',*,*,#4931,.F.);
#3179=ORIENTED_EDGE('',*,*,#4933,.T.);
#3180=ORIENTED_EDGE('',*,*,#4934,.T.);
#3181=ORIENTED_EDGE('',*,*,#4935,.F.);
#3182=ORIENTED_EDGE('',*,*,#4934,.F.);
#3183=ORIENTED_EDGE('',*,*,#4936,.T.);
#3184=ORIENTED_EDGE('',*,*,#4892,.T.);
#3185=ORIENTED_EDGE('',*,*,#4937,.F.);
#3186=ORIENTED_EDGE('',*,*,#4828,.F.);
#3187=ORIENTED_EDGE('',*,*,#4938,.T.);
#3188=ORIENTED_EDGE('',*,*,#4929,.T.);
#3189=ORIENTED_EDGE('',*,*,#4930,.F.);
#3190=ORIENTED_EDGE('',*,*,#4938,.F.);
#3191=ORIENTED_EDGE('',*,*,#4827,.F.);
#3192=ORIENTED_EDGE('',*,*,#4893,.F.);
#3193=ORIENTED_EDGE('',*,*,#4936,.F.);
#3194=ORIENTED_EDGE('',*,*,#4933,.F.);
#3195=ORIENTED_EDGE('',*,*,#4928,.T.);
#3196=ORIENTED_EDGE('',*,*,#4932,.T.);
#3197=ORIENTED_EDGE('',*,*,#4935,.T.);
#3198=ORIENTED_EDGE('',*,*,#4891,.T.);
#3199=ORIENTED_EDGE('',*,*,#4823,.T.);
#3200=ORIENTED_EDGE('',*,*,#4937,.T.);
#3201=ORIENTED_EDGE('',*,*,#4939,.F.);
#3202=ORIENTED_EDGE('',*,*,#4940,.F.);
#3203=ORIENTED_EDGE('',*,*,#4941,.F.);
#3204=ORIENTED_EDGE('',*,*,#4942,.F.);
#3205=ORIENTED_EDGE('',*,*,#4943,.F.);
#3206=ORIENTED_EDGE('',*,*,#4944,.T.);
#3207=ORIENTED_EDGE('',*,*,#4945,.F.);
#3208=ORIENTED_EDGE('',*,*,#4946,.T.);
#3209=ORIENTED_EDGE('',*,*,#4947,.F.);
#3210=ORIENTED_EDGE('',*,*,#4948,.T.);
#3211=ORIENTED_EDGE('',*,*,#4949,.F.);
#3212=ORIENTED_EDGE('',*,*,#4950,.T.);
#3213=ORIENTED_EDGE('',*,*,#4951,.T.);
#3214=ORIENTED_EDGE('',*,*,#4952,.T.);
#3215=ORIENTED_EDGE('',*,*,#4953,.T.);
#3216=ORIENTED_EDGE('',*,*,#4954,.T.);
#3217=ORIENTED_EDGE('',*,*,#4945,.T.);
#3218=ORIENTED_EDGE('',*,*,#4955,.T.);
#3219=ORIENTED_EDGE('',*,*,#4956,.T.);
#3220=ORIENTED_EDGE('',*,*,#4957,.T.);
#3221=ORIENTED_EDGE('',*,*,#4958,.T.);
#3222=ORIENTED_EDGE('',*,*,#4959,.T.);
#3223=ORIENTED_EDGE('',*,*,#4943,.T.);
#3224=ORIENTED_EDGE('',*,*,#4960,.T.);
#3225=ORIENTED_EDGE('',*,*,#4961,.T.);
#3226=ORIENTED_EDGE('',*,*,#4962,.T.);
#3227=ORIENTED_EDGE('',*,*,#4949,.T.);
#3228=ORIENTED_EDGE('',*,*,#4963,.T.);
#3229=ORIENTED_EDGE('',*,*,#4964,.T.);
#3230=ORIENTED_EDGE('',*,*,#4965,.T.);
#3231=ORIENTED_EDGE('',*,*,#4947,.T.);
#3232=ORIENTED_EDGE('',*,*,#4966,.T.);
#3233=ORIENTED_EDGE('',*,*,#4956,.F.);
#3234=ORIENTED_EDGE('',*,*,#4967,.T.);
#3235=ORIENTED_EDGE('',*,*,#4961,.F.);
#3236=ORIENTED_EDGE('',*,*,#4968,.T.);
#3237=ORIENTED_EDGE('',*,*,#4946,.F.);
#3238=ORIENTED_EDGE('',*,*,#4957,.F.);
#3239=ORIENTED_EDGE('',*,*,#4969,.F.);
#3240=ORIENTED_EDGE('',*,*,#4966,.F.);
#3241=ORIENTED_EDGE('',*,*,#4969,.T.);
#3242=ORIENTED_EDGE('',*,*,#4968,.F.);
#3243=ORIENTED_EDGE('',*,*,#4970,.F.);
#3244=ORIENTED_EDGE('',*,*,#4964,.F.);
#3245=ORIENTED_EDGE('',*,*,#4970,.T.);
#3246=ORIENTED_EDGE('',*,*,#4963,.F.);
#3247=ORIENTED_EDGE('',*,*,#4948,.F.);
#3248=ORIENTED_EDGE('',*,*,#4965,.F.);
#3249=ORIENTED_EDGE('',*,*,#4950,.F.);
#3250=ORIENTED_EDGE('',*,*,#4962,.F.);
#3251=ORIENTED_EDGE('',*,*,#4971,.F.);
#3252=ORIENTED_EDGE('',*,*,#4960,.F.);
#3253=ORIENTED_EDGE('',*,*,#4971,.T.);
#3254=ORIENTED_EDGE('',*,*,#4967,.F.);
#3255=ORIENTED_EDGE('',*,*,#4972,.F.);
#3256=ORIENTED_EDGE('',*,*,#4958,.F.);
#3257=ORIENTED_EDGE('',*,*,#4972,.T.);
#3258=ORIENTED_EDGE('',*,*,#4955,.F.);
#3259=ORIENTED_EDGE('',*,*,#4944,.F.);
#3260=ORIENTED_EDGE('',*,*,#4959,.F.);
#3261=ORIENTED_EDGE('',*,*,#4973,.T.);
#3262=ORIENTED_EDGE('',*,*,#4974,.T.);
#3263=ORIENTED_EDGE('',*,*,#4975,.F.);
#3264=ORIENTED_EDGE('',*,*,#4976,.F.);
#3265=ORIENTED_EDGE('',*,*,#4977,.T.);
#3266=ORIENTED_EDGE('',*,*,#4978,.T.);
#3267=ORIENTED_EDGE('',*,*,#4979,.T.);
#3268=ORIENTED_EDGE('',*,*,#4980,.T.);
#3269=ORIENTED_EDGE('',*,*,#4981,.T.);
#3270=ORIENTED_EDGE('',*,*,#4982,.T.);
#3271=ORIENTED_EDGE('',*,*,#4983,.F.);
#3272=ORIENTED_EDGE('',*,*,#4984,.F.);
#3273=ORIENTED_EDGE('',*,*,#4976,.T.);
#3274=ORIENTED_EDGE('',*,*,#4985,.F.);
#3275=ORIENTED_EDGE('',*,*,#4986,.F.);
#3276=ORIENTED_EDGE('',*,*,#4987,.T.);
#3277=ORIENTED_EDGE('',*,*,#4988,.F.);
#3278=ORIENTED_EDGE('',*,*,#4989,.F.);
#3279=ORIENTED_EDGE('',*,*,#4990,.T.);
#3280=ORIENTED_EDGE('',*,*,#4984,.T.);
#3281=ORIENTED_EDGE('',*,*,#4986,.T.);
#3282=ORIENTED_EDGE('',*,*,#4991,.F.);
#3283=ORIENTED_EDGE('',*,*,#4954,.F.);
#3284=ORIENTED_EDGE('',*,*,#4992,.T.);
#3285=ORIENTED_EDGE('',*,*,#4983,.T.);
#3286=ORIENTED_EDGE('',*,*,#4993,.T.);
#3287=ORIENTED_EDGE('',*,*,#4977,.F.);
#3288=ORIENTED_EDGE('',*,*,#4987,.F.);
#3289=ORIENTED_EDGE('',*,*,#4992,.F.);
#3290=ORIENTED_EDGE('',*,*,#4953,.F.);
#3291=ORIENTED_EDGE('',*,*,#4994,.T.);
#3292=ORIENTED_EDGE('',*,*,#4988,.T.);
#3293=ORIENTED_EDGE('',*,*,#4994,.F.);
#3294=ORIENTED_EDGE('',*,*,#4952,.F.);
#3295=ORIENTED_EDGE('',*,*,#4995,.T.);
#3296=ORIENTED_EDGE('',*,*,#4989,.T.);
#3297=ORIENTED_EDGE('',*,*,#4975,.T.);
#3298=ORIENTED_EDGE('',*,*,#4996,.T.);
#3299=ORIENTED_EDGE('',*,*,#4979,.F.);
#3300=ORIENTED_EDGE('',*,*,#4990,.F.);
#3301=ORIENTED_EDGE('',*,*,#4995,.F.);
#3302=ORIENTED_EDGE('',*,*,#4951,.F.);
#3303=ORIENTED_EDGE('',*,*,#4991,.T.);
#3304=ORIENTED_EDGE('',*,*,#4985,.T.);
#3305=ORIENTED_EDGE('',*,*,#4981,.F.);
#3306=ORIENTED_EDGE('',*,*,#4997,.T.);
#3307=ORIENTED_EDGE('',*,*,#4973,.F.);
#3308=ORIENTED_EDGE('',*,*,#4998,.T.);
#3309=ORIENTED_EDGE('',*,*,#4999,.F.);
#3310=ORIENTED_EDGE('',*,*,#5000,.T.);
#3311=ORIENTED_EDGE('',*,*,#5001,.F.);
#3312=ORIENTED_EDGE('',*,*,#5002,.T.);
#3313=ORIENTED_EDGE('',*,*,#5003,.T.);
#3314=ORIENTED_EDGE('',*,*,#5004,.T.);
#3315=ORIENTED_EDGE('',*,*,#5005,.T.);
#3316=ORIENTED_EDGE('',*,*,#5006,.T.);
#3317=ORIENTED_EDGE('',*,*,#5007,.F.);
#3318=ORIENTED_EDGE('',*,*,#5008,.T.);
#3319=ORIENTED_EDGE('',*,*,#5009,.F.);
#3320=ORIENTED_EDGE('',*,*,#5010,.T.);
#3321=ORIENTED_EDGE('',*,*,#5011,.T.);
#3322=ORIENTED_EDGE('',*,*,#5002,.F.);
#3323=ORIENTED_EDGE('',*,*,#5012,.F.);
#3324=ORIENTED_EDGE('',*,*,#5013,.T.);
#3325=ORIENTED_EDGE('',*,*,#5014,.T.);
#3326=ORIENTED_EDGE('',*,*,#5010,.F.);
#3327=ORIENTED_EDGE('',*,*,#5015,.F.);
#3328=ORIENTED_EDGE('',*,*,#5016,.T.);
#3329=ORIENTED_EDGE('',*,*,#5009,.T.);
#3330=ORIENTED_EDGE('',*,*,#5017,.T.);
#3331=ORIENTED_EDGE('',*,*,#5003,.F.);
#3332=ORIENTED_EDGE('',*,*,#5011,.F.);
#3333=ORIENTED_EDGE('',*,*,#5018,.F.);
#3334=ORIENTED_EDGE('',*,*,#4941,.T.);
#3335=ORIENTED_EDGE('',*,*,#5019,.T.);
#3336=ORIENTED_EDGE('',*,*,#5015,.T.);
#3337=ORIENTED_EDGE('',*,*,#5018,.T.);
#3338=ORIENTED_EDGE('',*,*,#5013,.F.);
#3339=ORIENTED_EDGE('',*,*,#5020,.F.);
#3340=ORIENTED_EDGE('',*,*,#4942,.T.);
#3341=ORIENTED_EDGE('',*,*,#5001,.T.);
#3342=ORIENTED_EDGE('',*,*,#5021,.T.);
#3343=ORIENTED_EDGE('',*,*,#5005,.F.);
#3344=ORIENTED_EDGE('',*,*,#5014,.F.);
#3345=ORIENTED_EDGE('',*,*,#5022,.F.);
#3346=ORIENTED_EDGE('',*,*,#4939,.T.);
#3347=ORIENTED_EDGE('',*,*,#5020,.T.);
#3348=ORIENTED_EDGE('',*,*,#5012,.T.);
#3349=ORIENTED_EDGE('',*,*,#5022,.T.);
#3350=ORIENTED_EDGE('',*,*,#5016,.F.);
#3351=ORIENTED_EDGE('',*,*,#5019,.F.);
#3352=ORIENTED_EDGE('',*,*,#4940,.T.);
#3353=ORIENTED_EDGE('',*,*,#5007,.T.);
#3354=ORIENTED_EDGE('',*,*,#5023,.T.);
#3355=ORIENTED_EDGE('',*,*,#4999,.T.);
#3356=ORIENTED_EDGE('',*,*,#5024,.T.);
#3357=ORIENTED_EDGE('',*,*,#5006,.F.);
#3358=ORIENTED_EDGE('',*,*,#5021,.F.);
#3359=ORIENTED_EDGE('',*,*,#5000,.F.);
#3360=ORIENTED_EDGE('',*,*,#5023,.F.);
#3361=ORIENTED_EDGE('',*,*,#5004,.F.);
#3362=ORIENTED_EDGE('',*,*,#5017,.F.);
#3363=ORIENTED_EDGE('',*,*,#5008,.F.);
#3364=ORIENTED_EDGE('',*,*,#5024,.F.);
#3365=ORIENTED_EDGE('',*,*,#4974,.F.);
#3366=ORIENTED_EDGE('',*,*,#4997,.F.);
#3367=ORIENTED_EDGE('',*,*,#4980,.F.);
#3368=ORIENTED_EDGE('',*,*,#4996,.F.);
#3369=ORIENTED_EDGE('',*,*,#4982,.F.);
#3370=ORIENTED_EDGE('',*,*,#4998,.F.);
#3371=ORIENTED_EDGE('',*,*,#4978,.F.);
#3372=ORIENTED_EDGE('',*,*,#4993,.F.);
#3373=ORIENTED_EDGE('',*,*,#5025,.F.);
#3374=ORIENTED_EDGE('',*,*,#5026,.F.);
#3375=ORIENTED_EDGE('',*,*,#5027,.F.);
#3376=ORIENTED_EDGE('',*,*,#5028,.F.);
#3377=ORIENTED_EDGE('',*,*,#5029,.F.);
#3378=ORIENTED_EDGE('',*,*,#5030,.T.);
#3379=ORIENTED_EDGE('',*,*,#5031,.F.);
#3380=ORIENTED_EDGE('',*,*,#5032,.T.);
#3381=ORIENTED_EDGE('',*,*,#5033,.F.);
#3382=ORIENTED_EDGE('',*,*,#5034,.T.);
#3383=ORIENTED_EDGE('',*,*,#5035,.F.);
#3384=ORIENTED_EDGE('',*,*,#5036,.T.);
#3385=ORIENTED_EDGE('',*,*,#5037,.T.);
#3386=ORIENTED_EDGE('',*,*,#5038,.T.);
#3387=ORIENTED_EDGE('',*,*,#5039,.T.);
#3388=ORIENTED_EDGE('',*,*,#5040,.T.);
#3389=ORIENTED_EDGE('',*,*,#5031,.T.);
#3390=ORIENTED_EDGE('',*,*,#5041,.T.);
#3391=ORIENTED_EDGE('',*,*,#5042,.T.);
#3392=ORIENTED_EDGE('',*,*,#5043,.T.);
#3393=ORIENTED_EDGE('',*,*,#5044,.T.);
#3394=ORIENTED_EDGE('',*,*,#5045,.T.);
#3395=ORIENTED_EDGE('',*,*,#5029,.T.);
#3396=ORIENTED_EDGE('',*,*,#5046,.T.);
#3397=ORIENTED_EDGE('',*,*,#5047,.T.);
#3398=ORIENTED_EDGE('',*,*,#5048,.T.);
#3399=ORIENTED_EDGE('',*,*,#5035,.T.);
#3400=ORIENTED_EDGE('',*,*,#5049,.T.);
#3401=ORIENTED_EDGE('',*,*,#5050,.T.);
#3402=ORIENTED_EDGE('',*,*,#5051,.T.);
#3403=ORIENTED_EDGE('',*,*,#5033,.T.);
#3404=ORIENTED_EDGE('',*,*,#5052,.T.);
#3405=ORIENTED_EDGE('',*,*,#5042,.F.);
#3406=ORIENTED_EDGE('',*,*,#5053,.T.);
#3407=ORIENTED_EDGE('',*,*,#5047,.F.);
#3408=ORIENTED_EDGE('',*,*,#5054,.T.);
#3409=ORIENTED_EDGE('',*,*,#5032,.F.);
#3410=ORIENTED_EDGE('',*,*,#5043,.F.);
#3411=ORIENTED_EDGE('',*,*,#5055,.F.);
#3412=ORIENTED_EDGE('',*,*,#5052,.F.);
#3413=ORIENTED_EDGE('',*,*,#5055,.T.);
#3414=ORIENTED_EDGE('',*,*,#5054,.F.);
#3415=ORIENTED_EDGE('',*,*,#5056,.F.);
#3416=ORIENTED_EDGE('',*,*,#5050,.F.);
#3417=ORIENTED_EDGE('',*,*,#5056,.T.);
#3418=ORIENTED_EDGE('',*,*,#5049,.F.);
#3419=ORIENTED_EDGE('',*,*,#5034,.F.);
#3420=ORIENTED_EDGE('',*,*,#5051,.F.);
#3421=ORIENTED_EDGE('',*,*,#5036,.F.);
#3422=ORIENTED_EDGE('',*,*,#5048,.F.);
#3423=ORIENTED_EDGE('',*,*,#5057,.F.);
#3424=ORIENTED_EDGE('',*,*,#5046,.F.);
#3425=ORIENTED_EDGE('',*,*,#5057,.T.);
#3426=ORIENTED_EDGE('',*,*,#5053,.F.);
#3427=ORIENTED_EDGE('',*,*,#5058,.F.);
#3428=ORIENTED_EDGE('',*,*,#5044,.F.);
#3429=ORIENTED_EDGE('',*,*,#5058,.T.);
#3430=ORIENTED_EDGE('',*,*,#5041,.F.);
#3431=ORIENTED_EDGE('',*,*,#5030,.F.);
#3432=ORIENTED_EDGE('',*,*,#5045,.F.);
#3433=ORIENTED_EDGE('',*,*,#5059,.T.);
#3434=ORIENTED_EDGE('',*,*,#5060,.T.);
#3435=ORIENTED_EDGE('',*,*,#5061,.T.);
#3436=ORIENTED_EDGE('',*,*,#5062,.T.);
#3437=ORIENTED_EDGE('',*,*,#5063,.F.);
#3438=ORIENTED_EDGE('',*,*,#5064,.F.);
#3439=ORIENTED_EDGE('',*,*,#5065,.T.);
#3440=ORIENTED_EDGE('',*,*,#5066,.T.);
#3441=ORIENTED_EDGE('',*,*,#5067,.F.);
#3442=ORIENTED_EDGE('',*,*,#5068,.F.);
#3443=ORIENTED_EDGE('',*,*,#5069,.T.);
#3444=ORIENTED_EDGE('',*,*,#5070,.T.);
#3445=ORIENTED_EDGE('',*,*,#5064,.T.);
#3446=ORIENTED_EDGE('',*,*,#5071,.F.);
#3447=ORIENTED_EDGE('',*,*,#5072,.F.);
#3448=ORIENTED_EDGE('',*,*,#5073,.T.);
#3449=ORIENTED_EDGE('',*,*,#5074,.F.);
#3450=ORIENTED_EDGE('',*,*,#5075,.F.);
#3451=ORIENTED_EDGE('',*,*,#5076,.T.);
#3452=ORIENTED_EDGE('',*,*,#5068,.T.);
#3453=ORIENTED_EDGE('',*,*,#5072,.T.);
#3454=ORIENTED_EDGE('',*,*,#5077,.F.);
#3455=ORIENTED_EDGE('',*,*,#5040,.F.);
#3456=ORIENTED_EDGE('',*,*,#5078,.T.);
#3457=ORIENTED_EDGE('',*,*,#5067,.T.);
#3458=ORIENTED_EDGE('',*,*,#5079,.T.);
#3459=ORIENTED_EDGE('',*,*,#5059,.F.);
#3460=ORIENTED_EDGE('',*,*,#5073,.F.);
#3461=ORIENTED_EDGE('',*,*,#5078,.F.);
#3462=ORIENTED_EDGE('',*,*,#5039,.F.);
#3463=ORIENTED_EDGE('',*,*,#5080,.T.);
#3464=ORIENTED_EDGE('',*,*,#5074,.T.);
#3465=ORIENTED_EDGE('',*,*,#5080,.F.);
#3466=ORIENTED_EDGE('',*,*,#5038,.F.);
#3467=ORIENTED_EDGE('',*,*,#5081,.T.);
#3468=ORIENTED_EDGE('',*,*,#5075,.T.);
#3469=ORIENTED_EDGE('',*,*,#5063,.T.);
#3470=ORIENTED_EDGE('',*,*,#5082,.T.);
#3471=ORIENTED_EDGE('',*,*,#5069,.F.);
#3472=ORIENTED_EDGE('',*,*,#5076,.F.);
#3473=ORIENTED_EDGE('',*,*,#5081,.F.);
#3474=ORIENTED_EDGE('',*,*,#5037,.F.);
#3475=ORIENTED_EDGE('',*,*,#5077,.T.);
#3476=ORIENTED_EDGE('',*,*,#5071,.T.);
#3477=ORIENTED_EDGE('',*,*,#5061,.F.);
#3478=ORIENTED_EDGE('',*,*,#5083,.T.);
#3479=ORIENTED_EDGE('',*,*,#5065,.F.);
#3480=ORIENTED_EDGE('',*,*,#5084,.T.);
#3481=ORIENTED_EDGE('',*,*,#5085,.T.);
#3482=ORIENTED_EDGE('',*,*,#5086,.T.);
#3483=ORIENTED_EDGE('',*,*,#5087,.F.);
#3484=ORIENTED_EDGE('',*,*,#5088,.T.);
#3485=ORIENTED_EDGE('',*,*,#5089,.F.);
#3486=ORIENTED_EDGE('',*,*,#5090,.T.);
#3487=ORIENTED_EDGE('',*,*,#5091,.F.);
#3488=ORIENTED_EDGE('',*,*,#5092,.T.);
#3489=ORIENTED_EDGE('',*,*,#5093,.F.);
#3490=ORIENTED_EDGE('',*,*,#5094,.T.);
#3491=ORIENTED_EDGE('',*,*,#5095,.T.);
#3492=ORIENTED_EDGE('',*,*,#5096,.T.);
#3493=ORIENTED_EDGE('',*,*,#5097,.T.);
#3494=ORIENTED_EDGE('',*,*,#5090,.F.);
#3495=ORIENTED_EDGE('',*,*,#5098,.F.);
#3496=ORIENTED_EDGE('',*,*,#5099,.T.);
#3497=ORIENTED_EDGE('',*,*,#5100,.T.);
#3498=ORIENTED_EDGE('',*,*,#5094,.F.);
#3499=ORIENTED_EDGE('',*,*,#5101,.F.);
#3500=ORIENTED_EDGE('',*,*,#5102,.T.);
#3501=ORIENTED_EDGE('',*,*,#5093,.T.);
#3502=ORIENTED_EDGE('',*,*,#5103,.T.);
#3503=ORIENTED_EDGE('',*,*,#5085,.F.);
#3504=ORIENTED_EDGE('',*,*,#5097,.F.);
#3505=ORIENTED_EDGE('',*,*,#5104,.F.);
#3506=ORIENTED_EDGE('',*,*,#5027,.T.);
#3507=ORIENTED_EDGE('',*,*,#5105,.T.);
#3508=ORIENTED_EDGE('',*,*,#5101,.T.);
#3509=ORIENTED_EDGE('',*,*,#5104,.T.);
#3510=ORIENTED_EDGE('',*,*,#5099,.F.);
#3511=ORIENTED_EDGE('',*,*,#5106,.F.);
#3512=ORIENTED_EDGE('',*,*,#5028,.T.);
#3513=ORIENTED_EDGE('',*,*,#5089,.T.);
#3514=ORIENTED_EDGE('',*,*,#5107,.T.);
#3515=ORIENTED_EDGE('',*,*,#5095,.F.);
#3516=ORIENTED_EDGE('',*,*,#5100,.F.);
#3517=ORIENTED_EDGE('',*,*,#5108,.F.);
#3518=ORIENTED_EDGE('',*,*,#5025,.T.);
#3519=ORIENTED_EDGE('',*,*,#5106,.T.);
#3520=ORIENTED_EDGE('',*,*,#5098,.T.);
#3521=ORIENTED_EDGE('',*,*,#5108,.T.);
#3522=ORIENTED_EDGE('',*,*,#5102,.F.);
#3523=ORIENTED_EDGE('',*,*,#5105,.F.);
#3524=ORIENTED_EDGE('',*,*,#5026,.T.);
#3525=ORIENTED_EDGE('',*,*,#5087,.T.);
#3526=ORIENTED_EDGE('',*,*,#5109,.T.);
#3527=ORIENTED_EDGE('',*,*,#5091,.T.);
#3528=ORIENTED_EDGE('',*,*,#5110,.T.);
#3529=ORIENTED_EDGE('',*,*,#5066,.F.);
#3530=ORIENTED_EDGE('',*,*,#5083,.F.);
#3531=ORIENTED_EDGE('',*,*,#5060,.F.);
#3532=ORIENTED_EDGE('',*,*,#5079,.F.);
#3533=ORIENTED_EDGE('',*,*,#5062,.F.);
#3534=ORIENTED_EDGE('',*,*,#5084,.F.);
#3535=ORIENTED_EDGE('',*,*,#5070,.F.);
#3536=ORIENTED_EDGE('',*,*,#5082,.F.);
#3537=ORIENTED_EDGE('',*,*,#5086,.F.);
#3538=ORIENTED_EDGE('',*,*,#5103,.F.);
#3539=ORIENTED_EDGE('',*,*,#5092,.F.);
#3540=ORIENTED_EDGE('',*,*,#5109,.F.);
#3541=ORIENTED_EDGE('',*,*,#5096,.F.);
#3542=ORIENTED_EDGE('',*,*,#5107,.F.);
#3543=ORIENTED_EDGE('',*,*,#5088,.F.);
#3544=ORIENTED_EDGE('',*,*,#5110,.F.);
#3545=EDGE_CURVE('',#5111,#5112,#6129,.T.);
#3546=EDGE_CURVE('',#5112,#5113,#239,.T.);
#3547=EDGE_CURVE('',#5114,#5113,#6130,.T.);
#3548=EDGE_CURVE('',#5115,#5114,#240,.T.);
#3549=EDGE_CURVE('',#5116,#5115,#6131,.F.);
#3550=EDGE_CURVE('',#5116,#5111,#6132,.F.);
#3551=EDGE_CURVE('',#5117,#5118,#6133,.F.);
#3552=EDGE_CURVE('',#5118,#5119,#241,.T.);
#3553=EDGE_CURVE('',#5119,#5120,#6134,.T.);
#3554=EDGE_CURVE('',#5121,#5120,#242,.T.);
#3555=EDGE_CURVE('',#5122,#5121,#6135,.T.);
#3556=EDGE_CURVE('',#5117,#5122,#6136,.T.);
#3557=EDGE_CURVE('',#5111,#5122,#6137,.T.);
#3558=EDGE_CURVE('',#5116,#5117,#6138,.F.);
#3559=EDGE_CURVE('',#5112,#5121,#6139,.T.);
#3560=EDGE_CURVE('',#5113,#5120,#6140,.T.);
#3561=EDGE_CURVE('',#5115,#5118,#6141,.F.);
#3562=EDGE_CURVE('',#5114,#5119,#6142,.T.);
#3563=EDGE_CURVE('',#5123,#5114,#6143,.T.);
#3564=EDGE_CURVE('',#5124,#5113,#6144,.T.);
#3565=EDGE_CURVE('',#5123,#5124,#6145,.T.);
#3566=EDGE_CURVE('',#5125,#5126,#6146,.T.);
#3567=EDGE_CURVE('',#5127,#5125,#6147,.T.);
#3568=EDGE_CURVE('',#5128,#5127,#6148,.T.);
#3569=EDGE_CURVE('',#5129,#5128,#6149,.T.);
#3570=EDGE_CURVE('',#5130,#5129,#6150,.T.);
#3571=EDGE_CURVE('',#5130,#5131,#6151,.T.);
#3572=EDGE_CURVE('',#5132,#5131,#6152,.T.);
#3573=EDGE_CURVE('',#5132,#5133,#243,.F.);
#3574=EDGE_CURVE('',#5134,#5133,#6153,.T.);
#3575=EDGE_CURVE('',#5126,#5134,#6154,.T.);
#3576=EDGE_CURVE('',#5135,#5136,#6155,.F.);
#3577=EDGE_CURVE('',#5135,#5137,#138,.F.);
#3578=EDGE_CURVE('',#5138,#5137,#6156,.T.);
#3579=EDGE_CURVE('',#5136,#5138,#244,.T.);
#3580=EDGE_CURVE('',#5125,#5139,#6157,.F.);
#3581=EDGE_CURVE('',#5125,#5126,#139,.F.);
#3582=EDGE_CURVE('',#5140,#5126,#6158,.T.);
#3583=EDGE_CURVE('',#5139,#5140,#245,.T.);
#3584=EDGE_CURVE('',#5141,#5142,#6159,.T.);
#3585=EDGE_CURVE('',#5141,#5143,#246,.F.);
#3586=EDGE_CURVE('',#5144,#5143,#6160,.T.);
#3587=EDGE_CURVE('',#5145,#5144,#6161,.T.);
#3588=EDGE_CURVE('',#5145,#5146,#6162,.T.);
#3589=EDGE_CURVE('',#5146,#5142,#247,.F.);
#3590=EDGE_CURVE('',#5147,#5148,#6163,.T.);
#3591=EDGE_CURVE('',#5147,#5141,#6164,.F.);
#3592=EDGE_CURVE('',#5142,#5148,#6165,.T.);
#3593=EDGE_CURVE('',#5149,#5150,#6166,.T.);
#3594=EDGE_CURVE('',#5150,#5147,#248,.T.);
#3595=EDGE_CURVE('',#5148,#5151,#249,.T.);
#3596=EDGE_CURVE('',#5152,#5151,#6167,.T.);
#3597=EDGE_CURVE('',#5152,#5149,#6168,.T.);
#3598=EDGE_CURVE('',#5153,#5152,#250,.F.);
#3599=EDGE_CURVE('',#5153,#5154,#6169,.T.);
#3600=EDGE_CURVE('',#5154,#5155,#251,.T.);
#3601=EDGE_CURVE('',#5156,#5155,#6170,.T.);
#3602=EDGE_CURVE('',#5156,#5157,#252,.F.);
#3603=EDGE_CURVE('',#5158,#5157,#6171,.F.);
#3604=EDGE_CURVE('',#5158,#5149,#253,.F.);
#3605=EDGE_CURVE('',#5159,#5154,#6172,.T.);
#3606=EDGE_CURVE('',#5159,#5160,#254,.F.);
#3607=EDGE_CURVE('',#5160,#5155,#6173,.T.);
#3608=EDGE_CURVE('',#5161,#5162,#255,.F.);
#3609=EDGE_CURVE('',#5162,#5157,#6174,.T.);
#3610=EDGE_CURVE('',#5161,#5156,#6175,.T.);
#3611=EDGE_CURVE('',#5163,#5164,#6176,.T.);
#3612=EDGE_CURVE('',#5164,#5165,#6177,.T.);
#3613=EDGE_CURVE('',#5166,#5165,#6178,.T.);
#3614=EDGE_CURVE('',#5163,#5166,#6179,.T.);
#3615=EDGE_CURVE('',#5167,#5168,#6180,.T.);
#3616=EDGE_CURVE('',#5167,#5169,#6181,.T.);
#3617=EDGE_CURVE('',#5169,#5170,#6182,.T.);
#3618=EDGE_CURVE('',#5170,#5171,#6183,.T.);
#3619=EDGE_CURVE('',#5171,#5139,#6184,.T.);
#3620=EDGE_CURVE('',#5140,#5172,#6185,.T.);
#3621=EDGE_CURVE('',#5172,#5173,#6186,.T.);
#3622=EDGE_CURVE('',#5173,#5174,#256,.T.);
#3623=EDGE_CURVE('',#5174,#5168,#6187,.T.);
#3624=EDGE_CURVE('',#5175,#5129,#257,.T.);
#3625=EDGE_CURVE('',#5176,#5128,#258,.T.);
#3626=EDGE_CURVE('',#5177,#5176,#6188,.T.);
#3627=EDGE_CURVE('',#5177,#5156,#259,.T.);
#3628=EDGE_CURVE('',#5175,#5156,#6189,.T.);
#3629=EDGE_CURVE('',#5178,#5169,#260,.T.);
#3630=EDGE_CURVE('',#5178,#5161,#6190,.T.);
#3631=EDGE_CURVE('',#5179,#5161,#261,.F.);
#3632=EDGE_CURVE('',#5179,#5180,#6191,.T.);
#3633=EDGE_CURVE('',#5180,#5170,#262,.T.);
#3634=EDGE_CURVE('',#5181,#5182,#6192,.T.);
#3635=EDGE_CURVE('',#5182,#5183,#6193,.T.);
#3636=EDGE_CURVE('',#5183,#5184,#6194,.T.);
#3637=EDGE_CURVE('',#5184,#5181,#6195,.T.);
#3638=EDGE_CURVE('',#5185,#5186,#6196,.T.);
#3639=EDGE_CURVE('',#5185,#5187,#6197,.T.);
#3640=EDGE_CURVE('',#5187,#5188,#263,.F.);
#3641=EDGE_CURVE('',#5188,#5189,#6198,.T.);
#3642=EDGE_CURVE('',#5186,#5189,#6199,.T.);
#3643=EDGE_CURVE('',#5186,#5190,#264,.F.);
#3644=EDGE_CURVE('',#5189,#5191,#265,.T.);
#3645=EDGE_CURVE('',#5190,#5191,#6200,.T.);
#3646=EDGE_CURVE('',#5190,#5130,#266,.T.);
#3647=EDGE_CURVE('',#5191,#5131,#267,.T.);
#3648=EDGE_CURVE('',#5192,#5193,#268,.T.);
#3649=EDGE_CURVE('',#5192,#5194,#6201,.T.);
#3650=EDGE_CURVE('',#5194,#5195,#269,.F.);
#3651=EDGE_CURVE('',#5195,#5196,#6202,.T.);
#3652=EDGE_CURVE('',#5197,#5196,#270,.T.);
#3653=EDGE_CURVE('',#5193,#5197,#6203,.T.);
#3654=EDGE_CURVE('',#5195,#5167,#271,.T.);
#3655=EDGE_CURVE('',#5196,#5168,#272,.F.);
#3656=EDGE_CURVE('',#5198,#5199,#6204,.F.);
#3657=EDGE_CURVE('',#5198,#5200,#273,.F.);
#3658=EDGE_CURVE('',#5201,#5200,#6205,.T.);
#3659=EDGE_CURVE('',#5199,#5201,#274,.T.);
#3660=EDGE_CURVE('',#5202,#5203,#6206,.T.);
#3661=EDGE_CURVE('',#5203,#5204,#6207,.T.);
#3662=EDGE_CURVE('',#5204,#5205,#6208,.T.);
#3663=EDGE_CURVE('',#5205,#5202,#6209,.T.);
#3664=EDGE_CURVE('',#5206,#5207,#6210,.T.);
#3665=EDGE_CURVE('',#5207,#5208,#6211,.T.);
#3666=EDGE_CURVE('',#5208,#5209,#6212,.T.);
#3667=EDGE_CURVE('',#5209,#5206,#6213,.T.);
#3668=EDGE_CURVE('',#5210,#5211,#6214,.T.);
#3669=EDGE_CURVE('',#5212,#5210,#6215,.T.);
#3670=EDGE_CURVE('',#5213,#5212,#6216,.T.);
#3671=EDGE_CURVE('',#5211,#5213,#6217,.T.);
#3672=EDGE_CURVE('',#5214,#5215,#6218,.T.);
#3673=EDGE_CURVE('',#5214,#5216,#6219,.T.);
#3674=EDGE_CURVE('',#5216,#5217,#6220,.T.);
#3675=EDGE_CURVE('',#5217,#5218,#6221,.T.);
#3676=EDGE_CURVE('',#5219,#5218,#6222,.T.);
#3677=EDGE_CURVE('',#5220,#5219,#6223,.T.);
#3678=EDGE_CURVE('',#5221,#5220,#6224,.T.);
#3679=EDGE_CURVE('',#5215,#5221,#6225,.T.);
#3680=EDGE_CURVE('',#5174,#5132,#6226,.T.);
#3681=EDGE_CURVE('',#5168,#5131,#6227,.T.);
#3682=EDGE_CURVE('',#5133,#5173,#6228,.F.);
#3683=EDGE_CURVE('',#5172,#5134,#6229,.T.);
#3684=EDGE_CURVE('',#5171,#5127,#6230,.T.);
#3685=EDGE_CURVE('',#5180,#5176,#6231,.T.);
#3686=EDGE_CURVE('',#5222,#5175,#6232,.T.);
#3687=EDGE_CURVE('',#5155,#5223,#6233,.T.);
#3688=EDGE_CURVE('',#5223,#5224,#6234,.T.);
#3689=EDGE_CURVE('',#5224,#5225,#6235,.T.);
#3690=EDGE_CURVE('',#5225,#5226,#6236,.T.);
#3691=EDGE_CURVE('',#5226,#5227,#6237,.T.);
#3692=EDGE_CURVE('',#5227,#5124,#6238,.T.);
#3693=EDGE_CURVE('',#5120,#5228,#6239,.T.);
#3694=EDGE_CURVE('',#5228,#5166,#6240,.T.);
#3695=EDGE_CURVE('',#5229,#5165,#6241,.T.);
#3696=EDGE_CURVE('',#5229,#5230,#6242,.T.);
#3697=EDGE_CURVE('',#5230,#5231,#6243,.T.);
#3698=EDGE_CURVE('',#5231,#5232,#6244,.T.);
#3699=EDGE_CURVE('',#5232,#5233,#6245,.T.);
#3700=EDGE_CURVE('',#5233,#5222,#6246,.T.);
#3701=EDGE_CURVE('',#5234,#5235,#6247,.T.);
#3702=EDGE_CURVE('',#5235,#5236,#6248,.T.);
#3703=EDGE_CURVE('',#5236,#5237,#6249,.T.);
#3704=EDGE_CURVE('',#5237,#5234,#6250,.T.);
#3705=EDGE_CURVE('',#5238,#5239,#6251,.T.);
#3706=EDGE_CURVE('',#5239,#5240,#6252,.T.);
#3707=EDGE_CURVE('',#5240,#5241,#6253,.T.);
#3708=EDGE_CURVE('',#5241,#5238,#6254,.T.);
#3709=EDGE_CURVE('',#5242,#5243,#6255,.T.);
#3710=EDGE_CURVE('',#5242,#5244,#6256,.T.);
#3711=EDGE_CURVE('',#5244,#5245,#6257,.T.);
#3712=EDGE_CURVE('',#5245,#5246,#6258,.T.);
#3713=EDGE_CURVE('',#5247,#5246,#6259,.T.);
#3714=EDGE_CURVE('',#5248,#5247,#6260,.T.);
#3715=EDGE_CURVE('',#5249,#5248,#6261,.T.);
#3716=EDGE_CURVE('',#5243,#5249,#6262,.T.);
#3717=EDGE_CURVE('',#5250,#5251,#6263,.T.);
#3718=EDGE_CURVE('',#5252,#5250,#6264,.T.);
#3719=EDGE_CURVE('',#5253,#5252,#6265,.T.);
#3720=EDGE_CURVE('',#5251,#5253,#6266,.T.);
#3721=EDGE_CURVE('',#5254,#5255,#275,.T.);
#3722=EDGE_CURVE('',#5255,#5256,#6267,.T.);
#3723=EDGE_CURVE('',#5257,#5256,#276,.T.);
#3724=EDGE_CURVE('',#5258,#5257,#6268,.T.);
#3725=EDGE_CURVE('',#5259,#5258,#277,.T.);
#3726=EDGE_CURVE('',#5260,#5259,#6269,.T.);
#3727=EDGE_CURVE('',#5260,#5261,#278,.T.);
#3728=EDGE_CURVE('',#5261,#5262,#6270,.T.);
#3729=EDGE_CURVE('',#5262,#5263,#6271,.T.);
#3730=EDGE_CURVE('',#5264,#5263,#6272,.T.);
#3731=EDGE_CURVE('',#5264,#5265,#279,.F.);
#3732=EDGE_CURVE('',#5265,#5254,#6273,.T.);
#3733=EDGE_CURVE('',#5266,#5267,#6274,.T.);
#3734=EDGE_CURVE('',#5266,#5268,#280,.F.);
#3735=EDGE_CURVE('',#5268,#5200,#6275,.T.);
#3736=EDGE_CURVE('',#5198,#5194,#6276,.T.);
#3737=EDGE_CURVE('',#5192,#5269,#6277,.T.);
#3738=EDGE_CURVE('',#5269,#5178,#281,.F.);
#3739=EDGE_CURVE('',#5178,#5175,#6278,.T.);
#3740=EDGE_CURVE('',#5270,#5175,#282,.F.);
#3741=EDGE_CURVE('',#5271,#5270,#6279,.T.);
#3742=EDGE_CURVE('',#5267,#5271,#283,.T.);
#3743=EDGE_CURVE('',#5257,#5271,#6280,.T.);
#3744=EDGE_CURVE('',#5270,#5258,#6281,.T.);
#3745=EDGE_CURVE('',#5193,#5201,#6282,.T.);
#3746=EDGE_CURVE('',#5254,#5268,#6283,.T.);
#3747=EDGE_CURVE('',#5265,#5272,#6284,.T.);
#3748=EDGE_CURVE('',#5272,#5273,#6285,.T.);
#3749=EDGE_CURVE('',#5273,#5262,#284,.T.);
#3750=EDGE_CURVE('',#5269,#5261,#6286,.T.);
#3751=EDGE_CURVE('',#5222,#5274,#285,.T.);
#3752=EDGE_CURVE('',#5274,#5275,#6287,.T.);
#3753=EDGE_CURVE('',#5275,#5276,#286,.T.);
#3754=EDGE_CURVE('',#5259,#5276,#6288,.T.);
#3755=EDGE_CURVE('',#5260,#5277,#6289,.T.);
#3756=EDGE_CURVE('',#5278,#5277,#287,.F.);
#3757=EDGE_CURVE('',#5279,#5278,#6290,.F.);
#3758=EDGE_CURVE('',#5280,#5279,#288,.T.);
#3759=EDGE_CURVE('',#5280,#5178,#6291,.T.);
#3760=EDGE_CURVE('',#5161,#5160,#6292,.T.);
#3761=EDGE_CURVE('',#5159,#5145,#6293,.T.);
#3762=EDGE_CURVE('',#5144,#5162,#6294,.T.);
#3763=EDGE_CURVE('',#5281,#5160,#289,.F.);
#3764=EDGE_CURVE('',#5281,#5282,#6295,.T.);
#3765=EDGE_CURVE('',#5282,#5155,#290,.F.);
#3766=EDGE_CURVE('',#5283,#5284,#6296,.T.);
#3767=EDGE_CURVE('',#5285,#5284,#6297,.T.);
#3768=EDGE_CURVE('',#5285,#5286,#6298,.T.);
#3769=EDGE_CURVE('',#5286,#5283,#6299,.T.);
#3770=EDGE_CURVE('',#5287,#5224,#6300,.T.);
#3771=EDGE_CURVE('',#5287,#5288,#6301,.T.);
#3772=EDGE_CURVE('',#5288,#5225,#6302,.T.);
#3773=EDGE_CURVE('',#5289,#5280,#6303,.T.);
#3774=EDGE_CURVE('',#5279,#5274,#6304,.T.);
#3775=EDGE_CURVE('',#5289,#5233,#6305,.T.);
#3776=EDGE_CURVE('',#5282,#5290,#6306,.T.);
#3777=EDGE_CURVE('',#5290,#5223,#291,.F.);
#3778=EDGE_CURVE('',#5281,#5291,#6307,.T.);
#3779=EDGE_CURVE('',#5160,#5292,#6308,.T.);
#3780=EDGE_CURVE('',#5291,#5292,#292,.F.);
#3781=EDGE_CURVE('',#5293,#5227,#6309,.T.);
#3782=EDGE_CURVE('',#5293,#5123,#6310,.T.);
#3783=EDGE_CURVE('',#5294,#5226,#6311,.T.);
#3784=EDGE_CURVE('',#5294,#5293,#6312,.T.);
#3785=EDGE_CURVE('',#5288,#5294,#6313,.T.);
#3786=EDGE_CURVE('',#5295,#5232,#6314,.T.);
#3787=EDGE_CURVE('',#5295,#5289,#6315,.T.);
#3788=EDGE_CURVE('',#5296,#5231,#6316,.T.);
#3789=EDGE_CURVE('',#5296,#5295,#6317,.T.);
#3790=EDGE_CURVE('',#5297,#5230,#6318,.T.);
#3791=EDGE_CURVE('',#5297,#5296,#6319,.T.);
#3792=EDGE_CURVE('',#5298,#5229,#6320,.T.);
#3793=EDGE_CURVE('',#5298,#5297,#6321,.T.);
#3794=EDGE_CURVE('',#5299,#5228,#6322,.T.);
#3795=EDGE_CURVE('',#5299,#5163,#6323,.T.);
#3796=EDGE_CURVE('',#5119,#5299,#6324,.T.);
#3797=EDGE_CURVE('',#5298,#5164,#6325,.T.);
#3798=EDGE_CURVE('',#5292,#5287,#6326,.T.);
#3799=EDGE_CURVE('',#5300,#5291,#6327,.T.);
#3800=EDGE_CURVE('',#5300,#5301,#6328,.T.);
#3801=EDGE_CURVE('',#5301,#5302,#6329,.T.);
#3802=EDGE_CURVE('',#5302,#5303,#293,.T.);
#3803=EDGE_CURVE('',#5303,#5304,#6330,.T.);
#3804=EDGE_CURVE('',#5304,#5136,#6331,.T.);
#3805=EDGE_CURVE('',#5138,#5285,#6332,.T.);
#3806=EDGE_CURVE('',#5284,#5281,#6333,.T.);
#3807=EDGE_CURVE('',#5137,#5286,#6334,.T.);
#3808=EDGE_CURVE('',#5137,#5135,#6335,.T.);
#3809=EDGE_CURVE('',#5305,#5135,#6336,.T.);
#3810=EDGE_CURVE('',#5306,#5305,#6337,.T.);
#3811=EDGE_CURVE('',#5306,#5307,#294,.F.);
#3812=EDGE_CURVE('',#5308,#5307,#6338,.T.);
#3813=EDGE_CURVE('',#5309,#5308,#6339,.T.);
#3814=EDGE_CURVE('',#5309,#5290,#6340,.T.);
#3815=EDGE_CURVE('',#5283,#5282,#6341,.T.);
#3816=EDGE_CURVE('',#5307,#5302,#6342,.F.);
#3817=EDGE_CURVE('',#5301,#5308,#6343,.T.);
#3818=EDGE_CURVE('',#5303,#5306,#6344,.T.);
#3819=EDGE_CURVE('',#5304,#5305,#6345,.T.);
#3820=EDGE_CURVE('',#5310,#5309,#295,.T.);
#3821=EDGE_CURVE('',#5311,#5310,#296,.F.);
#3822=EDGE_CURVE('',#5312,#5311,#6346,.T.);
#3823=EDGE_CURVE('',#5312,#5264,#6347,.T.);
#3824=EDGE_CURVE('',#5263,#5313,#297,.F.);
#3825=EDGE_CURVE('',#5313,#5300,#298,.T.);
#3826=EDGE_CURVE('',#5278,#5275,#6348,.T.);
#3827=EDGE_CURVE('',#5277,#5276,#6349,.T.);
#3828=EDGE_CURVE('',#5314,#5315,#6350,.F.);
#3829=EDGE_CURVE('',#5315,#5316,#6351,.F.);
#3830=EDGE_CURVE('',#5316,#5317,#6352,.F.);
#3831=EDGE_CURVE('',#5317,#5314,#6353,.F.);
#3832=EDGE_CURVE('',#5318,#5319,#6354,.F.);
#3833=EDGE_CURVE('',#5319,#5320,#299,.T.);
#3834=EDGE_CURVE('',#5321,#5320,#6355,.T.);
#3835=EDGE_CURVE('',#5273,#5321,#6356,.F.);
#3836=EDGE_CURVE('',#5272,#5318,#300,.T.);
#3837=EDGE_CURVE('',#5312,#5322,#6357,.T.);
#3838=EDGE_CURVE('',#5322,#5319,#6358,.T.);
#3839=EDGE_CURVE('',#5318,#5264,#6359,.T.);
#3840=EDGE_CURVE('',#5323,#5321,#301,.T.);
#3841=EDGE_CURVE('',#5313,#5323,#6360,.T.);
#3842=EDGE_CURVE('',#5320,#5324,#6361,.T.);
#3843=EDGE_CURVE('',#5325,#5324,#6362,.T.);
#3844=EDGE_CURVE('',#5326,#5325,#302,.T.);
#3845=EDGE_CURVE('',#5308,#5326,#303,.T.);
#3846=EDGE_CURVE('',#5301,#5323,#304,.F.);
#3847=EDGE_CURVE('',#5310,#5326,#6363,.T.);
#3848=EDGE_CURVE('',#5311,#5325,#6364,.T.);
#3849=EDGE_CURVE('',#5327,#5328,#6365,.T.);
#3850=EDGE_CURVE('',#5328,#5329,#6366,.T.);
#3851=EDGE_CURVE('',#5329,#5330,#6367,.T.);
#3852=EDGE_CURVE('',#5330,#5327,#6368,.T.);
#3853=EDGE_CURVE('',#5324,#5322,#305,.F.);
#3854=EDGE_CURVE('',#5331,#5267,#6369,.T.);
#3855=EDGE_CURVE('',#5267,#5256,#6370,.T.);
#3856=EDGE_CURVE('',#5256,#5332,#6371,.T.);
#3857=EDGE_CURVE('',#5332,#5331,#6372,.T.);
#3858=EDGE_CURVE('',#5266,#5255,#6373,.T.);
#3859=EDGE_CURVE('',#5333,#5266,#6374,.T.);
#3860=EDGE_CURVE('',#5334,#5333,#6375,.T.);
#3861=EDGE_CURVE('',#5255,#5334,#6376,.T.);
#3862=EDGE_CURVE('',#5211,#5333,#306,.T.);
#3863=EDGE_CURVE('',#5205,#5213,#6377,.T.);
#3864=EDGE_CURVE('',#5204,#5331,#307,.T.);
#3865=EDGE_CURVE('',#5332,#5235,#308,.T.);
#3866=EDGE_CURVE('',#5234,#5252,#6378,.T.);
#3867=EDGE_CURVE('',#5334,#5250,#309,.F.);
#3868=EDGE_CURVE('',#5236,#5256,#310,.T.);
#3869=EDGE_CURVE('',#5251,#5255,#311,.T.);
#3870=EDGE_CURVE('',#5237,#5253,#6379,.T.);
#3871=EDGE_CURVE('',#5243,#5239,#6380,.T.);
#3872=EDGE_CURVE('',#5249,#5240,#6381,.T.);
#3873=EDGE_CURVE('',#5248,#5241,#6382,.T.);
#3874=EDGE_CURVE('',#5247,#5238,#6383,.T.);
#3875=EDGE_CURVE('',#5335,#5336,#6384,.T.);
#3876=EDGE_CURVE('',#5336,#5242,#312,.F.);
#3877=EDGE_CURVE('',#5246,#5335,#313,.F.);
#3878=EDGE_CURVE('',#5337,#5338,#6385,.T.);
#3879=EDGE_CURVE('',#5338,#5339,#6386,.T.);
#3880=EDGE_CURVE('',#5339,#5340,#6387,.T.);
#3881=EDGE_CURVE('',#5340,#5337,#6388,.T.);
#3882=EDGE_CURVE('',#5327,#5245,#314,.T.);
#3883=EDGE_CURVE('',#5244,#5328,#315,.T.);
#3884=EDGE_CURVE('',#5335,#5341,#6389,.F.);
#3885=EDGE_CURVE('',#5341,#5342,#6390,.F.);
#3886=EDGE_CURVE('',#5342,#5336,#6391,.F.);
#3887=EDGE_CURVE('',#5329,#5342,#140,.F.);
#3888=EDGE_CURVE('',#5330,#5341,#141,.F.);
#3889=EDGE_CURVE('',#5314,#5337,#142,.T.);
#3890=EDGE_CURVE('',#5338,#5317,#143,.F.);
#3891=EDGE_CURVE('',#5339,#5316,#144,.F.);
#3892=EDGE_CURVE('',#5315,#5340,#145,.T.);
#3893=EDGE_CURVE('',#5179,#5177,#6392,.T.);
#3894=EDGE_CURVE('',#5185,#5198,#6393,.F.);
#3895=EDGE_CURVE('',#5343,#5344,#6394,.F.);
#3896=EDGE_CURVE('',#5344,#5345,#6395,.F.);
#3897=EDGE_CURVE('',#5345,#5346,#6396,.F.);
#3898=EDGE_CURVE('',#5346,#5343,#6397,.F.);
#3899=EDGE_CURVE('',#5347,#5197,#6398,.F.);
#3900=EDGE_CURVE('',#5347,#5348,#316,.T.);
#3901=EDGE_CURVE('',#5199,#5348,#6399,.T.);
#3902=EDGE_CURVE('',#5348,#5187,#6400,.F.);
#3903=EDGE_CURVE('',#5188,#5347,#6401,.T.);
#3904=EDGE_CURVE('',#5202,#5212,#6402,.T.);
#3905=EDGE_CURVE('',#5266,#5210,#317,.F.);
#3906=EDGE_CURVE('',#5267,#5203,#318,.T.);
#3907=EDGE_CURVE('',#5221,#5207,#6403,.T.);
#3908=EDGE_CURVE('',#5220,#5208,#6404,.T.);
#3909=EDGE_CURVE('',#5219,#5209,#6405,.T.);
#3910=EDGE_CURVE('',#5218,#5349,#319,.F.);
#3911=EDGE_CURVE('',#5349,#5350,#6406,.T.);
#3912=EDGE_CURVE('',#5350,#5214,#320,.F.);
#3913=EDGE_CURVE('',#5215,#5206,#6407,.T.);
#3914=EDGE_CURVE('',#5351,#5352,#6408,.T.);
#3915=EDGE_CURVE('',#5352,#5353,#6409,.T.);
#3916=EDGE_CURVE('',#5353,#5354,#6410,.T.);
#3917=EDGE_CURVE('',#5354,#5351,#6411,.T.);
#3918=EDGE_CURVE('',#5216,#5181,#321,.T.);
#3919=EDGE_CURVE('',#5184,#5217,#322,.T.);
#3920=EDGE_CURVE('',#5355,#5356,#6412,.F.);
#3921=EDGE_CURVE('',#5356,#5350,#6413,.F.);
#3922=EDGE_CURVE('',#5349,#5355,#6414,.F.);
#3923=EDGE_CURVE('',#5355,#5183,#146,.T.);
#3924=EDGE_CURVE('',#5356,#5182,#147,.T.);
#3925=EDGE_CURVE('',#5343,#5352,#148,.T.);
#3926=EDGE_CURVE('',#5353,#5346,#149,.F.);
#3927=EDGE_CURVE('',#5354,#5345,#150,.F.);
#3928=EDGE_CURVE('',#5344,#5351,#151,.T.);
#3929=EDGE_CURVE('',#5357,#5358,#6415,.T.);
#3930=EDGE_CURVE('',#5357,#5359,#6416,.T.);
#3931=EDGE_CURVE('',#5359,#5360,#6417,.F.);
#3932=EDGE_CURVE('',#5360,#5298,#323,.T.);
#3933=EDGE_CURVE('',#5358,#5229,#324,.T.);
#3934=EDGE_CURVE('',#5361,#5362,#6418,.F.);
#3935=EDGE_CURVE('',#5361,#5363,#6419,.F.);
#3936=EDGE_CURVE('',#5363,#5364,#6420,.T.);
#3937=EDGE_CURVE('',#5364,#5165,#325,.T.);
#3938=EDGE_CURVE('',#5362,#5164,#326,.T.);
#3939=EDGE_CURVE('',#5365,#5366,#6421,.T.);
#3940=EDGE_CURVE('',#5366,#5367,#6422,.T.);
#3941=EDGE_CURVE('',#5368,#5367,#6423,.F.);
#3942=EDGE_CURVE('',#5368,#5365,#6424,.T.);
#3943=EDGE_CURVE('',#5363,#5366,#327,.T.);
#3944=EDGE_CURVE('',#5365,#5357,#328,.T.);
#3945=EDGE_CURVE('',#5358,#5364,#6425,.T.);
#3946=EDGE_CURVE('',#5367,#5361,#329,.F.);
#3947=EDGE_CURVE('',#5360,#5362,#6426,.F.);
#3948=EDGE_CURVE('',#5359,#5368,#330,.F.);
#3949=EDGE_CURVE('',#5158,#5144,#6427,.T.);
#3950=EDGE_CURVE('',#5143,#5150,#6428,.T.);
#3951=EDGE_CURVE('',#5153,#5145,#6429,.T.);
#3952=EDGE_CURVE('',#5151,#5146,#6430,.F.);
#3953=EDGE_CURVE('',#5369,#5370,#6431,.T.);
#3954=EDGE_CURVE('',#5370,#5371,#6432,.T.);
#3955=EDGE_CURVE('',#5372,#5371,#6433,.T.);
#3956=EDGE_CURVE('',#5372,#5369,#6434,.T.);
#3957=EDGE_CURVE('',#5373,#5374,#6435,.T.);
#3958=EDGE_CURVE('',#5374,#5370,#6436,.T.);
#3959=EDGE_CURVE('',#5369,#5373,#6437,.T.);
#3960=EDGE_CURVE('',#5375,#5376,#6438,.T.);
#3961=EDGE_CURVE('',#5376,#5374,#6439,.T.);
#3962=EDGE_CURVE('',#5373,#5375,#6440,.T.);
#3963=EDGE_CURVE('',#5371,#5376,#6441,.T.);
#3964=EDGE_CURVE('',#5375,#5372,#6442,.T.);
#3965=EDGE_CURVE('',#5377,#5378,#6443,.T.);
#3966=EDGE_CURVE('',#5378,#5379,#6444,.T.);
#3967=EDGE_CURVE('',#5380,#5379,#6445,.T.);
#3968=EDGE_CURVE('',#5380,#5377,#6446,.T.);
#3969=EDGE_CURVE('',#5381,#5382,#6447,.T.);
#3970=EDGE_CURVE('',#5382,#5378,#6448,.T.);
#3971=EDGE_CURVE('',#5377,#5381,#6449,.T.);
#3972=EDGE_CURVE('',#5383,#5384,#6450,.T.);
#3973=EDGE_CURVE('',#5384,#5382,#6451,.T.);
#3974=EDGE_CURVE('',#5381,#5383,#6452,.T.);
#3975=EDGE_CURVE('',#5379,#5384,#6453,.T.);
#3976=EDGE_CURVE('',#5383,#5380,#6454,.T.);
#3977=EDGE_CURVE('',#5385,#5386,#6455,.T.);
#3978=EDGE_CURVE('',#5387,#5385,#6456,.T.);
#3979=EDGE_CURVE('',#5387,#5388,#6457,.T.);
#3980=EDGE_CURVE('',#5388,#5386,#6458,.T.);
#3981=EDGE_CURVE('',#5386,#5389,#6459,.T.);
#3982=EDGE_CURVE('',#5388,#5390,#6460,.T.);
#3983=EDGE_CURVE('',#5390,#5389,#6461,.T.);
#3984=EDGE_CURVE('',#5389,#5391,#6462,.T.);
#3985=EDGE_CURVE('',#5390,#5392,#6463,.T.);
#3986=EDGE_CURVE('',#5392,#5391,#6464,.T.);
#3987=EDGE_CURVE('',#5392,#5387,#6465,.T.);
#3988=EDGE_CURVE('',#5391,#5385,#6466,.T.);
#3989=EDGE_CURVE('',#5393,#5394,#6467,.T.);
#3990=EDGE_CURVE('',#5393,#5395,#6468,.T.);
#3991=EDGE_CURVE('',#5396,#5395,#6469,.T.);
#3992=EDGE_CURVE('',#5394,#5396,#6470,.T.);
#3993=EDGE_CURVE('',#5397,#5398,#6471,.T.);
#3994=EDGE_CURVE('',#5398,#5399,#6472,.T.);
#3995=EDGE_CURVE('',#5399,#5400,#6473,.T.);
#3996=EDGE_CURVE('',#5400,#5401,#6474,.T.);
#3997=EDGE_CURVE('',#5401,#5402,#6475,.T.);
#3998=EDGE_CURVE('',#5402,#5403,#6476,.T.);
#3999=EDGE_CURVE('',#5403,#5404,#6477,.T.);
#4000=EDGE_CURVE('',#5404,#5405,#6478,.T.);
#4001=EDGE_CURVE('',#5405,#5406,#6479,.T.);
#4002=EDGE_CURVE('',#5406,#5407,#6480,.T.);
#4003=EDGE_CURVE('',#5407,#5408,#6481,.T.);
#4004=EDGE_CURVE('',#5408,#5409,#6482,.T.);
#4005=EDGE_CURVE('',#5409,#5410,#6483,.T.);
#4006=EDGE_CURVE('',#5410,#5411,#6484,.T.);
#4007=EDGE_CURVE('',#5411,#5412,#6485,.T.);
#4008=EDGE_CURVE('',#5412,#5413,#6486,.T.);
#4009=EDGE_CURVE('',#5413,#5414,#6487,.T.);
#4010=EDGE_CURVE('',#5414,#5415,#6488,.T.);
#4011=EDGE_CURVE('',#5415,#5416,#6489,.T.);
#4012=EDGE_CURVE('',#5416,#5397,#6490,.T.);
#4013=EDGE_CURVE('',#5417,#5418,#6491,.T.);
#4014=EDGE_CURVE('',#5417,#5419,#6492,.T.);
#4015=EDGE_CURVE('',#5419,#5420,#6493,.T.);
#4016=EDGE_CURVE('',#5418,#5420,#6494,.T.);
#4017=EDGE_CURVE('',#5421,#5422,#6495,.T.);
#4018=EDGE_CURVE('',#5422,#5423,#6496,.T.);
#4019=EDGE_CURVE('',#5423,#5424,#6497,.T.);
#4020=EDGE_CURVE('',#5425,#5424,#6498,.T.);
#4021=EDGE_CURVE('',#5426,#5425,#6499,.T.);
#4022=EDGE_CURVE('',#5426,#5421,#6500,.T.);
#4023=EDGE_CURVE('',#5427,#5428,#6501,.T.);
#4024=EDGE_CURVE('',#5429,#5427,#6502,.T.);
#4025=EDGE_CURVE('',#5430,#5429,#6503,.T.);
#4026=EDGE_CURVE('',#5431,#5430,#6504,.T.);
#4027=EDGE_CURVE('',#5432,#5431,#6505,.T.);
#4028=EDGE_CURVE('',#5433,#5432,#6506,.T.);
#4029=EDGE_CURVE('',#5433,#5434,#6507,.T.);
#4030=EDGE_CURVE('',#5434,#5435,#6508,.T.);
#4031=EDGE_CURVE('',#5436,#5435,#6509,.T.);
#4032=EDGE_CURVE('',#5437,#5436,#6510,.T.);
#4033=EDGE_CURVE('',#5437,#5438,#6511,.T.);
#4034=EDGE_CURVE('',#5439,#5438,#6512,.T.);
#4035=EDGE_CURVE('',#5439,#5424,#6513,.T.);
#4036=EDGE_CURVE('',#5423,#5440,#6514,.T.);
#4037=EDGE_CURVE('',#5440,#5441,#6515,.T.);
#4038=EDGE_CURVE('',#5441,#5394,#6516,.T.);
#4039=EDGE_CURVE('',#5442,#5396,#6517,.T.);
#4040=EDGE_CURVE('',#5428,#5442,#6518,.T.);
#4041=EDGE_CURVE('',#5443,#5441,#6519,.T.);
#4042=EDGE_CURVE('',#5443,#5444,#6520,.T.);
#4043=EDGE_CURVE('',#5444,#5445,#6521,.T.);
#4044=EDGE_CURVE('',#5445,#5446,#6522,.T.);
#4045=EDGE_CURVE('',#5446,#5447,#6523,.T.);
#4046=EDGE_CURVE('',#5447,#5448,#6524,.T.);
#4047=EDGE_CURVE('',#5449,#5448,#6525,.T.);
#4048=EDGE_CURVE('',#5449,#5393,#6526,.T.);
#4049=EDGE_CURVE('',#5422,#5450,#6527,.T.);
#4050=EDGE_CURVE('',#5421,#5451,#6528,.T.);
#4051=EDGE_CURVE('',#5452,#5451,#6529,.T.);
#4052=EDGE_CURVE('',#5452,#5453,#6530,.T.);
#4053=EDGE_CURVE('',#5453,#5454,#6531,.F.);
#4054=EDGE_CURVE('',#5455,#5454,#6532,.T.);
#4055=EDGE_CURVE('',#5455,#5456,#6533,.T.);
#4056=EDGE_CURVE('',#5457,#5456,#6534,.T.);
#4057=EDGE_CURVE('',#5457,#5458,#6535,.T.);
#4058=EDGE_CURVE('',#5459,#5458,#6536,.T.);
#4059=EDGE_CURVE('',#5460,#5459,#6537,.T.);
#4060=EDGE_CURVE('',#5461,#5460,#6538,.T.);
#4061=EDGE_CURVE('',#5462,#5461,#6539,.T.);
#4062=EDGE_CURVE('',#5462,#5463,#6540,.T.);
#4063=EDGE_CURVE('',#5463,#5464,#6541,.T.);
#4064=EDGE_CURVE('',#5464,#5465,#6542,.T.);
#4065=EDGE_CURVE('',#5444,#5465,#6543,.T.);
#4066=EDGE_CURVE('',#5450,#5443,#6544,.T.);
#4067=EDGE_CURVE('',#5466,#5467,#6545,.T.);
#4068=EDGE_CURVE('',#5468,#5466,#6546,.T.);
#4069=EDGE_CURVE('',#5469,#5468,#6547,.T.);
#4070=EDGE_CURVE('',#5469,#5470,#6548,.T.);
#4071=EDGE_CURVE('',#5470,#5471,#6549,.T.);
#4072=EDGE_CURVE('',#5472,#5471,#331,.T.);
#4073=EDGE_CURVE('',#5472,#5473,#6550,.T.);
#4074=EDGE_CURVE('',#5473,#5474,#6551,.T.);
#4075=EDGE_CURVE('',#5475,#5474,#6552,.T.);
#4076=EDGE_CURVE('',#5476,#5475,#6553,.T.);
#4077=EDGE_CURVE('',#5477,#5476,#6554,.T.);
#4078=EDGE_CURVE('',#5477,#5448,#6555,.T.);
#4079=EDGE_CURVE('',#5447,#5478,#332,.T.);
#4080=EDGE_CURVE('',#5478,#5479,#6556,.T.);
#4081=EDGE_CURVE('',#5479,#5480,#6557,.T.);
#4082=EDGE_CURVE('',#5481,#5480,#6558,.T.);
#4083=EDGE_CURVE('',#5482,#5481,#6559,.T.);
#4084=EDGE_CURVE('',#5483,#5482,#6560,.T.);
#4085=EDGE_CURVE('',#5483,#5484,#6561,.T.);
#4086=EDGE_CURVE('',#5485,#5484,#6562,.T.);
#4087=EDGE_CURVE('',#5486,#5485,#6563,.T.);
#4088=EDGE_CURVE('',#5487,#5486,#6564,.T.);
#4089=EDGE_CURVE('',#5487,#5488,#6565,.T.);
#4090=EDGE_CURVE('',#5489,#5488,#6566,.T.);
#4091=EDGE_CURVE('',#5490,#5489,#6567,.T.);
#4092=EDGE_CURVE('',#5491,#5490,#6568,.T.);
#4093=EDGE_CURVE('',#5491,#5492,#6569,.T.);
#4094=EDGE_CURVE('',#5493,#5492,#6570,.T.);
#4095=EDGE_CURVE('',#5494,#5493,#6571,.T.);
#4096=EDGE_CURVE('',#5495,#5494,#6572,.T.);
#4097=EDGE_CURVE('',#5495,#5496,#6573,.T.);
#4098=EDGE_CURVE('',#5497,#5496,#6574,.T.);
#4099=EDGE_CURVE('',#5498,#5497,#6575,.T.);
#4100=EDGE_CURVE('',#5499,#5498,#6576,.T.);
#4101=EDGE_CURVE('',#5499,#5500,#6577,.T.);
#4102=EDGE_CURVE('',#5501,#5500,#6578,.T.);
#4103=EDGE_CURVE('',#5502,#5501,#6579,.T.);
#4104=EDGE_CURVE('',#5503,#5502,#6580,.T.);
#4105=EDGE_CURVE('',#5503,#5504,#6581,.T.);
#4106=EDGE_CURVE('',#5505,#5504,#6582,.T.);
#4107=EDGE_CURVE('',#5506,#5505,#6583,.T.);
#4108=EDGE_CURVE('',#5507,#5506,#6584,.T.);
#4109=EDGE_CURVE('',#5507,#5467,#6585,.T.);
#4110=EDGE_CURVE('',#5508,#5503,#6586,.T.);
#4111=EDGE_CURVE('',#5509,#5508,#6587,.T.);
#4112=EDGE_CURVE('',#5509,#5504,#6588,.T.);
#4113=EDGE_CURVE('',#5510,#5495,#6589,.T.);
#4114=EDGE_CURVE('',#5511,#5510,#6590,.T.);
#4115=EDGE_CURVE('',#5511,#5496,#6591,.T.);
#4116=EDGE_CURVE('',#5512,#5487,#6592,.T.);
#4117=EDGE_CURVE('',#5513,#5512,#6593,.T.);
#4118=EDGE_CURVE('',#5513,#5488,#6594,.T.);
#4119=EDGE_CURVE('',#5514,#5515,#6595,.T.);
#4120=EDGE_CURVE('',#5514,#5467,#6596,.T.);
#4121=EDGE_CURVE('',#5515,#5507,#6597,.T.);
#4122=EDGE_CURVE('',#5516,#5517,#6598,.T.);
#4123=EDGE_CURVE('',#5516,#5500,#6599,.T.);
#4124=EDGE_CURVE('',#5517,#5499,#6600,.T.);
#4125=EDGE_CURVE('',#5518,#5519,#6601,.T.);
#4126=EDGE_CURVE('',#5518,#5492,#6602,.T.);
#4127=EDGE_CURVE('',#5519,#5491,#6603,.T.);
#4128=EDGE_CURVE('',#5520,#5521,#6604,.T.);
#4129=EDGE_CURVE('',#5520,#5484,#6605,.T.);
#4130=EDGE_CURVE('',#5521,#5483,#6606,.T.);
#4131=EDGE_CURVE('',#5479,#5462,#6607,.T.);
#4132=EDGE_CURVE('',#5461,#5480,#6608,.T.);
#4133=EDGE_CURVE('',#5465,#5522,#6609,.T.);
#4134=EDGE_CURVE('',#5445,#5522,#6610,.T.);
#4135=EDGE_CURVE('',#5523,#5524,#6611,.T.);
#4136=EDGE_CURVE('',#5523,#5525,#6612,.T.);
#4137=EDGE_CURVE('',#5525,#5526,#6613,.T.);
#4138=EDGE_CURVE('',#5526,#5524,#6614,.T.);
#4139=EDGE_CURVE('',#5527,#5528,#6615,.T.);
#4140=EDGE_CURVE('',#5528,#5470,#6616,.T.);
#4141=EDGE_CURVE('',#5527,#5469,#6617,.T.);
#4142=EDGE_CURVE('',#5529,#5530,#333,.T.);
#4143=EDGE_CURVE('',#5529,#5523,#6618,.T.);
#4144=EDGE_CURVE('',#5524,#5530,#6619,.T.);
#4145=EDGE_CURVE('',#5522,#5531,#6620,.T.);
#4146=EDGE_CURVE('',#5531,#5446,#334,.T.);
#4147=EDGE_CURVE('',#5532,#5455,#6621,.T.);
#4148=EDGE_CURVE('',#5454,#5533,#6622,.T.);
#4149=EDGE_CURVE('',#5533,#5532,#6623,.T.);
#4150=EDGE_CURVE('',#5534,#5460,#6624,.T.);
#4151=EDGE_CURVE('',#5535,#5459,#6625,.T.);
#4152=EDGE_CURVE('',#5535,#5534,#6626,.T.);
#4153=EDGE_CURVE('',#5536,#5537,#6627,.T.);
#4154=EDGE_CURVE('',#5537,#5538,#6628,.T.);
#4155=EDGE_CURVE('',#5538,#5539,#6629,.T.);
#4156=EDGE_CURVE('',#5539,#5536,#6630,.T.);
#4157=EDGE_CURVE('',#5540,#5541,#6631,.T.);
#4158=EDGE_CURVE('',#5540,#5542,#6632,.T.);
#4159=EDGE_CURVE('',#5542,#5543,#6633,.T.);
#4160=EDGE_CURVE('',#5543,#5541,#6634,.T.);
#4161=EDGE_CURVE('',#5544,#5427,#6635,.T.);
#4162=EDGE_CURVE('',#5544,#5545,#6636,.T.);
#4163=EDGE_CURVE('',#5545,#5546,#6637,.T.);
#4164=EDGE_CURVE('',#5547,#5546,#6638,.T.);
#4165=EDGE_CURVE('',#5429,#5547,#6639,.T.);
#4166=EDGE_CURVE('',#5548,#5549,#6640,.T.);
#4167=EDGE_CURVE('',#5549,#5481,#6641,.T.);
#4168=EDGE_CURVE('',#5534,#5550,#6642,.T.);
#4169=EDGE_CURVE('',#5551,#5550,#6643,.T.);
#4170=EDGE_CURVE('',#5552,#5551,#6644,.T.);
#4171=EDGE_CURVE('',#5553,#5552,#6645,.T.);
#4172=EDGE_CURVE('',#5553,#5554,#6646,.T.);
#4173=EDGE_CURVE('',#5554,#5548,#6647,.T.);
#4174=EDGE_CURVE('',#5555,#5468,#6648,.T.);
#4175=EDGE_CURVE('',#5556,#5555,#6649,.T.);
#4176=EDGE_CURVE('',#5556,#5557,#6650,.T.);
#4177=EDGE_CURVE('',#5557,#5558,#6651,.T.);
#4178=EDGE_CURVE('',#5559,#5558,#6652,.T.);
#4179=EDGE_CURVE('',#5559,#5560,#6653,.T.);
#4180=EDGE_CURVE('',#5561,#5560,#6654,.T.);
#4181=EDGE_CURVE('',#5561,#5543,#6655,.T.);
#4182=EDGE_CURVE('',#5542,#5527,#6656,.T.);
#4183=EDGE_CURVE('',#5521,#5562,#6657,.T.);
#4184=EDGE_CURVE('',#5563,#5562,#6658,.T.);
#4185=EDGE_CURVE('',#5520,#5563,#6659,.T.);
#4186=EDGE_CURVE('',#5552,#5564,#6660,.T.);
#4187=EDGE_CURVE('',#5564,#5565,#6661,.T.);
#4188=EDGE_CURVE('',#5565,#5566,#6662,.T.);
#4189=EDGE_CURVE('',#5566,#5567,#6663,.T.);
#4190=EDGE_CURVE('',#5567,#5568,#6664,.T.);
#4191=EDGE_CURVE('',#5568,#5569,#6665,.T.);
#4192=EDGE_CURVE('',#5569,#5570,#6666,.T.);
#4193=EDGE_CURVE('',#5570,#5571,#6667,.T.);
#4194=EDGE_CURVE('',#5571,#5572,#6668,.T.);
#4195=EDGE_CURVE('',#5572,#5573,#6669,.T.);
#4196=EDGE_CURVE('',#5573,#5574,#6670,.T.);
#4197=EDGE_CURVE('',#5574,#5575,#6671,.T.);
#4198=EDGE_CURVE('',#5575,#5576,#6672,.T.);
#4199=EDGE_CURVE('',#5576,#5577,#6673,.T.);
#4200=EDGE_CURVE('',#5577,#5578,#6674,.T.);
#4201=EDGE_CURVE('',#5578,#5579,#6675,.T.);
#4202=EDGE_CURVE('',#5579,#5580,#6676,.T.);
#4203=EDGE_CURVE('',#5580,#5581,#6677,.T.);
#4204=EDGE_CURVE('',#5581,#5582,#6678,.T.);
#4205=EDGE_CURVE('',#5582,#5583,#6679,.T.);
#4206=EDGE_CURVE('',#5583,#5584,#6680,.T.);
#4207=EDGE_CURVE('',#5584,#5585,#6681,.T.);
#4208=EDGE_CURVE('',#5585,#5586,#6682,.T.);
#4209=EDGE_CURVE('',#5586,#5587,#6683,.T.);
#4210=EDGE_CURVE('',#5587,#5588,#6684,.T.);
#4211=EDGE_CURVE('',#5588,#5589,#6685,.T.);
#4212=EDGE_CURVE('',#5589,#5590,#6686,.T.);
#4213=EDGE_CURVE('',#5590,#5591,#6687,.T.);
#4214=EDGE_CURVE('',#5591,#5559,#6688,.T.);
#4215=EDGE_CURVE('',#5558,#5592,#6689,.T.);
#4216=EDGE_CURVE('',#5592,#5593,#6690,.T.);
#4217=EDGE_CURVE('',#5593,#5594,#6691,.T.);
#4218=EDGE_CURVE('',#5594,#5595,#6692,.T.);
#4219=EDGE_CURVE('',#5595,#5596,#6693,.T.);
#4220=EDGE_CURVE('',#5596,#5597,#6694,.T.);
#4221=EDGE_CURVE('',#5597,#5598,#6695,.T.);
#4222=EDGE_CURVE('',#5598,#5599,#6696,.T.);
#4223=EDGE_CURVE('',#5599,#5553,#6697,.T.);
#4224=EDGE_CURVE('',#5599,#5600,#6698,.T.);
#4225=EDGE_CURVE('',#5600,#5601,#6699,.T.);
#4226=EDGE_CURVE('',#5592,#5601,#6700,.T.);
#4227=EDGE_CURVE('',#5557,#5602,#6701,.T.);
#4228=EDGE_CURVE('',#5590,#5602,#6702,.T.);
#4229=EDGE_CURVE('',#5603,#5589,#6703,.T.);
#4230=EDGE_CURVE('',#5603,#5604,#6704,.T.);
#4231=EDGE_CURVE('',#5586,#5604,#6705,.T.);
#4232=EDGE_CURVE('',#5605,#5585,#6706,.T.);
#4233=EDGE_CURVE('',#5605,#5606,#6707,.T.);
#4234=EDGE_CURVE('',#5582,#5606,#6708,.T.);
#4235=EDGE_CURVE('',#5607,#5581,#6709,.T.);
#4236=EDGE_CURVE('',#5607,#5608,#6710,.T.);
#4237=EDGE_CURVE('',#5578,#5608,#6711,.T.);
#4238=EDGE_CURVE('',#5609,#5577,#6712,.T.);
#4239=EDGE_CURVE('',#5609,#5610,#6713,.T.);
#4240=EDGE_CURVE('',#5574,#5610,#6714,.T.);
#4241=EDGE_CURVE('',#5611,#5573,#6715,.T.);
#4242=EDGE_CURVE('',#5611,#5612,#6716,.T.);
#4243=EDGE_CURVE('',#5570,#5612,#6717,.T.);
#4244=EDGE_CURVE('',#5613,#5569,#6718,.T.);
#4245=EDGE_CURVE('',#5613,#5614,#6719,.T.);
#4246=EDGE_CURVE('',#5566,#5614,#6720,.T.);
#4247=EDGE_CURVE('',#5615,#5565,#6721,.T.);
#4248=EDGE_CURVE('',#5615,#5554,#6722,.T.);
#4249=EDGE_CURVE('',#5512,#5616,#6723,.T.);
#4250=EDGE_CURVE('',#5617,#5616,#6724,.T.);
#4251=EDGE_CURVE('',#5513,#5617,#6725,.T.);
#4252=EDGE_CURVE('',#5519,#5618,#6726,.T.);
#4253=EDGE_CURVE('',#5619,#5618,#6727,.T.);
#4254=EDGE_CURVE('',#5518,#5619,#6728,.T.);
#4255=EDGE_CURVE('',#5510,#5620,#6729,.T.);
#4256=EDGE_CURVE('',#5621,#5620,#6730,.T.);
#4257=EDGE_CURVE('',#5511,#5621,#6731,.T.);
#4258=EDGE_CURVE('',#5517,#5622,#6732,.T.);
#4259=EDGE_CURVE('',#5623,#5622,#6733,.T.);
#4260=EDGE_CURVE('',#5516,#5623,#6734,.T.);
#4261=EDGE_CURVE('',#5508,#5624,#6735,.T.);
#4262=EDGE_CURVE('',#5625,#5624,#6736,.T.);
#4263=EDGE_CURVE('',#5509,#5625,#6737,.T.);
#4264=EDGE_CURVE('',#5515,#5626,#6738,.T.);
#4265=EDGE_CURVE('',#5627,#5626,#6739,.T.);
#4266=EDGE_CURVE('',#5514,#5627,#6740,.T.);
#4267=EDGE_CURVE('',#5452,#5628,#6741,.T.);
#4268=EDGE_CURVE('',#5628,#5629,#6742,.T.);
#4269=EDGE_CURVE('',#5629,#5630,#6743,.T.);
#4270=EDGE_CURVE('',#5630,#5631,#6744,.T.);
#4271=EDGE_CURVE('',#5631,#5453,#6745,.T.);
#4272=EDGE_CURVE('',#5632,#5633,#6746,.T.);
#4273=EDGE_CURVE('',#5633,#5634,#6747,.T.);
#4274=EDGE_CURVE('',#5635,#5634,#6748,.T.);
#4275=EDGE_CURVE('',#5635,#5632,#6749,.T.);
#4276=EDGE_CURVE('',#5636,#5637,#6750,.T.);
#4277=EDGE_CURVE('',#5637,#5638,#6751,.T.);
#4278=EDGE_CURVE('',#5639,#5638,#6752,.T.);
#4279=EDGE_CURVE('',#5639,#5636,#6753,.T.);
#4280=EDGE_CURVE('',#5640,#5641,#6754,.T.);
#4281=EDGE_CURVE('',#5640,#5642,#6755,.T.);
#4282=EDGE_CURVE('',#5643,#5642,#6756,.T.);
#4283=EDGE_CURVE('',#5643,#5644,#6757,.T.);
#4284=EDGE_CURVE('',#5645,#5644,#6758,.T.);
#4285=EDGE_CURVE('',#5645,#5641,#6759,.T.);
#4286=EDGE_CURVE('',#5644,#5646,#6760,.T.);
#4287=EDGE_CURVE('',#5647,#5646,#6761,.T.);
#4288=EDGE_CURVE('',#5648,#5647,#6762,.T.);
#4289=EDGE_CURVE('',#5649,#5648,#6763,.T.);
#4290=EDGE_CURVE('',#5650,#5649,#6764,.T.);
#4291=EDGE_CURVE('',#5650,#5651,#6765,.T.);
#4292=EDGE_CURVE('',#5651,#5645,#6766,.T.);
#4293=EDGE_CURVE('',#5652,#5653,#6767,.T.);
#4294=EDGE_CURVE('',#5653,#5654,#6768,.T.);
#4295=EDGE_CURVE('',#5655,#5654,#6769,.T.);
#4296=EDGE_CURVE('',#5655,#5652,#6770,.T.);
#4297=EDGE_CURVE('',#5656,#5657,#6771,.T.);
#4298=EDGE_CURVE('',#5657,#5658,#6772,.T.);
#4299=EDGE_CURVE('',#5658,#5659,#6773,.T.);
#4300=EDGE_CURVE('',#5656,#5659,#6774,.T.);
#4301=EDGE_CURVE('',#5660,#5545,#6775,.T.);
#4302=EDGE_CURVE('',#5660,#5651,#6776,.T.);
#4303=EDGE_CURVE('',#5661,#5650,#6777,.T.);
#4304=EDGE_CURVE('',#5661,#5662,#6778,.T.);
#4305=EDGE_CURVE('',#5663,#5662,#6779,.T.);
#4306=EDGE_CURVE('',#5664,#5663,#6780,.T.);
#4307=EDGE_CURVE('',#5664,#5665,#6781,.T.);
#4308=EDGE_CURVE('',#5665,#5666,#6782,.T.);
#4309=EDGE_CURVE('',#5432,#5666,#6783,.T.);
#4310=EDGE_CURVE('',#5667,#5431,#6784,.T.);
#4311=EDGE_CURVE('',#5667,#5546,#6785,.T.);
#4312=EDGE_CURVE('',#5668,#5658,#6786,.T.);
#4313=EDGE_CURVE('',#5668,#5669,#6787,.T.);
#4314=EDGE_CURVE('',#5670,#5669,#6788,.T.);
#4315=EDGE_CURVE('',#5671,#5670,#6789,.T.);
#4316=EDGE_CURVE('',#5672,#5671,#6790,.T.);
#4317=EDGE_CURVE('',#5551,#5672,#6791,.T.);
#4318=EDGE_CURVE('',#5673,#5550,#6792,.T.);
#4319=EDGE_CURVE('',#5674,#5673,#6793,.T.);
#4320=EDGE_CURVE('',#5675,#5674,#6794,.T.);
#4321=EDGE_CURVE('',#5435,#5675,#6795,.T.);
#4322=EDGE_CURVE('',#5676,#5434,#6796,.T.);
#4323=EDGE_CURVE('',#5677,#5676,#6797,.T.);
#4324=EDGE_CURVE('',#5678,#5677,#6798,.T.);
#4325=EDGE_CURVE('',#5561,#5678,#6799,.T.);
#4326=EDGE_CURVE('',#5679,#5560,#6800,.T.);
#4327=EDGE_CURVE('',#5659,#5679,#6801,.T.);
#4328=EDGE_CURVE('',#5680,#5676,#6802,.T.);
#4329=EDGE_CURVE('',#5681,#5433,#6803,.T.);
#4330=EDGE_CURVE('',#5682,#5681,#6804,.T.);
#4331=EDGE_CURVE('',#5682,#5683,#6805,.T.);
#4332=EDGE_CURVE('',#5683,#5684,#6806,.T.);
#4333=EDGE_CURVE('',#5680,#5684,#6807,.T.);
#4334=EDGE_CURVE('',#5685,#5675,#6808,.T.);
#4335=EDGE_CURVE('',#5637,#5685,#6809,.T.);
#4336=EDGE_CURVE('',#5636,#5635,#6810,.T.);
#4337=EDGE_CURVE('',#5436,#5634,#6811,.T.);
#4338=EDGE_CURVE('',#5681,#5666,#6812,.T.);
#4339=EDGE_CURVE('',#5665,#5682,#6813,.T.);
#4340=EDGE_CURVE('',#5663,#5684,#6814,.T.);
#4341=EDGE_CURVE('',#5683,#5664,#6815,.T.);
#4342=EDGE_CURVE('',#5686,#5687,#6816,.T.);
#4343=EDGE_CURVE('',#5687,#5688,#6817,.T.);
#4344=EDGE_CURVE('',#5689,#5688,#6818,.T.);
#4345=EDGE_CURVE('',#5690,#5689,#6819,.T.);
#4346=EDGE_CURVE('',#5690,#5691,#6820,.T.);
#4347=EDGE_CURVE('',#5691,#5600,#6821,.T.);
#4348=EDGE_CURVE('',#5692,#5598,#6822,.T.);
#4349=EDGE_CURVE('',#5692,#5686,#6823,.T.);
#4350=EDGE_CURVE('',#5526,#5693,#6824,.T.);
#4351=EDGE_CURVE('',#5693,#5442,#6825,.T.);
#4352=EDGE_CURVE('',#5395,#5694,#6826,.T.);
#4353=EDGE_CURVE('',#5694,#5473,#6827,.T.);
#4354=EDGE_CURVE('',#5530,#5472,#6828,.T.);
#4355=EDGE_CURVE('',#5695,#5696,#6829,.T.);
#4356=EDGE_CURVE('',#5696,#5687,#6830,.T.);
#4357=EDGE_CURVE('',#5686,#5695,#6831,.T.);
#4358=EDGE_CURVE('',#5697,#5698,#6832,.T.);
#4359=EDGE_CURVE('',#5698,#5699,#6833,.T.);
#4360=EDGE_CURVE('',#5700,#5699,#6834,.T.);
#4361=EDGE_CURVE('',#5700,#5701,#6835,.T.);
#4362=EDGE_CURVE('',#5701,#5593,#6836,.T.);
#4363=EDGE_CURVE('',#5601,#5702,#6837,.T.);
#4364=EDGE_CURVE('',#5703,#5702,#6838,.T.);
#4365=EDGE_CURVE('',#5697,#5703,#6839,.T.);
#4366=EDGE_CURVE('',#5699,#5704,#6840,.T.);
#4367=EDGE_CURVE('',#5705,#5704,#6841,.T.);
#4368=EDGE_CURVE('',#5705,#5700,#6842,.T.);
#4369=EDGE_CURVE('',#5704,#5706,#6843,.T.);
#4370=EDGE_CURVE('',#5707,#5706,#6844,.T.);
#4371=EDGE_CURVE('',#5707,#5708,#6845,.T.);
#4372=EDGE_CURVE('',#5708,#5668,#6846,.T.);
#4373=EDGE_CURVE('',#5709,#5657,#6847,.T.);
#4374=EDGE_CURVE('',#5709,#5653,#6848,.T.);
#4375=EDGE_CURVE('',#5652,#5710,#6849,.T.);
#4376=EDGE_CURVE('',#5710,#5595,#6850,.T.);
#4377=EDGE_CURVE('',#5711,#5594,#6851,.T.);
#4378=EDGE_CURVE('',#5711,#5705,#6852,.T.);
#4379=EDGE_CURVE('',#5706,#5712,#6853,.T.);
#4380=EDGE_CURVE('',#5713,#5712,#6854,.T.);
#4381=EDGE_CURVE('',#5713,#5707,#6855,.T.);
#4382=EDGE_CURVE('',#5712,#5714,#6856,.T.);
#4383=EDGE_CURVE('',#5715,#5714,#6857,.T.);
#4384=EDGE_CURVE('',#5715,#5713,#6858,.T.);
#4385=EDGE_CURVE('',#5714,#5716,#6859,.T.);
#4386=EDGE_CURVE('',#5717,#5716,#6860,.T.);
#4387=EDGE_CURVE('',#5717,#5715,#6861,.T.);
#4388=EDGE_CURVE('',#5716,#5718,#6862,.T.);
#4389=EDGE_CURVE('',#5719,#5718,#6863,.T.);
#4390=EDGE_CURVE('',#5719,#5717,#6864,.T.);
#4391=EDGE_CURVE('',#5718,#5720,#6865,.T.);
#4392=EDGE_CURVE('',#5721,#5720,#6866,.T.);
#4393=EDGE_CURVE('',#5721,#5719,#6867,.T.);
#4394=EDGE_CURVE('',#5720,#5696,#6868,.T.);
#4395=EDGE_CURVE('',#5695,#5722,#6869,.T.);
#4396=EDGE_CURVE('',#5722,#5597,#6870,.T.);
#4397=EDGE_CURVE('',#5723,#5596,#6871,.T.);
#4398=EDGE_CURVE('',#5723,#5655,#6872,.T.);
#4399=EDGE_CURVE('',#5654,#5724,#6873,.T.);
#4400=EDGE_CURVE('',#5724,#5725,#6874,.T.);
#4401=EDGE_CURVE('',#5725,#5670,#6875,.T.);
#4402=EDGE_CURVE('',#5726,#5669,#6876,.T.);
#4403=EDGE_CURVE('',#5726,#5721,#6877,.T.);
#4404=EDGE_CURVE('',#5708,#5726,#6878,.T.);
#4405=EDGE_CURVE('',#5727,#5728,#6879,.T.);
#4406=EDGE_CURVE('',#5727,#5729,#6880,.T.);
#4407=EDGE_CURVE('',#5730,#5729,#6881,.T.);
#4408=EDGE_CURVE('',#5728,#5730,#6882,.T.);
#4409=EDGE_CURVE('',#5731,#5727,#6883,.T.);
#4410=EDGE_CURVE('',#5731,#5732,#6884,.T.);
#4411=EDGE_CURVE('',#5729,#5732,#6885,.T.);
#4412=EDGE_CURVE('',#5733,#5731,#6886,.T.);
#4413=EDGE_CURVE('',#5733,#5734,#6887,.T.);
#4414=EDGE_CURVE('',#5732,#5734,#6888,.T.);
#4415=EDGE_CURVE('',#5728,#5733,#6889,.T.);
#4416=EDGE_CURVE('',#5734,#5730,#6890,.T.);
#4417=EDGE_CURVE('',#5735,#5736,#6891,.T.);
#4418=EDGE_CURVE('',#5735,#5737,#6892,.T.);
#4419=EDGE_CURVE('',#5738,#5737,#6893,.T.);
#4420=EDGE_CURVE('',#5736,#5738,#6894,.T.);
#4421=EDGE_CURVE('',#5739,#5735,#6895,.T.);
#4422=EDGE_CURVE('',#5739,#5740,#6896,.T.);
#4423=EDGE_CURVE('',#5737,#5740,#6897,.T.);
#4424=EDGE_CURVE('',#5741,#5739,#6898,.T.);
#4425=EDGE_CURVE('',#5741,#5742,#6899,.T.);
#4426=EDGE_CURVE('',#5740,#5742,#6900,.T.);
#4427=EDGE_CURVE('',#5736,#5741,#6901,.T.);
#4428=EDGE_CURVE('',#5742,#5738,#6902,.T.);
#4429=EDGE_CURVE('',#5743,#5744,#6903,.T.);
#4430=EDGE_CURVE('',#5744,#5745,#6904,.T.);
#4431=EDGE_CURVE('',#5745,#5746,#6905,.T.);
#4432=EDGE_CURVE('',#5746,#5743,#6906,.T.);
#4433=EDGE_CURVE('',#5747,#5748,#6907,.T.);
#4434=EDGE_CURVE('',#5748,#5749,#6908,.T.);
#4435=EDGE_CURVE('',#5749,#5750,#6909,.T.);
#4436=EDGE_CURVE('',#5750,#5747,#6910,.T.);
#4437=EDGE_CURVE('',#5632,#5639,#6911,.T.);
#4438=EDGE_CURVE('',#5751,#5426,#6912,.T.);
#4439=EDGE_CURVE('',#5438,#5751,#6913,.T.);
#4440=EDGE_CURVE('',#5633,#5437,#6914,.T.);
#4441=EDGE_CURVE('',#5752,#5638,#6915,.T.);
#4442=EDGE_CURVE('',#5753,#5752,#6916,.T.);
#4443=EDGE_CURVE('',#5754,#5753,#6917,.T.);
#4444=EDGE_CURVE('',#5754,#5755,#6918,.T.);
#4445=EDGE_CURVE('',#5755,#5451,#6919,.T.);
#4446=EDGE_CURVE('',#5710,#5723,#6920,.T.);
#4447=EDGE_CURVE('',#5701,#5711,#6921,.T.);
#4448=EDGE_CURVE('',#5722,#5692,#6922,.T.);
#4449=EDGE_CURVE('',#5703,#5756,#6923,.T.);
#4450=EDGE_CURVE('',#5756,#5757,#6924,.T.);
#4451=EDGE_CURVE('',#5757,#5697,#6925,.T.);
#4452=EDGE_CURVE('',#5702,#5758,#6926,.T.);
#4453=EDGE_CURVE('',#5756,#5758,#6927,.T.);
#4454=EDGE_CURVE('',#5758,#5759,#6928,.T.);
#4455=EDGE_CURVE('',#5757,#5759,#6929,.T.);
#4456=EDGE_CURVE('',#5759,#5698,#6930,.T.);
#4457=EDGE_CURVE('',#5689,#5760,#6931,.T.);
#4458=EDGE_CURVE('',#5760,#5761,#6932,.T.);
#4459=EDGE_CURVE('',#5761,#5690,#6933,.T.);
#4460=EDGE_CURVE('',#5688,#5762,#6934,.T.);
#4461=EDGE_CURVE('',#5760,#5762,#6935,.T.);
#4462=EDGE_CURVE('',#5762,#5763,#6936,.T.);
#4463=EDGE_CURVE('',#5761,#5763,#6937,.T.);
#4464=EDGE_CURVE('',#5763,#5691,#6938,.T.);
#4465=EDGE_CURVE('',#5764,#5765,#6939,.T.);
#4466=EDGE_CURVE('',#5764,#5680,#6940,.T.);
#4467=EDGE_CURVE('',#5765,#5662,#6941,.T.);
#4468=EDGE_CURVE('',#5764,#5677,#6942,.T.);
#4469=EDGE_CURVE('',#5766,#5648,#6943,.T.);
#4470=EDGE_CURVE('',#5766,#5540,#6944,.T.);
#4471=EDGE_CURVE('',#5678,#5541,#6945,.T.);
#4472=EDGE_CURVE('',#5767,#5765,#6946,.T.);
#4473=EDGE_CURVE('',#5649,#5767,#6947,.T.);
#4474=EDGE_CURVE('',#5767,#5661,#6948,.T.);
#4475=EDGE_CURVE('',#5591,#5768,#6949,.T.);
#4476=EDGE_CURVE('',#5768,#5769,#6950,.T.);
#4477=EDGE_CURVE('',#5769,#5679,#6951,.T.);
#4478=EDGE_CURVE('',#5769,#5656,#6952,.T.);
#4479=EDGE_CURVE('',#5725,#5770,#6953,.T.);
#4480=EDGE_CURVE('',#5770,#5671,#6954,.T.);
#4481=EDGE_CURVE('',#5770,#5771,#6955,.T.);
#4482=EDGE_CURVE('',#5771,#5672,#6956,.T.);
#4483=EDGE_CURVE('',#5771,#5772,#6957,.T.);
#4484=EDGE_CURVE('',#5564,#5772,#6958,.T.);
#4485=EDGE_CURVE('',#5562,#5772,#6959,.T.);
#4486=EDGE_CURVE('',#5657,#5725,#6960,.T.);
#4487=EDGE_CURVE('',#5768,#5627,#6961,.T.);
#4488=EDGE_CURVE('',#5626,#5773,#6962,.T.);
#4489=EDGE_CURVE('',#5773,#5774,#6963,.T.);
#4490=EDGE_CURVE('',#5774,#5625,#6964,.T.);
#4491=EDGE_CURVE('',#5624,#5775,#6965,.T.);
#4492=EDGE_CURVE('',#5775,#5776,#6966,.T.);
#4493=EDGE_CURVE('',#5776,#5623,#6967,.T.);
#4494=EDGE_CURVE('',#5622,#5777,#6968,.T.);
#4495=EDGE_CURVE('',#5777,#5778,#6969,.T.);
#4496=EDGE_CURVE('',#5778,#5621,#6970,.T.);
#4497=EDGE_CURVE('',#5620,#5779,#6971,.T.);
#4498=EDGE_CURVE('',#5779,#5780,#6972,.T.);
#4499=EDGE_CURVE('',#5780,#5619,#6973,.T.);
#4500=EDGE_CURVE('',#5618,#5781,#6974,.T.);
#4501=EDGE_CURVE('',#5781,#5782,#6975,.T.);
#4502=EDGE_CURVE('',#5782,#5617,#6976,.T.);
#4503=EDGE_CURVE('',#5616,#5783,#6977,.T.);
#4504=EDGE_CURVE('',#5783,#5784,#6978,.T.);
#4505=EDGE_CURVE('',#5784,#5563,#6979,.T.);
#4506=EDGE_CURVE('',#5785,#5547,#6980,.T.);
#4507=EDGE_CURVE('',#5430,#5785,#6981,.T.);
#4508=EDGE_CURVE('',#5785,#5667,#6982,.T.);
#4509=EDGE_CURVE('',#5724,#5709,#6983,.T.);
#4510=EDGE_CURVE('',#5660,#5641,#6984,.T.);
#4511=EDGE_CURVE('',#5766,#5786,#6985,.T.);
#4512=EDGE_CURVE('',#5647,#5786,#6986,.T.);
#4513=EDGE_CURVE('',#5787,#5788,#6987,.T.);
#4514=EDGE_CURVE('',#5788,#5786,#6988,.T.);
#4515=EDGE_CURVE('',#5646,#5789,#6989,.T.);
#4516=EDGE_CURVE('',#5789,#5787,#6990,.T.);
#4517=EDGE_CURVE('',#5642,#5536,#6991,.F.);
#4518=EDGE_CURVE('',#5539,#5787,#6992,.T.);
#4519=EDGE_CURVE('',#5789,#5643,#6993,.T.);
#4520=EDGE_CURVE('',#5537,#5640,#6994,.F.);
#4521=EDGE_CURVE('',#5788,#5538,#6995,.T.);
#4522=EDGE_CURVE('',#5790,#5555,#6996,.T.);
#4523=EDGE_CURVE('',#5791,#5790,#6997,.T.);
#4524=EDGE_CURVE('',#5791,#5556,#6998,.T.);
#4525=EDGE_CURVE('',#5602,#5791,#6999,.T.);
#4526=EDGE_CURVE('',#5790,#5466,#7000,.T.);
#4527=EDGE_CURVE('',#5530,#5472,#335,.T.);
#4528=EDGE_CURVE('',#5792,#5792,#336,.T.);
#4529=EDGE_CURVE('',#5793,#5794,#337,.T.);
#4530=EDGE_CURVE('',#5793,#5529,#7001,.F.);
#4531=EDGE_CURVE('',#5794,#5471,#7002,.T.);
#4532=EDGE_CURVE('',#5795,#5795,#338,.T.);
#4533=EDGE_CURVE('',#5752,#5796,#7003,.T.);
#4534=EDGE_CURVE('',#5685,#5797,#7004,.T.);
#4535=EDGE_CURVE('',#5796,#5797,#7005,.T.);
#4536=EDGE_CURVE('',#5798,#5799,#7006,.T.);
#4537=EDGE_CURVE('',#5799,#5629,#7007,.T.);
#4538=EDGE_CURVE('',#5628,#5755,#7008,.T.);
#4539=EDGE_CURVE('',#5800,#5754,#7009,.T.);
#4540=EDGE_CURVE('',#5800,#5801,#7010,.T.);
#4541=EDGE_CURVE('',#5798,#5801,#7011,.T.);
#4542=EDGE_CURVE('',#5801,#5458,#7012,.T.);
#4543=EDGE_CURVE('',#5802,#5800,#7013,.T.);
#4544=EDGE_CURVE('',#5802,#5796,#7014,.T.);
#4545=EDGE_CURVE('',#5797,#5674,#7015,.T.);
#4546=EDGE_CURVE('',#5673,#5535,#7016,.T.);
#4547=EDGE_CURVE('',#5753,#5802,#7017,.T.);
#4548=EDGE_CURVE('',#5803,#5425,#7018,.T.);
#4549=EDGE_CURVE('',#5751,#5803,#7019,.T.);
#4550=EDGE_CURVE('',#5803,#5439,#7020,.T.);
#4551=EDGE_CURVE('',#5457,#5798,#7021,.T.);
#4552=EDGE_CURVE('',#5456,#5804,#7022,.T.);
#4553=EDGE_CURVE('',#5805,#5804,#7023,.T.);
#4554=EDGE_CURVE('',#5805,#5799,#7024,.T.);
#4555=EDGE_CURVE('',#5533,#5631,#7025,.F.);
#4556=EDGE_CURVE('',#5630,#5805,#7026,.T.);
#4557=EDGE_CURVE('',#5804,#5532,#7027,.T.);
#4558=EDGE_CURVE('',#5531,#5806,#7028,.F.);
#4559=EDGE_CURVE('',#5807,#5806,#339,.T.);
#4560=EDGE_CURVE('',#5807,#5478,#7029,.T.);
#4561=EDGE_CURVE('',#5446,#5447,#340,.T.);
#4562=EDGE_CURVE('',#5808,#5808,#341,.T.);
#4563=EDGE_CURVE('',#5809,#5809,#342,.T.);
#4564=EDGE_CURVE('',#5810,#5811,#7030,.T.);
#4565=EDGE_CURVE('',#5812,#5810,#7031,.T.);
#4566=EDGE_CURVE('',#5812,#5813,#7032,.T.);
#4567=EDGE_CURVE('',#5813,#5811,#7033,.T.);
#4568=EDGE_CURVE('',#5813,#5603,#7034,.T.);
#4569=EDGE_CURVE('',#5604,#5812,#7035,.T.);
#4570=EDGE_CURVE('',#5811,#5506,#7036,.T.);
#4571=EDGE_CURVE('',#5588,#5773,#7037,.T.);
#4572=EDGE_CURVE('',#5587,#5774,#7038,.T.);
#4573=EDGE_CURVE('',#5810,#5505,#7039,.T.);
#4574=EDGE_CURVE('',#5814,#5815,#7040,.T.);
#4575=EDGE_CURVE('',#5816,#5814,#7041,.T.);
#4576=EDGE_CURVE('',#5816,#5817,#7042,.T.);
#4577=EDGE_CURVE('',#5817,#5815,#7043,.T.);
#4578=EDGE_CURVE('',#5817,#5605,#7044,.T.);
#4579=EDGE_CURVE('',#5606,#5816,#7045,.T.);
#4580=EDGE_CURVE('',#5815,#5502,#7046,.T.);
#4581=EDGE_CURVE('',#5584,#5775,#7047,.T.);
#4582=EDGE_CURVE('',#5583,#5776,#7048,.T.);
#4583=EDGE_CURVE('',#5814,#5501,#7049,.T.);
#4584=EDGE_CURVE('',#5818,#5819,#7050,.T.);
#4585=EDGE_CURVE('',#5820,#5818,#7051,.T.);
#4586=EDGE_CURVE('',#5820,#5821,#7052,.T.);
#4587=EDGE_CURVE('',#5821,#5819,#7053,.T.);
#4588=EDGE_CURVE('',#5821,#5607,#7054,.T.);
#4589=EDGE_CURVE('',#5608,#5820,#7055,.T.);
#4590=EDGE_CURVE('',#5819,#5498,#7056,.T.);
#4591=EDGE_CURVE('',#5580,#5777,#7057,.T.);
#4592=EDGE_CURVE('',#5579,#5778,#7058,.T.);
#4593=EDGE_CURVE('',#5818,#5497,#7059,.T.);
#4594=EDGE_CURVE('',#5822,#5823,#7060,.T.);
#4595=EDGE_CURVE('',#5824,#5822,#7061,.T.);
#4596=EDGE_CURVE('',#5824,#5825,#7062,.T.);
#4597=EDGE_CURVE('',#5825,#5823,#7063,.T.);
#4598=EDGE_CURVE('',#5825,#5609,#7064,.T.);
#4599=EDGE_CURVE('',#5610,#5824,#7065,.T.);
#4600=EDGE_CURVE('',#5823,#5494,#7066,.T.);
#4601=EDGE_CURVE('',#5576,#5779,#7067,.T.);
#4602=EDGE_CURVE('',#5575,#5780,#7068,.T.);
#4603=EDGE_CURVE('',#5822,#5493,#7069,.T.);
#4604=EDGE_CURVE('',#5826,#5827,#7070,.T.);
#4605=EDGE_CURVE('',#5828,#5826,#7071,.T.);
#4606=EDGE_CURVE('',#5828,#5829,#7072,.T.);
#4607=EDGE_CURVE('',#5829,#5827,#7073,.T.);
#4608=EDGE_CURVE('',#5829,#5611,#7074,.T.);
#4609=EDGE_CURVE('',#5612,#5828,#7075,.T.);
#4610=EDGE_CURVE('',#5827,#5490,#7076,.T.);
#4611=EDGE_CURVE('',#5572,#5781,#7077,.T.);
#4612=EDGE_CURVE('',#5571,#5782,#7078,.T.);
#4613=EDGE_CURVE('',#5826,#5489,#7079,.T.);
#4614=EDGE_CURVE('',#5830,#5831,#7080,.T.);
#4615=EDGE_CURVE('',#5832,#5830,#7081,.T.);
#4616=EDGE_CURVE('',#5832,#5833,#7082,.T.);
#4617=EDGE_CURVE('',#5833,#5831,#7083,.T.);
#4618=EDGE_CURVE('',#5833,#5613,#7084,.T.);
#4619=EDGE_CURVE('',#5614,#5832,#7085,.T.);
#4620=EDGE_CURVE('',#5831,#5486,#7086,.T.);
#4621=EDGE_CURVE('',#5568,#5783,#7087,.T.);
#4622=EDGE_CURVE('',#5567,#5784,#7088,.T.);
#4623=EDGE_CURVE('',#5830,#5485,#7089,.T.);
#4624=EDGE_CURVE('',#5549,#5834,#7090,.T.);
#4625=EDGE_CURVE('',#5548,#5835,#7091,.T.);
#4626=EDGE_CURVE('',#5835,#5834,#7092,.T.);
#4627=EDGE_CURVE('',#5835,#5615,#7093,.T.);
#4628=EDGE_CURVE('',#5834,#5482,#7094,.T.);
#4629=EDGE_CURVE('',#5544,#5836,#7095,.T.);
#4630=EDGE_CURVE('',#5836,#5693,#7096,.T.);
#4631=EDGE_CURVE('',#5525,#5837,#7097,.T.);
#4632=EDGE_CURVE('',#5837,#5838,#7098,.T.);
#4633=EDGE_CURVE('',#5838,#5528,#7099,.T.);
#4634=EDGE_CURVE('',#5694,#5449,#7100,.T.);
#4635=EDGE_CURVE('',#5839,#5477,#7101,.T.);
#4636=EDGE_CURVE('',#5840,#5839,#7102,.T.);
#4637=EDGE_CURVE('',#5840,#5474,#7103,.T.);
#4638=EDGE_CURVE('',#5841,#5464,#7104,.T.);
#4639=EDGE_CURVE('',#5841,#5806,#7105,.T.);
#4640=EDGE_CURVE('',#5807,#5842,#7106,.T.);
#4641=EDGE_CURVE('',#5842,#5841,#7107,.T.);
#4642=EDGE_CURVE('',#5842,#5463,#7108,.T.);
#4643=EDGE_CURVE('',#5793,#5843,#7109,.T.);
#4644=EDGE_CURVE('',#5843,#5837,#7110,.T.);
#4645=EDGE_CURVE('',#5844,#5794,#7111,.T.);
#4646=EDGE_CURVE('',#5843,#5844,#7112,.T.);
#4647=EDGE_CURVE('',#5844,#5838,#7113,.T.);
#4648=EDGE_CURVE('',#5845,#5840,#7114,.T.);
#4649=EDGE_CURVE('',#5839,#5846,#7115,.T.);
#4650=EDGE_CURVE('',#5846,#5845,#7116,.T.);
#4651=EDGE_CURVE('',#5846,#5476,#7117,.T.);
#4652=EDGE_CURVE('',#5845,#5475,#7118,.T.);
#4653=EDGE_CURVE('',#5836,#5428,#7119,.T.);
#4654=EDGE_CURVE('',#5450,#5440,#7120,.T.);
#4655=EDGE_CURVE('',#5409,#5706,#7121,.T.);
#4656=EDGE_CURVE('',#5712,#5408,#7122,.F.);
#4657=EDGE_CURVE('',#5714,#5407,#7123,.F.);
#4658=EDGE_CURVE('',#5410,#5704,#7124,.T.);
#4659=EDGE_CURVE('',#5716,#5406,#7125,.F.);
#4660=EDGE_CURVE('',#5411,#5699,#7126,.T.);
#4661=EDGE_CURVE('',#5718,#5405,#7127,.F.);
#4662=EDGE_CURVE('',#5412,#5698,#7128,.T.);
#4663=EDGE_CURVE('',#5720,#5404,#7129,.F.);
#4664=EDGE_CURVE('',#5413,#5759,#7130,.T.);
#4665=EDGE_CURVE('',#5696,#5403,#7131,.F.);
#4666=EDGE_CURVE('',#5414,#5758,#7132,.T.);
#4667=EDGE_CURVE('',#5687,#5402,#7133,.F.);
#4668=EDGE_CURVE('',#5415,#5702,#7134,.T.);
#4669=EDGE_CURVE('',#5688,#5401,#7135,.F.);
#4670=EDGE_CURVE('',#5416,#5601,#7136,.T.);
#4671=EDGE_CURVE('',#5762,#5400,#7137,.F.);
#4672=EDGE_CURVE('',#5397,#5600,#7138,.T.);
#4673=EDGE_CURVE('',#5763,#5399,#7139,.F.);
#4674=EDGE_CURVE('',#5398,#5691,#7140,.F.);
#4675=EDGE_CURVE('',#5420,#5847,#7141,.T.);
#4676=EDGE_CURVE('',#5848,#5847,#7142,.T.);
#4677=EDGE_CURVE('',#5418,#5848,#7143,.T.);
#4678=EDGE_CURVE('',#5849,#5850,#7144,.T.);
#4679=EDGE_CURVE('',#5850,#5851,#7145,.T.);
#4680=EDGE_CURVE('',#5851,#5852,#7146,.T.);
#4681=EDGE_CURVE('',#5852,#5849,#7147,.T.);
#4682=EDGE_CURVE('',#5853,#5854,#7148,.T.);
#4683=EDGE_CURVE('',#5854,#5855,#7149,.T.);
#4684=EDGE_CURVE('',#5855,#5856,#7150,.T.);
#4685=EDGE_CURVE('',#5856,#5853,#7151,.T.);
#4686=EDGE_CURVE('',#5847,#5857,#7152,.T.);
#4687=EDGE_CURVE('',#5858,#5857,#7153,.T.);
#4688=EDGE_CURVE('',#5848,#5858,#7154,.T.);
#4689=EDGE_CURVE('',#5857,#5419,#7155,.T.);
#4690=EDGE_CURVE('',#5858,#5417,#7156,.T.);
#4691=EDGE_CURVE('',#5855,#5748,#7157,.T.);
#4692=EDGE_CURVE('',#5854,#5749,#7158,.T.);
#4693=EDGE_CURVE('',#5856,#5747,#7159,.T.);
#4694=EDGE_CURVE('',#5853,#5750,#7160,.T.);
#4695=EDGE_CURVE('',#5851,#5744,#7161,.T.);
#4696=EDGE_CURVE('',#5850,#5745,#7162,.T.);
#4697=EDGE_CURVE('',#5852,#5743,#7163,.T.);
#4698=EDGE_CURVE('',#5849,#5746,#7164,.T.);
#4699=EDGE_CURVE('',#5859,#5860,#7165,.T.);
#4700=EDGE_CURVE('',#5861,#5859,#7166,.T.);
#4701=EDGE_CURVE('',#5861,#5862,#7167,.T.);
#4702=EDGE_CURVE('',#5862,#5860,#7168,.T.);
#4703=EDGE_CURVE('',#5863,#5864,#7169,.T.);
#4704=EDGE_CURVE('',#5864,#5865,#7170,.T.);
#4705=EDGE_CURVE('',#5866,#5865,#7171,.T.);
#4706=EDGE_CURVE('',#5867,#5866,#343,.T.);
#4707=EDGE_CURVE('',#5868,#5867,#7172,.T.);
#4708=EDGE_CURVE('',#5869,#5868,#344,.T.);
#4709=EDGE_CURVE('',#5870,#5869,#345,.T.);
#4710=EDGE_CURVE('',#5871,#5870,#7173,.T.);
#4711=EDGE_CURVE('',#5872,#5871,#7174,.T.);
#4712=EDGE_CURVE('',#5872,#5873,#7175,.T.);
#4713=EDGE_CURVE('',#5873,#5874,#346,.T.);
#4714=EDGE_CURVE('',#5874,#5875,#347,.F.);
#4715=EDGE_CURVE('',#5875,#5876,#7176,.T.);
#4716=EDGE_CURVE('',#5876,#5863,#348,.T.);
#4717=EDGE_CURVE('',#5859,#5864,#7177,.T.);
#4718=EDGE_CURVE('',#5877,#5863,#7178,.T.);
#4719=EDGE_CURVE('',#5877,#5878,#7179,.T.);
#4720=EDGE_CURVE('',#5878,#5861,#7180,.T.);
#4721=EDGE_CURVE('',#5878,#5879,#7181,.T.);
#4722=EDGE_CURVE('',#5880,#5877,#349,.T.);
#4723=EDGE_CURVE('',#5881,#5880,#7182,.T.);
#4724=EDGE_CURVE('',#5882,#5881,#350,.F.);
#4725=EDGE_CURVE('',#5883,#5882,#351,.T.);
#4726=EDGE_CURVE('',#5884,#5883,#7183,.T.);
#4727=EDGE_CURVE('',#5884,#5885,#7184,.T.);
#4728=EDGE_CURVE('',#5885,#5886,#7185,.T.);
#4729=EDGE_CURVE('',#5886,#5887,#352,.T.);
#4730=EDGE_CURVE('',#5887,#5888,#353,.T.);
#4731=EDGE_CURVE('',#5888,#5889,#7186,.T.);
#4732=EDGE_CURVE('',#5889,#5890,#354,.T.);
#4733=EDGE_CURVE('',#5890,#5879,#7187,.T.);
#4734=EDGE_CURVE('',#5884,#5872,#7188,.T.);
#4735=EDGE_CURVE('',#5885,#5871,#7189,.T.);
#4736=EDGE_CURVE('',#5886,#5870,#7190,.T.);
#4737=EDGE_CURVE('',#5887,#5869,#7191,.T.);
#4738=EDGE_CURVE('',#5888,#5868,#7192,.T.);
#4739=EDGE_CURVE('',#5889,#5867,#7193,.T.);
#4740=EDGE_CURVE('',#5890,#5866,#7194,.T.);
#4741=EDGE_CURVE('',#5865,#5860,#7195,.T.);
#4742=EDGE_CURVE('',#5862,#5879,#7196,.T.);
#4743=EDGE_CURVE('',#5883,#5873,#7197,.T.);
#4744=EDGE_CURVE('',#5882,#5874,#7198,.T.);
#4745=EDGE_CURVE('',#5881,#5875,#7199,.T.);
#4746=EDGE_CURVE('',#5880,#5876,#7200,.T.);
#4747=EDGE_CURVE('',#5891,#5892,#7201,.T.);
#4748=EDGE_CURVE('',#5891,#5893,#7202,.F.);
#4749=EDGE_CURVE('',#5893,#5894,#7203,.T.);
#4750=EDGE_CURVE('',#5892,#5894,#7204,.T.);
#4751=EDGE_CURVE('',#5895,#5896,#7205,.T.);
#4752=EDGE_CURVE('',#5896,#5892,#7206,.T.);
#4753=EDGE_CURVE('',#5894,#5897,#7207,.T.);
#4754=EDGE_CURVE('',#5898,#5897,#7208,.T.);
#4755=EDGE_CURVE('',#5895,#5898,#7209,.T.);
#4756=EDGE_CURVE('',#5899,#5900,#7210,.F.);
#4757=EDGE_CURVE('',#5900,#5896,#7211,.T.);
#4758=EDGE_CURVE('',#5901,#5895,#355,.T.);
#4759=EDGE_CURVE('',#5902,#5901,#7212,.T.);
#4760=EDGE_CURVE('',#5903,#5902,#356,.T.);
#4761=EDGE_CURVE('',#5904,#5903,#357,.T.);
#4762=EDGE_CURVE('',#5905,#5904,#7213,.T.);
#4763=EDGE_CURVE('',#5906,#5905,#7214,.T.);
#4764=EDGE_CURVE('',#5906,#5907,#7215,.F.);
#4765=EDGE_CURVE('',#5907,#5908,#358,.F.);
#4766=EDGE_CURVE('',#5908,#5909,#359,.T.);
#4767=EDGE_CURVE('',#5909,#5910,#7216,.F.);
#4768=EDGE_CURVE('',#5910,#5899,#360,.F.);
#4769=EDGE_CURVE('',#5900,#5891,#7217,.T.);
#4770=EDGE_CURVE('',#5899,#5911,#7218,.T.);
#4771=EDGE_CURVE('',#5911,#5912,#7219,.F.);
#4772=EDGE_CURVE('',#5893,#5912,#7220,.T.);
#4773=EDGE_CURVE('',#5912,#5897,#7221,.T.);
#4774=EDGE_CURVE('',#5913,#5911,#361,.F.);
#4775=EDGE_CURVE('',#5914,#5913,#7222,.F.);
#4776=EDGE_CURVE('',#5915,#5914,#362,.T.);
#4777=EDGE_CURVE('',#5916,#5915,#363,.F.);
#4778=EDGE_CURVE('',#5917,#5916,#7223,.F.);
#4779=EDGE_CURVE('',#5917,#5918,#7224,.T.);
#4780=EDGE_CURVE('',#5918,#5919,#7225,.T.);
#4781=EDGE_CURVE('',#5919,#5920,#364,.T.);
#4782=EDGE_CURVE('',#5920,#5921,#365,.T.);
#4783=EDGE_CURVE('',#5921,#5922,#7226,.T.);
#4784=EDGE_CURVE('',#5922,#5898,#366,.T.);
#4785=EDGE_CURVE('',#5906,#5917,#7227,.F.);
#4786=EDGE_CURVE('',#5905,#5918,#7228,.T.);
#4787=EDGE_CURVE('',#5904,#5919,#7229,.T.);
#4788=EDGE_CURVE('',#5903,#5920,#7230,.T.);
#4789=EDGE_CURVE('',#5902,#5921,#7231,.T.);
#4790=EDGE_CURVE('',#5901,#5922,#7232,.T.);
#4791=EDGE_CURVE('',#5907,#5916,#7233,.F.);
#4792=EDGE_CURVE('',#5908,#5915,#7234,.T.);
#4793=EDGE_CURVE('',#5909,#5914,#7235,.T.);
#4794=EDGE_CURVE('',#5910,#5913,#7236,.F.);
#4795=EDGE_CURVE('',#5923,#5924,#7237,.T.);
#4796=EDGE_CURVE('',#5925,#5923,#7238,.T.);
#4797=EDGE_CURVE('',#5926,#5925,#7239,.T.);
#4798=EDGE_CURVE('',#5926,#5924,#7240,.T.);
#4799=EDGE_CURVE('',#5927,#5928,#7241,.T.);
#4800=EDGE_CURVE('',#5929,#5927,#7242,.T.);
#4801=EDGE_CURVE('',#5930,#5929,#7243,.T.);
#4802=EDGE_CURVE('',#5930,#5928,#7244,.T.);
#4803=EDGE_CURVE('',#5931,#5932,#7245,.T.);
#4804=EDGE_CURVE('',#5931,#5933,#7246,.T.);
#4805=EDGE_CURVE('',#5934,#5933,#7247,.T.);
#4806=EDGE_CURVE('',#5935,#5934,#7248,.T.);
#4807=EDGE_CURVE('',#5935,#5936,#7249,.T.);
#4808=EDGE_CURVE('',#5936,#5930,#7250,.T.);
#4809=EDGE_CURVE('',#5932,#5929,#7251,.T.);
#4810=EDGE_CURVE('',#5937,#5938,#7252,.T.);
#4811=EDGE_CURVE('',#5937,#5939,#7253,.T.);
#4812=EDGE_CURVE('',#5939,#5940,#7254,.T.);
#4813=EDGE_CURVE('',#5938,#5940,#7255,.T.);
#4814=EDGE_CURVE('',#5941,#5942,#7256,.T.);
#4815=EDGE_CURVE('',#5941,#5943,#7257,.T.);
#4816=EDGE_CURVE('',#5940,#5943,#7258,.T.);
#4817=EDGE_CURVE('',#5939,#5944,#7259,.T.);
#4818=EDGE_CURVE('',#5944,#5926,#7260,.T.);
#4819=EDGE_CURVE('',#5942,#5925,#7261,.T.);
#4820=EDGE_CURVE('',#5945,#5946,#7262,.T.);
#4821=EDGE_CURVE('',#5945,#5935,#7263,.T.);
#4822=EDGE_CURVE('',#5946,#5934,#7264,.T.);
#4823=EDGE_CURVE('',#5947,#5948,#7265,.T.);
#4824=EDGE_CURVE('',#5949,#5947,#7266,.T.);
#4825=EDGE_CURVE('',#5950,#5949,#7267,.T.);
#4826=EDGE_CURVE('',#5951,#5950,#7268,.T.);
#4827=EDGE_CURVE('',#5951,#5952,#7269,.T.);
#4828=EDGE_CURVE('',#5952,#5948,#7270,.T.);
#4829=EDGE_CURVE('',#5953,#5954,#7271,.T.);
#4830=EDGE_CURVE('',#5955,#5953,#7272,.T.);
#4831=EDGE_CURVE('',#5955,#5956,#7273,.T.);
#4832=EDGE_CURVE('',#5957,#5956,#7274,.T.);
#4833=EDGE_CURVE('',#5958,#5957,#7275,.T.);
#4834=EDGE_CURVE('',#5954,#5958,#7276,.T.);
#4835=EDGE_CURVE('',#5959,#5960,#7277,.T.);
#4836=EDGE_CURVE('',#5961,#5959,#7278,.T.);
#4837=EDGE_CURVE('',#5962,#5961,#367,.T.);
#4838=EDGE_CURVE('',#5963,#5962,#7279,.T.);
#4839=EDGE_CURVE('',#5963,#5964,#7280,.T.);
#4840=EDGE_CURVE('',#5960,#5964,#7281,.T.);
#4841=EDGE_CURVE('',#5965,#5966,#7282,.T.);
#4842=EDGE_CURVE('',#5965,#5967,#7283,.T.);
#4843=EDGE_CURVE('',#5968,#5967,#7284,.T.);
#4844=EDGE_CURVE('',#5966,#5968,#7285,.T.);
#4845=EDGE_CURVE('',#5969,#5970,#7286,.T.);
#4846=EDGE_CURVE('',#5969,#5971,#7287,.T.);
#4847=EDGE_CURVE('',#5972,#5971,#7288,.T.);
#4848=EDGE_CURVE('',#5970,#5972,#7289,.T.);
#4849=EDGE_CURVE('',#5973,#5974,#7290,.T.);
#4850=EDGE_CURVE('',#5973,#5972,#7291,.T.);
#4851=EDGE_CURVE('',#5975,#5971,#7292,.T.);
#4852=EDGE_CURVE('',#5975,#5976,#7293,.T.);
#4853=EDGE_CURVE('',#5976,#5963,#7294,.T.);
#4854=EDGE_CURVE('',#5962,#5977,#7295,.T.);
#4855=EDGE_CURVE('',#5978,#5977,#7296,.T.);
#4856=EDGE_CURVE('',#5974,#5978,#7297,.T.);
#4857=EDGE_CURVE('',#5979,#5980,#7298,.T.);
#4858=EDGE_CURVE('',#5979,#5968,#7299,.T.);
#4859=EDGE_CURVE('',#5981,#5967,#7300,.T.);
#4860=EDGE_CURVE('',#5981,#5937,#7301,.T.);
#4861=EDGE_CURVE('',#5982,#5938,#7302,.T.);
#4862=EDGE_CURVE('',#5961,#5982,#7303,.T.);
#4863=EDGE_CURVE('',#5980,#5959,#7304,.T.);
#4864=EDGE_CURVE('',#5974,#5931,#7305,.T.);
#4865=EDGE_CURVE('',#5933,#5978,#7306,.T.);
#4866=EDGE_CURVE('',#5977,#5982,#368,.T.);
#4867=EDGE_CURVE('',#5983,#5941,#7307,.T.);
#4868=EDGE_CURVE('',#5983,#5984,#7308,.T.);
#4869=EDGE_CURVE('',#5943,#5984,#7309,.T.);
#4870=EDGE_CURVE('',#5984,#5946,#7310,.T.);
#4871=EDGE_CURVE('',#5960,#5983,#7311,.T.);
#4872=EDGE_CURVE('',#5964,#5945,#7312,.T.);
#4873=EDGE_CURVE('',#5985,#5986,#7313,.T.);
#4874=EDGE_CURVE('',#5951,#5985,#7314,.T.);
#4875=EDGE_CURVE('',#5950,#5986,#7315,.T.);
#4876=EDGE_CURVE('',#5986,#5987,#7316,.T.);
#4877=EDGE_CURVE('',#5949,#5987,#7317,.T.);
#4878=EDGE_CURVE('',#5987,#5988,#7318,.T.);
#4879=EDGE_CURVE('',#5947,#5988,#7319,.T.);
#4880=EDGE_CURVE('',#5989,#5990,#7320,.T.);
#4881=EDGE_CURVE('',#5957,#5989,#7321,.T.);
#4882=EDGE_CURVE('',#5956,#5990,#7322,.T.);
#4883=EDGE_CURVE('',#5990,#5991,#7323,.T.);
#4884=EDGE_CURVE('',#5956,#5992,#7324,.T.);
#4885=EDGE_CURVE('',#5992,#5993,#7325,.T.);
#4886=EDGE_CURVE('',#5954,#5993,#7326,.T.);
#4887=EDGE_CURVE('',#5954,#5991,#7327,.T.);
#4888=EDGE_CURVE('',#5991,#5994,#7328,.T.);
#4889=EDGE_CURVE('',#5958,#5994,#7329,.T.);
#4890=EDGE_CURVE('',#5988,#5985,#7330,.T.);
#4891=EDGE_CURVE('',#5995,#5947,#7331,.T.);
#4892=EDGE_CURVE('',#5996,#5995,#7332,.T.);
#4893=EDGE_CURVE('',#5996,#5951,#7333,.T.);
#4894=EDGE_CURVE('',#5994,#5989,#7334,.T.);
#4895=EDGE_CURVE('',#5980,#5983,#7335,.T.);
#4896=EDGE_CURVE('',#5942,#5979,#7336,.T.);
#4897=EDGE_CURVE('',#5997,#5923,#7337,.T.);
#4898=EDGE_CURVE('',#5998,#5997,#7338,.T.);
#4899=EDGE_CURVE('',#5998,#5966,#7339,.T.);
#4900=EDGE_CURVE('',#5976,#5945,#7340,.T.);
#4901=EDGE_CURVE('',#5936,#5975,#7341,.T.);
#4902=EDGE_CURVE('',#5999,#5969,#7342,.T.);
#4903=EDGE_CURVE('',#6000,#5999,#7343,.T.);
#4904=EDGE_CURVE('',#6000,#5928,#7344,.T.);
#4905=EDGE_CURVE('',#5944,#5981,#7345,.T.);
#4906=EDGE_CURVE('',#6001,#5965,#7346,.T.);
#4907=EDGE_CURVE('',#6002,#6001,#7347,.T.);
#4908=EDGE_CURVE('',#6002,#5924,#7348,.T.);
#4909=EDGE_CURVE('',#5932,#5973,#7349,.T.);
#4910=EDGE_CURVE('',#6003,#5927,#7350,.T.);
#4911=EDGE_CURVE('',#6004,#6003,#7351,.T.);
#4912=EDGE_CURVE('',#6004,#5970,#7352,.T.);
#4913=EDGE_CURVE('',#6003,#6000,#7353,.T.);
#4914=EDGE_CURVE('',#5999,#6004,#7354,.T.);
#4915=EDGE_CURVE('',#5997,#6002,#7355,.T.);
#4916=EDGE_CURVE('',#6001,#5998,#7356,.T.);
#4917=EDGE_CURVE('',#6005,#6006,#7357,.T.);
#4918=EDGE_CURVE('',#6007,#6005,#7358,.T.);
#4919=EDGE_CURVE('',#6007,#6008,#7359,.T.);
#4920=EDGE_CURVE('',#6008,#6006,#7360,.T.);
#4921=EDGE_CURVE('',#6006,#6009,#369,.T.);
#4922=EDGE_CURVE('',#6008,#6010,#370,.T.);
#4923=EDGE_CURVE('',#6010,#6009,#7361,.T.);
#4924=EDGE_CURVE('',#6009,#5953,#7362,.T.);
#4925=EDGE_CURVE('',#6010,#5955,#7363,.T.);
#4926=EDGE_CURVE('',#5993,#6005,#7364,.T.);
#4927=EDGE_CURVE('',#5992,#6007,#7365,.T.);
#4928=EDGE_CURVE('',#6011,#6012,#371,.T.);
#4929=EDGE_CURVE('',#6013,#6011,#7366,.T.);
#4930=EDGE_CURVE('',#6013,#6014,#372,.T.);
#4931=EDGE_CURVE('',#6014,#6012,#7367,.T.);
#4932=EDGE_CURVE('',#6012,#6015,#7368,.T.);
#4933=EDGE_CURVE('',#6014,#6016,#7369,.T.);
#4934=EDGE_CURVE('',#6016,#6015,#7370,.T.);
#4935=EDGE_CURVE('',#6015,#5995,#7371,.T.);
#4936=EDGE_CURVE('',#6016,#5996,#7372,.T.);
#4937=EDGE_CURVE('',#5948,#6011,#7373,.T.);
#4938=EDGE_CURVE('',#5952,#6013,#7374,.T.);
#4939=EDGE_CURVE('',#6017,#6018,#7375,.F.);
#4940=EDGE_CURVE('',#6019,#6017,#7376,.F.);
#4941=EDGE_CURVE('',#6020,#6019,#7377,.F.);
#4942=EDGE_CURVE('',#6018,#6020,#7378,.F.);
#4943=EDGE_CURVE('',#6021,#6022,#7379,.T.);
#4944=EDGE_CURVE('',#6021,#6023,#373,.F.);
#4945=EDGE_CURVE('',#6024,#6023,#7380,.T.);
#4946=EDGE_CURVE('',#6024,#6025,#374,.F.);
#4947=EDGE_CURVE('',#6026,#6025,#7381,.T.);
#4948=EDGE_CURVE('',#6026,#6027,#375,.F.);
#4949=EDGE_CURVE('',#6028,#6027,#7382,.T.);
#4950=EDGE_CURVE('',#6028,#6022,#376,.F.);
#4951=EDGE_CURVE('',#6029,#6030,#7383,.F.);
#4952=EDGE_CURVE('',#6030,#6031,#7384,.F.);
#4953=EDGE_CURVE('',#6031,#6032,#7385,.F.);
#4954=EDGE_CURVE('',#6032,#6029,#7386,.F.);
#4955=EDGE_CURVE('',#6023,#6033,#7387,.F.);
#4956=EDGE_CURVE('',#6033,#6034,#7388,.F.);
#4957=EDGE_CURVE('',#6034,#6024,#7389,.T.);
#4958=EDGE_CURVE('',#6035,#6036,#377,.F.);
#4959=EDGE_CURVE('',#6036,#6021,#7390,.T.);
#4960=EDGE_CURVE('',#6022,#6035,#7391,.F.);
#4961=EDGE_CURVE('',#6037,#6038,#7392,.F.);
#4962=EDGE_CURVE('',#6038,#6028,#7393,.T.);
#4963=EDGE_CURVE('',#6027,#6037,#7394,.F.);
#4964=EDGE_CURVE('',#6039,#6040,#378,.F.);
#4965=EDGE_CURVE('',#6040,#6026,#7395,.T.);
#4966=EDGE_CURVE('',#6025,#6039,#7396,.F.);
#4967=EDGE_CURVE('',#6033,#6038,#379,.T.);
#4968=EDGE_CURVE('',#6037,#6034,#380,.T.);
#4969=EDGE_CURVE('',#6039,#6034,#381,.T.);
#4970=EDGE_CURVE('',#6040,#6037,#382,.T.);
#4971=EDGE_CURVE('',#6035,#6038,#383,.T.);
#4972=EDGE_CURVE('',#6036,#6033,#384,.T.);
#4973=EDGE_CURVE('',#6041,#6042,#7397,.F.);
#4974=EDGE_CURVE('',#6042,#6043,#7398,.F.);
#4975=EDGE_CURVE('',#6044,#6043,#7399,.T.);
#4976=EDGE_CURVE('',#6045,#6044,#7400,.F.);
#4977=EDGE_CURVE('',#6045,#6046,#7401,.T.);
#4978=EDGE_CURVE('',#6046,#6041,#7402,.F.);
#4979=EDGE_CURVE('',#6047,#6048,#7403,.T.);
#4980=EDGE_CURVE('',#6048,#6049,#7404,.F.);
#4981=EDGE_CURVE('',#6049,#6050,#7405,.F.);
#4982=EDGE_CURVE('',#6050,#6051,#7406,.F.);
#4983=EDGE_CURVE('',#6052,#6051,#7407,.T.);
#4984=EDGE_CURVE('',#6047,#6052,#7408,.F.);
#4985=EDGE_CURVE('',#6053,#6044,#385,.T.);
#4986=EDGE_CURVE('',#6054,#6053,#7409,.F.);
#4987=EDGE_CURVE('',#6054,#6045,#386,.T.);
#4988=EDGE_CURVE('',#6055,#6052,#387,.T.);
#4989=EDGE_CURVE('',#6056,#6055,#7410,.F.);
#4990=EDGE_CURVE('',#6056,#6047,#388,.T.);
#4991=EDGE_CURVE('',#6029,#6053,#7411,.T.);
#4992=EDGE_CURVE('',#6032,#6054,#7412,.T.);
#4993=EDGE_CURVE('',#6051,#6046,#7413,.T.);
#4994=EDGE_CURVE('',#6031,#6055,#7414,.T.);
#4995=EDGE_CURVE('',#6030,#6056,#7415,.T.);
#4996=EDGE_CURVE('',#6043,#6048,#7416,.T.);
#4997=EDGE_CURVE('',#6049,#6042,#7417,.T.);
#4998=EDGE_CURVE('',#6041,#6050,#7418,.T.);
#4999=EDGE_CURVE('',#6057,#6058,#7419,.F.);
#5000=EDGE_CURVE('',#6057,#6059,#7420,.F.);
#5001=EDGE_CURVE('',#6060,#6059,#7421,.T.);
#5002=EDGE_CURVE('',#6060,#6061,#7422,.F.);
#5003=EDGE_CURVE('',#6061,#6062,#7423,.T.);
#5004=EDGE_CURVE('',#6062,#6058,#7424,.F.);
#5005=EDGE_CURVE('',#6063,#6064,#7425,.T.);
#5006=EDGE_CURVE('',#6064,#6065,#7426,.F.);
#5007=EDGE_CURVE('',#6066,#6065,#7427,.F.);
#5008=EDGE_CURVE('',#6066,#6067,#7428,.F.);
#5009=EDGE_CURVE('',#6068,#6067,#7429,.T.);
#5010=EDGE_CURVE('',#6068,#6063,#7430,.F.);
#5011=EDGE_CURVE('',#6069,#6061,#389,.T.);
#5012=EDGE_CURVE('',#6070,#6060,#390,.T.);
#5013=EDGE_CURVE('',#6070,#6069,#7431,.F.);
#5014=EDGE_CURVE('',#6071,#6063,#391,.T.);
#5015=EDGE_CURVE('',#6072,#6068,#392,.T.);
#5016=EDGE_CURVE('',#6072,#6071,#7432,.F.);
#5017=EDGE_CURVE('',#6067,#6062,#7433,.T.);
#5018=EDGE_CURVE('',#6020,#6069,#7434,.T.);
#5019=EDGE_CURVE('',#6019,#6072,#7435,.T.);
#5020=EDGE_CURVE('',#6018,#6070,#7436,.T.);
#5021=EDGE_CURVE('',#6059,#6064,#7437,.T.);
#5022=EDGE_CURVE('',#6017,#6071,#7438,.T.);
#5023=EDGE_CURVE('',#6065,#6057,#7439,.T.);
#5024=EDGE_CURVE('',#6058,#6066,#7440,.T.);
#5025=EDGE_CURVE('',#6073,#6074,#7441,.F.);
#5026=EDGE_CURVE('',#6075,#6073,#7442,.F.);
#5027=EDGE_CURVE('',#6076,#6075,#7443,.F.);
#5028=EDGE_CURVE('',#6074,#6076,#7444,.F.);
#5029=EDGE_CURVE('',#6077,#6078,#7445,.T.);
#5030=EDGE_CURVE('',#6077,#6079,#393,.F.);
#5031=EDGE_CURVE('',#6080,#6079,#7446,.T.);
#5032=EDGE_CURVE('',#6080,#6081,#394,.F.);
#5033=EDGE_CURVE('',#6082,#6081,#7447,.T.);
#5034=EDGE_CURVE('',#6082,#6083,#395,.F.);
#5035=EDGE_CURVE('',#6084,#6083,#7448,.T.);
#5036=EDGE_CURVE('',#6084,#6078,#396,.F.);
#5037=EDGE_CURVE('',#6085,#6086,#7449,.F.);
#5038=EDGE_CURVE('',#6086,#6087,#7450,.F.);
#5039=EDGE_CURVE('',#6087,#6088,#7451,.F.);
#5040=EDGE_CURVE('',#6088,#6085,#7452,.F.);
#5041=EDGE_CURVE('',#6079,#6089,#7453,.F.);
#5042=EDGE_CURVE('',#6089,#6090,#7454,.F.);
#5043=EDGE_CURVE('',#6090,#6080,#7455,.T.);
#5044=EDGE_CURVE('',#6091,#6092,#397,.F.);
#5045=EDGE_CURVE('',#6092,#6077,#7456,.T.);
#5046=EDGE_CURVE('',#6078,#6091,#7457,.F.);
#5047=EDGE_CURVE('',#6093,#6094,#7458,.F.);
#5048=EDGE_CURVE('',#6094,#6084,#7459,.T.);
#5049=EDGE_CURVE('',#6083,#6093,#7460,.F.);
#5050=EDGE_CURVE('',#6095,#6096,#398,.F.);
#5051=EDGE_CURVE('',#6096,#6082,#7461,.T.);
#5052=EDGE_CURVE('',#6081,#6095,#7462,.F.);
#5053=EDGE_CURVE('',#6089,#6094,#399,.T.);
#5054=EDGE_CURVE('',#6093,#6090,#400,.T.);
#5055=EDGE_CURVE('',#6095,#6090,#401,.T.);
#5056=EDGE_CURVE('',#6096,#6093,#402,.T.);
#5057=EDGE_CURVE('',#6091,#6094,#403,.T.);
#5058=EDGE_CURVE('',#6092,#6089,#404,.T.);
#5059=EDGE_CURVE('',#6097,#6098,#7463,.T.);
#5060=EDGE_CURVE('',#6098,#6099,#7464,.F.);
#5061=EDGE_CURVE('',#6099,#6100,#7465,.F.);
#5062=EDGE_CURVE('',#6100,#6101,#7466,.F.);
#5063=EDGE_CURVE('',#6102,#6101,#7467,.T.);
#5064=EDGE_CURVE('',#6097,#6102,#7468,.F.);
#5065=EDGE_CURVE('',#6103,#6104,#7469,.F.);
#5066=EDGE_CURVE('',#6104,#6105,#7470,.F.);
#5067=EDGE_CURVE('',#6106,#6105,#7471,.T.);
#5068=EDGE_CURVE('',#6107,#6106,#7472,.F.);
#5069=EDGE_CURVE('',#6107,#6108,#7473,.T.);
#5070=EDGE_CURVE('',#6108,#6103,#7474,.F.);
#5071=EDGE_CURVE('',#6109,#6102,#405,.T.);
#5072=EDGE_CURVE('',#6110,#6109,#7475,.F.);
#5073=EDGE_CURVE('',#6110,#6097,#406,.T.);
#5074=EDGE_CURVE('',#6111,#6106,#407,.T.);
#5075=EDGE_CURVE('',#6112,#6111,#7476,.F.);
#5076=EDGE_CURVE('',#6112,#6107,#408,.T.);
#5077=EDGE_CURVE('',#6085,#6109,#7477,.T.);
#5078=EDGE_CURVE('',#6088,#6110,#7478,.T.);
#5079=EDGE_CURVE('',#6105,#6098,#7479,.T.);
#5080=EDGE_CURVE('',#6087,#6111,#7480,.T.);
#5081=EDGE_CURVE('',#6086,#6112,#7481,.T.);
#5082=EDGE_CURVE('',#6101,#6108,#7482,.T.);
#5083=EDGE_CURVE('',#6099,#6104,#7483,.T.);
#5084=EDGE_CURVE('',#6103,#6100,#7484,.T.);
#5085=EDGE_CURVE('',#6113,#6114,#7485,.T.);
#5086=EDGE_CURVE('',#6114,#6115,#7486,.F.);
#5087=EDGE_CURVE('',#6116,#6115,#7487,.F.);
#5088=EDGE_CURVE('',#6116,#6117,#7488,.F.);
#5089=EDGE_CURVE('',#6118,#6117,#7489,.T.);
#5090=EDGE_CURVE('',#6118,#6113,#7490,.F.);
#5091=EDGE_CURVE('',#6119,#6120,#7491,.F.);
#5092=EDGE_CURVE('',#6119,#6121,#7492,.F.);
#5093=EDGE_CURVE('',#6122,#6121,#7493,.T.);
#5094=EDGE_CURVE('',#6122,#6123,#7494,.F.);
#5095=EDGE_CURVE('',#6123,#6124,#7495,.T.);
#5096=EDGE_CURVE('',#6124,#6120,#7496,.F.);
#5097=EDGE_CURVE('',#6125,#6113,#409,.T.);
#5098=EDGE_CURVE('',#6126,#6118,#410,.T.);
#5099=EDGE_CURVE('',#6126,#6125,#7497,.F.);
#5100=EDGE_CURVE('',#6127,#6123,#411,.T.);
#5101=EDGE_CURVE('',#6128,#6122,#412,.T.);
#5102=EDGE_CURVE('',#6128,#6127,#7498,.F.);
#5103=EDGE_CURVE('',#6121,#6114,#7499,.T.);
#5104=EDGE_CURVE('',#6076,#6125,#7500,.T.);
#5105=EDGE_CURVE('',#6075,#6128,#7501,.T.);
#5106=EDGE_CURVE('',#6074,#6126,#7502,.T.);
#5107=EDGE_CURVE('',#6117,#6124,#7503,.T.);
#5108=EDGE_CURVE('',#6073,#6127,#7504,.T.);
#5109=EDGE_CURVE('',#6115,#6119,#7505,.T.);
#5110=EDGE_CURVE('',#6120,#6116,#7506,.T.);
#5111=VERTEX_POINT('',#15253);
#5112=VERTEX_POINT('',#15254);
#5113=VERTEX_POINT('',#15256);
#5114=VERTEX_POINT('',#15258);
#5115=VERTEX_POINT('',#15260);
#5116=VERTEX_POINT('',#15262);
#5117=VERTEX_POINT('',#15266);
#5118=VERTEX_POINT('',#15267);
#5119=VERTEX_POINT('',#15269);
#5120=VERTEX_POINT('',#15271);
#5121=VERTEX_POINT('',#15273);
#5122=VERTEX_POINT('',#15275);
#5123=VERTEX_POINT('',#15290);
#5124=VERTEX_POINT('',#15292);
#5125=VERTEX_POINT('',#15296);
#5126=VERTEX_POINT('',#15297);
#5127=VERTEX_POINT('',#15299);
#5128=VERTEX_POINT('',#15301);
#5129=VERTEX_POINT('',#15303);
#5130=VERTEX_POINT('',#15305);
#5131=VERTEX_POINT('',#15307);
#5132=VERTEX_POINT('',#15309);
#5133=VERTEX_POINT('',#15311);
#5134=VERTEX_POINT('',#15313);
#5135=VERTEX_POINT('',#15317);
#5136=VERTEX_POINT('',#15318);
#5137=VERTEX_POINT('',#15320);
#5138=VERTEX_POINT('',#15322);
#5139=VERTEX_POINT('',#15326);
#5140=VERTEX_POINT('',#15329);
#5141=VERTEX_POINT('',#15333);
#5142=VERTEX_POINT('',#15334);
#5143=VERTEX_POINT('',#15336);
#5144=VERTEX_POINT('',#15338);
#5145=VERTEX_POINT('',#15340);
#5146=VERTEX_POINT('',#15342);
#5147=VERTEX_POINT('',#15346);
#5148=VERTEX_POINT('',#15347);
#5149=VERTEX_POINT('',#15352);
#5150=VERTEX_POINT('',#15353);
#5151=VERTEX_POINT('',#15356);
#5152=VERTEX_POINT('',#15358);
#5153=VERTEX_POINT('',#15362);
#5154=VERTEX_POINT('',#15364);
#5155=VERTEX_POINT('',#15366);
#5156=VERTEX_POINT('',#15368);
#5157=VERTEX_POINT('',#15370);
#5158=VERTEX_POINT('',#15372);
#5159=VERTEX_POINT('',#15376);
#5160=VERTEX_POINT('',#15378);
#5161=VERTEX_POINT('',#15382);
#5162=VERTEX_POINT('',#15383);
#5163=VERTEX_POINT('',#15388);
#5164=VERTEX_POINT('',#15389);
#5165=VERTEX_POINT('',#15391);
#5166=VERTEX_POINT('',#15393);
#5167=VERTEX_POINT('',#15397);
#5168=VERTEX_POINT('',#15398);
#5169=VERTEX_POINT('',#15400);
#5170=VERTEX_POINT('',#15402);
#5171=VERTEX_POINT('',#15404);
#5172=VERTEX_POINT('',#15407);
#5173=VERTEX_POINT('',#15409);
#5174=VERTEX_POINT('',#15411);
#5175=VERTEX_POINT('',#15415);
#5176=VERTEX_POINT('',#15417);
#5177=VERTEX_POINT('',#15419);
#5178=VERTEX_POINT('',#15424);
#5179=VERTEX_POINT('',#15427);
#5180=VERTEX_POINT('',#15429);
#5181=VERTEX_POINT('',#15433);
#5182=VERTEX_POINT('',#15434);
#5183=VERTEX_POINT('',#15436);
#5184=VERTEX_POINT('',#15438);
#5185=VERTEX_POINT('',#15441);
#5186=VERTEX_POINT('',#15442);
#5187=VERTEX_POINT('',#15444);
#5188=VERTEX_POINT('',#15446);
#5189=VERTEX_POINT('',#15448);
#5190=VERTEX_POINT('',#15452);
#5191=VERTEX_POINT('',#15454);
#5192=VERTEX_POINT('',#15461);
#5193=VERTEX_POINT('',#15462);
#5194=VERTEX_POINT('',#15464);
#5195=VERTEX_POINT('',#15466);
#5196=VERTEX_POINT('',#15468);
#5197=VERTEX_POINT('',#15470);
#5198=VERTEX_POINT('',#15477);
#5199=VERTEX_POINT('',#15478);
#5200=VERTEX_POINT('',#15480);
#5201=VERTEX_POINT('',#15482);
#5202=VERTEX_POINT('',#15486);
#5203=VERTEX_POINT('',#15487);
#5204=VERTEX_POINT('',#15489);
#5205=VERTEX_POINT('',#15491);
#5206=VERTEX_POINT('',#15494);
#5207=VERTEX_POINT('',#15495);
#5208=VERTEX_POINT('',#15497);
#5209=VERTEX_POINT('',#15499);
#5210=VERTEX_POINT('',#15503);
#5211=VERTEX_POINT('',#15504);
#5212=VERTEX_POINT('',#15506);
#5213=VERTEX_POINT('',#15508);
#5214=VERTEX_POINT('',#15511);
#5215=VERTEX_POINT('',#15512);
#5216=VERTEX_POINT('',#15514);
#5217=VERTEX_POINT('',#15516);
#5218=VERTEX_POINT('',#15518);
#5219=VERTEX_POINT('',#15520);
#5220=VERTEX_POINT('',#15522);
#5221=VERTEX_POINT('',#15524);
#5222=VERTEX_POINT('',#15539);
#5223=VERTEX_POINT('',#15541);
#5224=VERTEX_POINT('',#15543);
#5225=VERTEX_POINT('',#15545);
#5226=VERTEX_POINT('',#15547);
#5227=VERTEX_POINT('',#15549);
#5228=VERTEX_POINT('',#15552);
#5229=VERTEX_POINT('',#15555);
#5230=VERTEX_POINT('',#15557);
#5231=VERTEX_POINT('',#15559);
#5232=VERTEX_POINT('',#15561);
#5233=VERTEX_POINT('',#15563);
#5234=VERTEX_POINT('',#15567);
#5235=VERTEX_POINT('',#15568);
#5236=VERTEX_POINT('',#15570);
#5237=VERTEX_POINT('',#15572);
#5238=VERTEX_POINT('',#15575);
#5239=VERTEX_POINT('',#15576);
#5240=VERTEX_POINT('',#15578);
#5241=VERTEX_POINT('',#15580);
#5242=VERTEX_POINT('',#15584);
#5243=VERTEX_POINT('',#15585);
#5244=VERTEX_POINT('',#15587);
#5245=VERTEX_POINT('',#15589);
#5246=VERTEX_POINT('',#15591);
#5247=VERTEX_POINT('',#15593);
#5248=VERTEX_POINT('',#15595);
#5249=VERTEX_POINT('',#15597);
#5250=VERTEX_POINT('',#15600);
#5251=VERTEX_POINT('',#15601);
#5252=VERTEX_POINT('',#15603);
#5253=VERTEX_POINT('',#15605);
#5254=VERTEX_POINT('',#15609);
#5255=VERTEX_POINT('',#15610);
#5256=VERTEX_POINT('',#15612);
#5257=VERTEX_POINT('',#15614);
#5258=VERTEX_POINT('',#15616);
#5259=VERTEX_POINT('',#15618);
#5260=VERTEX_POINT('',#15620);
#5261=VERTEX_POINT('',#15622);
#5262=VERTEX_POINT('',#15624);
#5263=VERTEX_POINT('',#15626);
#5264=VERTEX_POINT('',#15628);
#5265=VERTEX_POINT('',#15630);
#5266=VERTEX_POINT('',#15634);
#5267=VERTEX_POINT('',#15635);
#5268=VERTEX_POINT('',#15637);
#5269=VERTEX_POINT('',#15641);
#5270=VERTEX_POINT('',#15645);
#5271=VERTEX_POINT('',#15647);
#5272=VERTEX_POINT('',#15656);
#5273=VERTEX_POINT('',#15658);
#5274=VERTEX_POINT('',#15663);
#5275=VERTEX_POINT('',#15665);
#5276=VERTEX_POINT('',#15667);
#5277=VERTEX_POINT('',#15671);
#5278=VERTEX_POINT('',#15673);
#5279=VERTEX_POINT('',#15675);
#5280=VERTEX_POINT('',#15677);
#5281=VERTEX_POINT('',#15685);
#5282=VERTEX_POINT('',#15687);
#5283=VERTEX_POINT('',#15691);
#5284=VERTEX_POINT('',#15692);
#5285=VERTEX_POINT('',#15694);
#5286=VERTEX_POINT('',#15696);
#5287=VERTEX_POINT('',#15700);
#5288=VERTEX_POINT('',#15702);
#5289=VERTEX_POINT('',#15706);
#5290=VERTEX_POINT('',#15711);
#5291=VERTEX_POINT('',#15715);
#5292=VERTEX_POINT('',#15717);
#5293=VERTEX_POINT('',#15721);
#5294=VERTEX_POINT('',#15725);
#5295=VERTEX_POINT('',#15731);
#5296=VERTEX_POINT('',#15735);
#5297=VERTEX_POINT('',#15739);
#5298=VERTEX_POINT('',#15743);
#5299=VERTEX_POINT('',#15747);
#5300=VERTEX_POINT('',#15756);
#5301=VERTEX_POINT('',#15758);
#5302=VERTEX_POINT('',#15760);
#5303=VERTEX_POINT('',#15762);
#5304=VERTEX_POINT('',#15764);
#5305=VERTEX_POINT('',#15772);
#5306=VERTEX_POINT('',#15774);
#5307=VERTEX_POINT('',#15776);
#5308=VERTEX_POINT('',#15778);
#5309=VERTEX_POINT('',#15780);
#5310=VERTEX_POINT('',#15793);
#5311=VERTEX_POINT('',#15795);
#5312=VERTEX_POINT('',#15797);
#5313=VERTEX_POINT('',#15800);
#5314=VERTEX_POINT('',#15810);
#5315=VERTEX_POINT('',#15811);
#5316=VERTEX_POINT('',#15813);
#5317=VERTEX_POINT('',#15815);
#5318=VERTEX_POINT('',#15818);
#5319=VERTEX_POINT('',#15819);
#5320=VERTEX_POINT('',#15821);
#5321=VERTEX_POINT('',#15823);
#5322=VERTEX_POINT('',#15828);
#5323=VERTEX_POINT('',#15833);
#5324=VERTEX_POINT('',#15837);
#5325=VERTEX_POINT('',#15839);
#5326=VERTEX_POINT('',#15841);
#5327=VERTEX_POINT('',#15850);
#5328=VERTEX_POINT('',#15851);
#5329=VERTEX_POINT('',#15853);
#5330=VERTEX_POINT('',#15855);
#5331=VERTEX_POINT('',#15864);
#5332=VERTEX_POINT('',#15867);
#5333=VERTEX_POINT('',#15872);
#5334=VERTEX_POINT('',#15874);
#5335=VERTEX_POINT('',#15901);
#5336=VERTEX_POINT('',#15902);
#5337=VERTEX_POINT('',#15907);
#5338=VERTEX_POINT('',#15908);
#5339=VERTEX_POINT('',#15910);
#5340=VERTEX_POINT('',#15912);
#5341=VERTEX_POINT('',#15919);
#5342=VERTEX_POINT('',#15921);
#5343=VERTEX_POINT('',#15943);
#5344=VERTEX_POINT('',#15944);
#5345=VERTEX_POINT('',#15946);
#5346=VERTEX_POINT('',#15948);
#5347=VERTEX_POINT('',#15951);
#5348=VERTEX_POINT('',#15953);
#5349=VERTEX_POINT('',#15975);
#5350=VERTEX_POINT('',#15977);
#5351=VERTEX_POINT('',#15983);
#5352=VERTEX_POINT('',#15984);
#5353=VERTEX_POINT('',#15986);
#5354=VERTEX_POINT('',#15988);
#5355=VERTEX_POINT('',#15995);
#5356=VERTEX_POINT('',#15996);
#5357=VERTEX_POINT('',#16014);
#5358=VERTEX_POINT('',#16015);
#5359=VERTEX_POINT('',#16017);
#5360=VERTEX_POINT('',#16019);
#5361=VERTEX_POINT('',#16024);
#5362=VERTEX_POINT('',#16025);
#5363=VERTEX_POINT('',#16027);
#5364=VERTEX_POINT('',#16029);
#5365=VERTEX_POINT('',#16034);
#5366=VERTEX_POINT('',#16035);
#5367=VERTEX_POINT('',#16037);
#5368=VERTEX_POINT('',#16039);
#5369=VERTEX_POINT('',#16068);
#5370=VERTEX_POINT('',#16069);
#5371=VERTEX_POINT('',#16071);
#5372=VERTEX_POINT('',#16073);
#5373=VERTEX_POINT('',#16077);
#5374=VERTEX_POINT('',#16078);
#5375=VERTEX_POINT('',#16083);
#5376=VERTEX_POINT('',#16084);
#5377=VERTEX_POINT('',#16092);
#5378=VERTEX_POINT('',#16093);
#5379=VERTEX_POINT('',#16095);
#5380=VERTEX_POINT('',#16097);
#5381=VERTEX_POINT('',#16101);
#5382=VERTEX_POINT('',#16102);
#5383=VERTEX_POINT('',#16107);
#5384=VERTEX_POINT('',#16108);
#5385=VERTEX_POINT('',#16116);
#5386=VERTEX_POINT('',#16117);
#5387=VERTEX_POINT('',#16119);
#5388=VERTEX_POINT('',#16121);
#5389=VERTEX_POINT('',#16125);
#5390=VERTEX_POINT('',#16127);
#5391=VERTEX_POINT('',#16131);
#5392=VERTEX_POINT('',#16133);
#5393=VERTEX_POINT('',#16141);
#5394=VERTEX_POINT('',#16142);
#5395=VERTEX_POINT('',#16144);
#5396=VERTEX_POINT('',#16146);
#5397=VERTEX_POINT('',#16149);
#5398=VERTEX_POINT('',#16150);
#5399=VERTEX_POINT('',#16152);
#5400=VERTEX_POINT('',#16154);
#5401=VERTEX_POINT('',#16156);
#5402=VERTEX_POINT('',#16158);
#5403=VERTEX_POINT('',#16160);
#5404=VERTEX_POINT('',#16162);
#5405=VERTEX_POINT('',#16164);
#5406=VERTEX_POINT('',#16166);
#5407=VERTEX_POINT('',#16168);
#5408=VERTEX_POINT('',#16170);
#5409=VERTEX_POINT('',#16172);
#5410=VERTEX_POINT('',#16174);
#5411=VERTEX_POINT('',#16176);
#5412=VERTEX_POINT('',#16178);
#5413=VERTEX_POINT('',#16180);
#5414=VERTEX_POINT('',#16182);
#5415=VERTEX_POINT('',#16184);
#5416=VERTEX_POINT('',#16186);
#5417=VERTEX_POINT('',#16189);
#5418=VERTEX_POINT('',#16190);
#5419=VERTEX_POINT('',#16192);
#5420=VERTEX_POINT('',#16194);
#5421=VERTEX_POINT('',#16198);
#5422=VERTEX_POINT('',#16199);
#5423=VERTEX_POINT('',#16201);
#5424=VERTEX_POINT('',#16203);
#5425=VERTEX_POINT('',#16205);
#5426=VERTEX_POINT('',#16207);
#5427=VERTEX_POINT('',#16211);
#5428=VERTEX_POINT('',#16212);
#5429=VERTEX_POINT('',#16214);
#5430=VERTEX_POINT('',#16216);
#5431=VERTEX_POINT('',#16218);
#5432=VERTEX_POINT('',#16220);
#5433=VERTEX_POINT('',#16222);
#5434=VERTEX_POINT('',#16224);
#5435=VERTEX_POINT('',#16226);
#5436=VERTEX_POINT('',#16228);
#5437=VERTEX_POINT('',#16230);
#5438=VERTEX_POINT('',#16232);
#5439=VERTEX_POINT('',#16234);
#5440=VERTEX_POINT('',#16237);
#5441=VERTEX_POINT('',#16239);
#5442=VERTEX_POINT('',#16242);
#5443=VERTEX_POINT('',#16246);
#5444=VERTEX_POINT('',#16248);
#5445=VERTEX_POINT('',#16250);
#5446=VERTEX_POINT('',#16252);
#5447=VERTEX_POINT('',#16254);
#5448=VERTEX_POINT('',#16256);
#5449=VERTEX_POINT('',#16258);
#5450=VERTEX_POINT('',#16262);
#5451=VERTEX_POINT('',#16264);
#5452=VERTEX_POINT('',#16266);
#5453=VERTEX_POINT('',#16268);
#5454=VERTEX_POINT('',#16270);
#5455=VERTEX_POINT('',#16272);
#5456=VERTEX_POINT('',#16274);
#5457=VERTEX_POINT('',#16276);
#5458=VERTEX_POINT('',#16278);
#5459=VERTEX_POINT('',#16280);
#5460=VERTEX_POINT('',#16282);
#5461=VERTEX_POINT('',#16284);
#5462=VERTEX_POINT('',#16286);
#5463=VERTEX_POINT('',#16288);
#5464=VERTEX_POINT('',#16290);
#5465=VERTEX_POINT('',#16292);
#5466=VERTEX_POINT('',#16297);
#5467=VERTEX_POINT('',#16298);
#5468=VERTEX_POINT('',#16300);
#5469=VERTEX_POINT('',#16302);
#5470=VERTEX_POINT('',#16304);
#5471=VERTEX_POINT('',#16306);
#5472=VERTEX_POINT('',#16308);
#5473=VERTEX_POINT('',#16310);
#5474=VERTEX_POINT('',#16312);
#5475=VERTEX_POINT('',#16314);
#5476=VERTEX_POINT('',#16316);
#5477=VERTEX_POINT('',#16318);
#5478=VERTEX_POINT('',#16321);
#5479=VERTEX_POINT('',#16323);
#5480=VERTEX_POINT('',#16325);
#5481=VERTEX_POINT('',#16327);
#5482=VERTEX_POINT('',#16329);
#5483=VERTEX_POINT('',#16331);
#5484=VERTEX_POINT('',#16333);
#5485=VERTEX_POINT('',#16335);
#5486=VERTEX_POINT('',#16337);
#5487=VERTEX_POINT('',#16339);
#5488=VERTEX_POINT('',#16341);
#5489=VERTEX_POINT('',#16343);
#5490=VERTEX_POINT('',#16345);
#5491=VERTEX_POINT('',#16347);
#5492=VERTEX_POINT('',#16349);
#5493=VERTEX_POINT('',#16351);
#5494=VERTEX_POINT('',#16353);
#5495=VERTEX_POINT('',#16355);
#5496=VERTEX_POINT('',#16357);
#5497=VERTEX_POINT('',#16359);
#5498=VERTEX_POINT('',#16361);
#5499=VERTEX_POINT('',#16363);
#5500=VERTEX_POINT('',#16365);
#5501=VERTEX_POINT('',#16367);
#5502=VERTEX_POINT('',#16369);
#5503=VERTEX_POINT('',#16371);
#5504=VERTEX_POINT('',#16373);
#5505=VERTEX_POINT('',#16375);
#5506=VERTEX_POINT('',#16377);
#5507=VERTEX_POINT('',#16379);
#5508=VERTEX_POINT('',#16383);
#5509=VERTEX_POINT('',#16385);
#5510=VERTEX_POINT('',#16389);
#5511=VERTEX_POINT('',#16391);
#5512=VERTEX_POINT('',#16395);
#5513=VERTEX_POINT('',#16397);
#5514=VERTEX_POINT('',#16401);
#5515=VERTEX_POINT('',#16402);
#5516=VERTEX_POINT('',#16407);
#5517=VERTEX_POINT('',#16408);
#5518=VERTEX_POINT('',#16413);
#5519=VERTEX_POINT('',#16414);
#5520=VERTEX_POINT('',#16419);
#5521=VERTEX_POINT('',#16420);
#5522=VERTEX_POINT('',#16428);
#5523=VERTEX_POINT('',#16432);
#5524=VERTEX_POINT('',#16433);
#5525=VERTEX_POINT('',#16435);
#5526=VERTEX_POINT('',#16437);
#5527=VERTEX_POINT('',#16441);
#5528=VERTEX_POINT('',#16442);
#5529=VERTEX_POINT('',#16447);
#5530=VERTEX_POINT('',#16448);
#5531=VERTEX_POINT('',#16453);
#5532=VERTEX_POINT('',#16457);
#5533=VERTEX_POINT('',#16459);
#5534=VERTEX_POINT('',#16463);
#5535=VERTEX_POINT('',#16465);
#5536=VERTEX_POINT('',#16469);
#5537=VERTEX_POINT('',#16470);
#5538=VERTEX_POINT('',#16472);
#5539=VERTEX_POINT('',#16474);
#5540=VERTEX_POINT('',#16478);
#5541=VERTEX_POINT('',#16479);
#5542=VERTEX_POINT('',#16481);
#5543=VERTEX_POINT('',#16483);
#5544=VERTEX_POINT('',#16487);
#5545=VERTEX_POINT('',#16489);
#5546=VERTEX_POINT('',#16491);
#5547=VERTEX_POINT('',#16493);
#5548=VERTEX_POINT('',#16497);
#5549=VERTEX_POINT('',#16498);
#5550=VERTEX_POINT('',#16501);
#5551=VERTEX_POINT('',#16503);
#5552=VERTEX_POINT('',#16505);
#5553=VERTEX_POINT('',#16507);
#5554=VERTEX_POINT('',#16509);
#5555=VERTEX_POINT('',#16513);
#5556=VERTEX_POINT('',#16515);
#5557=VERTEX_POINT('',#16517);
#5558=VERTEX_POINT('',#16519);
#5559=VERTEX_POINT('',#16521);
#5560=VERTEX_POINT('',#16523);
#5561=VERTEX_POINT('',#16525);
#5562=VERTEX_POINT('',#16530);
#5563=VERTEX_POINT('',#16532);
#5564=VERTEX_POINT('',#16536);
#5565=VERTEX_POINT('',#16538);
#5566=VERTEX_POINT('',#16540);
#5567=VERTEX_POINT('',#16542);
#5568=VERTEX_POINT('',#16544);
#5569=VERTEX_POINT('',#16546);
#5570=VERTEX_POINT('',#16548);
#5571=VERTEX_POINT('',#16550);
#5572=VERTEX_POINT('',#16552);
#5573=VERTEX_POINT('',#16554);
#5574=VERTEX_POINT('',#16556);
#5575=VERTEX_POINT('',#16558);
#5576=VERTEX_POINT('',#16560);
#5577=VERTEX_POINT('',#16562);
#5578=VERTEX_POINT('',#16564);
#5579=VERTEX_POINT('',#16566);
#5580=VERTEX_POINT('',#16568);
#5581=VERTEX_POINT('',#16570);
#5582=VERTEX_POINT('',#16572);
#5583=VERTEX_POINT('',#16574);
#5584=VERTEX_POINT('',#16576);
#5585=VERTEX_POINT('',#16578);
#5586=VERTEX_POINT('',#16580);
#5587=VERTEX_POINT('',#16582);
#5588=VERTEX_POINT('',#16584);
#5589=VERTEX_POINT('',#16586);
#5590=VERTEX_POINT('',#16588);
#5591=VERTEX_POINT('',#16590);
#5592=VERTEX_POINT('',#16593);
#5593=VERTEX_POINT('',#16595);
#5594=VERTEX_POINT('',#16597);
#5595=VERTEX_POINT('',#16599);
#5596=VERTEX_POINT('',#16601);
#5597=VERTEX_POINT('',#16603);
#5598=VERTEX_POINT('',#16605);
#5599=VERTEX_POINT('',#16607);
#5600=VERTEX_POINT('',#16611);
#5601=VERTEX_POINT('',#16613);
#5602=VERTEX_POINT('',#16616);
#5603=VERTEX_POINT('',#16619);
#5604=VERTEX_POINT('',#16621);
#5605=VERTEX_POINT('',#16624);
#5606=VERTEX_POINT('',#16626);
#5607=VERTEX_POINT('',#16629);
#5608=VERTEX_POINT('',#16631);
#5609=VERTEX_POINT('',#16634);
#5610=VERTEX_POINT('',#16636);
#5611=VERTEX_POINT('',#16639);
#5612=VERTEX_POINT('',#16641);
#5613=VERTEX_POINT('',#16644);
#5614=VERTEX_POINT('',#16646);
#5615=VERTEX_POINT('',#16649);
#5616=VERTEX_POINT('',#16653);
#5617=VERTEX_POINT('',#16655);
#5618=VERTEX_POINT('',#16659);
#5619=VERTEX_POINT('',#16661);
#5620=VERTEX_POINT('',#16665);
#5621=VERTEX_POINT('',#16667);
#5622=VERTEX_POINT('',#16671);
#5623=VERTEX_POINT('',#16673);
#5624=VERTEX_POINT('',#16677);
#5625=VERTEX_POINT('',#16679);
#5626=VERTEX_POINT('',#16683);
#5627=VERTEX_POINT('',#16685);
#5628=VERTEX_POINT('',#16689);
#5629=VERTEX_POINT('',#16691);
#5630=VERTEX_POINT('',#16693);
#5631=VERTEX_POINT('',#16695);
#5632=VERTEX_POINT('',#16699);
#5633=VERTEX_POINT('',#16700);
#5634=VERTEX_POINT('',#16702);
#5635=VERTEX_POINT('',#16704);
#5636=VERTEX_POINT('',#16708);
#5637=VERTEX_POINT('',#16709);
#5638=VERTEX_POINT('',#16711);
#5639=VERTEX_POINT('',#16713);
#5640=VERTEX_POINT('',#16717);
#5641=VERTEX_POINT('',#16718);
#5642=VERTEX_POINT('',#16720);
#5643=VERTEX_POINT('',#16722);
#5644=VERTEX_POINT('',#16724);
#5645=VERTEX_POINT('',#16726);
#5646=VERTEX_POINT('',#16730);
#5647=VERTEX_POINT('',#16732);
#5648=VERTEX_POINT('',#16734);
#5649=VERTEX_POINT('',#16736);
#5650=VERTEX_POINT('',#16738);
#5651=VERTEX_POINT('',#16740);
#5652=VERTEX_POINT('',#16744);
#5653=VERTEX_POINT('',#16745);
#5654=VERTEX_POINT('',#16747);
#5655=VERTEX_POINT('',#16749);
#5656=VERTEX_POINT('',#16753);
#5657=VERTEX_POINT('',#16754);
#5658=VERTEX_POINT('',#16756);
#5659=VERTEX_POINT('',#16758);
#5660=VERTEX_POINT('',#16762);
#5661=VERTEX_POINT('',#16765);
#5662=VERTEX_POINT('',#16767);
#5663=VERTEX_POINT('',#16769);
#5664=VERTEX_POINT('',#16771);
#5665=VERTEX_POINT('',#16773);
#5666=VERTEX_POINT('',#16775);
#5667=VERTEX_POINT('',#16778);
#5668=VERTEX_POINT('',#16782);
#5669=VERTEX_POINT('',#16784);
#5670=VERTEX_POINT('',#16786);
#5671=VERTEX_POINT('',#16788);
#5672=VERTEX_POINT('',#16790);
#5673=VERTEX_POINT('',#16793);
#5674=VERTEX_POINT('',#16795);
#5675=VERTEX_POINT('',#16797);
#5676=VERTEX_POINT('',#16800);
#5677=VERTEX_POINT('',#16802);
#5678=VERTEX_POINT('',#16804);
#5679=VERTEX_POINT('',#16807);
#5680=VERTEX_POINT('',#16811);
#5681=VERTEX_POINT('',#16813);
#5682=VERTEX_POINT('',#16815);
#5683=VERTEX_POINT('',#16817);
#5684=VERTEX_POINT('',#16819);
#5685=VERTEX_POINT('',#16823);
#5686=VERTEX_POINT('',#16835);
#5687=VERTEX_POINT('',#16836);
#5688=VERTEX_POINT('',#16838);
#5689=VERTEX_POINT('',#16840);
#5690=VERTEX_POINT('',#16842);
#5691=VERTEX_POINT('',#16844);
#5692=VERTEX_POINT('',#16847);
#5693=VERTEX_POINT('',#16851);
#5694=VERTEX_POINT('',#16854);
#5695=VERTEX_POINT('',#16859);
#5696=VERTEX_POINT('',#16860);
#5697=VERTEX_POINT('',#16865);
#5698=VERTEX_POINT('',#16866);
#5699=VERTEX_POINT('',#16868);
#5700=VERTEX_POINT('',#16870);
#5701=VERTEX_POINT('',#16872);
#5702=VERTEX_POINT('',#16875);
#5703=VERTEX_POINT('',#16877);
#5704=VERTEX_POINT('',#16881);
#5705=VERTEX_POINT('',#16883);
#5706=VERTEX_POINT('',#16887);
#5707=VERTEX_POINT('',#16889);
#5708=VERTEX_POINT('',#16891);
#5709=VERTEX_POINT('',#16894);
#5710=VERTEX_POINT('',#16897);
#5711=VERTEX_POINT('',#16900);
#5712=VERTEX_POINT('',#16904);
#5713=VERTEX_POINT('',#16906);
#5714=VERTEX_POINT('',#16910);
#5715=VERTEX_POINT('',#16912);
#5716=VERTEX_POINT('',#16916);
#5717=VERTEX_POINT('',#16918);
#5718=VERTEX_POINT('',#16922);
#5719=VERTEX_POINT('',#16924);
#5720=VERTEX_POINT('',#16928);
#5721=VERTEX_POINT('',#16930);
#5722=VERTEX_POINT('',#16935);
#5723=VERTEX_POINT('',#16938);
#5724=VERTEX_POINT('',#16941);
#5725=VERTEX_POINT('',#16943);
#5726=VERTEX_POINT('',#16946);
#5727=VERTEX_POINT('',#16953);
#5728=VERTEX_POINT('',#16954);
#5729=VERTEX_POINT('',#16956);
#5730=VERTEX_POINT('',#16958);
#5731=VERTEX_POINT('',#16962);
#5732=VERTEX_POINT('',#16964);
#5733=VERTEX_POINT('',#16968);
#5734=VERTEX_POINT('',#16970);
#5735=VERTEX_POINT('',#16977);
#5736=VERTEX_POINT('',#16978);
#5737=VERTEX_POINT('',#16980);
#5738=VERTEX_POINT('',#16982);
#5739=VERTEX_POINT('',#16986);
#5740=VERTEX_POINT('',#16988);
#5741=VERTEX_POINT('',#16992);
#5742=VERTEX_POINT('',#16994);
#5743=VERTEX_POINT('',#17001);
#5744=VERTEX_POINT('',#17002);
#5745=VERTEX_POINT('',#17004);
#5746=VERTEX_POINT('',#17006);
#5747=VERTEX_POINT('',#17009);
#5748=VERTEX_POINT('',#17010);
#5749=VERTEX_POINT('',#17012);
#5750=VERTEX_POINT('',#17014);
#5751=VERTEX_POINT('',#17020);
#5752=VERTEX_POINT('',#17024);
#5753=VERTEX_POINT('',#17026);
#5754=VERTEX_POINT('',#17028);
#5755=VERTEX_POINT('',#17030);
#5756=VERTEX_POINT('',#17043);
#5757=VERTEX_POINT('',#17045);
#5758=VERTEX_POINT('',#17049);
#5759=VERTEX_POINT('',#17053);
#5760=VERTEX_POINT('',#17059);
#5761=VERTEX_POINT('',#17061);
#5762=VERTEX_POINT('',#17065);
#5763=VERTEX_POINT('',#17069);
#5764=VERTEX_POINT('',#17075);
#5765=VERTEX_POINT('',#17076);
#5766=VERTEX_POINT('',#17083);
#5767=VERTEX_POINT('',#17087);
#5768=VERTEX_POINT('',#17095);
#5769=VERTEX_POINT('',#17097);
#5770=VERTEX_POINT('',#17103);
#5771=VERTEX_POINT('',#17107);
#5772=VERTEX_POINT('',#17111);
#5773=VERTEX_POINT('',#17118);
#5774=VERTEX_POINT('',#17120);
#5775=VERTEX_POINT('',#17123);
#5776=VERTEX_POINT('',#17125);
#5777=VERTEX_POINT('',#17128);
#5778=VERTEX_POINT('',#17130);
#5779=VERTEX_POINT('',#17133);
#5780=VERTEX_POINT('',#17135);
#5781=VERTEX_POINT('',#17138);
#5782=VERTEX_POINT('',#17140);
#5783=VERTEX_POINT('',#17143);
#5784=VERTEX_POINT('',#17145);
#5785=VERTEX_POINT('',#17150);
#5786=VERTEX_POINT('',#17162);
#5787=VERTEX_POINT('',#17166);
#5788=VERTEX_POINT('',#17167);
#5789=VERTEX_POINT('',#17170);
#5790=VERTEX_POINT('',#17183);
#5791=VERTEX_POINT('',#17185);
#5792=VERTEX_POINT('',#17195);
#5793=VERTEX_POINT('',#17197);
#5794=VERTEX_POINT('',#17198);
#5795=VERTEX_POINT('',#17203);
#5796=VERTEX_POINT('',#17207);
#5797=VERTEX_POINT('',#17209);
#5798=VERTEX_POINT('',#17213);
#5799=VERTEX_POINT('',#17214);
#5800=VERTEX_POINT('',#17218);
#5801=VERTEX_POINT('',#17220);
#5802=VERTEX_POINT('',#17225);
#5803=VERTEX_POINT('',#17237);
#5804=VERTEX_POINT('',#17247);
#5805=VERTEX_POINT('',#17249);
#5806=VERTEX_POINT('',#17260);
#5807=VERTEX_POINT('',#17262);
#5808=VERTEX_POINT('',#17266);
#5809=VERTEX_POINT('',#17270);
#5810=VERTEX_POINT('',#17274);
#5811=VERTEX_POINT('',#17275);
#5812=VERTEX_POINT('',#17277);
#5813=VERTEX_POINT('',#17279);
#5814=VERTEX_POINT('',#17293);
#5815=VERTEX_POINT('',#17294);
#5816=VERTEX_POINT('',#17296);
#5817=VERTEX_POINT('',#17298);
#5818=VERTEX_POINT('',#17312);
#5819=VERTEX_POINT('',#17313);
#5820=VERTEX_POINT('',#17315);
#5821=VERTEX_POINT('',#17317);
#5822=VERTEX_POINT('',#17331);
#5823=VERTEX_POINT('',#17332);
#5824=VERTEX_POINT('',#17334);
#5825=VERTEX_POINT('',#17336);
#5826=VERTEX_POINT('',#17350);
#5827=VERTEX_POINT('',#17351);
#5828=VERTEX_POINT('',#17353);
#5829=VERTEX_POINT('',#17355);
#5830=VERTEX_POINT('',#17369);
#5831=VERTEX_POINT('',#17370);
#5832=VERTEX_POINT('',#17372);
#5833=VERTEX_POINT('',#17374);
#5834=VERTEX_POINT('',#17388);
#5835=VERTEX_POINT('',#17390);
#5836=VERTEX_POINT('',#17398);
#5837=VERTEX_POINT('',#17401);
#5838=VERTEX_POINT('',#17403);
#5839=VERTEX_POINT('',#17409);
#5840=VERTEX_POINT('',#17411);
#5841=VERTEX_POINT('',#17415);
#5842=VERTEX_POINT('',#17419);
#5843=VERTEX_POINT('',#17426);
#5844=VERTEX_POINT('',#17430);
#5845=VERTEX_POINT('',#17437);
#5846=VERTEX_POINT('',#17439);
#5847=VERTEX_POINT('',#17502);
#5848=VERTEX_POINT('',#17504);
#5849=VERTEX_POINT('',#17508);
#5850=VERTEX_POINT('',#17509);
#5851=VERTEX_POINT('',#17511);
#5852=VERTEX_POINT('',#17513);
#5853=VERTEX_POINT('',#17516);
#5854=VERTEX_POINT('',#17517);
#5855=VERTEX_POINT('',#17519);
#5856=VERTEX_POINT('',#17521);
#5857=VERTEX_POINT('',#17524);
#5858=VERTEX_POINT('',#17526);
#5859=VERTEX_POINT('',#17552);
#5860=VERTEX_POINT('',#17553);
#5861=VERTEX_POINT('',#17555);
#5862=VERTEX_POINT('',#17557);
#5863=VERTEX_POINT('',#17561);
#5864=VERTEX_POINT('',#17562);
#5865=VERTEX_POINT('',#17564);
#5866=VERTEX_POINT('',#17566);
#5867=VERTEX_POINT('',#17568);
#5868=VERTEX_POINT('',#17570);
#5869=VERTEX_POINT('',#17572);
#5870=VERTEX_POINT('',#17574);
#5871=VERTEX_POINT('',#17576);
#5872=VERTEX_POINT('',#17578);
#5873=VERTEX_POINT('',#17580);
#5874=VERTEX_POINT('',#17582);
#5875=VERTEX_POINT('',#17584);
#5876=VERTEX_POINT('',#17586);
#5877=VERTEX_POINT('',#17591);
#5878=VERTEX_POINT('',#17593);
#5879=VERTEX_POINT('',#17597);
#5880=VERTEX_POINT('',#17599);
#5881=VERTEX_POINT('',#17601);
#5882=VERTEX_POINT('',#17603);
#5883=VERTEX_POINT('',#17605);
#5884=VERTEX_POINT('',#17607);
#5885=VERTEX_POINT('',#17609);
#5886=VERTEX_POINT('',#17611);
#5887=VERTEX_POINT('',#17613);
#5888=VERTEX_POINT('',#17615);
#5889=VERTEX_POINT('',#17617);
#5890=VERTEX_POINT('',#17619);
#5891=VERTEX_POINT('',#17651);
#5892=VERTEX_POINT('',#17652);
#5893=VERTEX_POINT('',#17654);
#5894=VERTEX_POINT('',#17656);
#5895=VERTEX_POINT('',#17660);
#5896=VERTEX_POINT('',#17661);
#5897=VERTEX_POINT('',#17664);
#5898=VERTEX_POINT('',#17666);
#5899=VERTEX_POINT('',#17670);
#5900=VERTEX_POINT('',#17671);
#5901=VERTEX_POINT('',#17674);
#5902=VERTEX_POINT('',#17676);
#5903=VERTEX_POINT('',#17678);
#5904=VERTEX_POINT('',#17680);
#5905=VERTEX_POINT('',#17682);
#5906=VERTEX_POINT('',#17684);
#5907=VERTEX_POINT('',#17686);
#5908=VERTEX_POINT('',#17688);
#5909=VERTEX_POINT('',#17690);
#5910=VERTEX_POINT('',#17692);
#5911=VERTEX_POINT('',#17697);
#5912=VERTEX_POINT('',#17699);
#5913=VERTEX_POINT('',#17704);
#5914=VERTEX_POINT('',#17706);
#5915=VERTEX_POINT('',#17708);
#5916=VERTEX_POINT('',#17710);
#5917=VERTEX_POINT('',#17712);
#5918=VERTEX_POINT('',#17714);
#5919=VERTEX_POINT('',#17716);
#5920=VERTEX_POINT('',#17718);
#5921=VERTEX_POINT('',#17720);
#5922=VERTEX_POINT('',#17722);
#5923=VERTEX_POINT('',#17754);
#5924=VERTEX_POINT('',#17755);
#5925=VERTEX_POINT('',#17757);
#5926=VERTEX_POINT('',#17759);
#5927=VERTEX_POINT('',#17763);
#5928=VERTEX_POINT('',#17764);
#5929=VERTEX_POINT('',#17766);
#5930=VERTEX_POINT('',#17768);
#5931=VERTEX_POINT('',#17772);
#5932=VERTEX_POINT('',#17773);
#5933=VERTEX_POINT('',#17775);
#5934=VERTEX_POINT('',#17777);
#5935=VERTEX_POINT('',#17779);
#5936=VERTEX_POINT('',#17781);
#5937=VERTEX_POINT('',#17786);
#5938=VERTEX_POINT('',#17787);
#5939=VERTEX_POINT('',#17789);
#5940=VERTEX_POINT('',#17791);
#5941=VERTEX_POINT('',#17795);
#5942=VERTEX_POINT('',#17796);
#5943=VERTEX_POINT('',#17798);
#5944=VERTEX_POINT('',#17801);
#5945=VERTEX_POINT('',#17806);
#5946=VERTEX_POINT('',#17807);
#5947=VERTEX_POINT('',#17812);
#5948=VERTEX_POINT('',#17813);
#5949=VERTEX_POINT('',#17815);
#5950=VERTEX_POINT('',#17817);
#5951=VERTEX_POINT('',#17819);
#5952=VERTEX_POINT('',#17821);
#5953=VERTEX_POINT('',#17824);
#5954=VERTEX_POINT('',#17825);
#5955=VERTEX_POINT('',#17827);
#5956=VERTEX_POINT('',#17829);
#5957=VERTEX_POINT('',#17831);
#5958=VERTEX_POINT('',#17833);
#5959=VERTEX_POINT('',#17836);
#5960=VERTEX_POINT('',#17837);
#5961=VERTEX_POINT('',#17839);
#5962=VERTEX_POINT('',#17841);
#5963=VERTEX_POINT('',#17843);
#5964=VERTEX_POINT('',#17845);
#5965=VERTEX_POINT('',#17849);
#5966=VERTEX_POINT('',#17850);
#5967=VERTEX_POINT('',#17852);
#5968=VERTEX_POINT('',#17854);
#5969=VERTEX_POINT('',#17858);
#5970=VERTEX_POINT('',#17859);
#5971=VERTEX_POINT('',#17861);
#5972=VERTEX_POINT('',#17863);
#5973=VERTEX_POINT('',#17867);
#5974=VERTEX_POINT('',#17868);
#5975=VERTEX_POINT('',#17871);
#5976=VERTEX_POINT('',#17873);
#5977=VERTEX_POINT('',#17876);
#5978=VERTEX_POINT('',#17878);
#5979=VERTEX_POINT('',#17882);
#5980=VERTEX_POINT('',#17883);
#5981=VERTEX_POINT('',#17886);
#5982=VERTEX_POINT('',#17889);
#5983=VERTEX_POINT('',#17899);
#5984=VERTEX_POINT('',#17901);
#5985=VERTEX_POINT('',#17909);
#5986=VERTEX_POINT('',#17910);
#5987=VERTEX_POINT('',#17915);
#5988=VERTEX_POINT('',#17919);
#5989=VERTEX_POINT('',#17923);
#5990=VERTEX_POINT('',#17924);
#5991=VERTEX_POINT('',#17929);
#5992=VERTEX_POINT('',#17931);
#5993=VERTEX_POINT('',#17933);
#5994=VERTEX_POINT('',#17938);
#5995=VERTEX_POINT('',#17943);
#5996=VERTEX_POINT('',#17945);
#5997=VERTEX_POINT('',#17956);
#5998=VERTEX_POINT('',#17958);
#5999=VERTEX_POINT('',#17966);
#6000=VERTEX_POINT('',#17968);
#6001=VERTEX_POINT('',#17974);
#6002=VERTEX_POINT('',#17976);
#6003=VERTEX_POINT('',#17982);
#6004=VERTEX_POINT('',#17984);
#6005=VERTEX_POINT('',#17998);
#6006=VERTEX_POINT('',#17999);
#6007=VERTEX_POINT('',#18001);
#6008=VERTEX_POINT('',#18003);
#6009=VERTEX_POINT('',#18007);
#6010=VERTEX_POINT('',#18009);
#6011=VERTEX_POINT('',#18021);
#6012=VERTEX_POINT('',#18022);
#6013=VERTEX_POINT('',#18024);
#6014=VERTEX_POINT('',#18026);
#6015=VERTEX_POINT('',#18030);
#6016=VERTEX_POINT('',#18032);
#6017=VERTEX_POINT('',#18047);
#6018=VERTEX_POINT('',#18048);
#6019=VERTEX_POINT('',#18050);
#6020=VERTEX_POINT('',#18052);
#6021=VERTEX_POINT('',#18055);
#6022=VERTEX_POINT('',#18056);
#6023=VERTEX_POINT('',#18058);
#6024=VERTEX_POINT('',#18060);
#6025=VERTEX_POINT('',#18062);
#6026=VERTEX_POINT('',#18064);
#6027=VERTEX_POINT('',#18066);
#6028=VERTEX_POINT('',#18068);
#6029=VERTEX_POINT('',#18071);
#6030=VERTEX_POINT('',#18072);
#6031=VERTEX_POINT('',#18074);
#6032=VERTEX_POINT('',#18076);
#6033=VERTEX_POINT('',#18080);
#6034=VERTEX_POINT('',#18082);
#6035=VERTEX_POINT('',#18086);
#6036=VERTEX_POINT('',#18087);
#6037=VERTEX_POINT('',#18092);
#6038=VERTEX_POINT('',#18093);
#6039=VERTEX_POINT('',#18098);
#6040=VERTEX_POINT('',#18099);
#6041=VERTEX_POINT('',#18117);
#6042=VERTEX_POINT('',#18118);
#6043=VERTEX_POINT('',#18120);
#6044=VERTEX_POINT('',#18122);
#6045=VERTEX_POINT('',#18124);
#6046=VERTEX_POINT('',#18126);
#6047=VERTEX_POINT('',#18130);
#6048=VERTEX_POINT('',#18131);
#6049=VERTEX_POINT('',#18133);
#6050=VERTEX_POINT('',#18135);
#6051=VERTEX_POINT('',#18137);
#6052=VERTEX_POINT('',#18139);
#6053=VERTEX_POINT('',#18143);
#6054=VERTEX_POINT('',#18145);
#6055=VERTEX_POINT('',#18149);
#6056=VERTEX_POINT('',#18151);
#6057=VERTEX_POINT('',#18168);
#6058=VERTEX_POINT('',#18169);
#6059=VERTEX_POINT('',#18171);
#6060=VERTEX_POINT('',#18173);
#6061=VERTEX_POINT('',#18175);
#6062=VERTEX_POINT('',#18177);
#6063=VERTEX_POINT('',#18181);
#6064=VERTEX_POINT('',#18182);
#6065=VERTEX_POINT('',#18184);
#6066=VERTEX_POINT('',#18186);
#6067=VERTEX_POINT('',#18188);
#6068=VERTEX_POINT('',#18190);
#6069=VERTEX_POINT('',#18194);
#6070=VERTEX_POINT('',#18196);
#6071=VERTEX_POINT('',#18200);
#6072=VERTEX_POINT('',#18202);
#6073=VERTEX_POINT('',#18224);
#6074=VERTEX_POINT('',#18225);
#6075=VERTEX_POINT('',#18227);
#6076=VERTEX_POINT('',#18229);
#6077=VERTEX_POINT('',#18232);
#6078=VERTEX_POINT('',#18233);
#6079=VERTEX_POINT('',#18235);
#6080=VERTEX_POINT('',#18237);
#6081=VERTEX_POINT('',#18239);
#6082=VERTEX_POINT('',#18241);
#6083=VERTEX_POINT('',#18243);
#6084=VERTEX_POINT('',#18245);
#6085=VERTEX_POINT('',#18248);
#6086=VERTEX_POINT('',#18249);
#6087=VERTEX_POINT('',#18251);
#6088=VERTEX_POINT('',#18253);
#6089=VERTEX_POINT('',#18257);
#6090=VERTEX_POINT('',#18259);
#6091=VERTEX_POINT('',#18263);
#6092=VERTEX_POINT('',#18264);
#6093=VERTEX_POINT('',#18269);
#6094=VERTEX_POINT('',#18270);
#6095=VERTEX_POINT('',#18275);
#6096=VERTEX_POINT('',#18276);
#6097=VERTEX_POINT('',#18294);
#6098=VERTEX_POINT('',#18295);
#6099=VERTEX_POINT('',#18297);
#6100=VERTEX_POINT('',#18299);
#6101=VERTEX_POINT('',#18301);
#6102=VERTEX_POINT('',#18303);
#6103=VERTEX_POINT('',#18307);
#6104=VERTEX_POINT('',#18308);
#6105=VERTEX_POINT('',#18310);
#6106=VERTEX_POINT('',#18312);
#6107=VERTEX_POINT('',#18314);
#6108=VERTEX_POINT('',#18316);
#6109=VERTEX_POINT('',#18320);
#6110=VERTEX_POINT('',#18322);
#6111=VERTEX_POINT('',#18326);
#6112=VERTEX_POINT('',#18328);
#6113=VERTEX_POINT('',#18345);
#6114=VERTEX_POINT('',#18346);
#6115=VERTEX_POINT('',#18348);
#6116=VERTEX_POINT('',#18350);
#6117=VERTEX_POINT('',#18352);
#6118=VERTEX_POINT('',#18354);
#6119=VERTEX_POINT('',#18358);
#6120=VERTEX_POINT('',#18359);
#6121=VERTEX_POINT('',#18361);
#6122=VERTEX_POINT('',#18363);
#6123=VERTEX_POINT('',#18365);
#6124=VERTEX_POINT('',#18367);
#6125=VERTEX_POINT('',#18371);
#6126=VERTEX_POINT('',#18373);
#6127=VERTEX_POINT('',#18377);
#6128=VERTEX_POINT('',#18379);
#6129=LINE('',#15252,#7507);
#6130=LINE('',#15257,#7508);
#6131=LINE('',#15261,#7509);
#6132=LINE('',#15263,#7510);
#6133=LINE('',#15265,#7511);
#6134=LINE('',#15270,#7512);
#6135=LINE('',#15274,#7513);
#6136=LINE('',#15276,#7514);
#6137=LINE('',#15278,#7515);
#6138=LINE('',#15279,#7516);
#6139=LINE('',#15281,#7517);
#6140=LINE('',#15283,#7518);
#6141=LINE('',#15285,#7519);
#6142=LINE('',#15287,#7520);
#6143=LINE('',#15289,#7521);
#6144=LINE('',#15291,#7522);
#6145=LINE('',#15293,#7523);
#6146=LINE('',#15295,#7524);
#6147=LINE('',#15298,#7525);
#6148=LINE('',#15300,#7526);
#6149=LINE('',#15302,#7527);
#6150=LINE('',#15304,#7528);
#6151=LINE('',#15306,#7529);
#6152=LINE('',#15308,#7530);
#6153=LINE('',#15312,#7531);
#6154=LINE('',#15314,#7532);
#6155=LINE('',#15316,#7533);
#6156=LINE('',#15321,#7534);
#6157=LINE('',#15325,#7535);
#6158=LINE('',#15328,#7536);
#6159=LINE('',#15332,#7537);
#6160=LINE('',#15337,#7538);
#6161=LINE('',#15339,#7539);
#6162=LINE('',#15341,#7540);
#6163=LINE('',#15345,#7541);
#6164=LINE('',#15348,#7542);
#6165=LINE('',#15349,#7543);
#6166=LINE('',#15351,#7544);
#6167=LINE('',#15357,#7545);
#6168=LINE('',#15359,#7546);
#6169=LINE('',#15363,#7547);
#6170=LINE('',#15367,#7548);
#6171=LINE('',#15371,#7549);
#6172=LINE('',#15375,#7550);
#6173=LINE('',#15379,#7551);
#6174=LINE('',#15384,#7552);
#6175=LINE('',#15385,#7553);
#6176=LINE('',#15387,#7554);
#6177=LINE('',#15390,#7555);
#6178=LINE('',#15392,#7556);
#6179=LINE('',#15394,#7557);
#6180=LINE('',#15396,#7558);
#6181=LINE('',#15399,#7559);
#6182=LINE('',#15401,#7560);
#6183=LINE('',#15403,#7561);
#6184=LINE('',#15405,#7562);
#6185=LINE('',#15406,#7563);
#6186=LINE('',#15408,#7564);
#6187=LINE('',#15412,#7565);
#6188=LINE('',#15418,#7566);
#6189=LINE('',#15421,#7567);
#6190=LINE('',#15425,#7568);
#6191=LINE('',#15428,#7569);
#6192=LINE('',#15432,#7570);
#6193=LINE('',#15435,#7571);
#6194=LINE('',#15437,#7572);
#6195=LINE('',#15439,#7573);
#6196=LINE('',#15440,#7574);
#6197=LINE('',#15443,#7575);
#6198=LINE('',#15447,#7576);
#6199=LINE('',#15449,#7577);
#6200=LINE('',#15455,#7578);
#6201=LINE('',#15463,#7579);
#6202=LINE('',#15467,#7580);
#6203=LINE('',#15471,#7581);
#6204=LINE('',#15476,#7582);
#6205=LINE('',#15481,#7583);
#6206=LINE('',#15485,#7584);
#6207=LINE('',#15488,#7585);
#6208=LINE('',#15490,#7586);
#6209=LINE('',#15492,#7587);
#6210=LINE('',#15493,#7588);
#6211=LINE('',#15496,#7589);
#6212=LINE('',#15498,#7590);
#6213=LINE('',#15500,#7591);
#6214=LINE('',#15502,#7592);
#6215=LINE('',#15505,#7593);
#6216=LINE('',#15507,#7594);
#6217=LINE('',#15509,#7595);
#6218=LINE('',#15510,#7596);
#6219=LINE('',#15513,#7597);
#6220=LINE('',#15515,#7598);
#6221=LINE('',#15517,#7599);
#6222=LINE('',#15519,#7600);
#6223=LINE('',#15521,#7601);
#6224=LINE('',#15523,#7602);
#6225=LINE('',#15525,#7603);
#6226=LINE('',#15527,#7604);
#6227=LINE('',#15528,#7605);
#6228=LINE('',#15530,#7606);
#6229=LINE('',#15531,#7607);
#6230=LINE('',#15534,#7608);
#6231=LINE('',#15536,#7609);
#6232=LINE('',#15538,#7610);
#6233=LINE('',#15540,#7611);
#6234=LINE('',#15542,#7612);
#6235=LINE('',#15544,#7613);
#6236=LINE('',#15546,#7614);
#6237=LINE('',#15548,#7615);
#6238=LINE('',#15550,#7616);
#6239=LINE('',#15551,#7617);
#6240=LINE('',#15553,#7618);
#6241=LINE('',#15554,#7619);
#6242=LINE('',#15556,#7620);
#6243=LINE('',#15558,#7621);
#6244=LINE('',#15560,#7622);
#6245=LINE('',#15562,#7623);
#6246=LINE('',#15564,#7624);
#6247=LINE('',#15566,#7625);
#6248=LINE('',#15569,#7626);
#6249=LINE('',#15571,#7627);
#6250=LINE('',#15573,#7628);
#6251=LINE('',#15574,#7629);
#6252=LINE('',#15577,#7630);
#6253=LINE('',#15579,#7631);
#6254=LINE('',#15581,#7632);
#6255=LINE('',#15583,#7633);
#6256=LINE('',#15586,#7634);
#6257=LINE('',#15588,#7635);
#6258=LINE('',#15590,#7636);
#6259=LINE('',#15592,#7637);
#6260=LINE('',#15594,#7638);
#6261=LINE('',#15596,#7639);
#6262=LINE('',#15598,#7640);
#6263=LINE('',#15599,#7641);
#6264=LINE('',#15602,#7642);
#6265=LINE('',#15604,#7643);
#6266=LINE('',#15606,#7644);
#6267=LINE('',#15611,#7645);
#6268=LINE('',#15615,#7646);
#6269=LINE('',#15619,#7647);
#6270=LINE('',#15623,#7648);
#6271=LINE('',#15625,#7649);
#6272=LINE('',#15627,#7650);
#6273=LINE('',#15631,#7651);
#6274=LINE('',#15633,#7652);
#6275=LINE('',#15638,#7653);
#6276=LINE('',#15639,#7654);
#6277=LINE('',#15640,#7655);
#6278=LINE('',#15643,#7656);
#6279=LINE('',#15646,#7657);
#6280=LINE('',#15650,#7658);
#6281=LINE('',#15651,#7659);
#6282=LINE('',#15653,#7660);
#6283=LINE('',#15654,#7661);
#6284=LINE('',#15655,#7662);
#6285=LINE('',#15657,#7663);
#6286=LINE('',#15660,#7664);
#6287=LINE('',#15664,#7665);
#6288=LINE('',#15668,#7666);
#6289=LINE('',#15670,#7667);
#6290=LINE('',#15674,#7668);
#6291=LINE('',#15678,#7669);
#6292=LINE('',#15680,#7670);
#6293=LINE('',#15681,#7671);
#6294=LINE('',#15682,#7672);
#6295=LINE('',#15686,#7673);
#6296=LINE('',#15690,#7674);
#6297=LINE('',#15693,#7675);
#6298=LINE('',#15695,#7676);
#6299=LINE('',#15697,#7677);
#6300=LINE('',#15699,#7678);
#6301=LINE('',#15701,#7679);
#6302=LINE('',#15703,#7680);
#6303=LINE('',#15705,#7681);
#6304=LINE('',#15707,#7682);
#6305=LINE('',#15708,#7683);
#6306=LINE('',#15710,#7684);
#6307=LINE('',#15714,#7685);
#6308=LINE('',#15716,#7686);
#6309=LINE('',#15720,#7687);
#6310=LINE('',#15722,#7688);
#6311=LINE('',#15724,#7689);
#6312=LINE('',#15726,#7690);
#6313=LINE('',#15728,#7691);
#6314=LINE('',#15730,#7692);
#6315=LINE('',#15732,#7693);
#6316=LINE('',#15734,#7694);
#6317=LINE('',#15736,#7695);
#6318=LINE('',#15738,#7696);
#6319=LINE('',#15740,#7697);
#6320=LINE('',#15742,#7698);
#6321=LINE('',#15744,#7699);
#6322=LINE('',#15746,#7700);
#6323=LINE('',#15748,#7701);
#6324=LINE('',#15750,#7702);
#6325=LINE('',#15752,#7703);
#6326=LINE('',#15753,#7704);
#6327=LINE('',#15755,#7705);
#6328=LINE('',#15757,#7706);
#6329=LINE('',#15759,#7707);
#6330=LINE('',#15763,#7708);
#6331=LINE('',#15765,#7709);
#6332=LINE('',#15766,#7710);
#6333=LINE('',#15767,#7711);
#6334=LINE('',#15769,#7712);
#6335=LINE('',#15770,#7713);
#6336=LINE('',#15771,#7714);
#6337=LINE('',#15773,#7715);
#6338=LINE('',#15777,#7716);
#6339=LINE('',#15779,#7717);
#6340=LINE('',#15781,#7718);
#6341=LINE('',#15782,#7719);
#6342=LINE('',#15784,#7720);
#6343=LINE('',#15785,#7721);
#6344=LINE('',#15787,#7722);
#6345=LINE('',#15788,#7723);
#6346=LINE('',#15796,#7724);
#6347=LINE('',#15798,#7725);
#6348=LINE('',#15803,#7726);
#6349=LINE('',#15805,#7727);
#6350=LINE('',#15809,#7728);
#6351=LINE('',#15812,#7729);
#6352=LINE('',#15814,#7730);
#6353=LINE('',#15816,#7731);
#6354=LINE('',#15817,#7732);
#6355=LINE('',#15822,#7733);
#6356=LINE('',#15824,#7734);
#6357=LINE('',#15827,#7735);
#6358=LINE('',#15829,#7736);
#6359=LINE('',#15830,#7737);
#6360=LINE('',#15834,#7738);
#6361=LINE('',#15836,#7739);
#6362=LINE('',#15838,#7740);
#6363=LINE('',#15845,#7741);
#6364=LINE('',#15847,#7742);
#6365=LINE('',#15849,#7743);
#6366=LINE('',#15852,#7744);
#6367=LINE('',#15854,#7745);
#6368=LINE('',#15856,#7746);
#6369=LINE('',#15863,#7747);
#6370=LINE('',#15865,#7748);
#6371=LINE('',#15866,#7749);
#6372=LINE('',#15868,#7750);
#6373=LINE('',#15870,#7751);
#6374=LINE('',#15871,#7752);
#6375=LINE('',#15873,#7753);
#6376=LINE('',#15875,#7754);
#6377=LINE('',#15878,#7755);
#6378=LINE('',#15881,#7756);
#6379=LINE('',#15888,#7757);
#6380=LINE('',#15893,#7758);
#6381=LINE('',#15894,#7759);
#6382=LINE('',#15896,#7760);
#6383=LINE('',#15898,#7761);
#6384=LINE('',#15900,#7762);
#6385=LINE('',#15906,#7763);
#6386=LINE('',#15909,#7764);
#6387=LINE('',#15911,#7765);
#6388=LINE('',#15913,#7766);
#6389=LINE('',#15918,#7767);
#6390=LINE('',#15920,#7768);
#6391=LINE('',#15922,#7769);
#6392=LINE('',#15937,#7770);
#6393=LINE('',#15940,#7771);
#6394=LINE('',#15942,#7772);
#6395=LINE('',#15945,#7773);
#6396=LINE('',#15947,#7774);
#6397=LINE('',#15949,#7775);
#6398=LINE('',#15950,#7776);
#6399=LINE('',#15954,#7777);
#6400=LINE('',#15956,#7778);
#6401=LINE('',#15958,#7779);
#6402=LINE('',#15962,#7780);
#6403=LINE('',#15969,#7781);
#6404=LINE('',#15970,#7782);
#6405=LINE('',#15972,#7783);
#6406=LINE('',#15976,#7784);
#6407=LINE('',#15979,#7785);
#6408=LINE('',#15982,#7786);
#6409=LINE('',#15985,#7787);
#6410=LINE('',#15987,#7788);
#6411=LINE('',#15989,#7789);
#6412=LINE('',#15994,#7790);
#6413=LINE('',#15997,#7791);
#6414=LINE('',#15998,#7792);
#6415=LINE('',#16013,#7793);
#6416=LINE('',#16016,#7794);
#6417=LINE('',#16018,#7795);
#6418=LINE('',#16023,#7796);
#6419=LINE('',#16026,#7797);
#6420=LINE('',#16028,#7798);
#6421=LINE('',#16033,#7799);
#6422=LINE('',#16036,#7800);
#6423=LINE('',#16038,#7801);
#6424=LINE('',#16040,#7802);
#6425=LINE('',#16044,#7803);
#6426=LINE('',#16048,#7804);
#6427=LINE('',#16054,#7805);
#6428=LINE('',#16056,#7806);
#6429=LINE('',#16058,#7807);
#6430=LINE('',#16060,#7808);
#6431=LINE('',#16067,#7809);
#6432=LINE('',#16070,#7810);
#6433=LINE('',#16072,#7811);
#6434=LINE('',#16074,#7812);
#6435=LINE('',#16076,#7813);
#6436=LINE('',#16079,#7814);
#6437=LINE('',#16080,#7815);
#6438=LINE('',#16082,#7816);
#6439=LINE('',#16085,#7817);
#6440=LINE('',#16086,#7818);
#6441=LINE('',#16088,#7819);
#6442=LINE('',#16089,#7820);
#6443=LINE('',#16091,#7821);
#6444=LINE('',#16094,#7822);
#6445=LINE('',#16096,#7823);
#6446=LINE('',#16098,#7824);
#6447=LINE('',#16100,#7825);
#6448=LINE('',#16103,#7826);
#6449=LINE('',#16104,#7827);
#6450=LINE('',#16106,#7828);
#6451=LINE('',#16109,#7829);
#6452=LINE('',#16110,#7830);
#6453=LINE('',#16112,#7831);
#6454=LINE('',#16113,#7832);
#6455=LINE('',#16115,#7833);
#6456=LINE('',#16118,#7834);
#6457=LINE('',#16120,#7835);
#6458=LINE('',#16122,#7836);
#6459=LINE('',#16124,#7837);
#6460=LINE('',#16126,#7838);
#6461=LINE('',#16128,#7839);
#6462=LINE('',#16130,#7840);
#6463=LINE('',#16132,#7841);
#6464=LINE('',#16134,#7842);
#6465=LINE('',#16136,#7843);
#6466=LINE('',#16138,#7844);
#6467=LINE('',#16140,#7845);
#6468=LINE('',#16143,#7846);
#6469=LINE('',#16145,#7847);
#6470=LINE('',#16147,#7848);
#6471=LINE('',#16148,#7849);
#6472=LINE('',#16151,#7850);
#6473=LINE('',#16153,#7851);
#6474=LINE('',#16155,#7852);
#6475=LINE('',#16157,#7853);
#6476=LINE('',#16159,#7854);
#6477=LINE('',#16161,#7855);
#6478=LINE('',#16163,#7856);
#6479=LINE('',#16165,#7857);
#6480=LINE('',#16167,#7858);
#6481=LINE('',#16169,#7859);
#6482=LINE('',#16171,#7860);
#6483=LINE('',#16173,#7861);
#6484=LINE('',#16175,#7862);
#6485=LINE('',#16177,#7863);
#6486=LINE('',#16179,#7864);
#6487=LINE('',#16181,#7865);
#6488=LINE('',#16183,#7866);
#6489=LINE('',#16185,#7867);
#6490=LINE('',#16187,#7868);
#6491=LINE('',#16188,#7869);
#6492=LINE('',#16191,#7870);
#6493=LINE('',#16193,#7871);
#6494=LINE('',#16195,#7872);
#6495=LINE('',#16197,#7873);
#6496=LINE('',#16200,#7874);
#6497=LINE('',#16202,#7875);
#6498=LINE('',#16204,#7876);
#6499=LINE('',#16206,#7877);
#6500=LINE('',#16208,#7878);
#6501=LINE('',#16210,#7879);
#6502=LINE('',#16213,#7880);
#6503=LINE('',#16215,#7881);
#6504=LINE('',#16217,#7882);
#6505=LINE('',#16219,#7883);
#6506=LINE('',#16221,#7884);
#6507=LINE('',#16223,#7885);
#6508=LINE('',#16225,#7886);
#6509=LINE('',#16227,#7887);
#6510=LINE('',#16229,#7888);
#6511=LINE('',#16231,#7889);
#6512=LINE('',#16233,#7890);
#6513=LINE('',#16235,#7891);
#6514=LINE('',#16236,#7892);
#6515=LINE('',#16238,#7893);
#6516=LINE('',#16240,#7894);
#6517=LINE('',#16241,#7895);
#6518=LINE('',#16243,#7896);
#6519=LINE('',#16245,#7897);
#6520=LINE('',#16247,#7898);
#6521=LINE('',#16249,#7899);
#6522=LINE('',#16251,#7900);
#6523=LINE('',#16253,#7901);
#6524=LINE('',#16255,#7902);
#6525=LINE('',#16257,#7903);
#6526=LINE('',#16259,#7904);
#6527=LINE('',#16261,#7905);
#6528=LINE('',#16263,#7906);
#6529=LINE('',#16265,#7907);
#6530=LINE('',#16267,#7908);
#6531=LINE('',#16269,#7909);
#6532=LINE('',#16271,#7910);
#6533=LINE('',#16273,#7911);
#6534=LINE('',#16275,#7912);
#6535=LINE('',#16277,#7913);
#6536=LINE('',#16279,#7914);
#6537=LINE('',#16281,#7915);
#6538=LINE('',#16283,#7916);
#6539=LINE('',#16285,#7917);
#6540=LINE('',#16287,#7918);
#6541=LINE('',#16289,#7919);
#6542=LINE('',#16291,#7920);
#6543=LINE('',#16293,#7921);
#6544=LINE('',#16294,#7922);
#6545=LINE('',#16296,#7923);
#6546=LINE('',#16299,#7924);
#6547=LINE('',#16301,#7925);
#6548=LINE('',#16303,#7926);
#6549=LINE('',#16305,#7927);
#6550=LINE('',#16309,#7928);
#6551=LINE('',#16311,#7929);
#6552=LINE('',#16313,#7930);
#6553=LINE('',#16315,#7931);
#6554=LINE('',#16317,#7932);
#6555=LINE('',#16319,#7933);
#6556=LINE('',#16322,#7934);
#6557=LINE('',#16324,#7935);
#6558=LINE('',#16326,#7936);
#6559=LINE('',#16328,#7937);
#6560=LINE('',#16330,#7938);
#6561=LINE('',#16332,#7939);
#6562=LINE('',#16334,#7940);
#6563=LINE('',#16336,#7941);
#6564=LINE('',#16338,#7942);
#6565=LINE('',#16340,#7943);
#6566=LINE('',#16342,#7944);
#6567=LINE('',#16344,#7945);
#6568=LINE('',#16346,#7946);
#6569=LINE('',#16348,#7947);
#6570=LINE('',#16350,#7948);
#6571=LINE('',#16352,#7949);
#6572=LINE('',#16354,#7950);
#6573=LINE('',#16356,#7951);
#6574=LINE('',#16358,#7952);
#6575=LINE('',#16360,#7953);
#6576=LINE('',#16362,#7954);
#6577=LINE('',#16364,#7955);
#6578=LINE('',#16366,#7956);
#6579=LINE('',#16368,#7957);
#6580=LINE('',#16370,#7958);
#6581=LINE('',#16372,#7959);
#6582=LINE('',#16374,#7960);
#6583=LINE('',#16376,#7961);
#6584=LINE('',#16378,#7962);
#6585=LINE('',#16380,#7963);
#6586=LINE('',#16382,#7964);
#6587=LINE('',#16384,#7965);
#6588=LINE('',#16386,#7966);
#6589=LINE('',#16388,#7967);
#6590=LINE('',#16390,#7968);
#6591=LINE('',#16392,#7969);
#6592=LINE('',#16394,#7970);
#6593=LINE('',#16396,#7971);
#6594=LINE('',#16398,#7972);
#6595=LINE('',#16400,#7973);
#6596=LINE('',#16403,#7974);
#6597=LINE('',#16404,#7975);
#6598=LINE('',#16406,#7976);
#6599=LINE('',#16409,#7977);
#6600=LINE('',#16410,#7978);
#6601=LINE('',#16412,#7979);
#6602=LINE('',#16415,#7980);
#6603=LINE('',#16416,#7981);
#6604=LINE('',#16418,#7982);
#6605=LINE('',#16421,#7983);
#6606=LINE('',#16422,#7984);
#6607=LINE('',#16424,#7985);
#6608=LINE('',#16425,#7986);
#6609=LINE('',#16427,#7987);
#6610=LINE('',#16429,#7988);
#6611=LINE('',#16431,#7989);
#6612=LINE('',#16434,#7990);
#6613=LINE('',#16436,#7991);
#6614=LINE('',#16438,#7992);
#6615=LINE('',#16440,#7993);
#6616=LINE('',#16443,#7994);
#6617=LINE('',#16444,#7995);
#6618=LINE('',#16449,#7996);
#6619=LINE('',#16450,#7997);
#6620=LINE('',#16452,#7998);
#6621=LINE('',#16456,#7999);
#6622=LINE('',#16458,#8000);
#6623=LINE('',#16460,#8001);
#6624=LINE('',#16462,#8002);
#6625=LINE('',#16464,#8003);
#6626=LINE('',#16466,#8004);
#6627=LINE('',#16468,#8005);
#6628=LINE('',#16471,#8006);
#6629=LINE('',#16473,#8007);
#6630=LINE('',#16475,#8008);
#6631=LINE('',#16477,#8009);
#6632=LINE('',#16480,#8010);
#6633=LINE('',#16482,#8011);
#6634=LINE('',#16484,#8012);
#6635=LINE('',#16486,#8013);
#6636=LINE('',#16488,#8014);
#6637=LINE('',#16490,#8015);
#6638=LINE('',#16492,#8016);
#6639=LINE('',#16494,#8017);
#6640=LINE('',#16496,#8018);
#6641=LINE('',#16499,#8019);
#6642=LINE('',#16500,#8020);
#6643=LINE('',#16502,#8021);
#6644=LINE('',#16504,#8022);
#6645=LINE('',#16506,#8023);
#6646=LINE('',#16508,#8024);
#6647=LINE('',#16510,#8025);
#6648=LINE('',#16512,#8026);
#6649=LINE('',#16514,#8027);
#6650=LINE('',#16516,#8028);
#6651=LINE('',#16518,#8029);
#6652=LINE('',#16520,#8030);
#6653=LINE('',#16522,#8031);
#6654=LINE('',#16524,#8032);
#6655=LINE('',#16526,#8033);
#6656=LINE('',#16527,#8034);
#6657=LINE('',#16529,#8035);
#6658=LINE('',#16531,#8036);
#6659=LINE('',#16533,#8037);
#6660=LINE('',#16535,#8038);
#6661=LINE('',#16537,#8039);
#6662=LINE('',#16539,#8040);
#6663=LINE('',#16541,#8041);
#6664=LINE('',#16543,#8042);
#6665=LINE('',#16545,#8043);
#6666=LINE('',#16547,#8044);
#6667=LINE('',#16549,#8045);
#6668=LINE('',#16551,#8046);
#6669=LINE('',#16553,#8047);
#6670=LINE('',#16555,#8048);
#6671=LINE('',#16557,#8049);
#6672=LINE('',#16559,#8050);
#6673=LINE('',#16561,#8051);
#6674=LINE('',#16563,#8052);
#6675=LINE('',#16565,#8053);
#6676=LINE('',#16567,#8054);
#6677=LINE('',#16569,#8055);
#6678=LINE('',#16571,#8056);
#6679=LINE('',#16573,#8057);
#6680=LINE('',#16575,#8058);
#6681=LINE('',#16577,#8059);
#6682=LINE('',#16579,#8060);
#6683=LINE('',#16581,#8061);
#6684=LINE('',#16583,#8062);
#6685=LINE('',#16585,#8063);
#6686=LINE('',#16587,#8064);
#6687=LINE('',#16589,#8065);
#6688=LINE('',#16591,#8066);
#6689=LINE('',#16592,#8067);
#6690=LINE('',#16594,#8068);
#6691=LINE('',#16596,#8069);
#6692=LINE('',#16598,#8070);
#6693=LINE('',#16600,#8071);
#6694=LINE('',#16602,#8072);
#6695=LINE('',#16604,#8073);
#6696=LINE('',#16606,#8074);
#6697=LINE('',#16608,#8075);
#6698=LINE('',#16610,#8076);
#6699=LINE('',#16612,#8077);
#6700=LINE('',#16614,#8078);
#6701=LINE('',#16615,#8079);
#6702=LINE('',#16617,#8080);
#6703=LINE('',#16618,#8081);
#6704=LINE('',#16620,#8082);
#6705=LINE('',#16622,#8083);
#6706=LINE('',#16623,#8084);
#6707=LINE('',#16625,#8085);
#6708=LINE('',#16627,#8086);
#6709=LINE('',#16628,#8087);
#6710=LINE('',#16630,#8088);
#6711=LINE('',#16632,#8089);
#6712=LINE('',#16633,#8090);
#6713=LINE('',#16635,#8091);
#6714=LINE('',#16637,#8092);
#6715=LINE('',#16638,#8093);
#6716=LINE('',#16640,#8094);
#6717=LINE('',#16642,#8095);
#6718=LINE('',#16643,#8096);
#6719=LINE('',#16645,#8097);
#6720=LINE('',#16647,#8098);
#6721=LINE('',#16648,#8099);
#6722=LINE('',#16650,#8100);
#6723=LINE('',#16652,#8101);
#6724=LINE('',#16654,#8102);
#6725=LINE('',#16656,#8103);
#6726=LINE('',#16658,#8104);
#6727=LINE('',#16660,#8105);
#6728=LINE('',#16662,#8106);
#6729=LINE('',#16664,#8107);
#6730=LINE('',#16666,#8108);
#6731=LINE('',#16668,#8109);
#6732=LINE('',#16670,#8110);
#6733=LINE('',#16672,#8111);
#6734=LINE('',#16674,#8112);
#6735=LINE('',#16676,#8113);
#6736=LINE('',#16678,#8114);
#6737=LINE('',#16680,#8115);
#6738=LINE('',#16682,#8116);
#6739=LINE('',#16684,#8117);
#6740=LINE('',#16686,#8118);
#6741=LINE('',#16688,#8119);
#6742=LINE('',#16690,#8120);
#6743=LINE('',#16692,#8121);
#6744=LINE('',#16694,#8122);
#6745=LINE('',#16696,#8123);
#6746=LINE('',#16698,#8124);
#6747=LINE('',#16701,#8125);
#6748=LINE('',#16703,#8126);
#6749=LINE('',#16705,#8127);
#6750=LINE('',#16707,#8128);
#6751=LINE('',#16710,#8129);
#6752=LINE('',#16712,#8130);
#6753=LINE('',#16714,#8131);
#6754=LINE('',#16716,#8132);
#6755=LINE('',#16719,#8133);
#6756=LINE('',#16721,#8134);
#6757=LINE('',#16723,#8135);
#6758=LINE('',#16725,#8136);
#6759=LINE('',#16727,#8137);
#6760=LINE('',#16729,#8138);
#6761=LINE('',#16731,#8139);
#6762=LINE('',#16733,#8140);
#6763=LINE('',#16735,#8141);
#6764=LINE('',#16737,#8142);
#6765=LINE('',#16739,#8143);
#6766=LINE('',#16741,#8144);
#6767=LINE('',#16743,#8145);
#6768=LINE('',#16746,#8146);
#6769=LINE('',#16748,#8147);
#6770=LINE('',#16750,#8148);
#6771=LINE('',#16752,#8149);
#6772=LINE('',#16755,#8150);
#6773=LINE('',#16757,#8151);
#6774=LINE('',#16759,#8152);
#6775=LINE('',#16761,#8153);
#6776=LINE('',#16763,#8154);
#6777=LINE('',#16764,#8155);
#6778=LINE('',#16766,#8156);
#6779=LINE('',#16768,#8157);
#6780=LINE('',#16770,#8158);
#6781=LINE('',#16772,#8159);
#6782=LINE('',#16774,#8160);
#6783=LINE('',#16776,#8161);
#6784=LINE('',#16777,#8162);
#6785=LINE('',#16779,#8163);
#6786=LINE('',#16781,#8164);
#6787=LINE('',#16783,#8165);
#6788=LINE('',#16785,#8166);
#6789=LINE('',#16787,#8167);
#6790=LINE('',#16789,#8168);
#6791=LINE('',#16791,#8169);
#6792=LINE('',#16792,#8170);
#6793=LINE('',#16794,#8171);
#6794=LINE('',#16796,#8172);
#6795=LINE('',#16798,#8173);
#6796=LINE('',#16799,#8174);
#6797=LINE('',#16801,#8175);
#6798=LINE('',#16803,#8176);
#6799=LINE('',#16805,#8177);
#6800=LINE('',#16806,#8178);
#6801=LINE('',#16808,#8179);
#6802=LINE('',#16810,#8180);
#6803=LINE('',#16812,#8181);
#6804=LINE('',#16814,#8182);
#6805=LINE('',#16816,#8183);
#6806=LINE('',#16818,#8184);
#6807=LINE('',#16820,#8185);
#6808=LINE('',#16822,#8186);
#6809=LINE('',#16824,#8187);
#6810=LINE('',#16825,#8188);
#6811=LINE('',#16826,#8189);
#6812=LINE('',#16828,#8190);
#6813=LINE('',#16829,#8191);
#6814=LINE('',#16831,#8192);
#6815=LINE('',#16832,#8193);
#6816=LINE('',#16834,#8194);
#6817=LINE('',#16837,#8195);
#6818=LINE('',#16839,#8196);
#6819=LINE('',#16841,#8197);
#6820=LINE('',#16843,#8198);
#6821=LINE('',#16845,#8199);
#6822=LINE('',#16846,#8200);
#6823=LINE('',#16848,#8201);
#6824=LINE('',#16850,#8202);
#6825=LINE('',#16852,#8203);
#6826=LINE('',#16853,#8204);
#6827=LINE('',#16855,#8205);
#6828=LINE('',#16856,#8206);
#6829=LINE('',#16858,#8207);
#6830=LINE('',#16861,#8208);
#6831=LINE('',#16862,#8209);
#6832=LINE('',#16864,#8210);
#6833=LINE('',#16867,#8211);
#6834=LINE('',#16869,#8212);
#6835=LINE('',#16871,#8213);
#6836=LINE('',#16873,#8214);
#6837=LINE('',#16874,#8215);
#6838=LINE('',#16876,#8216);
#6839=LINE('',#16878,#8217);
#6840=LINE('',#16880,#8218);
#6841=LINE('',#16882,#8219);
#6842=LINE('',#16884,#8220);
#6843=LINE('',#16886,#8221);
#6844=LINE('',#16888,#8222);
#6845=LINE('',#16890,#8223);
#6846=LINE('',#16892,#8224);
#6847=LINE('',#16893,#8225);
#6848=LINE('',#16895,#8226);
#6849=LINE('',#16896,#8227);
#6850=LINE('',#16898,#8228);
#6851=LINE('',#16899,#8229);
#6852=LINE('',#16901,#8230);
#6853=LINE('',#16903,#8231);
#6854=LINE('',#16905,#8232);
#6855=LINE('',#16907,#8233);
#6856=LINE('',#16909,#8234);
#6857=LINE('',#16911,#8235);
#6858=LINE('',#16913,#8236);
#6859=LINE('',#16915,#8237);
#6860=LINE('',#16917,#8238);
#6861=LINE('',#16919,#8239);
#6862=LINE('',#16921,#8240);
#6863=LINE('',#16923,#8241);
#6864=LINE('',#16925,#8242);
#6865=LINE('',#16927,#8243);
#6866=LINE('',#16929,#8244);
#6867=LINE('',#16931,#8245);
#6868=LINE('',#16933,#8246);
#6869=LINE('',#16934,#8247);
#6870=LINE('',#16936,#8248);
#6871=LINE('',#16937,#8249);
#6872=LINE('',#16939,#8250);
#6873=LINE('',#16940,#8251);
#6874=LINE('',#16942,#8252);
#6875=LINE('',#16944,#8253);
#6876=LINE('',#16945,#8254);
#6877=LINE('',#16947,#8255);
#6878=LINE('',#16949,#8256);
#6879=LINE('',#16952,#8257);
#6880=LINE('',#16955,#8258);
#6881=LINE('',#16957,#8259);
#6882=LINE('',#16959,#8260);
#6883=LINE('',#16961,#8261);
#6884=LINE('',#16963,#8262);
#6885=LINE('',#16965,#8263);
#6886=LINE('',#16967,#8264);
#6887=LINE('',#16969,#8265);
#6888=LINE('',#16971,#8266);
#6889=LINE('',#16973,#8267);
#6890=LINE('',#16974,#8268);
#6891=LINE('',#16976,#8269);
#6892=LINE('',#16979,#8270);
#6893=LINE('',#16981,#8271);
#6894=LINE('',#16983,#8272);
#6895=LINE('',#16985,#8273);
#6896=LINE('',#16987,#8274);
#6897=LINE('',#16989,#8275);
#6898=LINE('',#16991,#8276);
#6899=LINE('',#16993,#8277);
#6900=LINE('',#16995,#8278);
#6901=LINE('',#16997,#8279);
#6902=LINE('',#16998,#8280);
#6903=LINE('',#17000,#8281);
#6904=LINE('',#17003,#8282);
#6905=LINE('',#17005,#8283);
#6906=LINE('',#17007,#8284);
#6907=LINE('',#17008,#8285);
#6908=LINE('',#17011,#8286);
#6909=LINE('',#17013,#8287);
#6910=LINE('',#17015,#8288);
#6911=LINE('',#17017,#8289);
#6912=LINE('',#17019,#8290);
#6913=LINE('',#17021,#8291);
#6914=LINE('',#17022,#8292);
#6915=LINE('',#17023,#8293);
#6916=LINE('',#17025,#8294);
#6917=LINE('',#17027,#8295);
#6918=LINE('',#17029,#8296);
#6919=LINE('',#17031,#8297);
#6920=LINE('',#17033,#8298);
#6921=LINE('',#17036,#8299);
#6922=LINE('',#17039,#8300);
#6923=LINE('',#17042,#8301);
#6924=LINE('',#17044,#8302);
#6925=LINE('',#17046,#8303);
#6926=LINE('',#17048,#8304);
#6927=LINE('',#17050,#8305);
#6928=LINE('',#17052,#8306);
#6929=LINE('',#17054,#8307);
#6930=LINE('',#17056,#8308);
#6931=LINE('',#17058,#8309);
#6932=LINE('',#17060,#8310);
#6933=LINE('',#17062,#8311);
#6934=LINE('',#17064,#8312);
#6935=LINE('',#17066,#8313);
#6936=LINE('',#17068,#8314);
#6937=LINE('',#17070,#8315);
#6938=LINE('',#17072,#8316);
#6939=LINE('',#17074,#8317);
#6940=LINE('',#17077,#8318);
#6941=LINE('',#17078,#8319);
#6942=LINE('',#17080,#8320);
#6943=LINE('',#17082,#8321);
#6944=LINE('',#17084,#8322);
#6945=LINE('',#17085,#8323);
#6946=LINE('',#17086,#8324);
#6947=LINE('',#17088,#8325);
#6948=LINE('',#17091,#8326);
#6949=LINE('',#17094,#8327);
#6950=LINE('',#17096,#8328);
#6951=LINE('',#17098,#8329);
#6952=LINE('',#17100,#8330);
#6953=LINE('',#17102,#8331);
#6954=LINE('',#17104,#8332);
#6955=LINE('',#17106,#8333);
#6956=LINE('',#17108,#8334);
#6957=LINE('',#17110,#8335);
#6958=LINE('',#17112,#8336);
#6959=LINE('',#17114,#8337);
#6960=LINE('',#17115,#8338);
#6961=LINE('',#17116,#8339);
#6962=LINE('',#17117,#8340);
#6963=LINE('',#17119,#8341);
#6964=LINE('',#17121,#8342);
#6965=LINE('',#17122,#8343);
#6966=LINE('',#17124,#8344);
#6967=LINE('',#17126,#8345);
#6968=LINE('',#17127,#8346);
#6969=LINE('',#17129,#8347);
#6970=LINE('',#17131,#8348);
#6971=LINE('',#17132,#8349);
#6972=LINE('',#17134,#8350);
#6973=LINE('',#17136,#8351);
#6974=LINE('',#17137,#8352);
#6975=LINE('',#17139,#8353);
#6976=LINE('',#17141,#8354);
#6977=LINE('',#17142,#8355);
#6978=LINE('',#17144,#8356);
#6979=LINE('',#17146,#8357);
#6980=LINE('',#17149,#8358);
#6981=LINE('',#17151,#8359);
#6982=LINE('',#17153,#8360);
#6983=LINE('',#17156,#8361);
#6984=LINE('',#17159,#8362);
#6985=LINE('',#17161,#8363);
#6986=LINE('',#17163,#8364);
#6987=LINE('',#17165,#8365);
#6988=LINE('',#17168,#8366);
#6989=LINE('',#17169,#8367);
#6990=LINE('',#17171,#8368);
#6991=LINE('',#17173,#8369);
#6992=LINE('',#17174,#8370);
#6993=LINE('',#17175,#8371);
#6994=LINE('',#17178,#8372);
#6995=LINE('',#17180,#8373);
#6996=LINE('',#17182,#8374);
#6997=LINE('',#17184,#8375);
#6998=LINE('',#17186,#8376);
#6999=LINE('',#17188,#8377);
#7000=LINE('',#17190,#8378);
#7001=LINE('',#17199,#8379);
#7002=LINE('',#17200,#8380);
#7003=LINE('',#17206,#8381);
#7004=LINE('',#17208,#8382);
#7005=LINE('',#17210,#8383);
#7006=LINE('',#17212,#8384);
#7007=LINE('',#17215,#8385);
#7008=LINE('',#17216,#8386);
#7009=LINE('',#17217,#8387);
#7010=LINE('',#17219,#8388);
#7011=LINE('',#17221,#8389);
#7012=LINE('',#17223,#8390);
#7013=LINE('',#17224,#8391);
#7014=LINE('',#17226,#8392);
#7015=LINE('',#17227,#8393);
#7016=LINE('',#17228,#8394);
#7017=LINE('',#17232,#8395);
#7018=LINE('',#17236,#8396);
#7019=LINE('',#17238,#8397);
#7020=LINE('',#17240,#8398);
#7021=LINE('',#17244,#8399);
#7022=LINE('',#17246,#8400);
#7023=LINE('',#17248,#8401);
#7024=LINE('',#17250,#8402);
#7025=LINE('',#17252,#8403);
#7026=LINE('',#17253,#8404);
#7027=LINE('',#17254,#8405);
#7028=LINE('',#17259,#8406);
#7029=LINE('',#17263,#8407);
#7030=LINE('',#17273,#8408);
#7031=LINE('',#17276,#8409);
#7032=LINE('',#17278,#8410);
#7033=LINE('',#17280,#8411);
#7034=LINE('',#17282,#8412);
#7035=LINE('',#17283,#8413);
#7036=LINE('',#17285,#8414);
#7037=LINE('',#17286,#8415);
#7038=LINE('',#17288,#8416);
#7039=LINE('',#17290,#8417);
#7040=LINE('',#17292,#8418);
#7041=LINE('',#17295,#8419);
#7042=LINE('',#17297,#8420);
#7043=LINE('',#17299,#8421);
#7044=LINE('',#17301,#8422);
#7045=LINE('',#17302,#8423);
#7046=LINE('',#17304,#8424);
#7047=LINE('',#17305,#8425);
#7048=LINE('',#17307,#8426);
#7049=LINE('',#17309,#8427);
#7050=LINE('',#17311,#8428);
#7051=LINE('',#17314,#8429);
#7052=LINE('',#17316,#8430);
#7053=LINE('',#17318,#8431);
#7054=LINE('',#17320,#8432);
#7055=LINE('',#17321,#8433);
#7056=LINE('',#17323,#8434);
#7057=LINE('',#17324,#8435);
#7058=LINE('',#17326,#8436);
#7059=LINE('',#17328,#8437);
#7060=LINE('',#17330,#8438);
#7061=LINE('',#17333,#8439);
#7062=LINE('',#17335,#8440);
#7063=LINE('',#17337,#8441);
#7064=LINE('',#17339,#8442);
#7065=LINE('',#17340,#8443);
#7066=LINE('',#17342,#8444);
#7067=LINE('',#17343,#8445);
#7068=LINE('',#17345,#8446);
#7069=LINE('',#17347,#8447);
#7070=LINE('',#17349,#8448);
#7071=LINE('',#17352,#8449);
#7072=LINE('',#17354,#8450);
#7073=LINE('',#17356,#8451);
#7074=LINE('',#17358,#8452);
#7075=LINE('',#17359,#8453);
#7076=LINE('',#17361,#8454);
#7077=LINE('',#17362,#8455);
#7078=LINE('',#17364,#8456);
#7079=LINE('',#17366,#8457);
#7080=LINE('',#17368,#8458);
#7081=LINE('',#17371,#8459);
#7082=LINE('',#17373,#8460);
#7083=LINE('',#17375,#8461);
#7084=LINE('',#17377,#8462);
#7085=LINE('',#17378,#8463);
#7086=LINE('',#17380,#8464);
#7087=LINE('',#17381,#8465);
#7088=LINE('',#17383,#8466);
#7089=LINE('',#17385,#8467);
#7090=LINE('',#17387,#8468);
#7091=LINE('',#17389,#8469);
#7092=LINE('',#17391,#8470);
#7093=LINE('',#17393,#8471);
#7094=LINE('',#17395,#8472);
#7095=LINE('',#17397,#8473);
#7096=LINE('',#17399,#8474);
#7097=LINE('',#17400,#8475);
#7098=LINE('',#17402,#8476);
#7099=LINE('',#17404,#8477);
#7100=LINE('',#17406,#8478);
#7101=LINE('',#17408,#8479);
#7102=LINE('',#17410,#8480);
#7103=LINE('',#17412,#8481);
#7104=LINE('',#17414,#8482);
#7105=LINE('',#17416,#8483);
#7106=LINE('',#17418,#8484);
#7107=LINE('',#17420,#8485);
#7108=LINE('',#17422,#8486);
#7109=LINE('',#17425,#8487);
#7110=LINE('',#17427,#8488);
#7111=LINE('',#17429,#8489);
#7112=LINE('',#17431,#8490);
#7113=LINE('',#17433,#8491);
#7114=LINE('',#17436,#8492);
#7115=LINE('',#17438,#8493);
#7116=LINE('',#17440,#8494);
#7117=LINE('',#17442,#8495);
#7118=LINE('',#17444,#8496);
#7119=LINE('',#17455,#8497);
#7120=LINE('',#17458,#8498);
#7121=LINE('',#17461,#8499);
#7122=LINE('',#17462,#8500);
#7123=LINE('',#17464,#8501);
#7124=LINE('',#17466,#8502);
#7125=LINE('',#17468,#8503);
#7126=LINE('',#17470,#8504);
#7127=LINE('',#17472,#8505);
#7128=LINE('',#17474,#8506);
#7129=LINE('',#17476,#8507);
#7130=LINE('',#17478,#8508);
#7131=LINE('',#17480,#8509);
#7132=LINE('',#17482,#8510);
#7133=LINE('',#17484,#8511);
#7134=LINE('',#17486,#8512);
#7135=LINE('',#17488,#8513);
#7136=LINE('',#17490,#8514);
#7137=LINE('',#17492,#8515);
#7138=LINE('',#17494,#8516);
#7139=LINE('',#17496,#8517);
#7140=LINE('',#17498,#8518);
#7141=LINE('',#17501,#8519);
#7142=LINE('',#17503,#8520);
#7143=LINE('',#17505,#8521);
#7144=LINE('',#17507,#8522);
#7145=LINE('',#17510,#8523);
#7146=LINE('',#17512,#8524);
#7147=LINE('',#17514,#8525);
#7148=LINE('',#17515,#8526);
#7149=LINE('',#17518,#8527);
#7150=LINE('',#17520,#8528);
#7151=LINE('',#17522,#8529);
#7152=LINE('',#17523,#8530);
#7153=LINE('',#17525,#8531);
#7154=LINE('',#17527,#8532);
#7155=LINE('',#17529,#8533);
#7156=LINE('',#17530,#8534);
#7157=LINE('',#17534,#8535);
#7158=LINE('',#17535,#8536);
#7159=LINE('',#17537,#8537);
#7160=LINE('',#17539,#8538);
#7161=LINE('',#17542,#8539);
#7162=LINE('',#17543,#8540);
#7163=LINE('',#17545,#8541);
#7164=LINE('',#17547,#8542);
#7165=LINE('',#17551,#8543);
#7166=LINE('',#17554,#8544);
#7167=LINE('',#17556,#8545);
#7168=LINE('',#17558,#8546);
#7169=LINE('',#17560,#8547);
#7170=LINE('',#17563,#8548);
#7171=LINE('',#17565,#8549);
#7172=LINE('',#17569,#8550);
#7173=LINE('',#17575,#8551);
#7174=LINE('',#17577,#8552);
#7175=LINE('',#17579,#8553);
#7176=LINE('',#17585,#8554);
#7177=LINE('',#17589,#8555);
#7178=LINE('',#17590,#8556);
#7179=LINE('',#17592,#8557);
#7180=LINE('',#17594,#8558);
#7181=LINE('',#17596,#8559);
#7182=LINE('',#17600,#8560);
#7183=LINE('',#17606,#8561);
#7184=LINE('',#17608,#8562);
#7185=LINE('',#17610,#8563);
#7186=LINE('',#17616,#8564);
#7187=LINE('',#17620,#8565);
#7188=LINE('',#17622,#8566);
#7189=LINE('',#17623,#8567);
#7190=LINE('',#17625,#8568);
#7191=LINE('',#17627,#8569);
#7192=LINE('',#17629,#8570);
#7193=LINE('',#17631,#8571);
#7194=LINE('',#17633,#8572);
#7195=LINE('',#17635,#8573);
#7196=LINE('',#17636,#8574);
#7197=LINE('',#17638,#8575);
#7198=LINE('',#17640,#8576);
#7199=LINE('',#17642,#8577);
#7200=LINE('',#17644,#8578);
#7201=LINE('',#17650,#8579);
#7202=LINE('',#17653,#8580);
#7203=LINE('',#17655,#8581);
#7204=LINE('',#17657,#8582);
#7205=LINE('',#17659,#8583);
#7206=LINE('',#17662,#8584);
#7207=LINE('',#17663,#8585);
#7208=LINE('',#17665,#8586);
#7209=LINE('',#17667,#8587);
#7210=LINE('',#17669,#8588);
#7211=LINE('',#17672,#8589);
#7212=LINE('',#17675,#8590);
#7213=LINE('',#17681,#8591);
#7214=LINE('',#17683,#8592);
#7215=LINE('',#17685,#8593);
#7216=LINE('',#17691,#8594);
#7217=LINE('',#17695,#8595);
#7218=LINE('',#17696,#8596);
#7219=LINE('',#17698,#8597);
#7220=LINE('',#17700,#8598);
#7221=LINE('',#17702,#8599);
#7222=LINE('',#17705,#8600);
#7223=LINE('',#17711,#8601);
#7224=LINE('',#17713,#8602);
#7225=LINE('',#17715,#8603);
#7226=LINE('',#17721,#8604);
#7227=LINE('',#17725,#8605);
#7228=LINE('',#17726,#8606);
#7229=LINE('',#17728,#8607);
#7230=LINE('',#17730,#8608);
#7231=LINE('',#17732,#8609);
#7232=LINE('',#17734,#8610);
#7233=LINE('',#17737,#8611);
#7234=LINE('',#17739,#8612);
#7235=LINE('',#17741,#8613);
#7236=LINE('',#17743,#8614);
#7237=LINE('',#17753,#8615);
#7238=LINE('',#17756,#8616);
#7239=LINE('',#17758,#8617);
#7240=LINE('',#17760,#8618);
#7241=LINE('',#17762,#8619);
#7242=LINE('',#17765,#8620);
#7243=LINE('',#17767,#8621);
#7244=LINE('',#17769,#8622);
#7245=LINE('',#17771,#8623);
#7246=LINE('',#17774,#8624);
#7247=LINE('',#17776,#8625);
#7248=LINE('',#17778,#8626);
#7249=LINE('',#17780,#8627);
#7250=LINE('',#17782,#8628);
#7251=LINE('',#17783,#8629);
#7252=LINE('',#17785,#8630);
#7253=LINE('',#17788,#8631);
#7254=LINE('',#17790,#8632);
#7255=LINE('',#17792,#8633);
#7256=LINE('',#17794,#8634);
#7257=LINE('',#17797,#8635);
#7258=LINE('',#17799,#8636);
#7259=LINE('',#17800,#8637);
#7260=LINE('',#17802,#8638);
#7261=LINE('',#17803,#8639);
#7262=LINE('',#17805,#8640);
#7263=LINE('',#17808,#8641);
#7264=LINE('',#17809,#8642);
#7265=LINE('',#17811,#8643);
#7266=LINE('',#17814,#8644);
#7267=LINE('',#17816,#8645);
#7268=LINE('',#17818,#8646);
#7269=LINE('',#17820,#8647);
#7270=LINE('',#17822,#8648);
#7271=LINE('',#17823,#8649);
#7272=LINE('',#17826,#8650);
#7273=LINE('',#17828,#8651);
#7274=LINE('',#17830,#8652);
#7275=LINE('',#17832,#8653);
#7276=LINE('',#17834,#8654);
#7277=LINE('',#17835,#8655);
#7278=LINE('',#17838,#8656);
#7279=LINE('',#17842,#8657);
#7280=LINE('',#17844,#8658);
#7281=LINE('',#17846,#8659);
#7282=LINE('',#17848,#8660);
#7283=LINE('',#17851,#8661);
#7284=LINE('',#17853,#8662);
#7285=LINE('',#17855,#8663);
#7286=LINE('',#17857,#8664);
#7287=LINE('',#17860,#8665);
#7288=LINE('',#17862,#8666);
#7289=LINE('',#17864,#8667);
#7290=LINE('',#17866,#8668);
#7291=LINE('',#17869,#8669);
#7292=LINE('',#17870,#8670);
#7293=LINE('',#17872,#8671);
#7294=LINE('',#17874,#8672);
#7295=LINE('',#17875,#8673);
#7296=LINE('',#17877,#8674);
#7297=LINE('',#17879,#8675);
#7298=LINE('',#17881,#8676);
#7299=LINE('',#17884,#8677);
#7300=LINE('',#17885,#8678);
#7301=LINE('',#17887,#8679);
#7302=LINE('',#17888,#8680);
#7303=LINE('',#17890,#8681);
#7304=LINE('',#17891,#8682);
#7305=LINE('',#17893,#8683);
#7306=LINE('',#17894,#8684);
#7307=LINE('',#17898,#8685);
#7308=LINE('',#17900,#8686);
#7309=LINE('',#17902,#8687);
#7310=LINE('',#17904,#8688);
#7311=LINE('',#17905,#8689);
#7312=LINE('',#17906,#8690);
#7313=LINE('',#17908,#8691);
#7314=LINE('',#17911,#8692);
#7315=LINE('',#17912,#8693);
#7316=LINE('',#17914,#8694);
#7317=LINE('',#17916,#8695);
#7318=LINE('',#17918,#8696);
#7319=LINE('',#17920,#8697);
#7320=LINE('',#17922,#8698);
#7321=LINE('',#17925,#8699);
#7322=LINE('',#17926,#8700);
#7323=LINE('',#17928,#8701);
#7324=LINE('',#17930,#8702);
#7325=LINE('',#17932,#8703);
#7326=LINE('',#17934,#8704);
#7327=LINE('',#17935,#8705);
#7328=LINE('',#17937,#8706);
#7329=LINE('',#17939,#8707);
#7330=LINE('',#17941,#8708);
#7331=LINE('',#17942,#8709);
#7332=LINE('',#17944,#8710);
#7333=LINE('',#17946,#8711);
#7334=LINE('',#17948,#8712);
#7335=LINE('',#17951,#8713);
#7336=LINE('',#17952,#8714);
#7337=LINE('',#17955,#8715);
#7338=LINE('',#17957,#8716);
#7339=LINE('',#17959,#8717);
#7340=LINE('',#17961,#8718);
#7341=LINE('',#17962,#8719);
#7342=LINE('',#17965,#8720);
#7343=LINE('',#17967,#8721);
#7344=LINE('',#17969,#8722);
#7345=LINE('',#17971,#8723);
#7346=LINE('',#17973,#8724);
#7347=LINE('',#17975,#8725);
#7348=LINE('',#17977,#8726);
#7349=LINE('',#17979,#8727);
#7350=LINE('',#17981,#8728);
#7351=LINE('',#17983,#8729);
#7352=LINE('',#17985,#8730);
#7353=LINE('',#17987,#8731);
#7354=LINE('',#17988,#8732);
#7355=LINE('',#17992,#8733);
#7356=LINE('',#17993,#8734);
#7357=LINE('',#17997,#8735);
#7358=LINE('',#18000,#8736);
#7359=LINE('',#18002,#8737);
#7360=LINE('',#18004,#8738);
#7361=LINE('',#18010,#8739);
#7362=LINE('',#18012,#8740);
#7363=LINE('',#18013,#8741);
#7364=LINE('',#18015,#8742);
#7365=LINE('',#18016,#8743);
#7366=LINE('',#18023,#8744);
#7367=LINE('',#18027,#8745);
#7368=LINE('',#18029,#8746);
#7369=LINE('',#18031,#8747);
#7370=LINE('',#18033,#8748);
#7371=LINE('',#18035,#8749);
#7372=LINE('',#18036,#8750);
#7373=LINE('',#18038,#8751);
#7374=LINE('',#18039,#8752);
#7375=LINE('',#18046,#8753);
#7376=LINE('',#18049,#8754);
#7377=LINE('',#18051,#8755);
#7378=LINE('',#18053,#8756);
#7379=LINE('',#18054,#8757);
#7380=LINE('',#18059,#8758);
#7381=LINE('',#18063,#8759);
#7382=LINE('',#18067,#8760);
#7383=LINE('',#18070,#8761);
#7384=LINE('',#18073,#8762);
#7385=LINE('',#18075,#8763);
#7386=LINE('',#18077,#8764);
#7387=LINE('',#18079,#8765);
#7388=LINE('',#18081,#8766);
#7389=LINE('',#18083,#8767);
#7390=LINE('',#18088,#8768);
#7391=LINE('',#18089,#8769);
#7392=LINE('',#18091,#8770);
#7393=LINE('',#18094,#8771);
#7394=LINE('',#18095,#8772);
#7395=LINE('',#18100,#8773);
#7396=LINE('',#18101,#8774);
#7397=LINE('',#18116,#8775);
#7398=LINE('',#18119,#8776);
#7399=LINE('',#18121,#8777);
#7400=LINE('',#18123,#8778);
#7401=LINE('',#18125,#8779);
#7402=LINE('',#18127,#8780);
#7403=LINE('',#18129,#8781);
#7404=LINE('',#18132,#8782);
#7405=LINE('',#18134,#8783);
#7406=LINE('',#18136,#8784);
#7407=LINE('',#18138,#8785);
#7408=LINE('',#18140,#8786);
#7409=LINE('',#18144,#8787);
#7410=LINE('',#18150,#8788);
#7411=LINE('',#18154,#8789);
#7412=LINE('',#18155,#8790);
#7413=LINE('',#18157,#8791);
#7414=LINE('',#18158,#8792);
#7415=LINE('',#18160,#8793);
#7416=LINE('',#18162,#8794);
#7417=LINE('',#18164,#8795);
#7418=LINE('',#18165,#8796);
#7419=LINE('',#18167,#8797);
#7420=LINE('',#18170,#8798);
#7421=LINE('',#18172,#8799);
#7422=LINE('',#18174,#8800);
#7423=LINE('',#18176,#8801);
#7424=LINE('',#18178,#8802);
#7425=LINE('',#18180,#8803);
#7426=LINE('',#18183,#8804);
#7427=LINE('',#18185,#8805);
#7428=LINE('',#18187,#8806);
#7429=LINE('',#18189,#8807);
#7430=LINE('',#18191,#8808);
#7431=LINE('',#18197,#8809);
#7432=LINE('',#18203,#8810);
#7433=LINE('',#18205,#8811);
#7434=LINE('',#18206,#8812);
#7435=LINE('',#18207,#8813);
#7436=LINE('',#18209,#8814);
#7437=LINE('',#18211,#8815);
#7438=LINE('',#18212,#8816);
#7439=LINE('',#18215,#8817);
#7440=LINE('',#18216,#8818);
#7441=LINE('',#18223,#8819);
#7442=LINE('',#18226,#8820);
#7443=LINE('',#18228,#8821);
#7444=LINE('',#18230,#8822);
#7445=LINE('',#18231,#8823);
#7446=LINE('',#18236,#8824);
#7447=LINE('',#18240,#8825);
#7448=LINE('',#18244,#8826);
#7449=LINE('',#18247,#8827);
#7450=LINE('',#18250,#8828);
#7451=LINE('',#18252,#8829);
#7452=LINE('',#18254,#8830);
#7453=LINE('',#18256,#8831);
#7454=LINE('',#18258,#8832);
#7455=LINE('',#18260,#8833);
#7456=LINE('',#18265,#8834);
#7457=LINE('',#18266,#8835);
#7458=LINE('',#18268,#8836);
#7459=LINE('',#18271,#8837);
#7460=LINE('',#18272,#8838);
#7461=LINE('',#18277,#8839);
#7462=LINE('',#18278,#8840);
#7463=LINE('',#18293,#8841);
#7464=LINE('',#18296,#8842);
#7465=LINE('',#18298,#8843);
#7466=LINE('',#18300,#8844);
#7467=LINE('',#18302,#8845);
#7468=LINE('',#18304,#8846);
#7469=LINE('',#18306,#8847);
#7470=LINE('',#18309,#8848);
#7471=LINE('',#18311,#8849);
#7472=LINE('',#18313,#8850);
#7473=LINE('',#18315,#8851);
#7474=LINE('',#18317,#8852);
#7475=LINE('',#18321,#8853);
#7476=LINE('',#18327,#8854);
#7477=LINE('',#18331,#8855);
#7478=LINE('',#18332,#8856);
#7479=LINE('',#18334,#8857);
#7480=LINE('',#18335,#8858);
#7481=LINE('',#18337,#8859);
#7482=LINE('',#18339,#8860);
#7483=LINE('',#18341,#8861);
#7484=LINE('',#18342,#8862);
#7485=LINE('',#18344,#8863);
#7486=LINE('',#18347,#8864);
#7487=LINE('',#18349,#8865);
#7488=LINE('',#18351,#8866);
#7489=LINE('',#18353,#8867);
#7490=LINE('',#18355,#8868);
#7491=LINE('',#18357,#8869);
#7492=LINE('',#18360,#8870);
#7493=LINE('',#18362,#8871);
#7494=LINE('',#18364,#8872);
#7495=LINE('',#18366,#8873);
#7496=LINE('',#18368,#8874);
#7497=LINE('',#18374,#8875);
#7498=LINE('',#18380,#8876);
#7499=LINE('',#18382,#8877);
#7500=LINE('',#18383,#8878);
#7501=LINE('',#18384,#8879);
#7502=LINE('',#18386,#8880);
#7503=LINE('',#18388,#8881);
#7504=LINE('',#18389,#8882);
#7505=LINE('',#18392,#8883);
#7506=LINE('',#18393,#8884);
#7507=VECTOR('',#12370,1000.);
#7508=VECTOR('',#12373,1000.);
#7509=VECTOR('',#12376,1000.);
#7510=VECTOR('',#12377,1000.);
#7511=VECTOR('',#12380,1000.);
#7512=VECTOR('',#12383,1000.);
#7513=VECTOR('',#12386,1000.);
#7514=VECTOR('',#12387,1000.);
#7515=VECTOR('',#12390,1000.);
#7516=VECTOR('',#12391,1000.);
#7517=VECTOR('',#12394,1000.);
#7518=VECTOR('',#12397,1000.);
#7519=VECTOR('',#12400,1000.);
#7520=VECTOR('',#12403,1000.);
#7521=VECTOR('',#12406,1000.);
#7522=VECTOR('',#12407,1000.);
#7523=VECTOR('',#12408,1000.);
#7524=VECTOR('',#12411,1000.);
#7525=VECTOR('',#12412,1000.);
#7526=VECTOR('',#12413,1000.);
#7527=VECTOR('',#12414,1000.);
#7528=VECTOR('',#12415,1000.);
#7529=VECTOR('',#12416,1000.);
#7530=VECTOR('',#12417,1000.);
#7531=VECTOR('',#12420,1000.);
#7532=VECTOR('',#12421,1000.);
#7533=VECTOR('',#12424,1000.);
#7534=VECTOR('',#12427,1000.);
#7535=VECTOR('',#12432,1000.);
#7536=VECTOR('',#12435,1000.);
#7537=VECTOR('',#12440,1000.);
#7538=VECTOR('',#12443,1000.);
#7539=VECTOR('',#12444,1000.);
#7540=VECTOR('',#12445,1000.);
#7541=VECTOR('',#12450,1000.);
#7542=VECTOR('',#12451,1000.);
#7543=VECTOR('',#12452,1000.);
#7544=VECTOR('',#12455,1000.);
#7545=VECTOR('',#12460,1000.);
#7546=VECTOR('',#12461,1000.);
#7547=VECTOR('',#12466,1000.);
#7548=VECTOR('',#12469,1000.);
#7549=VECTOR('',#12472,1000.);
#7550=VECTOR('',#12477,1000.);
#7551=VECTOR('',#12480,1000.);
#7552=VECTOR('',#12485,1000.);
#7553=VECTOR('',#12486,1000.);
#7554=VECTOR('',#12489,1000.);
#7555=VECTOR('',#12490,1000.);
#7556=VECTOR('',#12491,1000.);
#7557=VECTOR('',#12492,1000.);
#7558=VECTOR('',#12495,1000.);
#7559=VECTOR('',#12496,1000.);
#7560=VECTOR('',#12497,1000.);
#7561=VECTOR('',#12498,1000.);
#7562=VECTOR('',#12499,1000.);
#7563=VECTOR('',#12500,1000.);
#7564=VECTOR('',#12501,1000.);
#7565=VECTOR('',#12504,1000.);
#7566=VECTOR('',#12511,1000.);
#7567=VECTOR('',#12514,1000.);
#7568=VECTOR('',#12519,1000.);
#7569=VECTOR('',#12522,1000.);
#7570=VECTOR('',#12527,1000.);
#7571=VECTOR('',#12528,1000.);
#7572=VECTOR('',#12529,1000.);
#7573=VECTOR('',#12530,1000.);
#7574=VECTOR('',#12531,1000.);
#7575=VECTOR('',#12532,1000.);
#7576=VECTOR('',#12535,1000.);
#7577=VECTOR('',#12536,1000.);
#7578=VECTOR('',#12543,1000.);
#7579=VECTOR('',#12554,1000.);
#7580=VECTOR('',#12557,1000.);
#7581=VECTOR('',#12560,1000.);
#7582=VECTOR('',#12569,1000.);
#7583=VECTOR('',#12572,1000.);
#7584=VECTOR('',#12577,1000.);
#7585=VECTOR('',#12578,1000.);
#7586=VECTOR('',#12579,1000.);
#7587=VECTOR('',#12580,1000.);
#7588=VECTOR('',#12581,1000.);
#7589=VECTOR('',#12582,1000.);
#7590=VECTOR('',#12583,1000.);
#7591=VECTOR('',#12584,1000.);
#7592=VECTOR('',#12587,1000.);
#7593=VECTOR('',#12588,1000.);
#7594=VECTOR('',#12589,1000.);
#7595=VECTOR('',#12590,1000.);
#7596=VECTOR('',#12591,1000.);
#7597=VECTOR('',#12592,1000.);
#7598=VECTOR('',#12593,1000.);
#7599=VECTOR('',#12594,1000.);
#7600=VECTOR('',#12595,1000.);
#7601=VECTOR('',#12596,1000.);
#7602=VECTOR('',#12597,1000.);
#7603=VECTOR('',#12598,1000.);
#7604=VECTOR('',#12601,1000.);
#7605=VECTOR('',#12602,1000.);
#7606=VECTOR('',#12605,1000.);
#7607=VECTOR('',#12606,1000.);
#7608=VECTOR('',#12611,1000.);
#7609=VECTOR('',#12614,1000.);
#7610=VECTOR('',#12617,1000.);
#7611=VECTOR('',#12618,1000.);
#7612=VECTOR('',#12619,1000.);
#7613=VECTOR('',#12620,1000.);
#7614=VECTOR('',#12621,1000.);
#7615=VECTOR('',#12622,1000.);
#7616=VECTOR('',#12623,1000.);
#7617=VECTOR('',#12624,1000.);
#7618=VECTOR('',#12625,1000.);
#7619=VECTOR('',#12626,1000.);
#7620=VECTOR('',#12627,1000.);
#7621=VECTOR('',#12628,1000.);
#7622=VECTOR('',#12629,1000.);
#7623=VECTOR('',#12630,1000.);
#7624=VECTOR('',#12631,1000.);
#7625=VECTOR('',#12634,1000.);
#7626=VECTOR('',#12635,1000.);
#7627=VECTOR('',#12636,1000.);
#7628=VECTOR('',#12637,1000.);
#7629=VECTOR('',#12638,1000.);
#7630=VECTOR('',#12639,1000.);
#7631=VECTOR('',#12640,1000.);
#7632=VECTOR('',#12641,1000.);
#7633=VECTOR('',#12644,1000.);
#7634=VECTOR('',#12645,1000.);
#7635=VECTOR('',#12646,1000.);
#7636=VECTOR('',#12647,1000.);
#7637=VECTOR('',#12648,1000.);
#7638=VECTOR('',#12649,1000.);
#7639=VECTOR('',#12650,1000.);
#7640=VECTOR('',#12651,1000.);
#7641=VECTOR('',#12652,1000.);
#7642=VECTOR('',#12653,1000.);
#7643=VECTOR('',#12654,1000.);
#7644=VECTOR('',#12655,1000.);
#7645=VECTOR('',#12660,1000.);
#7646=VECTOR('',#12663,1000.);
#7647=VECTOR('',#12666,1000.);
#7648=VECTOR('',#12669,1000.);
#7649=VECTOR('',#12670,1000.);
#7650=VECTOR('',#12671,1000.);
#7651=VECTOR('',#12674,1000.);
#7652=VECTOR('',#12677,1000.);
#7653=VECTOR('',#12680,1000.);
#7654=VECTOR('',#12681,1000.);
#7655=VECTOR('',#12682,1000.);
#7656=VECTOR('',#12685,1000.);
#7657=VECTOR('',#12688,1000.);
#7658=VECTOR('',#12693,1000.);
#7659=VECTOR('',#12694,1000.);
#7660=VECTOR('',#12697,1000.);
#7661=VECTOR('',#12698,1000.);
#7662=VECTOR('',#12699,1000.);
#7663=VECTOR('',#12700,1000.);
#7664=VECTOR('',#12703,1000.);
#7665=VECTOR('',#12708,1000.);
#7666=VECTOR('',#12711,1000.);
#7667=VECTOR('',#12714,1000.);
#7668=VECTOR('',#12717,1000.);
#7669=VECTOR('',#12720,1000.);
#7670=VECTOR('',#12723,1000.);
#7671=VECTOR('',#12724,1000.);
#7672=VECTOR('',#12725,1000.);
#7673=VECTOR('',#12730,1000.);
#7674=VECTOR('',#12735,1000.);
#7675=VECTOR('',#12736,1000.);
#7676=VECTOR('',#12737,1000.);
#7677=VECTOR('',#12738,1000.);
#7678=VECTOR('',#12741,1000.);
#7679=VECTOR('',#12742,1000.);
#7680=VECTOR('',#12743,1000.);
#7681=VECTOR('',#12746,1000.);
#7682=VECTOR('',#12747,1000.);
#7683=VECTOR('',#12748,1000.);
#7684=VECTOR('',#12751,1000.);
#7685=VECTOR('',#12756,1000.);
#7686=VECTOR('',#12757,1000.);
#7687=VECTOR('',#12762,1000.);
#7688=VECTOR('',#12763,1000.);
#7689=VECTOR('',#12766,1000.);
#7690=VECTOR('',#12767,1000.);
#7691=VECTOR('',#12770,1000.);
#7692=VECTOR('',#12773,1000.);
#7693=VECTOR('',#12774,1000.);
#7694=VECTOR('',#12777,1000.);
#7695=VECTOR('',#12778,1000.);
#7696=VECTOR('',#12781,1000.);
#7697=VECTOR('',#12782,1000.);
#7698=VECTOR('',#12785,1000.);
#7699=VECTOR('',#12786,1000.);
#7700=VECTOR('',#12789,1000.);
#7701=VECTOR('',#12790,1000.);
#7702=VECTOR('',#12793,1000.);
#7703=VECTOR('',#12796,1000.);
#7704=VECTOR('',#12797,1000.);
#7705=VECTOR('',#12800,1000.);
#7706=VECTOR('',#12801,1000.);
#7707=VECTOR('',#12802,1000.);
#7708=VECTOR('',#12805,1000.);
#7709=VECTOR('',#12806,1000.);
#7710=VECTOR('',#12807,1000.);
#7711=VECTOR('',#12808,1000.);
#7712=VECTOR('',#12811,1000.);
#7713=VECTOR('',#12812,1000.);
#7714=VECTOR('',#12813,1000.);
#7715=VECTOR('',#12814,1000.);
#7716=VECTOR('',#12817,1000.);
#7717=VECTOR('',#12818,1000.);
#7718=VECTOR('',#12819,1000.);
#7719=VECTOR('',#12820,1000.);
#7720=VECTOR('',#12823,1000.);
#7721=VECTOR('',#12824,1000.);
#7722=VECTOR('',#12827,1000.);
#7723=VECTOR('',#12828,1000.);
#7724=VECTOR('',#12839,1000.);
#7725=VECTOR('',#12840,1000.);
#7726=VECTOR('',#12847,1000.);
#7727=VECTOR('',#12850,1000.);
#7728=VECTOR('',#12857,1000.);
#7729=VECTOR('',#12858,1000.);
#7730=VECTOR('',#12859,1000.);
#7731=VECTOR('',#12860,1000.);
#7732=VECTOR('',#12861,1000.);
#7733=VECTOR('',#12864,1000.);
#7734=VECTOR('',#12865,1000.);
#7735=VECTOR('',#12870,1000.);
#7736=VECTOR('',#12871,1000.);
#7737=VECTOR('',#12872,1000.);
#7738=VECTOR('',#12877,1000.);
#7739=VECTOR('',#12880,1000.);
#7740=VECTOR('',#12881,1000.);
#7741=VECTOR('',#12890,1000.);
#7742=VECTOR('',#12893,1000.);
#7743=VECTOR('',#12896,1000.);
#7744=VECTOR('',#12897,1000.);
#7745=VECTOR('',#12898,1000.);
#7746=VECTOR('',#12899,1000.);
#7747=VECTOR('',#12912,1000.);
#7748=VECTOR('',#12913,1000.);
#7749=VECTOR('',#12914,1000.);
#7750=VECTOR('',#12915,1000.);
#7751=VECTOR('',#12918,1000.);
#7752=VECTOR('',#12919,1000.);
#7753=VECTOR('',#12920,1000.);
#7754=VECTOR('',#12921,1000.);
#7755=VECTOR('',#12926,1000.);
#7756=VECTOR('',#12931,1000.);
#7757=VECTOR('',#12944,1000.);
#7758=VECTOR('',#12953,1000.);
#7759=VECTOR('',#12954,1000.);
#7760=VECTOR('',#12957,1000.);
#7761=VECTOR('',#12960,1000.);
#7762=VECTOR('',#12963,1000.);
#7763=VECTOR('',#12970,1000.);
#7764=VECTOR('',#12971,1000.);
#7765=VECTOR('',#12972,1000.);
#7766=VECTOR('',#12973,1000.);
#7767=VECTOR('',#12982,1000.);
#7768=VECTOR('',#12983,1000.);
#7769=VECTOR('',#12984,1000.);
#7770=VECTOR('',#13013,1000.);
#7771=VECTOR('',#13018,1000.);
#7772=VECTOR('',#13021,1000.);
#7773=VECTOR('',#13022,1000.);
#7774=VECTOR('',#13023,1000.);
#7775=VECTOR('',#13024,1000.);
#7776=VECTOR('',#13025,1000.);
#7777=VECTOR('',#13028,1000.);
#7778=VECTOR('',#13031,1000.);
#7779=VECTOR('',#13034,1000.);
#7780=VECTOR('',#13041,1000.);
#7781=VECTOR('',#13054,1000.);
#7782=VECTOR('',#13055,1000.);
#7783=VECTOR('',#13058,1000.);
#7784=VECTOR('',#13063,1000.);
#7785=VECTOR('',#13066,1000.);
#7786=VECTOR('',#13071,1000.);
#7787=VECTOR('',#13072,1000.);
#7788=VECTOR('',#13073,1000.);
#7789=VECTOR('',#13074,1000.);
#7790=VECTOR('',#13083,1000.);
#7791=VECTOR('',#13084,1000.);
#7792=VECTOR('',#13085,1000.);
#7793=VECTOR('',#13114,1000.);
#7794=VECTOR('',#13115,1000.);
#7795=VECTOR('',#13116,1000.);
#7796=VECTOR('',#13123,1000.);
#7797=VECTOR('',#13124,1000.);
#7798=VECTOR('',#13125,1000.);
#7799=VECTOR('',#13132,1000.);
#7800=VECTOR('',#13133,1000.);
#7801=VECTOR('',#13134,1000.);
#7802=VECTOR('',#13135,1000.);
#7803=VECTOR('',#13142,1000.);
#7804=VECTOR('',#13149,1000.);
#7805=VECTOR('',#13160,1000.);
#7806=VECTOR('',#13163,1000.);
#7807=VECTOR('',#13166,1000.);
#7808=VECTOR('',#13169,1000.);
#7809=VECTOR('',#13182,1000.);
#7810=VECTOR('',#13183,1000.);
#7811=VECTOR('',#13184,1000.);
#7812=VECTOR('',#13185,1000.);
#7813=VECTOR('',#13188,1000.);
#7814=VECTOR('',#13189,1000.);
#7815=VECTOR('',#13190,1000.);
#7816=VECTOR('',#13193,1000.);
#7817=VECTOR('',#13194,1000.);
#7818=VECTOR('',#13195,1000.);
#7819=VECTOR('',#13198,1000.);
#7820=VECTOR('',#13199,1000.);
#7821=VECTOR('',#13202,1000.);
#7822=VECTOR('',#13203,1000.);
#7823=VECTOR('',#13204,1000.);
#7824=VECTOR('',#13205,1000.);
#7825=VECTOR('',#13208,1000.);
#7826=VECTOR('',#13209,1000.);
#7827=VECTOR('',#13210,1000.);
#7828=VECTOR('',#13213,1000.);
#7829=VECTOR('',#13214,1000.);
#7830=VECTOR('',#13215,1000.);
#7831=VECTOR('',#13218,1000.);
#7832=VECTOR('',#13219,1000.);
#7833=VECTOR('',#13222,1000.);
#7834=VECTOR('',#13223,1000.);
#7835=VECTOR('',#13224,1000.);
#7836=VECTOR('',#13225,1000.);
#7837=VECTOR('',#13228,1000.);
#7838=VECTOR('',#13229,1000.);
#7839=VECTOR('',#13230,1000.);
#7840=VECTOR('',#13233,1000.);
#7841=VECTOR('',#13234,1000.);
#7842=VECTOR('',#13235,1000.);
#7843=VECTOR('',#13238,1000.);
#7844=VECTOR('',#13241,1000.);
#7845=VECTOR('',#13244,1000.);
#7846=VECTOR('',#13245,1000.);
#7847=VECTOR('',#13246,1000.);
#7848=VECTOR('',#13247,1000.);
#7849=VECTOR('',#13248,1000.);
#7850=VECTOR('',#13249,1000.);
#7851=VECTOR('',#13250,1000.);
#7852=VECTOR('',#13251,1000.);
#7853=VECTOR('',#13252,1000.);
#7854=VECTOR('',#13253,1000.);
#7855=VECTOR('',#13254,1000.);
#7856=VECTOR('',#13255,1000.);
#7857=VECTOR('',#13256,1000.);
#7858=VECTOR('',#13257,1000.);
#7859=VECTOR('',#13258,1000.);
#7860=VECTOR('',#13259,1000.);
#7861=VECTOR('',#13260,1000.);
#7862=VECTOR('',#13261,1000.);
#7863=VECTOR('',#13262,1000.);
#7864=VECTOR('',#13263,1000.);
#7865=VECTOR('',#13264,1000.);
#7866=VECTOR('',#13265,1000.);
#7867=VECTOR('',#13266,1000.);
#7868=VECTOR('',#13267,1000.);
#7869=VECTOR('',#13268,1000.);
#7870=VECTOR('',#13269,1000.);
#7871=VECTOR('',#13270,1000.);
#7872=VECTOR('',#13271,1000.);
#7873=VECTOR('',#13274,1000.);
#7874=VECTOR('',#13275,1000.);
#7875=VECTOR('',#13276,1000.);
#7876=VECTOR('',#13277,1000.);
#7877=VECTOR('',#13278,1000.);
#7878=VECTOR('',#13279,1000.);
#7879=VECTOR('',#13282,1000.);
#7880=VECTOR('',#13283,1000.);
#7881=VECTOR('',#13284,1000.);
#7882=VECTOR('',#13285,1000.);
#7883=VECTOR('',#13286,1000.);
#7884=VECTOR('',#13287,1000.);
#7885=VECTOR('',#13288,1000.);
#7886=VECTOR('',#13289,1000.);
#7887=VECTOR('',#13290,1000.);
#7888=VECTOR('',#13291,1000.);
#7889=VECTOR('',#13292,1000.);
#7890=VECTOR('',#13293,1000.);
#7891=VECTOR('',#13294,1000.);
#7892=VECTOR('',#13295,1000.);
#7893=VECTOR('',#13296,1000.);
#7894=VECTOR('',#13297,1000.);
#7895=VECTOR('',#13298,1000.);
#7896=VECTOR('',#13299,1000.);
#7897=VECTOR('',#13302,1000.);
#7898=VECTOR('',#13303,1000.);
#7899=VECTOR('',#13304,1000.);
#7900=VECTOR('',#13305,1000.);
#7901=VECTOR('',#13306,1000.);
#7902=VECTOR('',#13307,1000.);
#7903=VECTOR('',#13308,1000.);
#7904=VECTOR('',#13309,1000.);
#7905=VECTOR('',#13312,1000.);
#7906=VECTOR('',#13313,1000.);
#7907=VECTOR('',#13314,1000.);
#7908=VECTOR('',#13315,1000.);
#7909=VECTOR('',#13316,1000.);
#7910=VECTOR('',#13317,1000.);
#7911=VECTOR('',#13318,1000.);
#7912=VECTOR('',#13319,1000.);
#7913=VECTOR('',#13320,1000.);
#7914=VECTOR('',#13321,1000.);
#7915=VECTOR('',#13322,1000.);
#7916=VECTOR('',#13323,1000.);
#7917=VECTOR('',#13324,1000.);
#7918=VECTOR('',#13325,1000.);
#7919=VECTOR('',#13326,1000.);
#7920=VECTOR('',#13327,1000.);
#7921=VECTOR('',#13328,1000.);
#7922=VECTOR('',#13329,1000.);
#7923=VECTOR('',#13332,1000.);
#7924=VECTOR('',#13333,1000.);
#7925=VECTOR('',#13334,1000.);
#7926=VECTOR('',#13335,1000.);
#7927=VECTOR('',#13336,1000.);
#7928=VECTOR('',#13339,1000.);
#7929=VECTOR('',#13340,1000.);
#7930=VECTOR('',#13341,1000.);
#7931=VECTOR('',#13342,1000.);
#7932=VECTOR('',#13343,1000.);
#7933=VECTOR('',#13344,1000.);
#7934=VECTOR('',#13347,1000.);
#7935=VECTOR('',#13348,1000.);
#7936=VECTOR('',#13349,1000.);
#7937=VECTOR('',#13350,1000.);
#7938=VECTOR('',#13351,1000.);
#7939=VECTOR('',#13352,1000.);
#7940=VECTOR('',#13353,1000.);
#7941=VECTOR('',#13354,1000.);
#7942=VECTOR('',#13355,1000.);
#7943=VECTOR('',#13356,1000.);
#7944=VECTOR('',#13357,1000.);
#7945=VECTOR('',#13358,1000.);
#7946=VECTOR('',#13359,1000.);
#7947=VECTOR('',#13360,1000.);
#7948=VECTOR('',#13361,1000.);
#7949=VECTOR('',#13362,1000.);
#7950=VECTOR('',#13363,1000.);
#7951=VECTOR('',#13364,1000.);
#7952=VECTOR('',#13365,1000.);
#7953=VECTOR('',#13366,1000.);
#7954=VECTOR('',#13367,1000.);
#7955=VECTOR('',#13368,1000.);
#7956=VECTOR('',#13369,1000.);
#7957=VECTOR('',#13370,1000.);
#7958=VECTOR('',#13371,1000.);
#7959=VECTOR('',#13372,1000.);
#7960=VECTOR('',#13373,1000.);
#7961=VECTOR('',#13374,1000.);
#7962=VECTOR('',#13375,1000.);
#7963=VECTOR('',#13376,1000.);
#7964=VECTOR('',#13379,1000.);
#7965=VECTOR('',#13380,1000.);
#7966=VECTOR('',#13381,1000.);
#7967=VECTOR('',#13384,1000.);
#7968=VECTOR('',#13385,1000.);
#7969=VECTOR('',#13386,1000.);
#7970=VECTOR('',#13389,1000.);
#7971=VECTOR('',#13390,1000.);
#7972=VECTOR('',#13391,1000.);
#7973=VECTOR('',#13394,1000.);
#7974=VECTOR('',#13395,1000.);
#7975=VECTOR('',#13396,1000.);
#7976=VECTOR('',#13399,1000.);
#7977=VECTOR('',#13400,1000.);
#7978=VECTOR('',#13401,1000.);
#7979=VECTOR('',#13404,1000.);
#7980=VECTOR('',#13405,1000.);
#7981=VECTOR('',#13406,1000.);
#7982=VECTOR('',#13409,1000.);
#7983=VECTOR('',#13410,1000.);
#7984=VECTOR('',#13411,1000.);
#7985=VECTOR('',#13414,1000.);
#7986=VECTOR('',#13415,1000.);
#7987=VECTOR('',#13418,1000.);
#7988=VECTOR('',#13419,1000.);
#7989=VECTOR('',#13422,1000.);
#7990=VECTOR('',#13423,1000.);
#7991=VECTOR('',#13424,1000.);
#7992=VECTOR('',#13425,1000.);
#7993=VECTOR('',#13428,1000.);
#7994=VECTOR('',#13429,1000.);
#7995=VECTOR('',#13430,1000.);
#7996=VECTOR('',#13435,1000.);
#7997=VECTOR('',#13436,1000.);
#7998=VECTOR('',#13439,1000.);
#7999=VECTOR('',#13444,1000.);
#8000=VECTOR('',#13445,1000.);
#8001=VECTOR('',#13446,1000.);
#8002=VECTOR('',#13449,1000.);
#8003=VECTOR('',#13450,1000.);
#8004=VECTOR('',#13451,1000.);
#8005=VECTOR('',#13454,1000.);
#8006=VECTOR('',#13455,1000.);
#8007=VECTOR('',#13456,1000.);
#8008=VECTOR('',#13457,1000.);
#8009=VECTOR('',#13460,1000.);
#8010=VECTOR('',#13461,1000.);
#8011=VECTOR('',#13462,1000.);
#8012=VECTOR('',#13463,1000.);
#8013=VECTOR('',#13466,1000.);
#8014=VECTOR('',#13467,1000.);
#8015=VECTOR('',#13468,1000.);
#8016=VECTOR('',#13469,1000.);
#8017=VECTOR('',#13470,1000.);
#8018=VECTOR('',#13473,1000.);
#8019=VECTOR('',#13474,1000.);
#8020=VECTOR('',#13475,1000.);
#8021=VECTOR('',#13476,1000.);
#8022=VECTOR('',#13477,1000.);
#8023=VECTOR('',#13478,1000.);
#8024=VECTOR('',#13479,1000.);
#8025=VECTOR('',#13480,1000.);
#8026=VECTOR('',#13483,1000.);
#8027=VECTOR('',#13484,1000.);
#8028=VECTOR('',#13485,1000.);
#8029=VECTOR('',#13486,1000.);
#8030=VECTOR('',#13487,1000.);
#8031=VECTOR('',#13488,1000.);
#8032=VECTOR('',#13489,1000.);
#8033=VECTOR('',#13490,1000.);
#8034=VECTOR('',#13491,1000.);
#8035=VECTOR('',#13494,1000.);
#8036=VECTOR('',#13495,1000.);
#8037=VECTOR('',#13496,1000.);
#8038=VECTOR('',#13499,1000.);
#8039=VECTOR('',#13500,1000.);
#8040=VECTOR('',#13501,1000.);
#8041=VECTOR('',#13502,1000.);
#8042=VECTOR('',#13503,1000.);
#8043=VECTOR('',#13504,1000.);
#8044=VECTOR('',#13505,1000.);
#8045=VECTOR('',#13506,1000.);
#8046=VECTOR('',#13507,1000.);
#8047=VECTOR('',#13508,1000.);
#8048=VECTOR('',#13509,1000.);
#8049=VECTOR('',#13510,1000.);
#8050=VECTOR('',#13511,1000.);
#8051=VECTOR('',#13512,1000.);
#8052=VECTOR('',#13513,1000.);
#8053=VECTOR('',#13514,1000.);
#8054=VECTOR('',#13515,1000.);
#8055=VECTOR('',#13516,1000.);
#8056=VECTOR('',#13517,1000.);
#8057=VECTOR('',#13518,1000.);
#8058=VECTOR('',#13519,1000.);
#8059=VECTOR('',#13520,1000.);
#8060=VECTOR('',#13521,1000.);
#8061=VECTOR('',#13522,1000.);
#8062=VECTOR('',#13523,1000.);
#8063=VECTOR('',#13524,1000.);
#8064=VECTOR('',#13525,1000.);
#8065=VECTOR('',#13526,1000.);
#8066=VECTOR('',#13527,1000.);
#8067=VECTOR('',#13528,1000.);
#8068=VECTOR('',#13529,1000.);
#8069=VECTOR('',#13530,1000.);
#8070=VECTOR('',#13531,1000.);
#8071=VECTOR('',#13532,1000.);
#8072=VECTOR('',#13533,1000.);
#8073=VECTOR('',#13534,1000.);
#8074=VECTOR('',#13535,1000.);
#8075=VECTOR('',#13536,1000.);
#8076=VECTOR('',#13539,1000.);
#8077=VECTOR('',#13540,1000.);
#8078=VECTOR('',#13541,1000.);
#8079=VECTOR('',#13542,1000.);
#8080=VECTOR('',#13543,1000.);
#8081=VECTOR('',#13544,1000.);
#8082=VECTOR('',#13545,1000.);
#8083=VECTOR('',#13546,1000.);
#8084=VECTOR('',#13547,1000.);
#8085=VECTOR('',#13548,1000.);
#8086=VECTOR('',#13549,1000.);
#8087=VECTOR('',#13550,1000.);
#8088=VECTOR('',#13551,1000.);
#8089=VECTOR('',#13552,1000.);
#8090=VECTOR('',#13553,1000.);
#8091=VECTOR('',#13554,1000.);
#8092=VECTOR('',#13555,1000.);
#8093=VECTOR('',#13556,1000.);
#8094=VECTOR('',#13557,1000.);
#8095=VECTOR('',#13558,1000.);
#8096=VECTOR('',#13559,1000.);
#8097=VECTOR('',#13560,1000.);
#8098=VECTOR('',#13561,1000.);
#8099=VECTOR('',#13562,1000.);
#8100=VECTOR('',#13563,1000.);
#8101=VECTOR('',#13566,1000.);
#8102=VECTOR('',#13567,1000.);
#8103=VECTOR('',#13568,1000.);
#8104=VECTOR('',#13571,1000.);
#8105=VECTOR('',#13572,1000.);
#8106=VECTOR('',#13573,1000.);
#8107=VECTOR('',#13576,1000.);
#8108=VECTOR('',#13577,1000.);
#8109=VECTOR('',#13578,1000.);
#8110=VECTOR('',#13581,1000.);
#8111=VECTOR('',#13582,1000.);
#8112=VECTOR('',#13583,1000.);
#8113=VECTOR('',#13586,1000.);
#8114=VECTOR('',#13587,1000.);
#8115=VECTOR('',#13588,1000.);
#8116=VECTOR('',#13591,1000.);
#8117=VECTOR('',#13592,1000.);
#8118=VECTOR('',#13593,1000.);
#8119=VECTOR('',#13596,1000.);
#8120=VECTOR('',#13597,1000.);
#8121=VECTOR('',#13598,1000.);
#8122=VECTOR('',#13599,1000.);
#8123=VECTOR('',#13600,1000.);
#8124=VECTOR('',#13603,1000.);
#8125=VECTOR('',#13604,1000.);
#8126=VECTOR('',#13605,1000.);
#8127=VECTOR('',#13606,1000.);
#8128=VECTOR('',#13609,1000.);
#8129=VECTOR('',#13610,1000.);
#8130=VECTOR('',#13611,1000.);
#8131=VECTOR('',#13612,1000.);
#8132=VECTOR('',#13615,1000.);
#8133=VECTOR('',#13616,1000.);
#8134=VECTOR('',#13617,1000.);
#8135=VECTOR('',#13618,1000.);
#8136=VECTOR('',#13619,1000.);
#8137=VECTOR('',#13620,1000.);
#8138=VECTOR('',#13623,1000.);
#8139=VECTOR('',#13624,1000.);
#8140=VECTOR('',#13625,1000.);
#8141=VECTOR('',#13626,1000.);
#8142=VECTOR('',#13627,1000.);
#8143=VECTOR('',#13628,1000.);
#8144=VECTOR('',#13629,1000.);
#8145=VECTOR('',#13632,1000.);
#8146=VECTOR('',#13633,1000.);
#8147=VECTOR('',#13634,1000.);
#8148=VECTOR('',#13635,1000.);
#8149=VECTOR('',#13638,1000.);
#8150=VECTOR('',#13639,1000.);
#8151=VECTOR('',#13640,1000.);
#8152=VECTOR('',#13641,1000.);
#8153=VECTOR('',#13644,1000.);
#8154=VECTOR('',#13645,1000.);
#8155=VECTOR('',#13646,1000.);
#8156=VECTOR('',#13647,1000.);
#8157=VECTOR('',#13648,1000.);
#8158=VECTOR('',#13649,1000.);
#8159=VECTOR('',#13650,1000.);
#8160=VECTOR('',#13651,1000.);
#8161=VECTOR('',#13652,1000.);
#8162=VECTOR('',#13653,1000.);
#8163=VECTOR('',#13654,1000.);
#8164=VECTOR('',#13657,1000.);
#8165=VECTOR('',#13658,1000.);
#8166=VECTOR('',#13659,1000.);
#8167=VECTOR('',#13660,1000.);
#8168=VECTOR('',#13661,1000.);
#8169=VECTOR('',#13662,1000.);
#8170=VECTOR('',#13663,1000.);
#8171=VECTOR('',#13664,1000.);
#8172=VECTOR('',#13665,1000.);
#8173=VECTOR('',#13666,1000.);
#8174=VECTOR('',#13667,1000.);
#8175=VECTOR('',#13668,1000.);
#8176=VECTOR('',#13669,1000.);
#8177=VECTOR('',#13670,1000.);
#8178=VECTOR('',#13671,1000.);
#8179=VECTOR('',#13672,1000.);
#8180=VECTOR('',#13675,1000.);
#8181=VECTOR('',#13676,1000.);
#8182=VECTOR('',#13677,1000.);
#8183=VECTOR('',#13678,1000.);
#8184=VECTOR('',#13679,1000.);
#8185=VECTOR('',#13680,1000.);
#8186=VECTOR('',#13683,1000.);
#8187=VECTOR('',#13684,1000.);
#8188=VECTOR('',#13685,1000.);
#8189=VECTOR('',#13686,1000.);
#8190=VECTOR('',#13689,1000.);
#8191=VECTOR('',#13690,1000.);
#8192=VECTOR('',#13693,1000.);
#8193=VECTOR('',#13694,1000.);
#8194=VECTOR('',#13697,1000.);
#8195=VECTOR('',#13698,1000.);
#8196=VECTOR('',#13699,1000.);
#8197=VECTOR('',#13700,1000.);
#8198=VECTOR('',#13701,1000.);
#8199=VECTOR('',#13702,1000.);
#8200=VECTOR('',#13703,1000.);
#8201=VECTOR('',#13704,1000.);
#8202=VECTOR('',#13707,1000.);
#8203=VECTOR('',#13708,1000.);
#8204=VECTOR('',#13709,1000.);
#8205=VECTOR('',#13710,1000.);
#8206=VECTOR('',#13711,1000.);
#8207=VECTOR('',#13714,1000.);
#8208=VECTOR('',#13715,1000.);
#8209=VECTOR('',#13716,1000.);
#8210=VECTOR('',#13719,1000.);
#8211=VECTOR('',#13720,1000.);
#8212=VECTOR('',#13721,1000.);
#8213=VECTOR('',#13722,1000.);
#8214=VECTOR('',#13723,1000.);
#8215=VECTOR('',#13724,1000.);
#8216=VECTOR('',#13725,1000.);
#8217=VECTOR('',#13726,1000.);
#8218=VECTOR('',#13729,1000.);
#8219=VECTOR('',#13730,1000.);
#8220=VECTOR('',#13731,1000.);
#8221=VECTOR('',#13734,1000.);
#8222=VECTOR('',#13735,1000.);
#8223=VECTOR('',#13736,1000.);
#8224=VECTOR('',#13737,1000.);
#8225=VECTOR('',#13738,1000.);
#8226=VECTOR('',#13739,1000.);
#8227=VECTOR('',#13740,1000.);
#8228=VECTOR('',#13741,1000.);
#8229=VECTOR('',#13742,1000.);
#8230=VECTOR('',#13743,1000.);
#8231=VECTOR('',#13746,1000.);
#8232=VECTOR('',#13747,1000.);
#8233=VECTOR('',#13748,1000.);
#8234=VECTOR('',#13751,1000.);
#8235=VECTOR('',#13752,1000.);
#8236=VECTOR('',#13753,1000.);
#8237=VECTOR('',#13756,1000.);
#8238=VECTOR('',#13757,1000.);
#8239=VECTOR('',#13758,1000.);
#8240=VECTOR('',#13761,1000.);
#8241=VECTOR('',#13762,1000.);
#8242=VECTOR('',#13763,1000.);
#8243=VECTOR('',#13766,1000.);
#8244=VECTOR('',#13767,1000.);
#8245=VECTOR('',#13768,1000.);
#8246=VECTOR('',#13771,1000.);
#8247=VECTOR('',#13772,1000.);
#8248=VECTOR('',#13773,1000.);
#8249=VECTOR('',#13774,1000.);
#8250=VECTOR('',#13775,1000.);
#8251=VECTOR('',#13776,1000.);
#8252=VECTOR('',#13777,1000.);
#8253=VECTOR('',#13778,1000.);
#8254=VECTOR('',#13779,1000.);
#8255=VECTOR('',#13780,1000.);
#8256=VECTOR('',#13783,1000.);
#8257=VECTOR('',#13788,1000.);
#8258=VECTOR('',#13789,1000.);
#8259=VECTOR('',#13790,1000.);
#8260=VECTOR('',#13791,1000.);
#8261=VECTOR('',#13794,1000.);
#8262=VECTOR('',#13795,1000.);
#8263=VECTOR('',#13796,1000.);
#8264=VECTOR('',#13799,1000.);
#8265=VECTOR('',#13800,1000.);
#8266=VECTOR('',#13801,1000.);
#8267=VECTOR('',#13804,1000.);
#8268=VECTOR('',#13805,1000.);
#8269=VECTOR('',#13808,1000.);
#8270=VECTOR('',#13809,1000.);
#8271=VECTOR('',#13810,1000.);
#8272=VECTOR('',#13811,1000.);
#8273=VECTOR('',#13814,1000.);
#8274=VECTOR('',#13815,1000.);
#8275=VECTOR('',#13816,1000.);
#8276=VECTOR('',#13819,1000.);
#8277=VECTOR('',#13820,1000.);
#8278=VECTOR('',#13821,1000.);
#8279=VECTOR('',#13824,1000.);
#8280=VECTOR('',#13825,1000.);
#8281=VECTOR('',#13828,1000.);
#8282=VECTOR('',#13829,1000.);
#8283=VECTOR('',#13830,1000.);
#8284=VECTOR('',#13831,1000.);
#8285=VECTOR('',#13832,1000.);
#8286=VECTOR('',#13833,1000.);
#8287=VECTOR('',#13834,1000.);
#8288=VECTOR('',#13835,1000.);
#8289=VECTOR('',#13838,1000.);
#8290=VECTOR('',#13841,1000.);
#8291=VECTOR('',#13842,1000.);
#8292=VECTOR('',#13843,1000.);
#8293=VECTOR('',#13844,1000.);
#8294=VECTOR('',#13845,1000.);
#8295=VECTOR('',#13846,1000.);
#8296=VECTOR('',#13847,1000.);
#8297=VECTOR('',#13848,1000.);
#8298=VECTOR('',#13851,1000.);
#8299=VECTOR('',#13856,1000.);
#8300=VECTOR('',#13861,1000.);
#8301=VECTOR('',#13866,1000.);
#8302=VECTOR('',#13867,1000.);
#8303=VECTOR('',#13868,1000.);
#8304=VECTOR('',#13871,1000.);
#8305=VECTOR('',#13872,1000.);
#8306=VECTOR('',#13875,1000.);
#8307=VECTOR('',#13876,1000.);
#8308=VECTOR('',#13879,1000.);
#8309=VECTOR('',#13882,1000.);
#8310=VECTOR('',#13883,1000.);
#8311=VECTOR('',#13884,1000.);
#8312=VECTOR('',#13887,1000.);
#8313=VECTOR('',#13888,1000.);
#8314=VECTOR('',#13891,1000.);
#8315=VECTOR('',#13892,1000.);
#8316=VECTOR('',#13895,1000.);
#8317=VECTOR('',#13898,1000.);
#8318=VECTOR('',#13899,1000.);
#8319=VECTOR('',#13900,1000.);
#8320=VECTOR('',#13903,1000.);
#8321=VECTOR('',#13906,1000.);
#8322=VECTOR('',#13907,1000.);
#8323=VECTOR('',#13908,1000.);
#8324=VECTOR('',#13909,1000.);
#8325=VECTOR('',#13910,1000.);
#8326=VECTOR('',#13915,1000.);
#8327=VECTOR('',#13920,1000.);
#8328=VECTOR('',#13921,1000.);
#8329=VECTOR('',#13922,1000.);
#8330=VECTOR('',#13925,1000.);
#8331=VECTOR('',#13928,1000.);
#8332=VECTOR('',#13929,1000.);
#8333=VECTOR('',#13932,1000.);
#8334=VECTOR('',#13933,1000.);
#8335=VECTOR('',#13936,1000.);
#8336=VECTOR('',#13937,1000.);
#8337=VECTOR('',#13940,1000.);
#8338=VECTOR('',#13941,1000.);
#8339=VECTOR('',#13942,1000.);
#8340=VECTOR('',#13943,1000.);
#8341=VECTOR('',#13944,1000.);
#8342=VECTOR('',#13945,1000.);
#8343=VECTOR('',#13946,1000.);
#8344=VECTOR('',#13947,1000.);
#8345=VECTOR('',#13948,1000.);
#8346=VECTOR('',#13949,1000.);
#8347=VECTOR('',#13950,1000.);
#8348=VECTOR('',#13951,1000.);
#8349=VECTOR('',#13952,1000.);
#8350=VECTOR('',#13953,1000.);
#8351=VECTOR('',#13954,1000.);
#8352=VECTOR('',#13955,1000.);
#8353=VECTOR('',#13956,1000.);
#8354=VECTOR('',#13957,1000.);
#8355=VECTOR('',#13958,1000.);
#8356=VECTOR('',#13959,1000.);
#8357=VECTOR('',#13960,1000.);
#8358=VECTOR('',#13965,1000.);
#8359=VECTOR('',#13966,1000.);
#8360=VECTOR('',#13969,1000.);
#8361=VECTOR('',#13974,1000.);
#8362=VECTOR('',#13979,1000.);
#8363=VECTOR('',#13982,1000.);
#8364=VECTOR('',#13983,1000.);
#8365=VECTOR('',#13986,1000.);
#8366=VECTOR('',#13987,1000.);
#8367=VECTOR('',#13988,1000.);
#8368=VECTOR('',#13989,1000.);
#8369=VECTOR('',#13992,1000.);
#8370=VECTOR('',#13993,1000.);
#8371=VECTOR('',#13994,1000.);
#8372=VECTOR('',#13999,1000.);
#8373=VECTOR('',#14002,1000.);
#8374=VECTOR('',#14005,1000.);
#8375=VECTOR('',#14006,1000.);
#8376=VECTOR('',#14007,1000.);
#8377=VECTOR('',#14010,1000.);
#8378=VECTOR('',#14013,1000.);
#8379=VECTOR('',#14024,1000.);
#8380=VECTOR('',#14025,1000.);
#8381=VECTOR('',#14034,1000.);
#8382=VECTOR('',#14035,1000.);
#8383=VECTOR('',#14036,1000.);
#8384=VECTOR('',#14039,1000.);
#8385=VECTOR('',#14040,1000.);
#8386=VECTOR('',#14041,1000.);
#8387=VECTOR('',#14042,1000.);
#8388=VECTOR('',#14043,1000.);
#8389=VECTOR('',#14044,1000.);
#8390=VECTOR('',#14047,1000.);
#8391=VECTOR('',#14048,1000.);
#8392=VECTOR('',#14049,1000.);
#8393=VECTOR('',#14050,1000.);
#8394=VECTOR('',#14051,1000.);
#8395=VECTOR('',#14058,1000.);
#8396=VECTOR('',#14065,1000.);
#8397=VECTOR('',#14066,1000.);
#8398=VECTOR('',#14069,1000.);
#8399=VECTOR('',#14076,1000.);
#8400=VECTOR('',#14079,1000.);
#8401=VECTOR('',#14080,1000.);
#8402=VECTOR('',#14081,1000.);
#8403=VECTOR('',#14084,1000.);
#8404=VECTOR('',#14085,1000.);
#8405=VECTOR('',#14086,1000.);
#8406=VECTOR('',#14095,1000.);
#8407=VECTOR('',#14098,1000.);
#8408=VECTOR('',#14113,1000.);
#8409=VECTOR('',#14114,1000.);
#8410=VECTOR('',#14115,1000.);
#8411=VECTOR('',#14116,1000.);
#8412=VECTOR('',#14119,1000.);
#8413=VECTOR('',#14120,1000.);
#8414=VECTOR('',#14123,1000.);
#8415=VECTOR('',#14124,1000.);
#8416=VECTOR('',#14127,1000.);
#8417=VECTOR('',#14130,1000.);
#8418=VECTOR('',#14133,1000.);
#8419=VECTOR('',#14134,1000.);
#8420=VECTOR('',#14135,1000.);
#8421=VECTOR('',#14136,1000.);
#8422=VECTOR('',#14139,1000.);
#8423=VECTOR('',#14140,1000.);
#8424=VECTOR('',#14143,1000.);
#8425=VECTOR('',#14144,1000.);
#8426=VECTOR('',#14147,1000.);
#8427=VECTOR('',#14150,1000.);
#8428=VECTOR('',#14153,1000.);
#8429=VECTOR('',#14154,1000.);
#8430=VECTOR('',#14155,1000.);
#8431=VECTOR('',#14156,1000.);
#8432=VECTOR('',#14159,1000.);
#8433=VECTOR('',#14160,1000.);
#8434=VECTOR('',#14163,1000.);
#8435=VECTOR('',#14164,1000.);
#8436=VECTOR('',#14167,1000.);
#8437=VECTOR('',#14170,1000.);
#8438=VECTOR('',#14173,1000.);
#8439=VECTOR('',#14174,1000.);
#8440=VECTOR('',#14175,1000.);
#8441=VECTOR('',#14176,1000.);
#8442=VECTOR('',#14179,1000.);
#8443=VECTOR('',#14180,1000.);
#8444=VECTOR('',#14183,1000.);
#8445=VECTOR('',#14184,1000.);
#8446=VECTOR('',#14187,1000.);
#8447=VECTOR('',#14190,1000.);
#8448=VECTOR('',#14193,1000.);
#8449=VECTOR('',#14194,1000.);
#8450=VECTOR('',#14195,1000.);
#8451=VECTOR('',#14196,1000.);
#8452=VECTOR('',#14199,1000.);
#8453=VECTOR('',#14200,1000.);
#8454=VECTOR('',#14203,1000.);
#8455=VECTOR('',#14204,1000.);
#8456=VECTOR('',#14207,1000.);
#8457=VECTOR('',#14210,1000.);
#8458=VECTOR('',#14213,1000.);
#8459=VECTOR('',#14214,1000.);
#8460=VECTOR('',#14215,1000.);
#8461=VECTOR('',#14216,1000.);
#8462=VECTOR('',#14219,1000.);
#8463=VECTOR('',#14220,1000.);
#8464=VECTOR('',#14223,1000.);
#8465=VECTOR('',#14224,1000.);
#8466=VECTOR('',#14227,1000.);
#8467=VECTOR('',#14230,1000.);
#8468=VECTOR('',#14233,1000.);
#8469=VECTOR('',#14234,1000.);
#8470=VECTOR('',#14235,1000.);
#8471=VECTOR('',#14238,1000.);
#8472=VECTOR('',#14241,1000.);
#8473=VECTOR('',#14244,1000.);
#8474=VECTOR('',#14245,1000.);
#8475=VECTOR('',#14246,1000.);
#8476=VECTOR('',#14247,1000.);
#8477=VECTOR('',#14248,1000.);
#8478=VECTOR('',#14251,1000.);
#8479=VECTOR('',#14254,1000.);
#8480=VECTOR('',#14255,1000.);
#8481=VECTOR('',#14256,1000.);
#8482=VECTOR('',#14259,1000.);
#8483=VECTOR('',#14260,1000.);
#8484=VECTOR('',#14263,1000.);
#8485=VECTOR('',#14264,1000.);
#8486=VECTOR('',#14267,1000.);
#8487=VECTOR('',#14272,1000.);
#8488=VECTOR('',#14273,1000.);
#8489=VECTOR('',#14276,1000.);
#8490=VECTOR('',#14277,1000.);
#8491=VECTOR('',#14280,1000.);
#8492=VECTOR('',#14285,1000.);
#8493=VECTOR('',#14286,1000.);
#8494=VECTOR('',#14287,1000.);
#8495=VECTOR('',#14290,1000.);
#8496=VECTOR('',#14293,1000.);
#8497=VECTOR('',#14314,1000.);
#8498=VECTOR('',#14319,1000.);
#8499=VECTOR('',#14324,1000.);
#8500=VECTOR('',#14325,1000.);
#8501=VECTOR('',#14328,1000.);
#8502=VECTOR('',#14331,1000.);
#8503=VECTOR('',#14334,1000.);
#8504=VECTOR('',#14337,1000.);
#8505=VECTOR('',#14340,1000.);
#8506=VECTOR('',#14343,1000.);
#8507=VECTOR('',#14346,1000.);
#8508=VECTOR('',#14349,1000.);
#8509=VECTOR('',#14352,1000.);
#8510=VECTOR('',#14355,1000.);
#8511=VECTOR('',#14358,1000.);
#8512=VECTOR('',#14361,1000.);
#8513=VECTOR('',#14364,1000.);
#8514=VECTOR('',#14367,1000.);
#8515=VECTOR('',#14370,1000.);
#8516=VECTOR('',#14373,1000.);
#8517=VECTOR('',#14376,1000.);
#8518=VECTOR('',#14379,1000.);
#8519=VECTOR('',#14384,1000.);
#8520=VECTOR('',#14385,1000.);
#8521=VECTOR('',#14386,1000.);
#8522=VECTOR('',#14389,1000.);
#8523=VECTOR('',#14390,1000.);
#8524=VECTOR('',#14391,1000.);
#8525=VECTOR('',#14392,1000.);
#8526=VECTOR('',#14393,1000.);
#8527=VECTOR('',#14394,1000.);
#8528=VECTOR('',#14395,1000.);
#8529=VECTOR('',#14396,1000.);
#8530=VECTOR('',#14397,1000.);
#8531=VECTOR('',#14398,1000.);
#8532=VECTOR('',#14399,1000.);
#8533=VECTOR('',#14402,1000.);
#8534=VECTOR('',#14403,1000.);
#8535=VECTOR('',#14410,1000.);
#8536=VECTOR('',#14411,1000.);
#8537=VECTOR('',#14414,1000.);
#8538=VECTOR('',#14417,1000.);
#8539=VECTOR('',#14422,1000.);
#8540=VECTOR('',#14423,1000.);
#8541=VECTOR('',#14426,1000.);
#8542=VECTOR('',#14429,1000.);
#8543=VECTOR('',#14436,1000.);
#8544=VECTOR('',#14437,1000.);
#8545=VECTOR('',#14438,1000.);
#8546=VECTOR('',#14439,1000.);
#8547=VECTOR('',#14442,1000.);
#8548=VECTOR('',#14443,1000.);
#8549=VECTOR('',#14444,1000.);
#8550=VECTOR('',#14447,1000.);
#8551=VECTOR('',#14452,1000.);
#8552=VECTOR('',#14453,1000.);
#8553=VECTOR('',#14454,1000.);
#8554=VECTOR('',#14459,1000.);
#8555=VECTOR('',#14464,1000.);
#8556=VECTOR('',#14465,1000.);
#8557=VECTOR('',#14466,1000.);
#8558=VECTOR('',#14467,1000.);
#8559=VECTOR('',#14470,1000.);
#8560=VECTOR('',#14473,1000.);
#8561=VECTOR('',#14478,1000.);
#8562=VECTOR('',#14479,1000.);
#8563=VECTOR('',#14480,1000.);
#8564=VECTOR('',#14485,1000.);
#8565=VECTOR('',#14488,1000.);
#8566=VECTOR('',#14491,1000.);
#8567=VECTOR('',#14492,1000.);
#8568=VECTOR('',#14495,1000.);
#8569=VECTOR('',#14498,1000.);
#8570=VECTOR('',#14501,1000.);
#8571=VECTOR('',#14504,1000.);
#8572=VECTOR('',#14507,1000.);
#8573=VECTOR('',#14510,1000.);
#8574=VECTOR('',#14511,1000.);
#8575=VECTOR('',#14514,1000.);
#8576=VECTOR('',#14517,1000.);
#8577=VECTOR('',#14520,1000.);
#8578=VECTOR('',#14523,1000.);
#8579=VECTOR('',#14534,1000.);
#8580=VECTOR('',#14535,1000.);
#8581=VECTOR('',#14536,1000.);
#8582=VECTOR('',#14537,1000.);
#8583=VECTOR('',#14540,1000.);
#8584=VECTOR('',#14541,1000.);
#8585=VECTOR('',#14542,1000.);
#8586=VECTOR('',#14543,1000.);
#8587=VECTOR('',#14544,1000.);
#8588=VECTOR('',#14547,1000.);
#8589=VECTOR('',#14548,1000.);
#8590=VECTOR('',#14551,1000.);
#8591=VECTOR('',#14556,1000.);
#8592=VECTOR('',#14557,1000.);
#8593=VECTOR('',#14558,1000.);
#8594=VECTOR('',#14563,1000.);
#8595=VECTOR('',#14568,1000.);
#8596=VECTOR('',#14569,1000.);
#8597=VECTOR('',#14570,1000.);
#8598=VECTOR('',#14571,1000.);
#8599=VECTOR('',#14574,1000.);
#8600=VECTOR('',#14577,1000.);
#8601=VECTOR('',#14582,1000.);
#8602=VECTOR('',#14583,1000.);
#8603=VECTOR('',#14584,1000.);
#8604=VECTOR('',#14589,1000.);
#8605=VECTOR('',#14594,1000.);
#8606=VECTOR('',#14595,1000.);
#8607=VECTOR('',#14598,1000.);
#8608=VECTOR('',#14601,1000.);
#8609=VECTOR('',#14604,1000.);
#8610=VECTOR('',#14607,1000.);
#8611=VECTOR('',#14612,1000.);
#8612=VECTOR('',#14615,1000.);
#8613=VECTOR('',#14618,1000.);
#8614=VECTOR('',#14621,1000.);
#8615=VECTOR('',#14640,1000.);
#8616=VECTOR('',#14641,1000.);
#8617=VECTOR('',#14642,1000.);
#8618=VECTOR('',#14643,1000.);
#8619=VECTOR('',#14646,1000.);
#8620=VECTOR('',#14647,1000.);
#8621=VECTOR('',#14648,1000.);
#8622=VECTOR('',#14649,1000.);
#8623=VECTOR('',#14652,1000.);
#8624=VECTOR('',#14653,1000.);
#8625=VECTOR('',#14654,1000.);
#8626=VECTOR('',#14655,1000.);
#8627=VECTOR('',#14656,1000.);
#8628=VECTOR('',#14657,1000.);
#8629=VECTOR('',#14658,1000.);
#8630=VECTOR('',#14661,1000.);
#8631=VECTOR('',#14662,1000.);
#8632=VECTOR('',#14663,1000.);
#8633=VECTOR('',#14664,1000.);
#8634=VECTOR('',#14667,1000.);
#8635=VECTOR('',#14668,1000.);
#8636=VECTOR('',#14669,1000.);
#8637=VECTOR('',#14670,1000.);
#8638=VECTOR('',#14671,1000.);
#8639=VECTOR('',#14672,1000.);
#8640=VECTOR('',#14675,1000.);
#8641=VECTOR('',#14676,1000.);
#8642=VECTOR('',#14677,1000.);
#8643=VECTOR('',#14680,1000.);
#8644=VECTOR('',#14681,1000.);
#8645=VECTOR('',#14682,1000.);
#8646=VECTOR('',#14683,1000.);
#8647=VECTOR('',#14684,1000.);
#8648=VECTOR('',#14685,1000.);
#8649=VECTOR('',#14686,1000.);
#8650=VECTOR('',#14687,1000.);
#8651=VECTOR('',#14688,1000.);
#8652=VECTOR('',#14689,1000.);
#8653=VECTOR('',#14690,1000.);
#8654=VECTOR('',#14691,1000.);
#8655=VECTOR('',#14692,1000.);
#8656=VECTOR('',#14693,1000.);
#8657=VECTOR('',#14696,1000.);
#8658=VECTOR('',#14697,1000.);
#8659=VECTOR('',#14698,1000.);
#8660=VECTOR('',#14701,1000.);
#8661=VECTOR('',#14702,1000.);
#8662=VECTOR('',#14703,1000.);
#8663=VECTOR('',#14704,1000.);
#8664=VECTOR('',#14707,1000.);
#8665=VECTOR('',#14708,1000.);
#8666=VECTOR('',#14709,1000.);
#8667=VECTOR('',#14710,1000.);
#8668=VECTOR('',#14713,1000.);
#8669=VECTOR('',#14714,1000.);
#8670=VECTOR('',#14715,1000.);
#8671=VECTOR('',#14716,1000.);
#8672=VECTOR('',#14717,1000.);
#8673=VECTOR('',#14718,1000.);
#8674=VECTOR('',#14719,1000.);
#8675=VECTOR('',#14720,1000.);
#8676=VECTOR('',#14723,1000.);
#8677=VECTOR('',#14724,1000.);
#8678=VECTOR('',#14725,1000.);
#8679=VECTOR('',#14726,1000.);
#8680=VECTOR('',#14727,1000.);
#8681=VECTOR('',#14728,1000.);
#8682=VECTOR('',#14729,1000.);
#8683=VECTOR('',#14732,1000.);
#8684=VECTOR('',#14733,1000.);
#8685=VECTOR('',#14740,1000.);
#8686=VECTOR('',#14741,1000.);
#8687=VECTOR('',#14742,1000.);
#8688=VECTOR('',#14745,1000.);
#8689=VECTOR('',#14746,1000.);
#8690=VECTOR('',#14747,1000.);
#8691=VECTOR('',#14750,1000.);
#8692=VECTOR('',#14751,1000.);
#8693=VECTOR('',#14752,1000.);
#8694=VECTOR('',#14755,1000.);
#8695=VECTOR('',#14756,1000.);
#8696=VECTOR('',#14759,1000.);
#8697=VECTOR('',#14760,1000.);
#8698=VECTOR('',#14763,1000.);
#8699=VECTOR('',#14764,1000.);
#8700=VECTOR('',#14765,1000.);
#8701=VECTOR('',#14768,1000.);
#8702=VECTOR('',#14769,1000.);
#8703=VECTOR('',#14770,1000.);
#8704=VECTOR('',#14771,1000.);
#8705=VECTOR('',#14772,1000.);
#8706=VECTOR('',#14775,1000.);
#8707=VECTOR('',#14776,1000.);
#8708=VECTOR('',#14779,1000.);
#8709=VECTOR('',#14780,1000.);
#8710=VECTOR('',#14781,1000.);
#8711=VECTOR('',#14782,1000.);
#8712=VECTOR('',#14785,1000.);
#8713=VECTOR('',#14790,1000.);
#8714=VECTOR('',#14791,1000.);
#8715=VECTOR('',#14796,1000.);
#8716=VECTOR('',#14797,1000.);
#8717=VECTOR('',#14798,1000.);
#8718=VECTOR('',#14801,1000.);
#8719=VECTOR('',#14802,1000.);
#8720=VECTOR('',#14807,1000.);
#8721=VECTOR('',#14808,1000.);
#8722=VECTOR('',#14809,1000.);
#8723=VECTOR('',#14812,1000.);
#8724=VECTOR('',#14815,1000.);
#8725=VECTOR('',#14816,1000.);
#8726=VECTOR('',#14817,1000.);
#8727=VECTOR('',#14820,1000.);
#8728=VECTOR('',#14823,1000.);
#8729=VECTOR('',#14824,1000.);
#8730=VECTOR('',#14825,1000.);
#8731=VECTOR('',#14828,1000.);
#8732=VECTOR('',#14829,1000.);
#8733=VECTOR('',#14836,1000.);
#8734=VECTOR('',#14837,1000.);
#8735=VECTOR('',#14844,1000.);
#8736=VECTOR('',#14845,1000.);
#8737=VECTOR('',#14846,1000.);
#8738=VECTOR('',#14847,1000.);
#8739=VECTOR('',#14854,1000.);
#8740=VECTOR('',#14857,1000.);
#8741=VECTOR('',#14858,1000.);
#8742=VECTOR('',#14861,1000.);
#8743=VECTOR('',#14862,1000.);
#8744=VECTOR('',#14871,1000.);
#8745=VECTOR('',#14874,1000.);
#8746=VECTOR('',#14877,1000.);
#8747=VECTOR('',#14878,1000.);
#8748=VECTOR('',#14879,1000.);
#8749=VECTOR('',#14882,1000.);
#8750=VECTOR('',#14883,1000.);
#8751=VECTOR('',#14886,1000.);
#8752=VECTOR('',#14887,1000.);
#8753=VECTOR('',#14900,1000.);
#8754=VECTOR('',#14901,1000.);
#8755=VECTOR('',#14902,1000.);
#8756=VECTOR('',#14903,1000.);
#8757=VECTOR('',#14904,1000.);
#8758=VECTOR('',#14907,1000.);
#8759=VECTOR('',#14910,1000.);
#8760=VECTOR('',#14913,1000.);
#8761=VECTOR('',#14916,1000.);
#8762=VECTOR('',#14917,1000.);
#8763=VECTOR('',#14918,1000.);
#8764=VECTOR('',#14919,1000.);
#8765=VECTOR('',#14922,1000.);
#8766=VECTOR('',#14923,1000.);
#8767=VECTOR('',#14924,1000.);
#8768=VECTOR('',#14929,1000.);
#8769=VECTOR('',#14930,1000.);
#8770=VECTOR('',#14933,1000.);
#8771=VECTOR('',#14934,1000.);
#8772=VECTOR('',#14935,1000.);
#8773=VECTOR('',#14940,1000.);
#8774=VECTOR('',#14941,1000.);
#8775=VECTOR('',#14970,1000.);
#8776=VECTOR('',#14971,1000.);
#8777=VECTOR('',#14972,1000.);
#8778=VECTOR('',#14973,1000.);
#8779=VECTOR('',#14974,1000.);
#8780=VECTOR('',#14975,1000.);
#8781=VECTOR('',#14978,1000.);
#8782=VECTOR('',#14979,1000.);
#8783=VECTOR('',#14980,1000.);
#8784=VECTOR('',#14981,1000.);
#8785=VECTOR('',#14982,1000.);
#8786=VECTOR('',#14983,1000.);
#8787=VECTOR('',#14988,1000.);
#8788=VECTOR('',#14995,1000.);
#8789=VECTOR('',#15000,1000.);
#8790=VECTOR('',#15001,1000.);
#8791=VECTOR('',#15004,1000.);
#8792=VECTOR('',#15005,1000.);
#8793=VECTOR('',#15008,1000.);
#8794=VECTOR('',#15011,1000.);
#8795=VECTOR('',#15014,1000.);
#8796=VECTOR('',#15015,1000.);
#8797=VECTOR('',#15018,1000.);
#8798=VECTOR('',#15019,1000.);
#8799=VECTOR('',#15020,1000.);
#8800=VECTOR('',#15021,1000.);
#8801=VECTOR('',#15022,1000.);
#8802=VECTOR('',#15023,1000.);
#8803=VECTOR('',#15026,1000.);
#8804=VECTOR('',#15027,1000.);
#8805=VECTOR('',#15028,1000.);
#8806=VECTOR('',#15029,1000.);
#8807=VECTOR('',#15030,1000.);
#8808=VECTOR('',#15031,1000.);
#8809=VECTOR('',#15038,1000.);
#8810=VECTOR('',#15045,1000.);
#8811=VECTOR('',#15048,1000.);
#8812=VECTOR('',#15049,1000.);
#8813=VECTOR('',#15050,1000.);
#8814=VECTOR('',#15053,1000.);
#8815=VECTOR('',#15056,1000.);
#8816=VECTOR('',#15057,1000.);
#8817=VECTOR('',#15062,1000.);
#8818=VECTOR('',#15063,1000.);
#8819=VECTOR('',#15076,1000.);
#8820=VECTOR('',#15077,1000.);
#8821=VECTOR('',#15078,1000.);
#8822=VECTOR('',#15079,1000.);
#8823=VECTOR('',#15080,1000.);
#8824=VECTOR('',#15083,1000.);
#8825=VECTOR('',#15086,1000.);
#8826=VECTOR('',#15089,1000.);
#8827=VECTOR('',#15092,1000.);
#8828=VECTOR('',#15093,1000.);
#8829=VECTOR('',#15094,1000.);
#8830=VECTOR('',#15095,1000.);
#8831=VECTOR('',#15098,1000.);
#8832=VECTOR('',#15099,1000.);
#8833=VECTOR('',#15100,1000.);
#8834=VECTOR('',#15105,1000.);
#8835=VECTOR('',#15106,1000.);
#8836=VECTOR('',#15109,1000.);
#8837=VECTOR('',#15110,1000.);
#8838=VECTOR('',#15111,1000.);
#8839=VECTOR('',#15116,1000.);
#8840=VECTOR('',#15117,1000.);
#8841=VECTOR('',#15146,1000.);
#8842=VECTOR('',#15147,1000.);
#8843=VECTOR('',#15148,1000.);
#8844=VECTOR('',#15149,1000.);
#8845=VECTOR('',#15150,1000.);
#8846=VECTOR('',#15151,1000.);
#8847=VECTOR('',#15154,1000.);
#8848=VECTOR('',#15155,1000.);
#8849=VECTOR('',#15156,1000.);
#8850=VECTOR('',#15157,1000.);
#8851=VECTOR('',#15158,1000.);
#8852=VECTOR('',#15159,1000.);
#8853=VECTOR('',#15164,1000.);
#8854=VECTOR('',#15171,1000.);
#8855=VECTOR('',#15176,1000.);
#8856=VECTOR('',#15177,1000.);
#8857=VECTOR('',#15180,1000.);
#8858=VECTOR('',#15181,1000.);
#8859=VECTOR('',#15184,1000.);
#8860=VECTOR('',#15187,1000.);
#8861=VECTOR('',#15190,1000.);
#8862=VECTOR('',#15191,1000.);
#8863=VECTOR('',#15194,1000.);
#8864=VECTOR('',#15195,1000.);
#8865=VECTOR('',#15196,1000.);
#8866=VECTOR('',#15197,1000.);
#8867=VECTOR('',#15198,1000.);
#8868=VECTOR('',#15199,1000.);
#8869=VECTOR('',#15202,1000.);
#8870=VECTOR('',#15203,1000.);
#8871=VECTOR('',#15204,1000.);
#8872=VECTOR('',#15205,1000.);
#8873=VECTOR('',#15206,1000.);
#8874=VECTOR('',#15207,1000.);
#8875=VECTOR('',#15214,1000.);
#8876=VECTOR('',#15221,1000.);
#8877=VECTOR('',#15224,1000.);
#8878=VECTOR('',#15225,1000.);
#8879=VECTOR('',#15226,1000.);
#8880=VECTOR('',#15229,1000.);
#8881=VECTOR('',#15232,1000.);
#8882=VECTOR('',#15233,1000.);
#8883=VECTOR('',#15238,1000.);
#8884=VECTOR('',#15239,1000.);
#8885=EDGE_LOOP('',(#413,#414,#415,#416,#417,#418));
#8886=EDGE_LOOP('',(#419,#420,#421,#422,#423,#424));
#8887=EDGE_LOOP('',(#425,#426,#427,#428));
#8888=EDGE_LOOP('',(#429,#430,#431,#432));
#8889=EDGE_LOOP('',(#433,#434,#435,#436));
#8890=EDGE_LOOP('',(#437,#438,#439,#440));
#8891=EDGE_LOOP('',(#441,#442,#443,#444));
#8892=EDGE_LOOP('',(#445,#446,#447,#448));
#8893=EDGE_LOOP('',(#449,#450,#451,#452,#453,#454,#455,#456,#457,#458));
#8894=EDGE_LOOP('',(#459,#460,#461,#462));
#8895=EDGE_LOOP('',(#463,#464,#465,#466));
#8896=EDGE_LOOP('',(#467,#468,#469,#470,#471,#472));
#8897=EDGE_LOOP('',(#473,#474,#475,#476));
#8898=EDGE_LOOP('',(#477,#478,#479,#480,#481,#482));
#8899=EDGE_LOOP('',(#483,#484,#485,#486,#487,#488,#489,#490));
#8900=EDGE_LOOP('',(#491,#492,#493,#494));
#8901=EDGE_LOOP('',(#495,#496,#497,#498));
#8902=EDGE_LOOP('',(#499,#500,#501,#502));
#8903=EDGE_LOOP('',(#503,#504,#505,#506,#507,#508,#509,#510,#511,#512));
#8904=EDGE_LOOP('',(#513,#514,#515,#516,#517,#518));
#8905=EDGE_LOOP('',(#519,#520,#521,#522,#523,#524));
#8906=EDGE_LOOP('',(#525,#526,#527,#528));
#8907=EDGE_LOOP('',(#529,#530,#531,#532,#533));
#8908=EDGE_LOOP('',(#534,#535,#536,#537));
#8909=EDGE_LOOP('',(#538,#539,#540,#541));
#8910=EDGE_LOOP('',(#542,#543,#544,#545,#546,#547));
#8911=EDGE_LOOP('',(#548,#549,#550,#551));
#8912=EDGE_LOOP('',(#552,#553,#554,#555));
#8913=EDGE_LOOP('',(#556,#557,#558,#559));
#8914=EDGE_LOOP('',(#560,#561,#562,#563));
#8915=EDGE_LOOP('',(#564,#565,#566,#567));
#8916=EDGE_LOOP('',(#568,#569,#570,#571,#572,#573,#574,#575));
#8917=EDGE_LOOP('',(#576,#577,#578,#579));
#8918=EDGE_LOOP('',(#580,#581,#582,#583));
#8919=EDGE_LOOP('',(#584,#585,#586,#587));
#8920=EDGE_LOOP('',(#588,#589,#590,#591));
#8921=EDGE_LOOP('',(#592,#593,#594,#595,#596,#597));
#8922=EDGE_LOOP('',(#598,#599,#600,#601,#602,#603,#604,#605,#606,#607,#608,
#609,#610,#611,#612,#613,#614,#615,#616,#617));
#8923=EDGE_LOOP('',(#618,#619,#620,#621));
#8924=EDGE_LOOP('',(#622,#623,#624,#625));
#8925=EDGE_LOOP('',(#626,#627,#628,#629,#630,#631,#632,#633));
#8926=EDGE_LOOP('',(#634,#635,#636,#637));
#8927=EDGE_LOOP('',(#638,#639,#640,#641,#642,#643,#644,#645,#646,#647,#648,
#649));
#8928=EDGE_LOOP('',(#650,#651,#652,#653,#654,#655,#656,#657,#658,#659,#660,
#661));
#8929=EDGE_LOOP('',(#662,#663,#664,#665));
#8930=EDGE_LOOP('',(#666,#667,#668,#669,#670,#671,#672,#673,#674,#675,#676,
#677));
#8931=EDGE_LOOP('',(#678,#679,#680,#681,#682,#683,#684,#685));
#8932=EDGE_LOOP('',(#686,#687,#688,#689,#690,#691,#692,#693));
#8933=EDGE_LOOP('',(#694,#695,#696,#697,#698,#699));
#8934=EDGE_LOOP('',(#700,#701,#702,#703));
#8935=EDGE_LOOP('',(#704,#705,#706,#707));
#8936=EDGE_LOOP('',(#708,#709,#710,#711));
#8937=EDGE_LOOP('',(#712,#713,#714,#715,#716,#717));
#8938=EDGE_LOOP('',(#718,#719,#720,#721));
#8939=EDGE_LOOP('',(#722,#723,#724,#725));
#8940=EDGE_LOOP('',(#726,#727,#728,#729));
#8941=EDGE_LOOP('',(#730,#731,#732,#733));
#8942=EDGE_LOOP('',(#734,#735,#736,#737));
#8943=EDGE_LOOP('',(#738,#739,#740,#741));
#8944=EDGE_LOOP('',(#742,#743,#744,#745));
#8945=EDGE_LOOP('',(#746,#747,#748,#749));
#8946=EDGE_LOOP('',(#750,#751,#752,#753));
#8947=EDGE_LOOP('',(#754,#755,#756,#757));
#8948=EDGE_LOOP('',(#758,#759,#760,#761));
#8949=EDGE_LOOP('',(#762,#763,#764,#765,#766,#767,#768,#769,#770,#771,#772,
#773,#774,#775,#776,#777,#778,#779,#780,#781));
#8950=EDGE_LOOP('',(#782,#783,#784,#785,#786,#787,#788,#789,#790,#791,#792));
#8951=EDGE_LOOP('',(#793,#794,#795,#796,#797,#798,#799,#800,#801,#802,#803));
#8952=EDGE_LOOP('',(#804,#805,#806,#807));
#8953=EDGE_LOOP('',(#808,#809,#810,#811));
#8954=EDGE_LOOP('',(#812,#813,#814,#815));
#8955=EDGE_LOOP('',(#816,#817,#818,#819));
#8956=EDGE_LOOP('',(#820,#821,#822,#823,#824,#825,#826,#827,#828,#829,#830,
#831,#832,#833));
#8957=EDGE_LOOP('',(#834,#835,#836,#837));
#8958=EDGE_LOOP('',(#838,#839,#840,#841));
#8959=EDGE_LOOP('',(#842,#843,#844,#845));
#8960=EDGE_LOOP('',(#846,#847,#848,#849));
#8961=EDGE_LOOP('',(#850,#851,#852,#853));
#8962=EDGE_LOOP('',(#854,#855,#856,#857,#858,#859));
#8963=EDGE_LOOP('',(#860,#861,#862,#863,#864));
#8964=EDGE_LOOP('',(#865,#866,#867,#868,#869,#870));
#8965=EDGE_LOOP('',(#871,#872,#873,#874,#875,#876,#877,#878));
#8966=EDGE_LOOP('',(#879,#880,#881,#882));
#8967=EDGE_LOOP('',(#883,#884,#885,#886));
#8968=EDGE_LOOP('',(#887,#888,#889,#890));
#8969=EDGE_LOOP('',(#891,#892,#893,#894,#895));
#8970=EDGE_LOOP('',(#896,#897,#898,#899));
#8971=EDGE_LOOP('',(#900,#901,#902,#903));
#8972=EDGE_LOOP('',(#904,#905,#906,#907));
#8973=EDGE_LOOP('',(#908,#909,#910,#911));
#8974=EDGE_LOOP('',(#912,#913,#914,#915));
#8975=EDGE_LOOP('',(#916,#917,#918,#919));
#8976=EDGE_LOOP('',(#920,#921,#922,#923,#924,#925,#926,#927,#928,#929,#930,
#931));
#8977=EDGE_LOOP('',(#932,#933,#934,#935));
#8978=EDGE_LOOP('',(#936,#937,#938,#939));
#8979=EDGE_LOOP('',(#940,#941,#942,#943,#944,#945));
#8980=EDGE_LOOP('',(#946,#947,#948,#949));
#8981=EDGE_LOOP('',(#950,#951,#952,#953));
#8982=EDGE_LOOP('',(#954,#955,#956,#957));
#8983=EDGE_LOOP('',(#958,#959,#960,#961));
#8984=EDGE_LOOP('',(#962,#963,#964,#965));
#8985=EDGE_LOOP('',(#966,#967,#968,#969));
#8986=EDGE_LOOP('',(#970,#971,#972,#973,#974,#975,#976,#977));
#8987=EDGE_LOOP('',(#978,#979,#980,#981));
#8988=EDGE_LOOP('',(#982,#983,#984,#985));
#8989=EDGE_LOOP('',(#986,#987,#988,#989));
#8990=EDGE_LOOP('',(#990,#991,#992,#993,#994,#995));
#8991=EDGE_LOOP('',(#996,#997,#998,#999));
#8992=EDGE_LOOP('',(#1000,#1001,#1002,#1003,#1004,#1005));
#8993=EDGE_LOOP('',(#1006,#1007,#1008,#1009));
#8994=EDGE_LOOP('',(#1010,#1011,#1012,#1013));
#8995=EDGE_LOOP('',(#1014,#1015,#1016,#1017));
#8996=EDGE_LOOP('',(#1018,#1019,#1020,#1021));
#8997=EDGE_LOOP('',(#1022,#1023,#1024,#1025));
#8998=EDGE_LOOP('',(#1026,#1027,#1028,#1029));
#8999=EDGE_LOOP('',(#1030,#1031,#1032,#1033,#1034,#1035,#1036,#1037,#1038,
#1039,#1040,#1041));
#9000=EDGE_LOOP('',(#1042,#1043,#1044,#1045));
#9001=EDGE_LOOP('',(#1046,#1047,#1048,#1049,#1050,#1051));
#9002=EDGE_LOOP('',(#1052,#1053,#1054,#1055,#1056));
#9003=EDGE_LOOP('',(#1057,#1058,#1059,#1060,#1061,#1062,#1063,#1064));
#9004=EDGE_LOOP('',(#1065,#1066,#1067,#1068));
#9005=EDGE_LOOP('',(#1069,#1070,#1071,#1072));
#9006=EDGE_LOOP('',(#1073,#1074,#1075,#1076));
#9007=EDGE_LOOP('',(#1077,#1078,#1079,#1080,#1081,#1082));
#9008=EDGE_LOOP('',(#1083,#1084,#1085,#1086));
#9009=EDGE_LOOP('',(#1087,#1088,#1089,#1090));
#9010=EDGE_LOOP('',(#1091,#1092,#1093,#1094));
#9011=EDGE_LOOP('',(#1095,#1096,#1097,#1098));
#9012=EDGE_LOOP('',(#1099,#1100,#1101,#1102,#1103,#1104,#1105,#1106));
#9013=EDGE_LOOP('',(#1107,#1108,#1109,#1110));
#9014=EDGE_LOOP('',(#1111,#1112,#1113,#1114));
#9015=EDGE_LOOP('',(#1115,#1116,#1117,#1118));
#9016=EDGE_LOOP('',(#1119,#1120,#1121,#1122));
#9017=EDGE_LOOP('',(#1123,#1124,#1125,#1126,#1127,#1128));
#9018=EDGE_LOOP('',(#1129,#1130,#1131,#1132));
#9019=EDGE_LOOP('',(#1133,#1134,#1135,#1136,#1137,#1138));
#9020=EDGE_LOOP('',(#1139,#1140,#1141,#1142));
#9021=EDGE_LOOP('',(#1143,#1144,#1145,#1146));
#9022=EDGE_LOOP('',(#1147,#1148,#1149,#1150));
#9023=EDGE_LOOP('',(#1151,#1152,#1153,#1154));
#9024=EDGE_LOOP('',(#1155,#1156,#1157,#1158,#1159,#1160));
#9025=EDGE_LOOP('',(#1161,#1162,#1163,#1164,#1165,#1166));
#9026=EDGE_LOOP('',(#1167,#1168,#1169,#1170));
#9027=EDGE_LOOP('',(#1171,#1172,#1173,#1174,#1175,#1176));
#9028=EDGE_LOOP('',(#1177,#1178,#1179,#1180));
#9029=EDGE_LOOP('',(#1181,#1182,#1183,#1184,#1185,#1186));
#9030=EDGE_LOOP('',(#1187,#1188,#1189,#1190));
#9031=EDGE_LOOP('',(#1191,#1192,#1193,#1194));
#9032=EDGE_LOOP('',(#1195,#1196,#1197,#1198));
#9033=EDGE_LOOP('',(#1199,#1200,#1201,#1202));
#9034=EDGE_LOOP('',(#1203,#1204,#1205,#1206,#1207));
#9035=EDGE_LOOP('',(#1208,#1209,#1210,#1211));
#9036=EDGE_LOOP('',(#1212,#1213,#1214,#1215,#1216));
#9037=EDGE_LOOP('',(#1217,#1218,#1219,#1220));
#9038=EDGE_LOOP('',(#1221,#1222,#1223,#1224));
#9039=EDGE_LOOP('',(#1225,#1226));
#9040=EDGE_LOOP('',(#1227,#1228));
#9041=EDGE_LOOP('',(#1229,#1230,#1231,#1232));
#9042=EDGE_LOOP('',(#1233,#1234,#1235,#1236));
#9043=EDGE_LOOP('',(#1237,#1238,#1239,#1240));
#9044=EDGE_LOOP('',(#1241,#1242,#1243,#1244));
#9045=EDGE_LOOP('',(#1245,#1246,#1247,#1248));
#9046=EDGE_LOOP('',(#1249,#1250,#1251,#1252));
#9047=EDGE_LOOP('',(#1253,#1254,#1255,#1256));
#9048=EDGE_LOOP('',(#1257,#1258,#1259,#1260));
#9049=EDGE_LOOP('',(#1261,#1262,#1263,#1264));
#9050=EDGE_LOOP('',(#1265,#1266,#1267,#1268));
#9051=EDGE_LOOP('',(#1269,#1270,#1271,#1272));
#9052=EDGE_LOOP('',(#1273,#1274,#1275,#1276));
#9053=EDGE_LOOP('',(#1277,#1278,#1279,#1280));
#9054=EDGE_LOOP('',(#1281,#1282,#1283,#1284));
#9055=EDGE_LOOP('',(#1285,#1286,#1287,#1288));
#9056=EDGE_LOOP('',(#1289,#1290,#1291,#1292));
#9057=EDGE_LOOP('',(#1293,#1294,#1295,#1296));
#9058=EDGE_LOOP('',(#1297,#1298,#1299,#1300,#1301,#1302,#1303,#1304,#1305,
#1306,#1307,#1308,#1309,#1310,#1311,#1312,#1313,#1314,#1315,#1316));
#9059=EDGE_LOOP('',(#1317,#1318,#1319,#1320));
#9060=EDGE_LOOP('',(#1321,#1322,#1323,#1324,#1325,#1326));
#9061=EDGE_LOOP('',(#1327,#1328,#1329,#1330,#1331,#1332,#1333,#1334,#1335,
#1336,#1337,#1338,#1339,#1340,#1341,#1342,#1343,#1344,#1345,#1346));
#9062=EDGE_LOOP('',(#1347,#1348,#1349,#1350,#1351,#1352,#1353,#1354,#1355,
#1356));
#9063=EDGE_LOOP('',(#1357,#1358,#1359,#1360,#1361,#1362,#1363,#1364,#1365,
#1366,#1367,#1368,#1369,#1370,#1371,#1372,#1373,#1374,#1375,#1376));
#9064=EDGE_LOOP('',(#1377,#1378,#1379,#1380,#1381,#1382,#1383,#1384,#1385,
#1386,#1387,#1388,#1389,#1390,#1391,#1392,#1393,#1394,#1395,#1396,#1397,
#1398,#1399,#1400,#1401,#1402,#1403,#1404,#1405,#1406,#1407,#1408,#1409,
#1410,#1411,#1412,#1413,#1414,#1415,#1416,#1417,#1418,#1419,#1420));
#9065=EDGE_LOOP('',(#1421,#1422,#1423,#1424));
#9066=EDGE_LOOP('',(#1425,#1426,#1427,#1428));
#9067=EDGE_LOOP('',(#1429,#1430,#1431,#1432));
#9068=EDGE_LOOP('',(#1433,#1434,#1435,#1436));
#9069=EDGE_LOOP('',(#1437,#1438,#1439,#1440));
#9070=EDGE_LOOP('',(#1441,#1442,#1443,#1444));
#9071=EDGE_LOOP('',(#1445,#1446,#1447,#1448));
#9072=EDGE_LOOP('',(#1449,#1450,#1451,#1452));
#9073=EDGE_LOOP('',(#1453,#1454,#1455,#1456));
#9074=EDGE_LOOP('',(#1457,#1458,#1459,#1460));
#9075=EDGE_LOOP('',(#1461,#1462,#1463,#1464));
#9076=EDGE_LOOP('',(#1465,#1466,#1467,#1468));
#9077=EDGE_LOOP('',(#1469,#1470,#1471,#1472));
#9078=EDGE_LOOP('',(#1473,#1474,#1475,#1476));
#9079=EDGE_LOOP('',(#1477,#1478,#1479,#1480));
#9080=EDGE_LOOP('',(#1481,#1482,#1483,#1484));
#9081=EDGE_LOOP('',(#1485,#1486,#1487,#1488));
#9082=EDGE_LOOP('',(#1489,#1490,#1491,#1492,#1493,#1494));
#9083=EDGE_LOOP('',(#1495,#1496,#1497,#1498,#1499,#1500,#1501,#1502,#1503,
#1504,#1505,#1506));
#9084=EDGE_LOOP('',(#1507,#1508,#1509,#1510,#1511,#1512,#1513,#1514,#1515,
#1516,#1517,#1518));
#9085=EDGE_LOOP('',(#1519,#1520,#1521,#1522));
#9086=EDGE_LOOP('',(#1523,#1524,#1525,#1526,#1527,#1528,#1529,#1530,#1531,
#1532,#1533,#1534,#1535,#1536,#1537,#1538,#1539,#1540,#1541,#1542,#1543,
#1544,#1545,#1546,#1547,#1548,#1549,#1550,#1551,#1552,#1553,#1554,#1555,
#1556,#1557,#1558,#1559,#1560,#1561,#1562));
#9087=EDGE_LOOP('',(#1563,#1564,#1565,#1566,#1567,#1568,#1569,#1570,#1571,
#1572,#1573,#1574,#1575,#1576,#1577,#1578,#1579,#1580,#1581,#1582,#1583,
#1584,#1585,#1586,#1587,#1588,#1589,#1590,#1591,#1592,#1593,#1594,#1595,
#1596,#1597,#1598));
#9088=EDGE_LOOP('',(#1599,#1600,#1601,#1602));
#9089=EDGE_LOOP('',(#1603,#1604,#1605,#1606));
#9090=EDGE_LOOP('',(#1607,#1608,#1609,#1610));
#9091=EDGE_LOOP('',(#1611,#1612,#1613,#1614));
#9092=EDGE_LOOP('',(#1615,#1616,#1617,#1618));
#9093=EDGE_LOOP('',(#1619,#1620,#1621,#1622));
#9094=EDGE_LOOP('',(#1623,#1624,#1625,#1626,#1627,#1628));
#9095=EDGE_LOOP('',(#1629,#1630,#1631,#1632));
#9096=EDGE_LOOP('',(#1633,#1634,#1635,#1636));
#9097=EDGE_LOOP('',(#1637,#1638,#1639,#1640,#1641,#1642));
#9098=EDGE_LOOP('',(#1643,#1644,#1645,#1646,#1647,#1648,#1649,#1650));
#9099=EDGE_LOOP('',(#1651,#1652,#1653,#1654));
#9100=EDGE_LOOP('',(#1655,#1656,#1657,#1658));
#9101=EDGE_LOOP('',(#1659,#1660,#1661,#1662,#1663,#1664,#1665,#1666,#1667,
#1668,#1669,#1670,#1671,#1672));
#9102=EDGE_LOOP('',(#1673,#1674,#1675,#1676,#1677,#1678,#1679,#1680,#1681,
#1682,#1683,#1684,#1685,#1686,#1687,#1688,#1689,#1690,#1691,#1692));
#9103=EDGE_LOOP('',(#1693,#1694,#1695,#1696,#1697,#1698,#1699,#1700));
#9104=EDGE_LOOP('',(#1701,#1702,#1703,#1704,#1705,#1706,#1707,#1708));
#9105=EDGE_LOOP('',(#1709,#1710,#1711,#1712));
#9106=EDGE_LOOP('',(#1713,#1714,#1715,#1716));
#9107=EDGE_LOOP('',(#1717,#1718,#1719,#1720,#1721,#1722,#1723,#1724,#1725,
#1726));
#9108=EDGE_LOOP('',(#1727,#1728,#1729,#1730,#1731,#1732,#1733,#1734,#1735,
#1736));
#9109=EDGE_LOOP('',(#1737,#1738,#1739,#1740));
#9110=EDGE_LOOP('',(#1741,#1742,#1743,#1744,#1745,#1746,#1747,#1748,#1749,
#1750));
#9111=EDGE_LOOP('',(#1751,#1752,#1753,#1754));
#9112=EDGE_LOOP('',(#1755,#1756,#1757,#1758,#1759,#1760,#1761,#1762,#1763,
#1764,#1765,#1766,#1767,#1768,#1769));
#9113=EDGE_LOOP('',(#1770,#1771,#1772,#1773));
#9114=EDGE_LOOP('',(#1774,#1775,#1776,#1777));
#9115=EDGE_LOOP('',(#1778,#1779,#1780,#1781));
#9116=EDGE_LOOP('',(#1782,#1783,#1784,#1785));
#9117=EDGE_LOOP('',(#1786,#1787,#1788,#1789));
#9118=EDGE_LOOP('',(#1790,#1791,#1792,#1793,#1794,#1795,#1796,#1797,#1798,
#1799,#1800,#1801,#1802,#1803,#1804));
#9119=EDGE_LOOP('',(#1805,#1806,#1807,#1808,#1809,#1810,#1811,#1812));
#9120=EDGE_LOOP('',(#1813,#1814,#1815,#1816));
#9121=EDGE_LOOP('',(#1817,#1818,#1819,#1820));
#9122=EDGE_LOOP('',(#1821,#1822,#1823,#1824));
#9123=EDGE_LOOP('',(#1825,#1826,#1827,#1828));
#9124=EDGE_LOOP('',(#1829,#1830,#1831,#1832));
#9125=EDGE_LOOP('',(#1833,#1834,#1835,#1836));
#9126=EDGE_LOOP('',(#1837,#1838,#1839,#1840));
#9127=EDGE_LOOP('',(#1841,#1842,#1843,#1844));
#9128=EDGE_LOOP('',(#1845,#1846,#1847,#1848));
#9129=EDGE_LOOP('',(#1849,#1850,#1851,#1852));
#9130=EDGE_LOOP('',(#1853,#1854,#1855,#1856));
#9131=EDGE_LOOP('',(#1857,#1858,#1859,#1860));
#9132=EDGE_LOOP('',(#1861,#1862,#1863,#1864));
#9133=EDGE_LOOP('',(#1865,#1866,#1867,#1868));
#9134=EDGE_LOOP('',(#1869,#1870,#1871,#1872));
#9135=EDGE_LOOP('',(#1873,#1874,#1875,#1876,#1877,#1878,#1879,#1880,#1881,
#1882,#1883,#1884,#1885,#1886));
#9136=EDGE_LOOP('',(#1887,#1888,#1889,#1890));
#9137=EDGE_LOOP('',(#1891,#1892,#1893,#1894));
#9138=EDGE_LOOP('',(#1895,#1896,#1897,#1898));
#9139=EDGE_LOOP('',(#1899,#1900,#1901,#1902));
#9140=EDGE_LOOP('',(#1903,#1904,#1905,#1906));
#9141=EDGE_LOOP('',(#1907,#1908,#1909,#1910));
#9142=EDGE_LOOP('',(#1911,#1912,#1913,#1914));
#9143=EDGE_LOOP('',(#1915,#1916,#1917,#1918));
#9144=EDGE_LOOP('',(#1919,#1920,#1921,#1922));
#9145=EDGE_LOOP('',(#1923,#1924,#1925,#1926));
#9146=EDGE_LOOP('',(#1927,#1928,#1929,#1930));
#9147=EDGE_LOOP('',(#1931,#1932,#1933,#1934));
#9148=EDGE_LOOP('',(#1935,#1936,#1937,#1938));
#9149=EDGE_LOOP('',(#1939,#1940,#1941,#1942));
#9150=EDGE_LOOP('',(#1943,#1944,#1945,#1946));
#9151=EDGE_LOOP('',(#1947,#1948,#1949,#1950));
#9152=EDGE_LOOP('',(#1951,#1952,#1953,#1954,#1955,#1956));
#9153=EDGE_LOOP('',(#1957,#1958,#1959,#1960));
#9154=EDGE_LOOP('',(#1961,#1962,#1963,#1964,#1965,#1966,#1967,#1968,#1969,
#1970));
#9155=EDGE_LOOP('',(#1971,#1972,#1973,#1974));
#9156=EDGE_LOOP('',(#1975,#1976,#1977,#1978));
#9157=EDGE_LOOP('',(#1979,#1980,#1981,#1982));
#9158=EDGE_LOOP('',(#1983,#1984,#1985,#1986,#1987,#1988));
#9159=EDGE_LOOP('',(#1989,#1990,#1991,#1992));
#9160=EDGE_LOOP('',(#1993,#1994,#1995,#1996));
#9161=EDGE_LOOP('',(#1997,#1998,#1999,#2000));
#9162=EDGE_LOOP('',(#2001,#2002,#2003,#2004,#2005,#2006));
#9163=EDGE_LOOP('',(#2007,#2008,#2009,#2010,#2011,#2012,#2013,#2014,#2015,
#2016,#2017,#2018,#2019,#2020,#2021,#2022,#2023,#2024,#2025,#2026,#2027,
#2028,#2029,#2030,#2031,#2032,#2033,#2034,#2035,#2036,#2037,#2038,#2039,
#2040));
#9164=EDGE_LOOP('',(#2041,#2042,#2043,#2044));
#9165=EDGE_LOOP('',(#2045,#2046,#2047,#2048));
#9166=EDGE_LOOP('',(#2049,#2050,#2051,#2052));
#9167=EDGE_LOOP('',(#2053,#2054,#2055,#2056));
#9168=EDGE_LOOP('',(#2057,#2058,#2059,#2060));
#9169=EDGE_LOOP('',(#2061,#2062,#2063,#2064));
#9170=EDGE_LOOP('',(#2065,#2066,#2067,#2068));
#9171=EDGE_LOOP('',(#2069,#2070,#2071,#2072));
#9172=EDGE_LOOP('',(#2073,#2074,#2075,#2076));
#9173=EDGE_LOOP('',(#2077,#2078,#2079,#2080));
#9174=EDGE_LOOP('',(#2081,#2082,#2083,#2084,#2085,#2086));
#9175=EDGE_LOOP('',(#2087,#2088,#2089,#2090,#2091,#2092));
#9176=EDGE_LOOP('',(#2093,#2094,#2095,#2096));
#9177=EDGE_LOOP('',(#2097,#2098,#2099,#2100));
#9178=EDGE_LOOP('',(#2101,#2102,#2103,#2104));
#9179=EDGE_LOOP('',(#2105,#2106,#2107,#2108));
#9180=EDGE_LOOP('',(#2109,#2110,#2111,#2112));
#9181=EDGE_LOOP('',(#2113,#2114,#2115,#2116,#2117,#2118,#2119,#2120,#2121,
#2122));
#9182=EDGE_LOOP('',(#2123,#2124));
#9183=EDGE_LOOP('',(#2125));
#9184=EDGE_LOOP('',(#2126,#2127,#2128,#2129,#2130,#2131));
#9185=EDGE_LOOP('',(#2132));
#9186=EDGE_LOOP('',(#2133));
#9187=EDGE_LOOP('',(#2134));
#9188=EDGE_LOOP('',(#2135,#2136,#2137,#2138,#2139,#2140));
#9189=EDGE_LOOP('',(#2141,#2142,#2143,#2144,#2145,#2146,#2147,#2148));
#9190=EDGE_LOOP('',(#2149,#2150,#2151,#2152,#2153,#2154,#2155,#2156,#2157,
#2158));
#9191=EDGE_LOOP('',(#2159,#2160,#2161,#2162));
#9192=EDGE_LOOP('',(#2163,#2164,#2165,#2166));
#9193=EDGE_LOOP('',(#2167,#2168,#2169,#2170));
#9194=EDGE_LOOP('',(#2171,#2172,#2173,#2174));
#9195=EDGE_LOOP('',(#2175,#2176,#2177,#2178));
#9196=EDGE_LOOP('',(#2179,#2180,#2181,#2182));
#9197=EDGE_LOOP('',(#2183,#2184,#2185,#2186));
#9198=EDGE_LOOP('',(#2187,#2188,#2189,#2190));
#9199=EDGE_LOOP('',(#2191,#2192,#2193,#2194));
#9200=EDGE_LOOP('',(#2195,#2196,#2197,#2198));
#9201=EDGE_LOOP('',(#2199,#2200,#2201,#2202,#2203,#2204));
#9202=EDGE_LOOP('',(#2205,#2206,#2207,#2208,#2209,#2210));
#9203=EDGE_LOOP('',(#2211,#2212,#2213,#2214));
#9204=EDGE_LOOP('',(#2215,#2216,#2217,#2218));
#9205=EDGE_LOOP('',(#2219,#2220,#2221,#2222));
#9206=EDGE_LOOP('',(#2223,#2224,#2225,#2226,#2227,#2228));
#9207=EDGE_LOOP('',(#2229));
#9208=EDGE_LOOP('',(#2230,#2231));
#9209=EDGE_LOOP('',(#2232));
#9210=EDGE_LOOP('',(#2233));
#9211=EDGE_LOOP('',(#2234));
#9212=EDGE_LOOP('',(#2235,#2236,#2237,#2238));
#9213=EDGE_LOOP('',(#2239,#2240,#2241,#2242));
#9214=EDGE_LOOP('',(#2243,#2244,#2245,#2246,#2247,#2248,#2249,#2250,#2251,
#2252));
#9215=EDGE_LOOP('',(#2253,#2254,#2255,#2256));
#9216=EDGE_LOOP('',(#2257,#2258,#2259,#2260,#2261,#2262,#2263,#2264,#2265,
#2266));
#9217=EDGE_LOOP('',(#2267,#2268,#2269,#2270));
#9218=EDGE_LOOP('',(#2271,#2272,#2273,#2274));
#9219=EDGE_LOOP('',(#2275,#2276,#2277,#2278,#2279,#2280,#2281,#2282,#2283,
#2284));
#9220=EDGE_LOOP('',(#2285,#2286,#2287,#2288));
#9221=EDGE_LOOP('',(#2289,#2290,#2291,#2292,#2293,#2294,#2295,#2296,#2297,
#2298));
#9222=EDGE_LOOP('',(#2299,#2300,#2301,#2302));
#9223=EDGE_LOOP('',(#2303,#2304,#2305,#2306));
#9224=EDGE_LOOP('',(#2307,#2308,#2309,#2310,#2311,#2312,#2313,#2314,#2315,
#2316));
#9225=EDGE_LOOP('',(#2317,#2318,#2319,#2320));
#9226=EDGE_LOOP('',(#2321,#2322,#2323,#2324,#2325,#2326,#2327,#2328,#2329,
#2330));
#9227=EDGE_LOOP('',(#2331,#2332,#2333,#2334));
#9228=EDGE_LOOP('',(#2335,#2336,#2337,#2338));
#9229=EDGE_LOOP('',(#2339,#2340,#2341,#2342,#2343,#2344,#2345,#2346,#2347,
#2348));
#9230=EDGE_LOOP('',(#2349,#2350,#2351,#2352));
#9231=EDGE_LOOP('',(#2353,#2354,#2355,#2356,#2357,#2358,#2359,#2360,#2361,
#2362));
#9232=EDGE_LOOP('',(#2363,#2364,#2365,#2366));
#9233=EDGE_LOOP('',(#2367,#2368,#2369,#2370));
#9234=EDGE_LOOP('',(#2371,#2372,#2373,#2374,#2375,#2376,#2377,#2378,#2379,
#2380));
#9235=EDGE_LOOP('',(#2381,#2382,#2383,#2384));
#9236=EDGE_LOOP('',(#2385,#2386,#2387,#2388,#2389,#2390,#2391,#2392,#2393,
#2394));
#9237=EDGE_LOOP('',(#2395,#2396,#2397,#2398));
#9238=EDGE_LOOP('',(#2399,#2400,#2401,#2402));
#9239=EDGE_LOOP('',(#2403,#2404,#2405,#2406,#2407,#2408,#2409,#2410,#2411,
#2412));
#9240=EDGE_LOOP('',(#2413,#2414,#2415,#2416));
#9241=EDGE_LOOP('',(#2417,#2418,#2419,#2420,#2421,#2422,#2423,#2424,#2425,
#2426));
#9242=EDGE_LOOP('',(#2427,#2428,#2429,#2430));
#9243=EDGE_LOOP('',(#2431,#2432,#2433,#2434));
#9244=EDGE_LOOP('',(#2435,#2436,#2437,#2438,#2439,#2440,#2441,#2442,#2443,
#2444));
#9245=EDGE_LOOP('',(#2445,#2446,#2447,#2448,#2449,#2450,#2451,#2452,#2453,
#2454,#2455,#2456,#2457,#2458,#2459,#2460,#2461,#2462,#2463,#2464));
#9246=EDGE_LOOP('',(#2465,#2466,#2467,#2468));
#9247=EDGE_LOOP('',(#2469,#2470,#2471,#2472,#2473,#2474,#2475,#2476));
#9248=EDGE_LOOP('',(#2477,#2478,#2479,#2480,#2481,#2482));
#9249=EDGE_LOOP('',(#2483,#2484,#2485,#2486));
#9250=EDGE_LOOP('',(#2487,#2488,#2489,#2490,#2491,#2492));
#9251=EDGE_LOOP('',(#2493,#2494,#2495,#2496));
#9252=EDGE_LOOP('',(#2497,#2498,#2499,#2500,#2501,#2502));
#9253=EDGE_LOOP('',(#2503,#2504,#2505,#2506));
#9254=EDGE_LOOP('',(#2507,#2508,#2509,#2510));
#9255=EDGE_LOOP('',(#2511,#2512,#2513,#2514,#2515,#2516));
#9256=EDGE_LOOP('',(#2517,#2518,#2519,#2520));
#9257=EDGE_LOOP('',(#2521,#2522,#2523,#2524));
#9258=EDGE_LOOP('',(#2525,#2526,#2527,#2528));
#9259=EDGE_LOOP('',(#2529,#2530,#2531,#2532));
#9260=EDGE_LOOP('',(#2533,#2534,#2535,#2536));
#9261=EDGE_LOOP('',(#2537,#2538,#2539,#2540));
#9262=EDGE_LOOP('',(#2541,#2542,#2543,#2544));
#9263=EDGE_LOOP('',(#2545,#2546,#2547,#2548));
#9264=EDGE_LOOP('',(#2549,#2550,#2551,#2552));
#9265=EDGE_LOOP('',(#2553,#2554,#2555,#2556));
#9266=EDGE_LOOP('',(#2557,#2558,#2559,#2560));
#9267=EDGE_LOOP('',(#2561,#2562,#2563,#2564));
#9268=EDGE_LOOP('',(#2565,#2566,#2567,#2568));
#9269=EDGE_LOOP('',(#2569,#2570,#2571,#2572));
#9270=EDGE_LOOP('',(#2573,#2574,#2575,#2576));
#9271=EDGE_LOOP('',(#2577,#2578,#2579,#2580));
#9272=EDGE_LOOP('',(#2581,#2582,#2583,#2584));
#9273=EDGE_LOOP('',(#2585,#2586,#2587,#2588));
#9274=EDGE_LOOP('',(#2589,#2590,#2591,#2592));
#9275=EDGE_LOOP('',(#2593,#2594,#2595,#2596));
#9276=EDGE_LOOP('',(#2597,#2598,#2599,#2600));
#9277=EDGE_LOOP('',(#2601,#2602,#2603,#2604));
#9278=EDGE_LOOP('',(#2605,#2606,#2607,#2608));
#9279=EDGE_LOOP('',(#2609,#2610,#2611,#2612));
#9280=EDGE_LOOP('',(#2613,#2614,#2615,#2616));
#9281=EDGE_LOOP('',(#2617,#2618,#2619,#2620));
#9282=EDGE_LOOP('',(#2621,#2622,#2623,#2624));
#9283=EDGE_LOOP('',(#2625,#2626,#2627,#2628));
#9284=EDGE_LOOP('',(#2629,#2630,#2631,#2632));
#9285=EDGE_LOOP('',(#2633,#2634,#2635,#2636));
#9286=EDGE_LOOP('',(#2637,#2638,#2639,#2640));
#9287=EDGE_LOOP('',(#2641,#2642,#2643,#2644));
#9288=EDGE_LOOP('',(#2645,#2646,#2647,#2648));
#9289=EDGE_LOOP('',(#2649,#2650,#2651,#2652));
#9290=EDGE_LOOP('',(#2653,#2654,#2655,#2656));
#9291=EDGE_LOOP('',(#2657,#2658,#2659,#2660));
#9292=EDGE_LOOP('',(#2661,#2662,#2663,#2664));
#9293=EDGE_LOOP('',(#2665,#2666,#2667,#2668));
#9294=EDGE_LOOP('',(#2669,#2670,#2671,#2672));
#9295=EDGE_LOOP('',(#2673,#2674,#2675,#2676));
#9296=EDGE_LOOP('',(#2677,#2678,#2679,#2680));
#9297=EDGE_LOOP('',(#2681,#2682,#2683,#2684));
#9298=EDGE_LOOP('',(#2685,#2686,#2687,#2688));
#9299=EDGE_LOOP('',(#2689,#2690,#2691,#2692));
#9300=EDGE_LOOP('',(#2693,#2694,#2695,#2696));
#9301=EDGE_LOOP('',(#2697,#2698,#2699,#2700));
#9302=EDGE_LOOP('',(#2701,#2702,#2703,#2704));
#9303=EDGE_LOOP('',(#2705,#2706,#2707,#2708));
#9304=EDGE_LOOP('',(#2709,#2710,#2711,#2712));
#9305=EDGE_LOOP('',(#2713,#2714,#2715,#2716));
#9306=EDGE_LOOP('',(#2717,#2718,#2719,#2720));
#9307=EDGE_LOOP('',(#2721,#2722,#2723,#2724));
#9308=EDGE_LOOP('',(#2725,#2726,#2727,#2728,#2729,#2730,#2731,#2732,#2733,
#2734,#2735,#2736,#2737,#2738));
#9309=EDGE_LOOP('',(#2739,#2740,#2741,#2742,#2743,#2744));
#9310=EDGE_LOOP('',(#2745,#2746,#2747,#2748,#2749,#2750,#2751,#2752,#2753,
#2754,#2755,#2756,#2757,#2758));
#9311=EDGE_LOOP('',(#2759,#2760,#2761,#2762));
#9312=EDGE_LOOP('',(#2763,#2764,#2765,#2766));
#9313=EDGE_LOOP('',(#2767,#2768,#2769,#2770));
#9314=EDGE_LOOP('',(#2771,#2772,#2773,#2774));
#9315=EDGE_LOOP('',(#2775,#2776,#2777,#2778));
#9316=EDGE_LOOP('',(#2779,#2780,#2781,#2782));
#9317=EDGE_LOOP('',(#2783,#2784,#2785,#2786,#2787,#2788));
#9318=EDGE_LOOP('',(#2789,#2790,#2791,#2792));
#9319=EDGE_LOOP('',(#2793,#2794,#2795,#2796));
#9320=EDGE_LOOP('',(#2797,#2798,#2799,#2800));
#9321=EDGE_LOOP('',(#2801,#2802,#2803,#2804));
#9322=EDGE_LOOP('',(#2805,#2806,#2807,#2808));
#9323=EDGE_LOOP('',(#2809,#2810,#2811,#2812));
#9324=EDGE_LOOP('',(#2813,#2814,#2815,#2816));
#9325=EDGE_LOOP('',(#2817,#2818,#2819,#2820));
#9326=EDGE_LOOP('',(#2821,#2822,#2823,#2824,#2825,#2826));
#9327=EDGE_LOOP('',(#2827,#2828,#2829,#2830,#2831,#2832,#2833,#2834,#2835,
#2836,#2837,#2838,#2839,#2840));
#9328=EDGE_LOOP('',(#2841,#2842,#2843,#2844,#2845,#2846));
#9329=EDGE_LOOP('',(#2847,#2848,#2849,#2850,#2851,#2852,#2853,#2854,#2855,
#2856,#2857,#2858,#2859,#2860));
#9330=EDGE_LOOP('',(#2861,#2862,#2863,#2864));
#9331=EDGE_LOOP('',(#2865,#2866,#2867,#2868));
#9332=EDGE_LOOP('',(#2869,#2870,#2871,#2872));
#9333=EDGE_LOOP('',(#2873,#2874,#2875,#2876));
#9334=EDGE_LOOP('',(#2877,#2878,#2879,#2880));
#9335=EDGE_LOOP('',(#2881,#2882,#2883,#2884));
#9336=EDGE_LOOP('',(#2885,#2886,#2887,#2888));
#9337=EDGE_LOOP('',(#2889,#2890,#2891,#2892));
#9338=EDGE_LOOP('',(#2893,#2894,#2895,#2896));
#9339=EDGE_LOOP('',(#2897,#2898,#2899,#2900));
#9340=EDGE_LOOP('',(#2901,#2902,#2903,#2904));
#9341=EDGE_LOOP('',(#2905,#2906,#2907,#2908));
#9342=EDGE_LOOP('',(#2909,#2910,#2911,#2912));
#9343=EDGE_LOOP('',(#2913,#2914,#2915,#2916));
#9344=EDGE_LOOP('',(#2917,#2918,#2919,#2920));
#9345=EDGE_LOOP('',(#2921,#2922,#2923,#2924,#2925,#2926,#2927,#2928));
#9346=EDGE_LOOP('',(#2929,#2930,#2931,#2932));
#9347=EDGE_LOOP('',(#2933,#2934,#2935,#2936,#2937,#2938,#2939,#2940));
#9348=EDGE_LOOP('',(#2941,#2942,#2943,#2944));
#9349=EDGE_LOOP('',(#2945,#2946,#2947,#2948,#2949,#2950));
#9350=EDGE_LOOP('',(#2951,#2952,#2953,#2954,#2955,#2956));
#9351=EDGE_LOOP('',(#2957,#2958,#2959,#2960,#2961,#2962));
#9352=EDGE_LOOP('',(#2963,#2964,#2965,#2966));
#9353=EDGE_LOOP('',(#2967,#2968,#2969,#2970));
#9354=EDGE_LOOP('',(#2971,#2972,#2973,#2974,#2975,#2976,#2977,#2978,#2979,
#2980));
#9355=EDGE_LOOP('',(#2981,#2982,#2983,#2984,#2985,#2986,#2987,#2988,#2989,
#2990));
#9356=EDGE_LOOP('',(#2991,#2992,#2993,#2994));
#9357=EDGE_LOOP('',(#2995,#2996,#2997,#2998));
#9358=EDGE_LOOP('',(#2999,#3000,#3001,#3002));
#9359=EDGE_LOOP('',(#3003,#3004,#3005,#3006,#3007,#3008));
#9360=EDGE_LOOP('',(#3009,#3010,#3011,#3012));
#9361=EDGE_LOOP('',(#3013,#3014,#3015,#3016));
#9362=EDGE_LOOP('',(#3017,#3018,#3019,#3020));
#9363=EDGE_LOOP('',(#3021,#3022,#3023,#3024));
#9364=EDGE_LOOP('',(#3025,#3026,#3027,#3028,#3029,#3030));
#9365=EDGE_LOOP('',(#3031,#3032,#3033,#3034));
#9366=EDGE_LOOP('',(#3035,#3036,#3037,#3038,#3039,#3040));
#9367=EDGE_LOOP('',(#3041,#3042,#3043,#3044));
#9368=EDGE_LOOP('',(#3045,#3046,#3047,#3048));
#9369=EDGE_LOOP('',(#3049,#3050,#3051,#3052));
#9370=EDGE_LOOP('',(#3053,#3054,#3055,#3056,#3057,#3058,#3059,#3060,#3061,
#3062));
#9371=EDGE_LOOP('',(#3063,#3064,#3065,#3066,#3067));
#9372=EDGE_LOOP('',(#3068,#3069,#3070,#3071));
#9373=EDGE_LOOP('',(#3072,#3073,#3074,#3075,#3076,#3077,#3078,#3079));
#9374=EDGE_LOOP('',(#3080,#3081,#3082,#3083,#3084));
#9375=EDGE_LOOP('',(#3085,#3086,#3087,#3088));
#9376=EDGE_LOOP('',(#3089,#3090,#3091,#3092,#3093,#3094,#3095,#3096));
#9377=EDGE_LOOP('',(#3097,#3098,#3099,#3100));
#9378=EDGE_LOOP('',(#3101,#3102,#3103,#3104,#3105,#3106,#3107,#3108));
#9379=EDGE_LOOP('',(#3109,#3110,#3111,#3112));
#9380=EDGE_LOOP('',(#3113,#3114,#3115,#3116,#3117,#3118,#3119,#3120));
#9381=EDGE_LOOP('',(#3121,#3122,#3123,#3124));
#9382=EDGE_LOOP('',(#3125,#3126,#3127,#3128));
#9383=EDGE_LOOP('',(#3129,#3130,#3131,#3132));
#9384=EDGE_LOOP('',(#3133,#3134,#3135,#3136));
#9385=EDGE_LOOP('',(#3137,#3138,#3139,#3140));
#9386=EDGE_LOOP('',(#3141,#3142,#3143,#3144));
#9387=EDGE_LOOP('',(#3145,#3146,#3147,#3148));
#9388=EDGE_LOOP('',(#3149,#3150,#3151,#3152));
#9389=EDGE_LOOP('',(#3153,#3154,#3155,#3156));
#9390=EDGE_LOOP('',(#3157,#3158,#3159,#3160));
#9391=EDGE_LOOP('',(#3161,#3162,#3163,#3164,#3165,#3166));
#9392=EDGE_LOOP('',(#3167,#3168,#3169,#3170,#3171,#3172));
#9393=EDGE_LOOP('',(#3173,#3174,#3175,#3176));
#9394=EDGE_LOOP('',(#3177,#3178,#3179,#3180));
#9395=EDGE_LOOP('',(#3181,#3182,#3183,#3184));
#9396=EDGE_LOOP('',(#3185,#3186,#3187,#3188));
#9397=EDGE_LOOP('',(#3189,#3190,#3191,#3192,#3193,#3194));
#9398=EDGE_LOOP('',(#3195,#3196,#3197,#3198,#3199,#3200));
#9399=EDGE_LOOP('',(#3201,#3202,#3203,#3204));
#9400=EDGE_LOOP('',(#3205,#3206,#3207,#3208,#3209,#3210,#3211,#3212));
#9401=EDGE_LOOP('',(#3213,#3214,#3215,#3216));
#9402=EDGE_LOOP('',(#3217,#3218,#3219,#3220));
#9403=EDGE_LOOP('',(#3221,#3222,#3223,#3224));
#9404=EDGE_LOOP('',(#3225,#3226,#3227,#3228));
#9405=EDGE_LOOP('',(#3229,#3230,#3231,#3232));
#9406=EDGE_LOOP('',(#3233,#3234,#3235,#3236));
#9407=EDGE_LOOP('',(#3237,#3238,#3239,#3240));
#9408=EDGE_LOOP('',(#3241,#3242,#3243,#3244));
#9409=EDGE_LOOP('',(#3245,#3246,#3247,#3248));
#9410=EDGE_LOOP('',(#3249,#3250,#3251,#3252));
#9411=EDGE_LOOP('',(#3253,#3254,#3255,#3256));
#9412=EDGE_LOOP('',(#3257,#3258,#3259,#3260));
#9413=EDGE_LOOP('',(#3261,#3262,#3263,#3264,#3265,#3266));
#9414=EDGE_LOOP('',(#3267,#3268,#3269,#3270,#3271,#3272));
#9415=EDGE_LOOP('',(#3273,#3274,#3275,#3276));
#9416=EDGE_LOOP('',(#3277,#3278,#3279,#3280));
#9417=EDGE_LOOP('',(#3281,#3282,#3283,#3284));
#9418=EDGE_LOOP('',(#3285,#3286,#3287,#3288,#3289,#3290,#3291,#3292));
#9419=EDGE_LOOP('',(#3293,#3294,#3295,#3296));
#9420=EDGE_LOOP('',(#3297,#3298,#3299,#3300,#3301,#3302,#3303,#3304));
#9421=EDGE_LOOP('',(#3305,#3306,#3307,#3308));
#9422=EDGE_LOOP('',(#3309,#3310,#3311,#3312,#3313,#3314));
#9423=EDGE_LOOP('',(#3315,#3316,#3317,#3318,#3319,#3320));
#9424=EDGE_LOOP('',(#3321,#3322,#3323,#3324));
#9425=EDGE_LOOP('',(#3325,#3326,#3327,#3328));
#9426=EDGE_LOOP('',(#3329,#3330,#3331,#3332,#3333,#3334,#3335,#3336));
#9427=EDGE_LOOP('',(#3337,#3338,#3339,#3340));
#9428=EDGE_LOOP('',(#3341,#3342,#3343,#3344,#3345,#3346,#3347,#3348));
#9429=EDGE_LOOP('',(#3349,#3350,#3351,#3352));
#9430=EDGE_LOOP('',(#3353,#3354,#3355,#3356));
#9431=EDGE_LOOP('',(#3357,#3358,#3359,#3360));
#9432=EDGE_LOOP('',(#3361,#3362,#3363,#3364));
#9433=EDGE_LOOP('',(#3365,#3366,#3367,#3368));
#9434=EDGE_LOOP('',(#3369,#3370,#3371,#3372));
#9435=EDGE_LOOP('',(#3373,#3374,#3375,#3376));
#9436=EDGE_LOOP('',(#3377,#3378,#3379,#3380,#3381,#3382,#3383,#3384));
#9437=EDGE_LOOP('',(#3385,#3386,#3387,#3388));
#9438=EDGE_LOOP('',(#3389,#3390,#3391,#3392));
#9439=EDGE_LOOP('',(#3393,#3394,#3395,#3396));
#9440=EDGE_LOOP('',(#3397,#3398,#3399,#3400));
#9441=EDGE_LOOP('',(#3401,#3402,#3403,#3404));
#9442=EDGE_LOOP('',(#3405,#3406,#3407,#3408));
#9443=EDGE_LOOP('',(#3409,#3410,#3411,#3412));
#9444=EDGE_LOOP('',(#3413,#3414,#3415,#3416));
#9445=EDGE_LOOP('',(#3417,#3418,#3419,#3420));
#9446=EDGE_LOOP('',(#3421,#3422,#3423,#3424));
#9447=EDGE_LOOP('',(#3425,#3426,#3427,#3428));
#9448=EDGE_LOOP('',(#3429,#3430,#3431,#3432));
#9449=EDGE_LOOP('',(#3433,#3434,#3435,#3436,#3437,#3438));
#9450=EDGE_LOOP('',(#3439,#3440,#3441,#3442,#3443,#3444));
#9451=EDGE_LOOP('',(#3445,#3446,#3447,#3448));
#9452=EDGE_LOOP('',(#3449,#3450,#3451,#3452));
#9453=EDGE_LOOP('',(#3453,#3454,#3455,#3456));
#9454=EDGE_LOOP('',(#3457,#3458,#3459,#3460,#3461,#3462,#3463,#3464));
#9455=EDGE_LOOP('',(#3465,#3466,#3467,#3468));
#9456=EDGE_LOOP('',(#3469,#3470,#3471,#3472,#3473,#3474,#3475,#3476));
#9457=EDGE_LOOP('',(#3477,#3478,#3479,#3480));
#9458=EDGE_LOOP('',(#3481,#3482,#3483,#3484,#3485,#3486));
#9459=EDGE_LOOP('',(#3487,#3488,#3489,#3490,#3491,#3492));
#9460=EDGE_LOOP('',(#3493,#3494,#3495,#3496));
#9461=EDGE_LOOP('',(#3497,#3498,#3499,#3500));
#9462=EDGE_LOOP('',(#3501,#3502,#3503,#3504,#3505,#3506,#3507,#3508));
#9463=EDGE_LOOP('',(#3509,#3510,#3511,#3512));
#9464=EDGE_LOOP('',(#3513,#3514,#3515,#3516,#3517,#3518,#3519,#3520));
#9465=EDGE_LOOP('',(#3521,#3522,#3523,#3524));
#9466=EDGE_LOOP('',(#3525,#3526,#3527,#3528));
#9467=EDGE_LOOP('',(#3529,#3530,#3531,#3532));
#9468=EDGE_LOOP('',(#3533,#3534,#3535,#3536));
#9469=EDGE_LOOP('',(#3537,#3538,#3539,#3540));
#9470=EDGE_LOOP('',(#3541,#3542,#3543,#3544));
#9471=FACE_BOUND('',#8885,.T.);
#9472=FACE_BOUND('',#8886,.T.);
#9473=FACE_BOUND('',#8887,.T.);
#9474=FACE_BOUND('',#8888,.T.);
#9475=FACE_BOUND('',#8889,.T.);
#9476=FACE_BOUND('',#8890,.T.);
#9477=FACE_BOUND('',#8891,.T.);
#9478=FACE_BOUND('',#8892,.T.);
#9479=FACE_BOUND('',#8893,.T.);
#9480=FACE_BOUND('',#8894,.T.);
#9481=FACE_BOUND('',#8895,.T.);
#9482=FACE_BOUND('',#8896,.T.);
#9483=FACE_BOUND('',#8897,.T.);
#9484=FACE_BOUND('',#8898,.T.);
#9485=FACE_BOUND('',#8899,.T.);
#9486=FACE_BOUND('',#8900,.T.);
#9487=FACE_BOUND('',#8901,.T.);
#9488=FACE_BOUND('',#8902,.T.);
#9489=FACE_BOUND('',#8903,.T.);
#9490=FACE_BOUND('',#8904,.T.);
#9491=FACE_BOUND('',#8905,.T.);
#9492=FACE_BOUND('',#8906,.T.);
#9493=FACE_BOUND('',#8907,.T.);
#9494=FACE_BOUND('',#8908,.T.);
#9495=FACE_BOUND('',#8909,.T.);
#9496=FACE_BOUND('',#8910,.T.);
#9497=FACE_BOUND('',#8911,.T.);
#9498=FACE_BOUND('',#8912,.T.);
#9499=FACE_BOUND('',#8913,.T.);
#9500=FACE_BOUND('',#8914,.T.);
#9501=FACE_BOUND('',#8915,.T.);
#9502=FACE_BOUND('',#8916,.T.);
#9503=FACE_BOUND('',#8917,.T.);
#9504=FACE_BOUND('',#8918,.T.);
#9505=FACE_BOUND('',#8919,.T.);
#9506=FACE_BOUND('',#8920,.T.);
#9507=FACE_BOUND('',#8921,.T.);
#9508=FACE_BOUND('',#8922,.T.);
#9509=FACE_BOUND('',#8923,.T.);
#9510=FACE_BOUND('',#8924,.T.);
#9511=FACE_BOUND('',#8925,.T.);
#9512=FACE_BOUND('',#8926,.T.);
#9513=FACE_BOUND('',#8927,.T.);
#9514=FACE_BOUND('',#8928,.T.);
#9515=FACE_BOUND('',#8929,.T.);
#9516=FACE_BOUND('',#8930,.T.);
#9517=FACE_BOUND('',#8931,.T.);
#9518=FACE_BOUND('',#8932,.T.);
#9519=FACE_BOUND('',#8933,.T.);
#9520=FACE_BOUND('',#8934,.T.);
#9521=FACE_BOUND('',#8935,.T.);
#9522=FACE_BOUND('',#8936,.T.);
#9523=FACE_BOUND('',#8937,.T.);
#9524=FACE_BOUND('',#8938,.T.);
#9525=FACE_BOUND('',#8939,.T.);
#9526=FACE_BOUND('',#8940,.T.);
#9527=FACE_BOUND('',#8941,.T.);
#9528=FACE_BOUND('',#8942,.T.);
#9529=FACE_BOUND('',#8943,.T.);
#9530=FACE_BOUND('',#8944,.T.);
#9531=FACE_BOUND('',#8945,.T.);
#9532=FACE_BOUND('',#8946,.T.);
#9533=FACE_BOUND('',#8947,.T.);
#9534=FACE_BOUND('',#8948,.T.);
#9535=FACE_BOUND('',#8949,.T.);
#9536=FACE_BOUND('',#8950,.T.);
#9537=FACE_BOUND('',#8951,.T.);
#9538=FACE_BOUND('',#8952,.T.);
#9539=FACE_BOUND('',#8953,.T.);
#9540=FACE_BOUND('',#8954,.T.);
#9541=FACE_BOUND('',#8955,.T.);
#9542=FACE_BOUND('',#8956,.T.);
#9543=FACE_BOUND('',#8957,.T.);
#9544=FACE_BOUND('',#8958,.T.);
#9545=FACE_BOUND('',#8959,.T.);
#9546=FACE_BOUND('',#8960,.T.);
#9547=FACE_BOUND('',#8961,.T.);
#9548=FACE_BOUND('',#8962,.T.);
#9549=FACE_BOUND('',#8963,.T.);
#9550=FACE_BOUND('',#8964,.T.);
#9551=FACE_BOUND('',#8965,.T.);
#9552=FACE_BOUND('',#8966,.T.);
#9553=FACE_BOUND('',#8967,.T.);
#9554=FACE_BOUND('',#8968,.T.);
#9555=FACE_BOUND('',#8969,.T.);
#9556=FACE_BOUND('',#8970,.T.);
#9557=FACE_BOUND('',#8971,.T.);
#9558=FACE_BOUND('',#8972,.T.);
#9559=FACE_BOUND('',#8973,.T.);
#9560=FACE_BOUND('',#8974,.T.);
#9561=FACE_BOUND('',#8975,.T.);
#9562=FACE_BOUND('',#8976,.T.);
#9563=FACE_BOUND('',#8977,.T.);
#9564=FACE_BOUND('',#8978,.T.);
#9565=FACE_BOUND('',#8979,.T.);
#9566=FACE_BOUND('',#8980,.T.);
#9567=FACE_BOUND('',#8981,.T.);
#9568=FACE_BOUND('',#8982,.T.);
#9569=FACE_BOUND('',#8983,.T.);
#9570=FACE_BOUND('',#8984,.T.);
#9571=FACE_BOUND('',#8985,.T.);
#9572=FACE_BOUND('',#8986,.T.);
#9573=FACE_BOUND('',#8987,.T.);
#9574=FACE_BOUND('',#8988,.T.);
#9575=FACE_BOUND('',#8989,.T.);
#9576=FACE_BOUND('',#8990,.T.);
#9577=FACE_BOUND('',#8991,.T.);
#9578=FACE_BOUND('',#8992,.T.);
#9579=FACE_BOUND('',#8993,.T.);
#9580=FACE_BOUND('',#8994,.T.);
#9581=FACE_BOUND('',#8995,.T.);
#9582=FACE_BOUND('',#8996,.T.);
#9583=FACE_BOUND('',#8997,.T.);
#9584=FACE_BOUND('',#8998,.T.);
#9585=FACE_BOUND('',#8999,.T.);
#9586=FACE_BOUND('',#9000,.T.);
#9587=FACE_BOUND('',#9001,.T.);
#9588=FACE_BOUND('',#9002,.T.);
#9589=FACE_BOUND('',#9003,.T.);
#9590=FACE_BOUND('',#9004,.T.);
#9591=FACE_BOUND('',#9005,.T.);
#9592=FACE_BOUND('',#9006,.T.);
#9593=FACE_BOUND('',#9007,.T.);
#9594=FACE_BOUND('',#9008,.T.);
#9595=FACE_BOUND('',#9009,.T.);
#9596=FACE_BOUND('',#9010,.T.);
#9597=FACE_BOUND('',#9011,.T.);
#9598=FACE_BOUND('',#9012,.T.);
#9599=FACE_BOUND('',#9013,.T.);
#9600=FACE_BOUND('',#9014,.T.);
#9601=FACE_BOUND('',#9015,.T.);
#9602=FACE_BOUND('',#9016,.T.);
#9603=FACE_BOUND('',#9017,.T.);
#9604=FACE_BOUND('',#9018,.T.);
#9605=FACE_BOUND('',#9019,.T.);
#9606=FACE_BOUND('',#9020,.T.);
#9607=FACE_BOUND('',#9021,.T.);
#9608=FACE_BOUND('',#9022,.T.);
#9609=FACE_BOUND('',#9023,.T.);
#9610=FACE_BOUND('',#9024,.T.);
#9611=FACE_BOUND('',#9025,.T.);
#9612=FACE_BOUND('',#9026,.T.);
#9613=FACE_BOUND('',#9027,.T.);
#9614=FACE_BOUND('',#9028,.T.);
#9615=FACE_BOUND('',#9029,.T.);
#9616=FACE_BOUND('',#9030,.T.);
#9617=FACE_BOUND('',#9031,.T.);
#9618=FACE_BOUND('',#9032,.T.);
#9619=FACE_BOUND('',#9033,.T.);
#9620=FACE_BOUND('',#9034,.T.);
#9621=FACE_BOUND('',#9035,.T.);
#9622=FACE_BOUND('',#9036,.T.);
#9623=FACE_BOUND('',#9037,.T.);
#9624=FACE_BOUND('',#9038,.T.);
#9625=FACE_BOUND('',#9039,.T.);
#9626=FACE_BOUND('',#9040,.T.);
#9627=FACE_BOUND('',#9041,.T.);
#9628=FACE_BOUND('',#9042,.T.);
#9629=FACE_BOUND('',#9043,.T.);
#9630=FACE_BOUND('',#9044,.T.);
#9631=FACE_BOUND('',#9045,.T.);
#9632=FACE_BOUND('',#9046,.T.);
#9633=FACE_BOUND('',#9047,.T.);
#9634=FACE_BOUND('',#9048,.T.);
#9635=FACE_BOUND('',#9049,.T.);
#9636=FACE_BOUND('',#9050,.T.);
#9637=FACE_BOUND('',#9051,.T.);
#9638=FACE_BOUND('',#9052,.T.);
#9639=FACE_BOUND('',#9053,.T.);
#9640=FACE_BOUND('',#9054,.T.);
#9641=FACE_BOUND('',#9055,.T.);
#9642=FACE_BOUND('',#9056,.T.);
#9643=FACE_BOUND('',#9057,.T.);
#9644=FACE_BOUND('',#9058,.T.);
#9645=FACE_BOUND('',#9059,.T.);
#9646=FACE_BOUND('',#9060,.T.);
#9647=FACE_BOUND('',#9061,.T.);
#9648=FACE_BOUND('',#9062,.T.);
#9649=FACE_BOUND('',#9063,.T.);
#9650=FACE_BOUND('',#9064,.T.);
#9651=FACE_BOUND('',#9065,.T.);
#9652=FACE_BOUND('',#9066,.T.);
#9653=FACE_BOUND('',#9067,.T.);
#9654=FACE_BOUND('',#9068,.T.);
#9655=FACE_BOUND('',#9069,.T.);
#9656=FACE_BOUND('',#9070,.T.);
#9657=FACE_BOUND('',#9071,.T.);
#9658=FACE_BOUND('',#9072,.T.);
#9659=FACE_BOUND('',#9073,.T.);
#9660=FACE_BOUND('',#9074,.T.);
#9661=FACE_BOUND('',#9075,.T.);
#9662=FACE_BOUND('',#9076,.T.);
#9663=FACE_BOUND('',#9077,.T.);
#9664=FACE_BOUND('',#9078,.T.);
#9665=FACE_BOUND('',#9079,.T.);
#9666=FACE_BOUND('',#9080,.T.);
#9667=FACE_BOUND('',#9081,.T.);
#9668=FACE_BOUND('',#9082,.T.);
#9669=FACE_BOUND('',#9083,.T.);
#9670=FACE_BOUND('',#9084,.T.);
#9671=FACE_BOUND('',#9085,.T.);
#9672=FACE_BOUND('',#9086,.T.);
#9673=FACE_BOUND('',#9087,.T.);
#9674=FACE_BOUND('',#9088,.T.);
#9675=FACE_BOUND('',#9089,.T.);
#9676=FACE_BOUND('',#9090,.T.);
#9677=FACE_BOUND('',#9091,.T.);
#9678=FACE_BOUND('',#9092,.T.);
#9679=FACE_BOUND('',#9093,.T.);
#9680=FACE_BOUND('',#9094,.T.);
#9681=FACE_BOUND('',#9095,.T.);
#9682=FACE_BOUND('',#9096,.T.);
#9683=FACE_BOUND('',#9097,.T.);
#9684=FACE_BOUND('',#9098,.T.);
#9685=FACE_BOUND('',#9099,.T.);
#9686=FACE_BOUND('',#9100,.T.);
#9687=FACE_BOUND('',#9101,.T.);
#9688=FACE_BOUND('',#9102,.T.);
#9689=FACE_BOUND('',#9103,.T.);
#9690=FACE_BOUND('',#9104,.T.);
#9691=FACE_BOUND('',#9105,.T.);
#9692=FACE_BOUND('',#9106,.T.);
#9693=FACE_BOUND('',#9107,.T.);
#9694=FACE_BOUND('',#9108,.T.);
#9695=FACE_BOUND('',#9109,.T.);
#9696=FACE_BOUND('',#9110,.T.);
#9697=FACE_BOUND('',#9111,.T.);
#9698=FACE_BOUND('',#9112,.T.);
#9699=FACE_BOUND('',#9113,.T.);
#9700=FACE_BOUND('',#9114,.T.);
#9701=FACE_BOUND('',#9115,.T.);
#9702=FACE_BOUND('',#9116,.T.);
#9703=FACE_BOUND('',#9117,.T.);
#9704=FACE_BOUND('',#9118,.T.);
#9705=FACE_BOUND('',#9119,.T.);
#9706=FACE_BOUND('',#9120,.T.);
#9707=FACE_BOUND('',#9121,.T.);
#9708=FACE_BOUND('',#9122,.T.);
#9709=FACE_BOUND('',#9123,.T.);
#9710=FACE_BOUND('',#9124,.T.);
#9711=FACE_BOUND('',#9125,.T.);
#9712=FACE_BOUND('',#9126,.T.);
#9713=FACE_BOUND('',#9127,.T.);
#9714=FACE_BOUND('',#9128,.T.);
#9715=FACE_BOUND('',#9129,.T.);
#9716=FACE_BOUND('',#9130,.T.);
#9717=FACE_BOUND('',#9131,.T.);
#9718=FACE_BOUND('',#9132,.T.);
#9719=FACE_BOUND('',#9133,.T.);
#9720=FACE_BOUND('',#9134,.T.);
#9721=FACE_BOUND('',#9135,.T.);
#9722=FACE_BOUND('',#9136,.T.);
#9723=FACE_BOUND('',#9137,.T.);
#9724=FACE_BOUND('',#9138,.T.);
#9725=FACE_BOUND('',#9139,.T.);
#9726=FACE_BOUND('',#9140,.T.);
#9727=FACE_BOUND('',#9141,.T.);
#9728=FACE_BOUND('',#9142,.T.);
#9729=FACE_BOUND('',#9143,.T.);
#9730=FACE_BOUND('',#9144,.T.);
#9731=FACE_BOUND('',#9145,.T.);
#9732=FACE_BOUND('',#9146,.T.);
#9733=FACE_BOUND('',#9147,.T.);
#9734=FACE_BOUND('',#9148,.T.);
#9735=FACE_BOUND('',#9149,.T.);
#9736=FACE_BOUND('',#9150,.T.);
#9737=FACE_BOUND('',#9151,.T.);
#9738=FACE_BOUND('',#9152,.T.);
#9739=FACE_BOUND('',#9153,.T.);
#9740=FACE_BOUND('',#9154,.T.);
#9741=FACE_BOUND('',#9155,.T.);
#9742=FACE_BOUND('',#9156,.T.);
#9743=FACE_BOUND('',#9157,.T.);
#9744=FACE_BOUND('',#9158,.T.);
#9745=FACE_BOUND('',#9159,.T.);
#9746=FACE_BOUND('',#9160,.T.);
#9747=FACE_BOUND('',#9161,.T.);
#9748=FACE_BOUND('',#9162,.T.);
#9749=FACE_BOUND('',#9163,.T.);
#9750=FACE_BOUND('',#9164,.T.);
#9751=FACE_BOUND('',#9165,.T.);
#9752=FACE_BOUND('',#9166,.T.);
#9753=FACE_BOUND('',#9167,.T.);
#9754=FACE_BOUND('',#9168,.T.);
#9755=FACE_BOUND('',#9169,.T.);
#9756=FACE_BOUND('',#9170,.T.);
#9757=FACE_BOUND('',#9171,.T.);
#9758=FACE_BOUND('',#9172,.T.);
#9759=FACE_BOUND('',#9173,.T.);
#9760=FACE_BOUND('',#9174,.T.);
#9761=FACE_BOUND('',#9175,.T.);
#9762=FACE_BOUND('',#9176,.T.);
#9763=FACE_BOUND('',#9177,.T.);
#9764=FACE_BOUND('',#9178,.T.);
#9765=FACE_BOUND('',#9179,.T.);
#9766=FACE_BOUND('',#9180,.T.);
#9767=FACE_BOUND('',#9181,.T.);
#9768=FACE_BOUND('',#9182,.T.);
#9769=FACE_BOUND('',#9183,.T.);
#9770=FACE_BOUND('',#9184,.T.);
#9771=FACE_BOUND('',#9185,.T.);
#9772=FACE_BOUND('',#9186,.T.);
#9773=FACE_BOUND('',#9187,.T.);
#9774=FACE_BOUND('',#9188,.T.);
#9775=FACE_BOUND('',#9189,.T.);
#9776=FACE_BOUND('',#9190,.T.);
#9777=FACE_BOUND('',#9191,.T.);
#9778=FACE_BOUND('',#9192,.T.);
#9779=FACE_BOUND('',#9193,.T.);
#9780=FACE_BOUND('',#9194,.T.);
#9781=FACE_BOUND('',#9195,.T.);
#9782=FACE_BOUND('',#9196,.T.);
#9783=FACE_BOUND('',#9197,.T.);
#9784=FACE_BOUND('',#9198,.T.);
#9785=FACE_BOUND('',#9199,.T.);
#9786=FACE_BOUND('',#9200,.T.);
#9787=FACE_BOUND('',#9201,.T.);
#9788=FACE_BOUND('',#9202,.T.);
#9789=FACE_BOUND('',#9203,.T.);
#9790=FACE_BOUND('',#9204,.T.);
#9791=FACE_BOUND('',#9205,.T.);
#9792=FACE_BOUND('',#9206,.T.);
#9793=FACE_BOUND('',#9207,.T.);
#9794=FACE_BOUND('',#9208,.T.);
#9795=FACE_BOUND('',#9209,.T.);
#9796=FACE_BOUND('',#9210,.T.);
#9797=FACE_BOUND('',#9211,.T.);
#9798=FACE_BOUND('',#9212,.T.);
#9799=FACE_BOUND('',#9213,.T.);
#9800=FACE_BOUND('',#9214,.T.);
#9801=FACE_BOUND('',#9215,.T.);
#9802=FACE_BOUND('',#9216,.T.);
#9803=FACE_BOUND('',#9217,.T.);
#9804=FACE_BOUND('',#9218,.T.);
#9805=FACE_BOUND('',#9219,.T.);
#9806=FACE_BOUND('',#9220,.T.);
#9807=FACE_BOUND('',#9221,.T.);
#9808=FACE_BOUND('',#9222,.T.);
#9809=FACE_BOUND('',#9223,.T.);
#9810=FACE_BOUND('',#9224,.T.);
#9811=FACE_BOUND('',#9225,.T.);
#9812=FACE_BOUND('',#9226,.T.);
#9813=FACE_BOUND('',#9227,.T.);
#9814=FACE_BOUND('',#9228,.T.);
#9815=FACE_BOUND('',#9229,.T.);
#9816=FACE_BOUND('',#9230,.T.);
#9817=FACE_BOUND('',#9231,.T.);
#9818=FACE_BOUND('',#9232,.T.);
#9819=FACE_BOUND('',#9233,.T.);
#9820=FACE_BOUND('',#9234,.T.);
#9821=FACE_BOUND('',#9235,.T.);
#9822=FACE_BOUND('',#9236,.T.);
#9823=FACE_BOUND('',#9237,.T.);
#9824=FACE_BOUND('',#9238,.T.);
#9825=FACE_BOUND('',#9239,.T.);
#9826=FACE_BOUND('',#9240,.T.);
#9827=FACE_BOUND('',#9241,.T.);
#9828=FACE_BOUND('',#9242,.T.);
#9829=FACE_BOUND('',#9243,.T.);
#9830=FACE_BOUND('',#9244,.T.);
#9831=FACE_BOUND('',#9245,.T.);
#9832=FACE_BOUND('',#9246,.T.);
#9833=FACE_BOUND('',#9247,.T.);
#9834=FACE_BOUND('',#9248,.T.);
#9835=FACE_BOUND('',#9249,.T.);
#9836=FACE_BOUND('',#9250,.T.);
#9837=FACE_BOUND('',#9251,.T.);
#9838=FACE_BOUND('',#9252,.T.);
#9839=FACE_BOUND('',#9253,.T.);
#9840=FACE_BOUND('',#9254,.T.);
#9841=FACE_BOUND('',#9255,.T.);
#9842=FACE_BOUND('',#9256,.T.);
#9843=FACE_BOUND('',#9257,.T.);
#9844=FACE_BOUND('',#9258,.T.);
#9845=FACE_BOUND('',#9259,.T.);
#9846=FACE_BOUND('',#9260,.T.);
#9847=FACE_BOUND('',#9261,.T.);
#9848=FACE_BOUND('',#9262,.T.);
#9849=FACE_BOUND('',#9263,.T.);
#9850=FACE_BOUND('',#9264,.T.);
#9851=FACE_BOUND('',#9265,.T.);
#9852=FACE_BOUND('',#9266,.T.);
#9853=FACE_BOUND('',#9267,.T.);
#9854=FACE_BOUND('',#9268,.T.);
#9855=FACE_BOUND('',#9269,.T.);
#9856=FACE_BOUND('',#9270,.T.);
#9857=FACE_BOUND('',#9271,.T.);
#9858=FACE_BOUND('',#9272,.T.);
#9859=FACE_BOUND('',#9273,.T.);
#9860=FACE_BOUND('',#9274,.T.);
#9861=FACE_BOUND('',#9275,.T.);
#9862=FACE_BOUND('',#9276,.T.);
#9863=FACE_BOUND('',#9277,.T.);
#9864=FACE_BOUND('',#9278,.T.);
#9865=FACE_BOUND('',#9279,.T.);
#9866=FACE_BOUND('',#9280,.T.);
#9867=FACE_BOUND('',#9281,.T.);
#9868=FACE_BOUND('',#9282,.T.);
#9869=FACE_BOUND('',#9283,.T.);
#9870=FACE_BOUND('',#9284,.T.);
#9871=FACE_BOUND('',#9285,.T.);
#9872=FACE_BOUND('',#9286,.T.);
#9873=FACE_BOUND('',#9287,.T.);
#9874=FACE_BOUND('',#9288,.T.);
#9875=FACE_BOUND('',#9289,.T.);
#9876=FACE_BOUND('',#9290,.T.);
#9877=FACE_BOUND('',#9291,.T.);
#9878=FACE_BOUND('',#9292,.T.);
#9879=FACE_BOUND('',#9293,.T.);
#9880=FACE_BOUND('',#9294,.T.);
#9881=FACE_BOUND('',#9295,.T.);
#9882=FACE_BOUND('',#9296,.T.);
#9883=FACE_BOUND('',#9297,.T.);
#9884=FACE_BOUND('',#9298,.T.);
#9885=FACE_BOUND('',#9299,.T.);
#9886=FACE_BOUND('',#9300,.T.);
#9887=FACE_BOUND('',#9301,.T.);
#9888=FACE_BOUND('',#9302,.T.);
#9889=FACE_BOUND('',#9303,.T.);
#9890=FACE_BOUND('',#9304,.T.);
#9891=FACE_BOUND('',#9305,.T.);
#9892=FACE_BOUND('',#9306,.T.);
#9893=FACE_BOUND('',#9307,.T.);
#9894=FACE_BOUND('',#9308,.T.);
#9895=FACE_BOUND('',#9309,.T.);
#9896=FACE_BOUND('',#9310,.T.);
#9897=FACE_BOUND('',#9311,.T.);
#9898=FACE_BOUND('',#9312,.T.);
#9899=FACE_BOUND('',#9313,.T.);
#9900=FACE_BOUND('',#9314,.T.);
#9901=FACE_BOUND('',#9315,.T.);
#9902=FACE_BOUND('',#9316,.T.);
#9903=FACE_BOUND('',#9317,.T.);
#9904=FACE_BOUND('',#9318,.T.);
#9905=FACE_BOUND('',#9319,.T.);
#9906=FACE_BOUND('',#9320,.T.);
#9907=FACE_BOUND('',#9321,.T.);
#9908=FACE_BOUND('',#9322,.T.);
#9909=FACE_BOUND('',#9323,.T.);
#9910=FACE_BOUND('',#9324,.T.);
#9911=FACE_BOUND('',#9325,.T.);
#9912=FACE_BOUND('',#9326,.T.);
#9913=FACE_BOUND('',#9327,.T.);
#9914=FACE_BOUND('',#9328,.T.);
#9915=FACE_BOUND('',#9329,.T.);
#9916=FACE_BOUND('',#9330,.T.);
#9917=FACE_BOUND('',#9331,.T.);
#9918=FACE_BOUND('',#9332,.T.);
#9919=FACE_BOUND('',#9333,.T.);
#9920=FACE_BOUND('',#9334,.T.);
#9921=FACE_BOUND('',#9335,.T.);
#9922=FACE_BOUND('',#9336,.T.);
#9923=FACE_BOUND('',#9337,.T.);
#9924=FACE_BOUND('',#9338,.T.);
#9925=FACE_BOUND('',#9339,.T.);
#9926=FACE_BOUND('',#9340,.T.);
#9927=FACE_BOUND('',#9341,.T.);
#9928=FACE_BOUND('',#9342,.T.);
#9929=FACE_BOUND('',#9343,.T.);
#9930=FACE_BOUND('',#9344,.T.);
#9931=FACE_BOUND('',#9345,.T.);
#9932=FACE_BOUND('',#9346,.T.);
#9933=FACE_BOUND('',#9347,.T.);
#9934=FACE_BOUND('',#9348,.T.);
#9935=FACE_BOUND('',#9349,.T.);
#9936=FACE_BOUND('',#9350,.T.);
#9937=FACE_BOUND('',#9351,.T.);
#9938=FACE_BOUND('',#9352,.T.);
#9939=FACE_BOUND('',#9353,.T.);
#9940=FACE_BOUND('',#9354,.T.);
#9941=FACE_BOUND('',#9355,.T.);
#9942=FACE_BOUND('',#9356,.T.);
#9943=FACE_BOUND('',#9357,.T.);
#9944=FACE_BOUND('',#9358,.T.);
#9945=FACE_BOUND('',#9359,.T.);
#9946=FACE_BOUND('',#9360,.T.);
#9947=FACE_BOUND('',#9361,.T.);
#9948=FACE_BOUND('',#9362,.T.);
#9949=FACE_BOUND('',#9363,.T.);
#9950=FACE_BOUND('',#9364,.T.);
#9951=FACE_BOUND('',#9365,.T.);
#9952=FACE_BOUND('',#9366,.T.);
#9953=FACE_BOUND('',#9367,.T.);
#9954=FACE_BOUND('',#9368,.T.);
#9955=FACE_BOUND('',#9369,.T.);
#9956=FACE_BOUND('',#9370,.T.);
#9957=FACE_BOUND('',#9371,.T.);
#9958=FACE_BOUND('',#9372,.T.);
#9959=FACE_BOUND('',#9373,.T.);
#9960=FACE_BOUND('',#9374,.T.);
#9961=FACE_BOUND('',#9375,.T.);
#9962=FACE_BOUND('',#9376,.T.);
#9963=FACE_BOUND('',#9377,.T.);
#9964=FACE_BOUND('',#9378,.T.);
#9965=FACE_BOUND('',#9379,.T.);
#9966=FACE_BOUND('',#9380,.T.);
#9967=FACE_BOUND('',#9381,.T.);
#9968=FACE_BOUND('',#9382,.T.);
#9969=FACE_BOUND('',#9383,.T.);
#9970=FACE_BOUND('',#9384,.T.);
#9971=FACE_BOUND('',#9385,.T.);
#9972=FACE_BOUND('',#9386,.T.);
#9973=FACE_BOUND('',#9387,.T.);
#9974=FACE_BOUND('',#9388,.T.);
#9975=FACE_BOUND('',#9389,.T.);
#9976=FACE_BOUND('',#9390,.T.);
#9977=FACE_BOUND('',#9391,.T.);
#9978=FACE_BOUND('',#9392,.T.);
#9979=FACE_BOUND('',#9393,.T.);
#9980=FACE_BOUND('',#9394,.T.);
#9981=FACE_BOUND('',#9395,.T.);
#9982=FACE_BOUND('',#9396,.T.);
#9983=FACE_BOUND('',#9397,.T.);
#9984=FACE_BOUND('',#9398,.T.);
#9985=FACE_BOUND('',#9399,.T.);
#9986=FACE_BOUND('',#9400,.T.);
#9987=FACE_BOUND('',#9401,.T.);
#9988=FACE_BOUND('',#9402,.T.);
#9989=FACE_BOUND('',#9403,.T.);
#9990=FACE_BOUND('',#9404,.T.);
#9991=FACE_BOUND('',#9405,.T.);
#9992=FACE_BOUND('',#9406,.T.);
#9993=FACE_BOUND('',#9407,.T.);
#9994=FACE_BOUND('',#9408,.T.);
#9995=FACE_BOUND('',#9409,.T.);
#9996=FACE_BOUND('',#9410,.T.);
#9997=FACE_BOUND('',#9411,.T.);
#9998=FACE_BOUND('',#9412,.T.);
#9999=FACE_BOUND('',#9413,.T.);
#10000=FACE_BOUND('',#9414,.T.);
#10001=FACE_BOUND('',#9415,.T.);
#10002=FACE_BOUND('',#9416,.T.);
#10003=FACE_BOUND('',#9417,.T.);
#10004=FACE_BOUND('',#9418,.T.);
#10005=FACE_BOUND('',#9419,.T.);
#10006=FACE_BOUND('',#9420,.T.);
#10007=FACE_BOUND('',#9421,.T.);
#10008=FACE_BOUND('',#9422,.T.);
#10009=FACE_BOUND('',#9423,.T.);
#10010=FACE_BOUND('',#9424,.T.);
#10011=FACE_BOUND('',#9425,.T.);
#10012=FACE_BOUND('',#9426,.T.);
#10013=FACE_BOUND('',#9427,.T.);
#10014=FACE_BOUND('',#9428,.T.);
#10015=FACE_BOUND('',#9429,.T.);
#10016=FACE_BOUND('',#9430,.T.);
#10017=FACE_BOUND('',#9431,.T.);
#10018=FACE_BOUND('',#9432,.T.);
#10019=FACE_BOUND('',#9433,.T.);
#10020=FACE_BOUND('',#9434,.T.);
#10021=FACE_BOUND('',#9435,.T.);
#10022=FACE_BOUND('',#9436,.T.);
#10023=FACE_BOUND('',#9437,.T.);
#10024=FACE_BOUND('',#9438,.T.);
#10025=FACE_BOUND('',#9439,.T.);
#10026=FACE_BOUND('',#9440,.T.);
#10027=FACE_BOUND('',#9441,.T.);
#10028=FACE_BOUND('',#9442,.T.);
#10029=FACE_BOUND('',#9443,.T.);
#10030=FACE_BOUND('',#9444,.T.);
#10031=FACE_BOUND('',#9445,.T.);
#10032=FACE_BOUND('',#9446,.T.);
#10033=FACE_BOUND('',#9447,.T.);
#10034=FACE_BOUND('',#9448,.T.);
#10035=FACE_BOUND('',#9449,.T.);
#10036=FACE_BOUND('',#9450,.T.);
#10037=FACE_BOUND('',#9451,.T.);
#10038=FACE_BOUND('',#9452,.T.);
#10039=FACE_BOUND('',#9453,.T.);
#10040=FACE_BOUND('',#9454,.T.);
#10041=FACE_BOUND('',#9455,.T.);
#10042=FACE_BOUND('',#9456,.T.);
#10043=FACE_BOUND('',#9457,.T.);
#10044=FACE_BOUND('',#9458,.T.);
#10045=FACE_BOUND('',#9459,.T.);
#10046=FACE_BOUND('',#9460,.T.);
#10047=FACE_BOUND('',#9461,.T.);
#10048=FACE_BOUND('',#9462,.T.);
#10049=FACE_BOUND('',#9463,.T.);
#10050=FACE_BOUND('',#9464,.T.);
#10051=FACE_BOUND('',#9465,.T.);
#10052=FACE_BOUND('',#9466,.T.);
#10053=FACE_BOUND('',#9467,.T.);
#10054=FACE_BOUND('',#9468,.T.);
#10055=FACE_BOUND('',#9469,.T.);
#10056=FACE_BOUND('',#9470,.T.);
#10057=PLANE('',#11614);
#10058=PLANE('',#11617);
#10059=PLANE('',#11620);
#10060=PLANE('',#11621);
#10061=PLANE('',#11623);
#10062=PLANE('',#11625);
#10063=PLANE('',#11626);
#10064=PLANE('',#11634);
#10065=PLANE('',#11637);
#10066=PLANE('',#11638);
#10067=PLANE('',#11646);
#10068=PLANE('',#11648);
#10069=PLANE('',#11650);
#10070=PLANE('',#11651);
#10071=PLANE('',#11661);
#10072=PLANE('',#11679);
#10073=PLANE('',#11680);
#10074=PLANE('',#11681);
#10075=PLANE('',#11682);
#10076=PLANE('',#11683);
#10077=PLANE('',#11684);
#10078=PLANE('',#11685);
#10079=PLANE('',#11686);
#10080=PLANE('',#11687);
#10081=PLANE('',#11688);
#10082=PLANE('',#11689);
#10083=PLANE('',#11695);
#10084=PLANE('',#11700);
#10085=PLANE('',#11701);
#10086=PLANE('',#11710);
#10087=PLANE('',#11713);
#10088=PLANE('',#11714);
#10089=PLANE('',#11715);
#10090=PLANE('',#11720);
#10091=PLANE('',#11721);
#10092=PLANE('',#11722);
#10093=PLANE('',#11723);
#10094=PLANE('',#11724);
#10095=PLANE('',#11725);
#10096=PLANE('',#11726);
#10097=PLANE('',#11727);
#10098=PLANE('',#11728);
#10099=PLANE('',#11729);
#10100=PLANE('',#11730);
#10101=PLANE('',#11732);
#10102=PLANE('',#11734);
#10103=PLANE('',#11735);
#10104=PLANE('',#11736);
#10105=PLANE('',#11737);
#10106=PLANE('',#11738);
#10107=PLANE('',#11743);
#10108=PLANE('',#11744);
#10109=PLANE('',#11745);
#10110=PLANE('',#11746);
#10111=PLANE('',#11747);
#10112=PLANE('',#11750);
#10113=PLANE('',#11753);
#10114=PLANE('',#11759);
#10115=PLANE('',#11765);
#10116=PLANE('',#11766);
#10117=PLANE('',#11767);
#10118=PLANE('',#11774);
#10119=PLANE('',#11777);
#10120=PLANE('',#11780);
#10121=PLANE('',#11781);
#10122=PLANE('',#11782);
#10123=PLANE('',#11783);
#10124=PLANE('',#11786);
#10125=PLANE('',#11787);
#10126=PLANE('',#11790);
#10127=PLANE('',#11804);
#10128=PLANE('',#11805);
#10129=PLANE('',#11806);
#10130=PLANE('',#11807);
#10131=PLANE('',#11809);
#10132=PLANE('',#11810);
#10133=PLANE('',#11813);
#10134=PLANE('',#11814);
#10135=PLANE('',#11819);
#10136=PLANE('',#11820);
#10137=PLANE('',#11821);
#10138=PLANE('',#11824);
#10139=PLANE('',#11825);
#10140=PLANE('',#11826);
#10141=PLANE('',#11829);
#10142=PLANE('',#11843);
#10143=PLANE('',#11846);
#10144=PLANE('',#11849);
#10145=PLANE('',#11850);
#10146=PLANE('',#11854);
#10147=PLANE('',#11860);
#10148=PLANE('',#11861);
#10149=PLANE('',#11862);
#10150=PLANE('',#11863);
#10151=PLANE('',#11866);
#10152=PLANE('',#11867);
#10153=PLANE('',#11869);
#10154=PLANE('',#11870);
#10155=PLANE('',#11871);
#10156=PLANE('',#11872);
#10157=PLANE('',#11873);
#10158=PLANE('',#11874);
#10159=PLANE('',#11875);
#10160=PLANE('',#11876);
#10161=PLANE('',#11877);
#10162=PLANE('',#11878);
#10163=PLANE('',#11879);
#10164=PLANE('',#11880);
#10165=PLANE('',#11881);
#10166=PLANE('',#11882);
#10167=PLANE('',#11883);
#10168=PLANE('',#11884);
#10169=PLANE('',#11885);
#10170=PLANE('',#11886);
#10171=PLANE('',#11887);
#10172=PLANE('',#11890);
#10173=PLANE('',#11891);
#10174=PLANE('',#11892);
#10175=PLANE('',#11893);
#10176=PLANE('',#11894);
#10177=PLANE('',#11895);
#10178=PLANE('',#11896);
#10179=PLANE('',#11897);
#10180=PLANE('',#11898);
#10181=PLANE('',#11899);
#10182=PLANE('',#11900);
#10183=PLANE('',#11901);
#10184=PLANE('',#11903);
#10185=PLANE('',#11905);
#10186=PLANE('',#11906);
#10187=PLANE('',#11907);
#10188=PLANE('',#11908);
#10189=PLANE('',#11909);
#10190=PLANE('',#11910);
#10191=PLANE('',#11911);
#10192=PLANE('',#11912);
#10193=PLANE('',#11913);
#10194=PLANE('',#11914);
#10195=PLANE('',#11915);
#10196=PLANE('',#11916);
#10197=PLANE('',#11917);
#10198=PLANE('',#11918);
#10199=PLANE('',#11919);
#10200=PLANE('',#11920);
#10201=PLANE('',#11921);
#10202=PLANE('',#11922);
#10203=PLANE('',#11923);
#10204=PLANE('',#11924);
#10205=PLANE('',#11925);
#10206=PLANE('',#11926);
#10207=PLANE('',#11927);
#10208=PLANE('',#11928);
#10209=PLANE('',#11929);
#10210=PLANE('',#11930);
#10211=PLANE('',#11931);
#10212=PLANE('',#11932);
#10213=PLANE('',#11933);
#10214=PLANE('',#11934);
#10215=PLANE('',#11935);
#10216=PLANE('',#11936);
#10217=PLANE('',#11937);
#10218=PLANE('',#11938);
#10219=PLANE('',#11939);
#10220=PLANE('',#11940);
#10221=PLANE('',#11941);
#10222=PLANE('',#11942);
#10223=PLANE('',#11943);
#10224=PLANE('',#11944);
#10225=PLANE('',#11945);
#10226=PLANE('',#11946);
#10227=PLANE('',#11947);
#10228=PLANE('',#11948);
#10229=PLANE('',#11949);
#10230=PLANE('',#11950);
#10231=PLANE('',#11951);
#10232=PLANE('',#11952);
#10233=PLANE('',#11953);
#10234=PLANE('',#11954);
#10235=PLANE('',#11955);
#10236=PLANE('',#11956);
#10237=PLANE('',#11957);
#10238=PLANE('',#11958);
#10239=PLANE('',#11959);
#10240=PLANE('',#11960);
#10241=PLANE('',#11961);
#10242=PLANE('',#11962);
#10243=PLANE('',#11963);
#10244=PLANE('',#11964);
#10245=PLANE('',#11965);
#10246=PLANE('',#11966);
#10247=PLANE('',#11967);
#10248=PLANE('',#11968);
#10249=PLANE('',#11969);
#10250=PLANE('',#11970);
#10251=PLANE('',#11971);
#10252=PLANE('',#11972);
#10253=PLANE('',#11973);
#10254=PLANE('',#11974);
#10255=PLANE('',#11975);
#10256=PLANE('',#11976);
#10257=PLANE('',#11977);
#10258=PLANE('',#11978);
#10259=PLANE('',#11979);
#10260=PLANE('',#11980);
#10261=PLANE('',#11981);
#10262=PLANE('',#11982);
#10263=PLANE('',#11983);
#10264=PLANE('',#11984);
#10265=PLANE('',#11985);
#10266=PLANE('',#11986);
#10267=PLANE('',#11987);
#10268=PLANE('',#11988);
#10269=PLANE('',#11989);
#10270=PLANE('',#11990);
#10271=PLANE('',#11991);
#10272=PLANE('',#11992);
#10273=PLANE('',#11993);
#10274=PLANE('',#11994);
#10275=PLANE('',#11995);
#10276=PLANE('',#11996);
#10277=PLANE('',#11997);
#10278=PLANE('',#11998);
#10279=PLANE('',#11999);
#10280=PLANE('',#12000);
#10281=PLANE('',#12001);
#10282=PLANE('',#12008);
#10283=PLANE('',#12009);
#10284=PLANE('',#12010);
#10285=PLANE('',#12011);
#10286=PLANE('',#12012);
#10287=PLANE('',#12013);
#10288=PLANE('',#12014);
#10289=PLANE('',#12015);
#10290=PLANE('',#12016);
#10291=PLANE('',#12017);
#10292=PLANE('',#12018);
#10293=PLANE('',#12019);
#10294=PLANE('',#12020);
#10295=PLANE('',#12021);
#10296=PLANE('',#12022);
#10297=PLANE('',#12023);
#10298=PLANE('',#12024);
#10299=PLANE('',#12025);
#10300=PLANE('',#12026);
#10301=PLANE('',#12031);
#10302=PLANE('',#12032);
#10303=PLANE('',#12035);
#10304=PLANE('',#12036);
#10305=PLANE('',#12037);
#10306=PLANE('',#12038);
#10307=PLANE('',#12039);
#10308=PLANE('',#12040);
#10309=PLANE('',#12041);
#10310=PLANE('',#12042);
#10311=PLANE('',#12043);
#10312=PLANE('',#12044);
#10313=PLANE('',#12045);
#10314=PLANE('',#12046);
#10315=PLANE('',#12047);
#10316=PLANE('',#12048);
#10317=PLANE('',#12049);
#10318=PLANE('',#12050);
#10319=PLANE('',#12051);
#10320=PLANE('',#12052);
#10321=PLANE('',#12053);
#10322=PLANE('',#12054);
#10323=PLANE('',#12055);
#10324=PLANE('',#12056);
#10325=PLANE('',#12057);
#10326=PLANE('',#12058);
#10327=PLANE('',#12059);
#10328=PLANE('',#12060);
#10329=PLANE('',#12061);
#10330=PLANE('',#12062);
#10331=PLANE('',#12063);
#10332=PLANE('',#12064);
#10333=PLANE('',#12065);
#10334=PLANE('',#12066);
#10335=PLANE('',#12067);
#10336=PLANE('',#12068);
#10337=PLANE('',#12069);
#10338=PLANE('',#12070);
#10339=PLANE('',#12071);
#10340=PLANE('',#12072);
#10341=PLANE('',#12073);
#10342=PLANE('',#12074);
#10343=PLANE('',#12075);
#10344=PLANE('',#12076);
#10345=PLANE('',#12077);
#10346=PLANE('',#12078);
#10347=PLANE('',#12079);
#10348=PLANE('',#12080);
#10349=PLANE('',#12081);
#10350=PLANE('',#12082);
#10351=PLANE('',#12083);
#10352=PLANE('',#12084);
#10353=PLANE('',#12085);
#10354=PLANE('',#12086);
#10355=PLANE('',#12087);
#10356=PLANE('',#12088);
#10357=PLANE('',#12089);
#10358=PLANE('',#12090);
#10359=PLANE('',#12091);
#10360=PLANE('',#12092);
#10361=PLANE('',#12093);
#10362=PLANE('',#12094);
#10363=PLANE('',#12095);
#10364=PLANE('',#12096);
#10365=PLANE('',#12097);
#10366=PLANE('',#12098);
#10367=PLANE('',#12099);
#10368=PLANE('',#12100);
#10369=PLANE('',#12101);
#10370=PLANE('',#12102);
#10371=PLANE('',#12103);
#10372=PLANE('',#12104);
#10373=PLANE('',#12105);
#10374=PLANE('',#12106);
#10375=PLANE('',#12107);
#10376=PLANE('',#12108);
#10377=PLANE('',#12109);
#10378=PLANE('',#12110);
#10379=PLANE('',#12111);
#10380=PLANE('',#12112);
#10381=PLANE('',#12113);
#10382=PLANE('',#12114);
#10383=PLANE('',#12115);
#10384=PLANE('',#12116);
#10385=PLANE('',#12117);
#10386=PLANE('',#12118);
#10387=PLANE('',#12119);
#10388=PLANE('',#12120);
#10389=PLANE('',#12121);
#10390=PLANE('',#12122);
#10391=PLANE('',#12123);
#10392=PLANE('',#12124);
#10393=PLANE('',#12125);
#10394=PLANE('',#12126);
#10395=PLANE('',#12127);
#10396=PLANE('',#12129);
#10397=PLANE('',#12130);
#10398=PLANE('',#12137);
#10399=PLANE('',#12138);
#10400=PLANE('',#12145);
#10401=PLANE('',#12146);
#10402=PLANE('',#12149);
#10403=PLANE('',#12151);
#10404=PLANE('',#12152);
#10405=PLANE('',#12155);
#10406=PLANE('',#12157);
#10407=PLANE('',#12158);
#10408=PLANE('',#12160);
#10409=PLANE('',#12161);
#10410=PLANE('',#12162);
#10411=PLANE('',#12169);
#10412=PLANE('',#12170);
#10413=PLANE('',#12177);
#10414=PLANE('',#12178);
#10415=PLANE('',#12181);
#10416=PLANE('',#12183);
#10417=PLANE('',#12186);
#10418=PLANE('',#12188);
#10419=PLANE('',#12189);
#10420=PLANE('',#12195);
#10421=PLANE('',#12196);
#10422=PLANE('',#12197);
#10423=PLANE('',#12198);
#10424=PLANE('',#12199);
#10425=PLANE('',#12200);
#10426=PLANE('',#12201);
#10427=PLANE('',#12203);
#10428=PLANE('',#12204);
#10429=PLANE('',#12205);
#10430=PLANE('',#12206);
#10431=PLANE('',#12207);
#10432=PLANE('',#12210);
#10433=PLANE('',#12211);
#10434=PLANE('',#12212);
#10435=PLANE('',#12213);
#10436=PLANE('',#12214);
#10437=PLANE('',#12215);
#10438=PLANE('',#12216);
#10439=PLANE('',#12217);
#10440=PLANE('',#12218);
#10441=PLANE('',#12219);
#10442=PLANE('',#12220);
#10443=PLANE('',#12221);
#10444=PLANE('',#12222);
#10445=PLANE('',#12223);
#10446=PLANE('',#12224);
#10447=PLANE('',#12225);
#10448=PLANE('',#12226);
#10449=PLANE('',#12227);
#10450=PLANE('',#12228);
#10451=PLANE('',#12229);
#10452=PLANE('',#12230);
#10453=PLANE('',#12231);
#10454=PLANE('',#12232);
#10455=PLANE('',#12233);
#10456=PLANE('',#12234);
#10457=PLANE('',#12235);
#10458=PLANE('',#12236);
#10459=PLANE('',#12237);
#10460=PLANE('',#12241);
#10461=PLANE('',#12242);
#10462=PLANE('',#12243);
#10463=PLANE('',#12244);
#10464=PLANE('',#12248);
#10465=PLANE('',#12249);
#10466=PLANE('',#12250);
#10467=PLANE('',#12251);
#10468=PLANE('',#12252);
#10469=PLANE('',#12256);
#10470=PLANE('',#12261);
#10471=PLANE('',#12262);
#10472=PLANE('',#12264);
#10473=PLANE('',#12265);
#10474=PLANE('',#12280);
#10475=PLANE('',#12281);
#10476=PLANE('',#12288);
#10477=PLANE('',#12289);
#10478=PLANE('',#12290);
#10479=PLANE('',#12291);
#10480=PLANE('',#12292);
#10481=PLANE('',#12293);
#10482=PLANE('',#12294);
#10483=PLANE('',#12301);
#10484=PLANE('',#12302);
#10485=PLANE('',#12303);
#10486=PLANE('',#12304);
#10487=PLANE('',#12305);
#10488=PLANE('',#12306);
#10489=PLANE('',#12307);
#10490=PLANE('',#12308);
#10491=PLANE('',#12309);
#10492=PLANE('',#12311);
#10493=PLANE('',#12316);
#10494=PLANE('',#12317);
#10495=PLANE('',#12319);
#10496=PLANE('',#12320);
#10497=PLANE('',#12335);
#10498=PLANE('',#12336);
#10499=PLANE('',#12343);
#10500=PLANE('',#12344);
#10501=PLANE('',#12345);
#10502=PLANE('',#12346);
#10503=PLANE('',#12347);
#10504=PLANE('',#12348);
#10505=PLANE('',#12349);
#10506=PLANE('',#12356);
#10507=PLANE('',#12357);
#10508=PLANE('',#12358);
#10509=PLANE('',#12359);
#10510=PLANE('',#12360);
#10511=PLANE('',#12361);
#10512=PLANE('',#12362);
#10513=PLANE('',#12363);
#10514=PLANE('',#12364);
#10515=ADVANCED_FACE('',(#9471),#10057,.T.);
#10516=ADVANCED_FACE('',(#9472),#10058,.F.);
#10517=ADVANCED_FACE('',(#9473),#10059,.F.);
#10518=ADVANCED_FACE('',(#9474),#10060,.T.);
#10519=ADVANCED_FACE('',(#9475),#152,.T.);
#10520=ADVANCED_FACE('',(#9476),#10061,.F.);
#10521=ADVANCED_FACE('',(#9477),#153,.F.);
#10522=ADVANCED_FACE('',(#9478),#10062,.T.);
#10523=ADVANCED_FACE('',(#9479),#10063,.F.);
#10524=ADVANCED_FACE('',(#9480),#154,.T.);
#10525=ADVANCED_FACE('',(#9481),#155,.T.);
#10526=ADVANCED_FACE('',(#9482),#10064,.F.);
#10527=ADVANCED_FACE('',(#9483),#10065,.F.);
#10528=ADVANCED_FACE('',(#9484),#10066,.T.);
#10529=ADVANCED_FACE('',(#9485),#156,.T.);
#10530=ADVANCED_FACE('',(#9486),#10067,.F.);
#10531=ADVANCED_FACE('',(#9487),#10068,.T.);
#10532=ADVANCED_FACE('',(#9488),#10069,.T.);
#10533=ADVANCED_FACE('',(#9489),#10070,.T.);
#10534=ADVANCED_FACE('',(#9490),#157,.T.);
#10535=ADVANCED_FACE('',(#9491),#158,.F.);
#10536=ADVANCED_FACE('',(#9492,#9493),#10071,.F.);
#10537=ADVANCED_FACE('',(#9494),#159,.F.);
#10538=ADVANCED_FACE('',(#9495),#160,.T.);
#10539=ADVANCED_FACE('',(#9496),#161,.T.);
#10540=ADVANCED_FACE('',(#9497),#162,.F.);
#10541=ADVANCED_FACE('',(#9498),#163,.T.);
#10542=ADVANCED_FACE('',(#9499,#9500),#10072,.T.);
#10543=ADVANCED_FACE('',(#9501,#9502),#10073,.F.);
#10544=ADVANCED_FACE('',(#9503),#10074,.F.);
#10545=ADVANCED_FACE('',(#9504),#10075,.F.);
#10546=ADVANCED_FACE('',(#9505),#10076,.F.);
#10547=ADVANCED_FACE('',(#9506),#10077,.F.);
#10548=ADVANCED_FACE('',(#9507),#10078,.F.);
#10549=ADVANCED_FACE('',(#9508),#10079,.F.);
#10550=ADVANCED_FACE('',(#9509,#9510),#10080,.T.);
#10551=ADVANCED_FACE('',(#9511,#9512),#10081,.F.);
#10552=ADVANCED_FACE('',(#9513),#10082,.F.);
#10553=ADVANCED_FACE('',(#9514),#10083,.T.);
#10554=ADVANCED_FACE('',(#9515),#10084,.T.);
#10555=ADVANCED_FACE('',(#9516),#10085,.F.);
#10556=ADVANCED_FACE('',(#9517),#164,.T.);
#10557=ADVANCED_FACE('',(#9518),#165,.F.);
#10558=ADVANCED_FACE('',(#9519),#166,.F.);
#10559=ADVANCED_FACE('',(#9520),#10086,.F.);
#10560=ADVANCED_FACE('',(#9521),#10087,.F.);
#10561=ADVANCED_FACE('',(#9522),#10088,.T.);
#10562=ADVANCED_FACE('',(#9523),#10089,.T.);
#10563=ADVANCED_FACE('',(#9524),#167,.T.);
#10564=ADVANCED_FACE('',(#9525),#168,.F.);
#10565=ADVANCED_FACE('',(#9526),#10090,.T.);
#10566=ADVANCED_FACE('',(#9527),#10091,.T.);
#10567=ADVANCED_FACE('',(#9528),#10092,.T.);
#10568=ADVANCED_FACE('',(#9529),#10093,.T.);
#10569=ADVANCED_FACE('',(#9530),#10094,.T.);
#10570=ADVANCED_FACE('',(#9531),#10095,.T.);
#10571=ADVANCED_FACE('',(#9532),#10096,.T.);
#10572=ADVANCED_FACE('',(#9533),#10097,.T.);
#10573=ADVANCED_FACE('',(#9534),#10098,.T.);
#10574=ADVANCED_FACE('',(#9535),#10099,.T.);
#10575=ADVANCED_FACE('',(#9536),#10100,.T.);
#10576=ADVANCED_FACE('',(#9537),#10101,.F.);
#10577=ADVANCED_FACE('',(#9538),#10102,.F.);
#10578=ADVANCED_FACE('',(#9539),#10103,.F.);
#10579=ADVANCED_FACE('',(#9540),#10104,.F.);
#10580=ADVANCED_FACE('',(#9541),#10105,.F.);
#10581=ADVANCED_FACE('',(#9542),#10106,.T.);
#10582=ADVANCED_FACE('',(#9543),#10107,.T.);
#10583=ADVANCED_FACE('',(#9544),#10108,.T.);
#10584=ADVANCED_FACE('',(#9545),#10109,.F.);
#10585=ADVANCED_FACE('',(#9546),#10110,.T.);
#10586=ADVANCED_FACE('',(#9547,#9548),#10111,.T.);
#10587=ADVANCED_FACE('',(#9549),#10112,.T.);
#10588=ADVANCED_FACE('',(#9550),#169,.T.);
#10589=ADVANCED_FACE('',(#9551),#10113,.F.);
#10590=ADVANCED_FACE('',(#9552),#170,.T.);
#10591=ADVANCED_FACE('',(#9553),#171,.F.);
#10592=ADVANCED_FACE('',(#9554,#9555),#10114,.F.);
#10593=ADVANCED_FACE('',(#9556),#172,.F.);
#10594=ADVANCED_FACE('',(#9557),#173,.T.);
#10595=ADVANCED_FACE('',(#9558),#174,.T.);
#10596=ADVANCED_FACE('',(#9559),#175,.T.);
#10597=ADVANCED_FACE('',(#9560),#10115,.T.);
#10598=ADVANCED_FACE('',(#9561),#10116,.F.);
#10599=ADVANCED_FACE('',(#9562),#10117,.F.);
#10600=ADVANCED_FACE('',(#9563),#176,.T.);
#10601=ADVANCED_FACE('',(#9564),#177,.F.);
#10602=ADVANCED_FACE('',(#9565),#10118,.F.);
#10603=ADVANCED_FACE('',(#9566),#10119,.F.);
#10604=ADVANCED_FACE('',(#9567),#178,.T.);
#10605=ADVANCED_FACE('',(#9568),#179,.F.);
#10606=ADVANCED_FACE('',(#9569),#10120,.T.);
#10607=ADVANCED_FACE('',(#9570),#10121,.T.);
#10608=ADVANCED_FACE('',(#9571),#10122,.T.);
#10609=ADVANCED_FACE('',(#9572),#10123,.T.);
#10610=ADVANCED_FACE('',(#9573),#10124,.T.);
#10611=ADVANCED_FACE('',(#9574),#10125,.T.);
#10612=ADVANCED_FACE('',(#9575),#10126,.F.);
#10613=ADVANCED_FACE('',(#9576),#180,.T.);
#10614=ADVANCED_FACE('',(#9577),#181,.T.);
#10615=ADVANCED_FACE('',(#9578),#182,.T.);
#10616=ADVANCED_FACE('',(#9579),#183,.T.);
#10617=ADVANCED_FACE('',(#9580),#184,.T.);
#10618=ADVANCED_FACE('',(#9581),#185,.T.);
#10619=ADVANCED_FACE('',(#9582),#186,.T.);
#10620=ADVANCED_FACE('',(#9583),#10127,.F.);
#10621=ADVANCED_FACE('',(#9584),#10128,.T.);
#10622=ADVANCED_FACE('',(#9585),#10129,.T.);
#10623=ADVANCED_FACE('',(#9586,#9587),#10130,.T.);
#10624=ADVANCED_FACE('',(#9588),#10131,.F.);
#10625=ADVANCED_FACE('',(#9589),#10132,.F.);
#10626=ADVANCED_FACE('',(#9590),#187,.T.);
#10627=ADVANCED_FACE('',(#9591),#188,.T.);
#10628=ADVANCED_FACE('',(#9592),#10133,.F.);
#10629=ADVANCED_FACE('',(#9593),#10134,.F.);
#10630=ADVANCED_FACE('',(#9594),#189,.T.);
#10631=ADVANCED_FACE('',(#9595),#190,.F.);
#10632=ADVANCED_FACE('',(#9596),#10135,.T.);
#10633=ADVANCED_FACE('',(#9597),#10136,.T.);
#10634=ADVANCED_FACE('',(#9598),#10137,.T.);
#10635=ADVANCED_FACE('',(#9599),#10138,.T.);
#10636=ADVANCED_FACE('',(#9600),#10139,.T.);
#10637=ADVANCED_FACE('',(#9601),#10140,.T.);
#10638=ADVANCED_FACE('',(#9602),#10141,.F.);
#10639=ADVANCED_FACE('',(#9603),#191,.T.);
#10640=ADVANCED_FACE('',(#9604),#192,.T.);
#10641=ADVANCED_FACE('',(#9605),#193,.T.);
#10642=ADVANCED_FACE('',(#9606),#194,.T.);
#10643=ADVANCED_FACE('',(#9607),#195,.T.);
#10644=ADVANCED_FACE('',(#9608),#196,.T.);
#10645=ADVANCED_FACE('',(#9609),#197,.T.);
#10646=ADVANCED_FACE('',(#9610),#10142,.T.);
#10647=ADVANCED_FACE('',(#9611),#10143,.F.);
#10648=ADVANCED_FACE('',(#9612),#10144,.F.);
#10649=ADVANCED_FACE('',(#9613),#10145,.T.);
#10650=ADVANCED_FACE('',(#9614),#198,.T.);
#10651=ADVANCED_FACE('',(#9615),#10146,.F.);
#10652=ADVANCED_FACE('',(#9616),#199,.F.);
#10653=ADVANCED_FACE('',(#9617),#200,.T.);
#10654=ADVANCED_FACE('',(#9618),#201,.T.);
#10655=ADVANCED_FACE('',(#9619),#10147,.F.);
#10656=ADVANCED_FACE('',(#9620),#10148,.T.);
#10657=ADVANCED_FACE('',(#9621),#10149,.T.);
#10658=ADVANCED_FACE('',(#9622),#10150,.F.);
#10659=ADVANCED_FACE('',(#9623),#202,.T.);
#10660=ADVANCED_FACE('',(#9624),#203,.T.);
#10661=ADVANCED_FACE('',(#9625),#10151,.T.);
#10662=ADVANCED_FACE('',(#9626),#10152,.T.);
#10663=ADVANCED_FACE('',(#9627),#10153,.F.);
#10664=ADVANCED_FACE('',(#9628),#10154,.F.);
#10665=ADVANCED_FACE('',(#9629),#10155,.F.);
#10666=ADVANCED_FACE('',(#9630),#10156,.F.);
#10667=ADVANCED_FACE('',(#9631),#10157,.F.);
#10668=ADVANCED_FACE('',(#9632),#10158,.F.);
#10669=ADVANCED_FACE('',(#9633),#10159,.F.);
#10670=ADVANCED_FACE('',(#9634),#10160,.F.);
#10671=ADVANCED_FACE('',(#9635),#10161,.F.);
#10672=ADVANCED_FACE('',(#9636,#9637,#9638),#10162,.F.);
#10673=ADVANCED_FACE('',(#9639),#10163,.F.);
#10674=ADVANCED_FACE('',(#9640),#10164,.T.);
#10675=ADVANCED_FACE('',(#9641),#10165,.F.);
#10676=ADVANCED_FACE('',(#9642,#9643,#9644,#9645),#10166,.F.);
#10677=ADVANCED_FACE('',(#9646),#10167,.T.);
#10678=ADVANCED_FACE('',(#9647),#10168,.F.);
#10679=ADVANCED_FACE('',(#9648),#10169,.F.);
#10680=ADVANCED_FACE('',(#9649),#10170,.F.);
#10681=ADVANCED_FACE('',(#9650),#10171,.F.);
#10682=ADVANCED_FACE('',(#9651),#10172,.F.);
#10683=ADVANCED_FACE('',(#9652),#10173,.F.);
#10684=ADVANCED_FACE('',(#9653),#10174,.F.);
#10685=ADVANCED_FACE('',(#9654),#10175,.F.);
#10686=ADVANCED_FACE('',(#9655),#10176,.F.);
#10687=ADVANCED_FACE('',(#9656),#10177,.F.);
#10688=ADVANCED_FACE('',(#9657),#10178,.F.);
#10689=ADVANCED_FACE('',(#9658),#10179,.T.);
#10690=ADVANCED_FACE('',(#9659),#10180,.T.);
#10691=ADVANCED_FACE('',(#9660),#10181,.T.);
#10692=ADVANCED_FACE('',(#9661),#10182,.T.);
#10693=ADVANCED_FACE('',(#9662),#10183,.F.);
#10694=ADVANCED_FACE('',(#9663),#10184,.F.);
#10695=ADVANCED_FACE('',(#9664),#10185,.T.);
#10696=ADVANCED_FACE('',(#9665),#10186,.T.);
#10697=ADVANCED_FACE('',(#9666),#10187,.T.);
#10698=ADVANCED_FACE('',(#9667),#10188,.T.);
#10699=ADVANCED_FACE('',(#9668),#10189,.T.);
#10700=ADVANCED_FACE('',(#9669),#10190,.T.);
#10701=ADVANCED_FACE('',(#9670),#10191,.T.);
#10702=ADVANCED_FACE('',(#9671),#10192,.T.);
#10703=ADVANCED_FACE('',(#9672),#10193,.T.);
#10704=ADVANCED_FACE('',(#9673),#10194,.F.);
#10705=ADVANCED_FACE('',(#9674),#10195,.T.);
#10706=ADVANCED_FACE('',(#9675),#10196,.T.);
#10707=ADVANCED_FACE('',(#9676),#10197,.T.);
#10708=ADVANCED_FACE('',(#9677),#10198,.T.);
#10709=ADVANCED_FACE('',(#9678),#10199,.T.);
#10710=ADVANCED_FACE('',(#9679),#10200,.T.);
#10711=ADVANCED_FACE('',(#9680),#10201,.T.);
#10712=ADVANCED_FACE('',(#9681),#10202,.T.);
#10713=ADVANCED_FACE('',(#9682),#10203,.T.);
#10714=ADVANCED_FACE('',(#9683),#10204,.T.);
#10715=ADVANCED_FACE('',(#9684),#10205,.F.);
#10716=ADVANCED_FACE('',(#9685),#10206,.T.);
#10717=ADVANCED_FACE('',(#9686),#10207,.T.);
#10718=ADVANCED_FACE('',(#9687),#10208,.T.);
#10719=ADVANCED_FACE('',(#9688),#10209,.F.);
#10720=ADVANCED_FACE('',(#9689),#10210,.T.);
#10721=ADVANCED_FACE('',(#9690),#10211,.T.);
#10722=ADVANCED_FACE('',(#9691),#10212,.T.);
#10723=ADVANCED_FACE('',(#9692),#10213,.T.);
#10724=ADVANCED_FACE('',(#9693),#10214,.F.);
#10725=ADVANCED_FACE('',(#9694),#10215,.F.);
#10726=ADVANCED_FACE('',(#9695),#10216,.F.);
#10727=ADVANCED_FACE('',(#9696),#10217,.F.);
#10728=ADVANCED_FACE('',(#9697),#10218,.F.);
#10729=ADVANCED_FACE('',(#9698),#10219,.F.);
#10730=ADVANCED_FACE('',(#9699),#10220,.F.);
#10731=ADVANCED_FACE('',(#9700),#10221,.F.);
#10732=ADVANCED_FACE('',(#9701),#10222,.F.);
#10733=ADVANCED_FACE('',(#9702),#10223,.F.);
#10734=ADVANCED_FACE('',(#9703),#10224,.F.);
#10735=ADVANCED_FACE('',(#9704),#10225,.F.);
#10736=ADVANCED_FACE('',(#9705),#10226,.F.);
#10737=ADVANCED_FACE('',(#9706),#10227,.T.);
#10738=ADVANCED_FACE('',(#9707),#10228,.T.);
#10739=ADVANCED_FACE('',(#9708),#10229,.T.);
#10740=ADVANCED_FACE('',(#9709),#10230,.T.);
#10741=ADVANCED_FACE('',(#9710),#10231,.T.);
#10742=ADVANCED_FACE('',(#9711),#10232,.T.);
#10743=ADVANCED_FACE('',(#9712),#10233,.T.);
#10744=ADVANCED_FACE('',(#9713),#10234,.T.);
#10745=ADVANCED_FACE('',(#9714),#10235,.T.);
#10746=ADVANCED_FACE('',(#9715,#9716,#9717),#10236,.F.);
#10747=ADVANCED_FACE('',(#9718,#9719,#9720),#10237,.F.);
#10748=ADVANCED_FACE('',(#9721),#10238,.T.);
#10749=ADVANCED_FACE('',(#9722),#10239,.T.);
#10750=ADVANCED_FACE('',(#9723,#9724,#9725),#10240,.F.);
#10751=ADVANCED_FACE('',(#9726),#10241,.F.);
#10752=ADVANCED_FACE('',(#9727),#10242,.T.);
#10753=ADVANCED_FACE('',(#9728),#10243,.F.);
#10754=ADVANCED_FACE('',(#9729),#10244,.T.);
#10755=ADVANCED_FACE('',(#9730),#10245,.T.);
#10756=ADVANCED_FACE('',(#9731),#10246,.F.);
#10757=ADVANCED_FACE('',(#9732),#10247,.F.);
#10758=ADVANCED_FACE('',(#9733),#10248,.F.);
#10759=ADVANCED_FACE('',(#9734),#10249,.T.);
#10760=ADVANCED_FACE('',(#9735),#10250,.F.);
#10761=ADVANCED_FACE('',(#9736),#10251,.F.);
#10762=ADVANCED_FACE('',(#9737),#10252,.F.);
#10763=ADVANCED_FACE('',(#9738),#10253,.T.);
#10764=ADVANCED_FACE('',(#9739),#10254,.F.);
#10765=ADVANCED_FACE('',(#9740),#10255,.F.);
#10766=ADVANCED_FACE('',(#9741),#10256,.T.);
#10767=ADVANCED_FACE('',(#9742),#10257,.F.);
#10768=ADVANCED_FACE('',(#9743),#10258,.T.);
#10769=ADVANCED_FACE('',(#9744),#10259,.T.);
#10770=ADVANCED_FACE('',(#9745),#10260,.T.);
#10771=ADVANCED_FACE('',(#9746),#10261,.T.);
#10772=ADVANCED_FACE('',(#9747),#10262,.T.);
#10773=ADVANCED_FACE('',(#9748),#10263,.T.);
#10774=ADVANCED_FACE('',(#9749,#9750,#9751),#10264,.F.);
#10775=ADVANCED_FACE('',(#9752),#10265,.T.);
#10776=ADVANCED_FACE('',(#9753),#10266,.F.);
#10777=ADVANCED_FACE('',(#9754),#10267,.F.);
#10778=ADVANCED_FACE('',(#9755),#10268,.T.);
#10779=ADVANCED_FACE('',(#9756),#10269,.T.);
#10780=ADVANCED_FACE('',(#9757),#10270,.F.);
#10781=ADVANCED_FACE('',(#9758),#10271,.F.);
#10782=ADVANCED_FACE('',(#9759),#10272,.T.);
#10783=ADVANCED_FACE('',(#9760),#10273,.F.);
#10784=ADVANCED_FACE('',(#9761),#10274,.T.);
#10785=ADVANCED_FACE('',(#9762),#10275,.F.);
#10786=ADVANCED_FACE('',(#9763),#10276,.F.);
#10787=ADVANCED_FACE('',(#9764),#10277,.T.);
#10788=ADVANCED_FACE('',(#9765),#10278,.T.);
#10789=ADVANCED_FACE('',(#9766),#10279,.F.);
#10790=ADVANCED_FACE('',(#9767),#10280,.T.);
#10791=ADVANCED_FACE('',(#9768),#10281,.F.);
#10792=ADVANCED_FACE('',(#9769,#9770),#204,.T.);
#10793=ADVANCED_FACE('',(#9771,#9772),#70,.T.);
#10794=ADVANCED_FACE('',(#9773),#10282,.F.);
#10795=ADVANCED_FACE('',(#9774),#10283,.T.);
#10796=ADVANCED_FACE('',(#9775),#10284,.F.);
#10797=ADVANCED_FACE('',(#9776),#10285,.F.);
#10798=ADVANCED_FACE('',(#9777),#10286,.F.);
#10799=ADVANCED_FACE('',(#9778),#10287,.T.);
#10800=ADVANCED_FACE('',(#9779),#10288,.F.);
#10801=ADVANCED_FACE('',(#9780),#10289,.T.);
#10802=ADVANCED_FACE('',(#9781),#10290,.T.);
#10803=ADVANCED_FACE('',(#9782),#10291,.F.);
#10804=ADVANCED_FACE('',(#9783),#10292,.F.);
#10805=ADVANCED_FACE('',(#9784),#10293,.T.);
#10806=ADVANCED_FACE('',(#9785),#10294,.F.);
#10807=ADVANCED_FACE('',(#9786),#10295,.T.);
#10808=ADVANCED_FACE('',(#9787),#10296,.F.);
#10809=ADVANCED_FACE('',(#9788),#10297,.T.);
#10810=ADVANCED_FACE('',(#9789),#10298,.F.);
#10811=ADVANCED_FACE('',(#9790),#10299,.F.);
#10812=ADVANCED_FACE('',(#9791),#10300,.T.);
#10813=ADVANCED_FACE('',(#9792,#9793),#205,.T.);
#10814=ADVANCED_FACE('',(#9794),#10301,.F.);
#10815=ADVANCED_FACE('',(#9795),#10302,.F.);
#10816=ADVANCED_FACE('',(#9796,#9797),#71,.T.);
#10817=ADVANCED_FACE('',(#9798),#10303,.T.);
#10818=ADVANCED_FACE('',(#9799),#10304,.F.);
#10819=ADVANCED_FACE('',(#9800),#10305,.T.);
#10820=ADVANCED_FACE('',(#9801),#10306,.T.);
#10821=ADVANCED_FACE('',(#9802),#10307,.T.);
#10822=ADVANCED_FACE('',(#9803),#10308,.T.);
#10823=ADVANCED_FACE('',(#9804),#10309,.F.);
#10824=ADVANCED_FACE('',(#9805),#10310,.T.);
#10825=ADVANCED_FACE('',(#9806),#10311,.T.);
#10826=ADVANCED_FACE('',(#9807),#10312,.T.);
#10827=ADVANCED_FACE('',(#9808),#10313,.T.);
#10828=ADVANCED_FACE('',(#9809),#10314,.F.);
#10829=ADVANCED_FACE('',(#9810),#10315,.T.);
#10830=ADVANCED_FACE('',(#9811),#10316,.T.);
#10831=ADVANCED_FACE('',(#9812),#10317,.T.);
#10832=ADVANCED_FACE('',(#9813),#10318,.T.);
#10833=ADVANCED_FACE('',(#9814),#10319,.F.);
#10834=ADVANCED_FACE('',(#9815),#10320,.T.);
#10835=ADVANCED_FACE('',(#9816),#10321,.T.);
#10836=ADVANCED_FACE('',(#9817),#10322,.T.);
#10837=ADVANCED_FACE('',(#9818),#10323,.T.);
#10838=ADVANCED_FACE('',(#9819),#10324,.F.);
#10839=ADVANCED_FACE('',(#9820),#10325,.T.);
#10840=ADVANCED_FACE('',(#9821),#10326,.T.);
#10841=ADVANCED_FACE('',(#9822),#10327,.T.);
#10842=ADVANCED_FACE('',(#9823),#10328,.T.);
#10843=ADVANCED_FACE('',(#9824),#10329,.F.);
#10844=ADVANCED_FACE('',(#9825),#10330,.T.);
#10845=ADVANCED_FACE('',(#9826),#10331,.T.);
#10846=ADVANCED_FACE('',(#9827),#10332,.T.);
#10847=ADVANCED_FACE('',(#9828),#10333,.T.);
#10848=ADVANCED_FACE('',(#9829),#10334,.F.);
#10849=ADVANCED_FACE('',(#9830),#10335,.T.);
#10850=ADVANCED_FACE('',(#9831),#10336,.F.);
#10851=ADVANCED_FACE('',(#9832),#10337,.F.);
#10852=ADVANCED_FACE('',(#9833),#10338,.T.);
#10853=ADVANCED_FACE('',(#9834),#10339,.T.);
#10854=ADVANCED_FACE('',(#9835),#10340,.F.);
#10855=ADVANCED_FACE('',(#9836),#10341,.T.);
#10856=ADVANCED_FACE('',(#9837),#10342,.T.);
#10857=ADVANCED_FACE('',(#9838),#10343,.T.);
#10858=ADVANCED_FACE('',(#9839),#10344,.F.);
#10859=ADVANCED_FACE('',(#9840),#10345,.T.);
#10860=ADVANCED_FACE('',(#9841),#10346,.T.);
#10861=ADVANCED_FACE('',(#9842),#10347,.T.);
#10862=ADVANCED_FACE('',(#9843),#10348,.F.);
#10863=ADVANCED_FACE('',(#9844),#10349,.F.);
#10864=ADVANCED_FACE('',(#9845),#10350,.F.);
#10865=ADVANCED_FACE('',(#9846),#10351,.F.);
#10866=ADVANCED_FACE('',(#9847),#10352,.F.);
#10867=ADVANCED_FACE('',(#9848),#10353,.F.);
#10868=ADVANCED_FACE('',(#9849),#10354,.F.);
#10869=ADVANCED_FACE('',(#9850),#10355,.F.);
#10870=ADVANCED_FACE('',(#9851),#10356,.F.);
#10871=ADVANCED_FACE('',(#9852),#10357,.F.);
#10872=ADVANCED_FACE('',(#9853),#10358,.F.);
#10873=ADVANCED_FACE('',(#9854),#10359,.F.);
#10874=ADVANCED_FACE('',(#9855),#10360,.F.);
#10875=ADVANCED_FACE('',(#9856),#10361,.T.);
#10876=ADVANCED_FACE('',(#9857),#10362,.T.);
#10877=ADVANCED_FACE('',(#9858),#10363,.F.);
#10878=ADVANCED_FACE('',(#9859),#10364,.F.);
#10879=ADVANCED_FACE('',(#9860),#10365,.F.);
#10880=ADVANCED_FACE('',(#9861),#10366,.F.);
#10881=ADVANCED_FACE('',(#9862),#10367,.F.);
#10882=ADVANCED_FACE('',(#9863),#10368,.F.);
#10883=ADVANCED_FACE('',(#9864),#10369,.F.);
#10884=ADVANCED_FACE('',(#9865),#10370,.F.);
#10885=ADVANCED_FACE('',(#9866),#10371,.F.);
#10886=ADVANCED_FACE('',(#9867),#10372,.F.);
#10887=ADVANCED_FACE('',(#9868),#10373,.F.);
#10888=ADVANCED_FACE('',(#9869),#10374,.F.);
#10889=ADVANCED_FACE('',(#9870),#10375,.F.);
#10890=ADVANCED_FACE('',(#9871),#10376,.F.);
#10891=ADVANCED_FACE('',(#9872),#10377,.F.);
#10892=ADVANCED_FACE('',(#9873),#10378,.F.);
#10893=ADVANCED_FACE('',(#9874),#10379,.F.);
#10894=ADVANCED_FACE('',(#9875),#10380,.F.);
#10895=ADVANCED_FACE('',(#9876),#10381,.F.);
#10896=ADVANCED_FACE('',(#9877),#10382,.F.);
#10897=ADVANCED_FACE('',(#9878),#10383,.F.);
#10898=ADVANCED_FACE('',(#9879,#9880,#9881),#10384,.F.);
#10899=ADVANCED_FACE('',(#9882),#10385,.F.);
#10900=ADVANCED_FACE('',(#9883),#10386,.T.);
#10901=ADVANCED_FACE('',(#9884),#10387,.F.);
#10902=ADVANCED_FACE('',(#9885),#10388,.F.);
#10903=ADVANCED_FACE('',(#9886),#10389,.F.);
#10904=ADVANCED_FACE('',(#9887),#10390,.F.);
#10905=ADVANCED_FACE('',(#9888),#10391,.F.);
#10906=ADVANCED_FACE('',(#9889),#10392,.F.);
#10907=ADVANCED_FACE('',(#9890),#10393,.F.);
#10908=ADVANCED_FACE('',(#9891),#10394,.F.);
#10909=ADVANCED_FACE('',(#9892),#10395,.F.);
#10910=ADVANCED_FACE('',(#9893),#10396,.T.);
#10911=ADVANCED_FACE('',(#9894),#10397,.F.);
#10912=ADVANCED_FACE('',(#9895),#10398,.T.);
#10913=ADVANCED_FACE('',(#9896),#10399,.T.);
#10914=ADVANCED_FACE('',(#9897),#10400,.F.);
#10915=ADVANCED_FACE('',(#9898),#10401,.F.);
#10916=ADVANCED_FACE('',(#9899),#206,.F.);
#10917=ADVANCED_FACE('',(#9900),#207,.T.);
#10918=ADVANCED_FACE('',(#9901),#10402,.F.);
#10919=ADVANCED_FACE('',(#9902),#208,.F.);
#10920=ADVANCED_FACE('',(#9903),#10403,.F.);
#10921=ADVANCED_FACE('',(#9904),#10404,.T.);
#10922=ADVANCED_FACE('',(#9905),#209,.T.);
#10923=ADVANCED_FACE('',(#9906),#210,.F.);
#10924=ADVANCED_FACE('',(#9907),#10405,.T.);
#10925=ADVANCED_FACE('',(#9908),#211,.T.);
#10926=ADVANCED_FACE('',(#9909),#10406,.T.);
#10927=ADVANCED_FACE('',(#9910),#10407,.T.);
#10928=ADVANCED_FACE('',(#9911),#10408,.T.);
#10929=ADVANCED_FACE('',(#9912),#10409,.T.);
#10930=ADVANCED_FACE('',(#9913),#10410,.T.);
#10931=ADVANCED_FACE('',(#9914),#10411,.F.);
#10932=ADVANCED_FACE('',(#9915),#10412,.F.);
#10933=ADVANCED_FACE('',(#9916),#10413,.F.);
#10934=ADVANCED_FACE('',(#9917),#10414,.T.);
#10935=ADVANCED_FACE('',(#9918),#212,.F.);
#10936=ADVANCED_FACE('',(#9919),#213,.T.);
#10937=ADVANCED_FACE('',(#9920),#10415,.T.);
#10938=ADVANCED_FACE('',(#9921),#214,.F.);
#10939=ADVANCED_FACE('',(#9922),#10416,.F.);
#10940=ADVANCED_FACE('',(#9923),#215,.T.);
#10941=ADVANCED_FACE('',(#9924),#216,.F.);
#10942=ADVANCED_FACE('',(#9925),#10417,.F.);
#10943=ADVANCED_FACE('',(#9926),#217,.T.);
#10944=ADVANCED_FACE('',(#9927),#10418,.T.);
#10945=ADVANCED_FACE('',(#9928),#10419,.T.);
#10946=ADVANCED_FACE('',(#9929),#10420,.T.);
#10947=ADVANCED_FACE('',(#9930),#10421,.T.);
#10948=ADVANCED_FACE('',(#9931),#10422,.T.);
#10949=ADVANCED_FACE('',(#9932),#10423,.T.);
#10950=ADVANCED_FACE('',(#9933),#10424,.T.);
#10951=ADVANCED_FACE('',(#9934),#10425,.T.);
#10952=ADVANCED_FACE('',(#9935,#9936,#9937),#10426,.T.);
#10953=ADVANCED_FACE('',(#9938),#10427,.T.);
#10954=ADVANCED_FACE('',(#9939),#10428,.T.);
#10955=ADVANCED_FACE('',(#9940),#10429,.T.);
#10956=ADVANCED_FACE('',(#9941),#10430,.T.);
#10957=ADVANCED_FACE('',(#9942),#10431,.T.);
#10958=ADVANCED_FACE('',(#9943),#218,.F.);
#10959=ADVANCED_FACE('',(#9944),#10432,.T.);
#10960=ADVANCED_FACE('',(#9945),#10433,.T.);
#10961=ADVANCED_FACE('',(#9946),#10434,.T.);
#10962=ADVANCED_FACE('',(#9947),#10435,.T.);
#10963=ADVANCED_FACE('',(#9948),#10436,.T.);
#10964=ADVANCED_FACE('',(#9949),#10437,.T.);
#10965=ADVANCED_FACE('',(#9950),#10438,.T.);
#10966=ADVANCED_FACE('',(#9951),#10439,.T.);
#10967=ADVANCED_FACE('',(#9952),#10440,.T.);
#10968=ADVANCED_FACE('',(#9953),#10441,.T.);
#10969=ADVANCED_FACE('',(#9954,#9955,#9956),#10442,.F.);
#10970=ADVANCED_FACE('',(#9957),#10443,.T.);
#10971=ADVANCED_FACE('',(#9958),#10444,.F.);
#10972=ADVANCED_FACE('',(#9959),#10445,.F.);
#10973=ADVANCED_FACE('',(#9960),#10446,.F.);
#10974=ADVANCED_FACE('',(#9961),#10447,.T.);
#10975=ADVANCED_FACE('',(#9962),#10448,.T.);
#10976=ADVANCED_FACE('',(#9963),#10449,.F.);
#10977=ADVANCED_FACE('',(#9964),#10450,.T.);
#10978=ADVANCED_FACE('',(#9965),#10451,.T.);
#10979=ADVANCED_FACE('',(#9966),#10452,.F.);
#10980=ADVANCED_FACE('',(#9967),#10453,.T.);
#10981=ADVANCED_FACE('',(#9968),#10454,.F.);
#10982=ADVANCED_FACE('',(#9969),#10455,.F.);
#10983=ADVANCED_FACE('',(#9970),#10456,.T.);
#10984=ADVANCED_FACE('',(#9971),#10457,.F.);
#10985=ADVANCED_FACE('',(#9972),#10458,.F.);
#10986=ADVANCED_FACE('',(#9973),#10459,.T.);
#10987=ADVANCED_FACE('',(#9974),#219,.T.);
#10988=ADVANCED_FACE('',(#9975),#10460,.T.);
#10989=ADVANCED_FACE('',(#9976),#10461,.T.);
#10990=ADVANCED_FACE('',(#9977),#10462,.F.);
#10991=ADVANCED_FACE('',(#9978),#10463,.T.);
#10992=ADVANCED_FACE('',(#9979),#220,.T.);
#10993=ADVANCED_FACE('',(#9980),#10464,.T.);
#10994=ADVANCED_FACE('',(#9981),#10465,.T.);
#10995=ADVANCED_FACE('',(#9982),#10466,.T.);
#10996=ADVANCED_FACE('',(#9983),#10467,.F.);
#10997=ADVANCED_FACE('',(#9984),#10468,.T.);
#10998=ADVANCED_FACE('',(#9985,#9986,#9987),#10469,.F.);
#10999=ADVANCED_FACE('',(#9988),#10470,.F.);
#11000=ADVANCED_FACE('',(#9989),#10471,.F.);
#11001=ADVANCED_FACE('',(#9990),#10472,.F.);
#11002=ADVANCED_FACE('',(#9991),#10473,.F.);
#11003=ADVANCED_FACE('',(#9992),#221,.T.);
#11004=ADVANCED_FACE('',(#9993),#222,.T.);
#11005=ADVANCED_FACE('',(#9994),#18,.T.);
#11006=ADVANCED_FACE('',(#9995),#223,.T.);
#11007=ADVANCED_FACE('',(#9996),#224,.T.);
#11008=ADVANCED_FACE('',(#9997),#19,.T.);
#11009=ADVANCED_FACE('',(#9998),#225,.T.);
#11010=ADVANCED_FACE('',(#9999),#10474,.F.);
#11011=ADVANCED_FACE('',(#10000),#10475,.F.);
#11012=ADVANCED_FACE('',(#10001),#226,.F.);
#11013=ADVANCED_FACE('',(#10002),#227,.T.);
#11014=ADVANCED_FACE('',(#10003),#10476,.F.);
#11015=ADVANCED_FACE('',(#10004),#10477,.F.);
#11016=ADVANCED_FACE('',(#10005),#10478,.F.);
#11017=ADVANCED_FACE('',(#10006),#10479,.F.);
#11018=ADVANCED_FACE('',(#10007),#10480,.F.);
#11019=ADVANCED_FACE('',(#10008),#10481,.T.);
#11020=ADVANCED_FACE('',(#10009),#10482,.T.);
#11021=ADVANCED_FACE('',(#10010),#228,.T.);
#11022=ADVANCED_FACE('',(#10011),#229,.F.);
#11023=ADVANCED_FACE('',(#10012),#10483,.T.);
#11024=ADVANCED_FACE('',(#10013),#10484,.T.);
#11025=ADVANCED_FACE('',(#10014),#10485,.T.);
#11026=ADVANCED_FACE('',(#10015),#10486,.T.);
#11027=ADVANCED_FACE('',(#10016),#10487,.T.);
#11028=ADVANCED_FACE('',(#10017),#10488,.F.);
#11029=ADVANCED_FACE('',(#10018),#10489,.F.);
#11030=ADVANCED_FACE('',(#10019),#10490,.F.);
#11031=ADVANCED_FACE('',(#10020),#10491,.F.);
#11032=ADVANCED_FACE('',(#10021,#10022,#10023),#10492,.F.);
#11033=ADVANCED_FACE('',(#10024),#10493,.F.);
#11034=ADVANCED_FACE('',(#10025),#10494,.F.);
#11035=ADVANCED_FACE('',(#10026),#10495,.F.);
#11036=ADVANCED_FACE('',(#10027),#10496,.F.);
#11037=ADVANCED_FACE('',(#10028),#230,.T.);
#11038=ADVANCED_FACE('',(#10029),#231,.T.);
#11039=ADVANCED_FACE('',(#10030),#20,.T.);
#11040=ADVANCED_FACE('',(#10031),#232,.T.);
#11041=ADVANCED_FACE('',(#10032),#233,.T.);
#11042=ADVANCED_FACE('',(#10033),#21,.T.);
#11043=ADVANCED_FACE('',(#10034),#234,.T.);
#11044=ADVANCED_FACE('',(#10035),#10497,.F.);
#11045=ADVANCED_FACE('',(#10036),#10498,.F.);
#11046=ADVANCED_FACE('',(#10037),#235,.F.);
#11047=ADVANCED_FACE('',(#10038),#236,.T.);
#11048=ADVANCED_FACE('',(#10039),#10499,.F.);
#11049=ADVANCED_FACE('',(#10040),#10500,.F.);
#11050=ADVANCED_FACE('',(#10041),#10501,.F.);
#11051=ADVANCED_FACE('',(#10042),#10502,.F.);
#11052=ADVANCED_FACE('',(#10043),#10503,.F.);
#11053=ADVANCED_FACE('',(#10044),#10504,.T.);
#11054=ADVANCED_FACE('',(#10045),#10505,.T.);
#11055=ADVANCED_FACE('',(#10046),#237,.T.);
#11056=ADVANCED_FACE('',(#10047),#238,.F.);
#11057=ADVANCED_FACE('',(#10048),#10506,.T.);
#11058=ADVANCED_FACE('',(#10049),#10507,.T.);
#11059=ADVANCED_FACE('',(#10050),#10508,.T.);
#11060=ADVANCED_FACE('',(#10051),#10509,.T.);
#11061=ADVANCED_FACE('',(#10052),#10510,.T.);
#11062=ADVANCED_FACE('',(#10053),#10511,.F.);
#11063=ADVANCED_FACE('',(#10054),#10512,.F.);
#11064=ADVANCED_FACE('',(#10055),#10513,.F.);
#11065=ADVANCED_FACE('',(#10056),#10514,.F.);
#11066=CLOSED_SHELL('',(#10515,#10516,#10517,#10518,#10519,#10520,#10521,
#10522,#10523,#10524,#10525,#10526,#10527,#10528,#10529,#10530,#10531,#10532,
#10533,#10534,#10535,#10536,#10537,#10538,#10539,#10540,#10541,#10542,#10543,
#10544,#10545,#10546,#10547,#10548,#10549,#10550,#10551,#10552,#10553,#10554,
#10555,#10556,#10557,#10558,#10559,#10560,#10561,#10562,#10563,#10564,#10565,
#10566,#10567,#10568,#10569,#10570,#10571,#10572,#10573,#10574,#10575,#10576,
#10577,#10578,#10579,#10580,#10581,#10582,#10583,#10584,#10585,#10586,#10587,
#10588,#10589,#10590,#10591,#10592,#10593,#10594,#10595,#10596,#10597,#10598,
#10599,#10600,#10601,#10602,#10603,#10604,#10605,#10606,#10607,#10608,#10609,
#10610,#10611,#10612,#10613,#10614,#10615,#10616,#10617,#10618,#10619,#10620,
#10621,#10622,#10623,#10624,#10625,#10626,#10627,#10628,#10629,#10630,#10631,
#10632,#10633,#10634,#10635,#10636,#10637,#10638,#10639,#10640,#10641,#10642,
#10643,#10644,#10645,#10646,#10647,#10648,#10649,#10650,#10651,#10652,#10653,
#10654,#10655,#10656,#10657,#10658,#10659,#10660,#10661,#10662));
#11067=CLOSED_SHELL('',(#10663,#10664,#10665,#10666,#10667,#10668,#10669,
#10670,#10671,#10672,#10673,#10674,#10675,#10676,#10677,#10678,#10679,#10680,
#10681,#10682,#10683,#10684,#10685,#10686,#10687,#10688,#10689,#10690,#10691,
#10692,#10693,#10694,#10695,#10696,#10697,#10698,#10699,#10700,#10701,#10702,
#10703,#10704,#10705,#10706,#10707,#10708,#10709,#10710,#10711,#10712,#10713,
#10714,#10715,#10716,#10717,#10718,#10719,#10720,#10721,#10722,#10723,#10724,
#10725,#10726,#10727,#10728,#10729,#10730,#10731,#10732,#10733,#10734,#10735,
#10736,#10737,#10738,#10739,#10740,#10741,#10742,#10743,#10744,#10745,#10746,
#10747,#10748,#10749,#10750,#10751,#10752,#10753,#10754,#10755,#10756,#10757,
#10758,#10759,#10760,#10761,#10762,#10763,#10764,#10765,#10766,#10767,#10768,
#10769,#10770,#10771,#10772,#10773,#10774,#10775,#10776,#10777,#10778,#10779,
#10780,#10781,#10782,#10783,#10784,#10785,#10786,#10787,#10788,#10789,#10790,
#10791,#10792,#10793,#10794,#10795,#10796,#10797,#10798,#10799,#10800,#10801,
#10802,#10803,#10804,#10805,#10806,#10807,#10808,#10809,#10810,#10811,#10812,
#10813,#10814,#10815,#10816,#10817,#10818,#10819,#10820,#10821,#10822,#10823,
#10824,#10825,#10826,#10827,#10828,#10829,#10830,#10831,#10832,#10833,#10834,
#10835,#10836,#10837,#10838,#10839,#10840,#10841,#10842,#10843,#10844,#10845,
#10846,#10847,#10848,#10849,#10850,#10851,#10852,#10853,#10854,#10855,#10856,
#10857,#10858,#10859,#10860,#10861,#10862,#10863,#10864,#10865,#10866,#10867,
#10868,#10869,#10870,#10871,#10872,#10873,#10874,#10875,#10876,#10877,#10878,
#10879,#10880,#10881,#10882,#10883,#10884,#10885,#10886,#10887,#10888,#10889,
#10890,#10891,#10892,#10893,#10894,#10895,#10896,#10897,#10898,#10899,#10900,
#10901,#10902,#10903,#10904,#10905,#10906,#10907,#10908,#10909));
#11068=CLOSED_SHELL('',(#10910,#10911,#10912,#10913,#10914,#10915,#10916,
#10917,#10918,#10919,#10920,#10921,#10922,#10923,#10924,#10925,#10926,#10927));
#11069=CLOSED_SHELL('',(#10928,#10929,#10930,#10931,#10932,#10933,#10934,
#10935,#10936,#10937,#10938,#10939,#10940,#10941,#10942,#10943,#10944,#10945));
#11070=CLOSED_SHELL('',(#10946,#10947,#10948,#10949,#10950,#10951,#10952,
#10953,#10954,#10955,#10956,#10957,#10958,#10959,#10960,#10961,#10962,#10963,
#10964,#10965,#10966,#10967,#10968,#10969,#10970,#10971,#10972,#10973,#10974,
#10975,#10976,#10977,#10978,#10979,#10980,#10981,#10982,#10983,#10984,#10985,
#10986,#10987,#10988,#10989,#10990,#10991,#10992,#10993,#10994,#10995,#10996,
#10997));
#11071=CLOSED_SHELL('',(#10998,#10999,#11000,#11001,#11002,#11003,#11004,
#11005,#11006,#11007,#11008,#11009,#11010,#11011,#11012,#11013,#11014,#11015,
#11016,#11017,#11018,#11019,#11020,#11021,#11022,#11023,#11024,#11025,#11026,
#11027,#11028,#11029,#11030,#11031));
#11072=CLOSED_SHELL('',(#11032,#11033,#11034,#11035,#11036,#11037,#11038,
#11039,#11040,#11041,#11042,#11043,#11044,#11045,#11046,#11047,#11048,#11049,
#11050,#11051,#11052,#11053,#11054,#11055,#11056,#11057,#11058,#11059,#11060,
#11061,#11062,#11063,#11064,#11065));
#11073=STYLED_ITEM('',(#11146),#11590);
#11074=STYLED_ITEM('',(#11147),#11591);
#11075=STYLED_ITEM('',(#11148),#11592);
#11076=STYLED_ITEM('',(#11149),#11593);
#11077=STYLED_ITEM('',(#11150),#11594);
#11078=STYLED_ITEM('',(#11151),#10998);
#11079=STYLED_ITEM('',(#11152),#10999);
#11080=STYLED_ITEM('',(#11153),#11000);
#11081=STYLED_ITEM('',(#11154),#11001);
#11082=STYLED_ITEM('',(#11155),#11002);
#11083=STYLED_ITEM('',(#11156),#11003);
#11084=STYLED_ITEM('',(#11157),#11004);
#11085=STYLED_ITEM('',(#11158),#11005);
#11086=STYLED_ITEM('',(#11159),#11006);
#11087=STYLED_ITEM('',(#11160),#11007);
#11088=STYLED_ITEM('',(#11161),#11008);
#11089=STYLED_ITEM('',(#11162),#11009);
#11090=STYLED_ITEM('',(#11163),#11010);
#11091=STYLED_ITEM('',(#11164),#11011);
#11092=STYLED_ITEM('',(#11165),#11012);
#11093=STYLED_ITEM('',(#11166),#11013);
#11094=STYLED_ITEM('',(#11167),#11014);
#11095=STYLED_ITEM('',(#11168),#11015);
#11096=STYLED_ITEM('',(#11169),#11016);
#11097=STYLED_ITEM('',(#11170),#11017);
#11098=STYLED_ITEM('',(#11171),#11018);
#11099=STYLED_ITEM('',(#11172),#11019);
#11100=STYLED_ITEM('',(#11173),#11020);
#11101=STYLED_ITEM('',(#11174),#11021);
#11102=STYLED_ITEM('',(#11175),#11022);
#11103=STYLED_ITEM('',(#11176),#11023);
#11104=STYLED_ITEM('',(#11177),#11024);
#11105=STYLED_ITEM('',(#11178),#11025);
#11106=STYLED_ITEM('',(#11179),#11026);
#11107=STYLED_ITEM('',(#11180),#11027);
#11108=STYLED_ITEM('',(#11181),#11028);
#11109=STYLED_ITEM('',(#11182),#11029);
#11110=STYLED_ITEM('',(#11183),#11030);
#11111=STYLED_ITEM('',(#11184),#11031);
#11112=STYLED_ITEM('',(#11185),#11032);
#11113=STYLED_ITEM('',(#11186),#11033);
#11114=STYLED_ITEM('',(#11187),#11034);
#11115=STYLED_ITEM('',(#11188),#11035);
#11116=STYLED_ITEM('',(#11189),#11036);
#11117=STYLED_ITEM('',(#11190),#11037);
#11118=STYLED_ITEM('',(#11191),#11038);
#11119=STYLED_ITEM('',(#11192),#11039);
#11120=STYLED_ITEM('',(#11193),#11040);
#11121=STYLED_ITEM('',(#11194),#11041);
#11122=STYLED_ITEM('',(#11195),#11042);
#11123=STYLED_ITEM('',(#11196),#11043);
#11124=STYLED_ITEM('',(#11197),#11044);
#11125=STYLED_ITEM('',(#11198),#11045);
#11126=STYLED_ITEM('',(#11199),#11046);
#11127=STYLED_ITEM('',(#11200),#11047);
#11128=STYLED_ITEM('',(#11201),#11048);
#11129=STYLED_ITEM('',(#11202),#11049);
#11130=STYLED_ITEM('',(#11203),#11050);
#11131=STYLED_ITEM('',(#11204),#11051);
#11132=STYLED_ITEM('',(#11205),#11052);
#11133=STYLED_ITEM('',(#11206),#11053);
#11134=STYLED_ITEM('',(#11207),#11054);
#11135=STYLED_ITEM('',(#11208),#11055);
#11136=STYLED_ITEM('',(#11209),#11056);
#11137=STYLED_ITEM('',(#11210),#11057);
#11138=STYLED_ITEM('',(#11211),#11058);
#11139=STYLED_ITEM('',(#11212),#11059);
#11140=STYLED_ITEM('',(#11213),#11060);
#11141=STYLED_ITEM('',(#11214),#11061);
#11142=STYLED_ITEM('',(#11215),#11062);
#11143=STYLED_ITEM('',(#11216),#11063);
#11144=STYLED_ITEM('',(#11217),#11064);
#11145=STYLED_ITEM('',(#11218),#11065);
#11146=PRESENTATION_STYLE_ASSIGNMENT((#11219));
#11147=PRESENTATION_STYLE_ASSIGNMENT((#11220));
#11148=PRESENTATION_STYLE_ASSIGNMENT((#11221));
#11149=PRESENTATION_STYLE_ASSIGNMENT((#11222));
#11150=PRESENTATION_STYLE_ASSIGNMENT((#11223));
#11151=PRESENTATION_STYLE_ASSIGNMENT((#11224));
#11152=PRESENTATION_STYLE_ASSIGNMENT((#11225));
#11153=PRESENTATION_STYLE_ASSIGNMENT((#11226));
#11154=PRESENTATION_STYLE_ASSIGNMENT((#11227));
#11155=PRESENTATION_STYLE_ASSIGNMENT((#11228));
#11156=PRESENTATION_STYLE_ASSIGNMENT((#11229));
#11157=PRESENTATION_STYLE_ASSIGNMENT((#11230));
#11158=PRESENTATION_STYLE_ASSIGNMENT((#11231));
#11159=PRESENTATION_STYLE_ASSIGNMENT((#11232));
#11160=PRESENTATION_STYLE_ASSIGNMENT((#11233));
#11161=PRESENTATION_STYLE_ASSIGNMENT((#11234));
#11162=PRESENTATION_STYLE_ASSIGNMENT((#11235));
#11163=PRESENTATION_STYLE_ASSIGNMENT((#11236));
#11164=PRESENTATION_STYLE_ASSIGNMENT((#11237));
#11165=PRESENTATION_STYLE_ASSIGNMENT((#11238));
#11166=PRESENTATION_STYLE_ASSIGNMENT((#11239));
#11167=PRESENTATION_STYLE_ASSIGNMENT((#11240));
#11168=PRESENTATION_STYLE_ASSIGNMENT((#11241));
#11169=PRESENTATION_STYLE_ASSIGNMENT((#11242));
#11170=PRESENTATION_STYLE_ASSIGNMENT((#11243));
#11171=PRESENTATION_STYLE_ASSIGNMENT((#11244));
#11172=PRESENTATION_STYLE_ASSIGNMENT((#11245));
#11173=PRESENTATION_STYLE_ASSIGNMENT((#11246));
#11174=PRESENTATION_STYLE_ASSIGNMENT((#11247));
#11175=PRESENTATION_STYLE_ASSIGNMENT((#11248));
#11176=PRESENTATION_STYLE_ASSIGNMENT((#11249));
#11177=PRESENTATION_STYLE_ASSIGNMENT((#11250));
#11178=PRESENTATION_STYLE_ASSIGNMENT((#11251));
#11179=PRESENTATION_STYLE_ASSIGNMENT((#11252));
#11180=PRESENTATION_STYLE_ASSIGNMENT((#11253));
#11181=PRESENTATION_STYLE_ASSIGNMENT((#11254));
#11182=PRESENTATION_STYLE_ASSIGNMENT((#11255));
#11183=PRESENTATION_STYLE_ASSIGNMENT((#11256));
#11184=PRESENTATION_STYLE_ASSIGNMENT((#11257));
#11185=PRESENTATION_STYLE_ASSIGNMENT((#11258));
#11186=PRESENTATION_STYLE_ASSIGNMENT((#11259));
#11187=PRESENTATION_STYLE_ASSIGNMENT((#11260));
#11188=PRESENTATION_STYLE_ASSIGNMENT((#11261));
#11189=PRESENTATION_STYLE_ASSIGNMENT((#11262));
#11190=PRESENTATION_STYLE_ASSIGNMENT((#11263));
#11191=PRESENTATION_STYLE_ASSIGNMENT((#11264));
#11192=PRESENTATION_STYLE_ASSIGNMENT((#11265));
#11193=PRESENTATION_STYLE_ASSIGNMENT((#11266));
#11194=PRESENTATION_STYLE_ASSIGNMENT((#11267));
#11195=PRESENTATION_STYLE_ASSIGNMENT((#11268));
#11196=PRESENTATION_STYLE_ASSIGNMENT((#11269));
#11197=PRESENTATION_STYLE_ASSIGNMENT((#11270));
#11198=PRESENTATION_STYLE_ASSIGNMENT((#11271));
#11199=PRESENTATION_STYLE_ASSIGNMENT((#11272));
#11200=PRESENTATION_STYLE_ASSIGNMENT((#11273));
#11201=PRESENTATION_STYLE_ASSIGNMENT((#11274));
#11202=PRESENTATION_STYLE_ASSIGNMENT((#11275));
#11203=PRESENTATION_STYLE_ASSIGNMENT((#11276));
#11204=PRESENTATION_STYLE_ASSIGNMENT((#11277));
#11205=PRESENTATION_STYLE_ASSIGNMENT((#11278));
#11206=PRESENTATION_STYLE_ASSIGNMENT((#11279));
#11207=PRESENTATION_STYLE_ASSIGNMENT((#11280));
#11208=PRESENTATION_STYLE_ASSIGNMENT((#11281));
#11209=PRESENTATION_STYLE_ASSIGNMENT((#11282));
#11210=PRESENTATION_STYLE_ASSIGNMENT((#11283));
#11211=PRESENTATION_STYLE_ASSIGNMENT((#11284));
#11212=PRESENTATION_STYLE_ASSIGNMENT((#11285));
#11213=PRESENTATION_STYLE_ASSIGNMENT((#11286));
#11214=PRESENTATION_STYLE_ASSIGNMENT((#11287));
#11215=PRESENTATION_STYLE_ASSIGNMENT((#11288));
#11216=PRESENTATION_STYLE_ASSIGNMENT((#11289));
#11217=PRESENTATION_STYLE_ASSIGNMENT((#11290));
#11218=PRESENTATION_STYLE_ASSIGNMENT((#11291));
#11219=SURFACE_STYLE_USAGE(.BOTH.,#11292);
#11220=SURFACE_STYLE_USAGE(.BOTH.,#11293);
#11221=SURFACE_STYLE_USAGE(.BOTH.,#11294);
#11222=SURFACE_STYLE_USAGE(.BOTH.,#11295);
#11223=SURFACE_STYLE_USAGE(.BOTH.,#11296);
#11224=SURFACE_STYLE_USAGE(.BOTH.,#11297);
#11225=SURFACE_STYLE_USAGE(.BOTH.,#11298);
#11226=SURFACE_STYLE_USAGE(.BOTH.,#11299);
#11227=SURFACE_STYLE_USAGE(.BOTH.,#11300);
#11228=SURFACE_STYLE_USAGE(.BOTH.,#11301);
#11229=SURFACE_STYLE_USAGE(.BOTH.,#11302);
#11230=SURFACE_STYLE_USAGE(.BOTH.,#11303);
#11231=SURFACE_STYLE_USAGE(.BOTH.,#11304);
#11232=SURFACE_STYLE_USAGE(.BOTH.,#11305);
#11233=SURFACE_STYLE_USAGE(.BOTH.,#11306);
#11234=SURFACE_STYLE_USAGE(.BOTH.,#11307);
#11235=SURFACE_STYLE_USAGE(.BOTH.,#11308);
#11236=SURFACE_STYLE_USAGE(.BOTH.,#11309);
#11237=SURFACE_STYLE_USAGE(.BOTH.,#11310);
#11238=SURFACE_STYLE_USAGE(.BOTH.,#11311);
#11239=SURFACE_STYLE_USAGE(.BOTH.,#11312);
#11240=SURFACE_STYLE_USAGE(.BOTH.,#11313);
#11241=SURFACE_STYLE_USAGE(.BOTH.,#11314);
#11242=SURFACE_STYLE_USAGE(.BOTH.,#11315);
#11243=SURFACE_STYLE_USAGE(.BOTH.,#11316);
#11244=SURFACE_STYLE_USAGE(.BOTH.,#11317);
#11245=SURFACE_STYLE_USAGE(.BOTH.,#11318);
#11246=SURFACE_STYLE_USAGE(.BOTH.,#11319);
#11247=SURFACE_STYLE_USAGE(.BOTH.,#11320);
#11248=SURFACE_STYLE_USAGE(.BOTH.,#11321);
#11249=SURFACE_STYLE_USAGE(.BOTH.,#11322);
#11250=SURFACE_STYLE_USAGE(.BOTH.,#11323);
#11251=SURFACE_STYLE_USAGE(.BOTH.,#11324);
#11252=SURFACE_STYLE_USAGE(.BOTH.,#11325);
#11253=SURFACE_STYLE_USAGE(.BOTH.,#11326);
#11254=SURFACE_STYLE_USAGE(.BOTH.,#11327);
#11255=SURFACE_STYLE_USAGE(.BOTH.,#11328);
#11256=SURFACE_STYLE_USAGE(.BOTH.,#11329);
#11257=SURFACE_STYLE_USAGE(.BOTH.,#11330);
#11258=SURFACE_STYLE_USAGE(.BOTH.,#11331);
#11259=SURFACE_STYLE_USAGE(.BOTH.,#11332);
#11260=SURFACE_STYLE_USAGE(.BOTH.,#11333);
#11261=SURFACE_STYLE_USAGE(.BOTH.,#11334);
#11262=SURFACE_STYLE_USAGE(.BOTH.,#11335);
#11263=SURFACE_STYLE_USAGE(.BOTH.,#11336);
#11264=SURFACE_STYLE_USAGE(.BOTH.,#11337);
#11265=SURFACE_STYLE_USAGE(.BOTH.,#11338);
#11266=SURFACE_STYLE_USAGE(.BOTH.,#11339);
#11267=SURFACE_STYLE_USAGE(.BOTH.,#11340);
#11268=SURFACE_STYLE_USAGE(.BOTH.,#11341);
#11269=SURFACE_STYLE_USAGE(.BOTH.,#11342);
#11270=SURFACE_STYLE_USAGE(.BOTH.,#11343);
#11271=SURFACE_STYLE_USAGE(.BOTH.,#11344);
#11272=SURFACE_STYLE_USAGE(.BOTH.,#11345);
#11273=SURFACE_STYLE_USAGE(.BOTH.,#11346);
#11274=SURFACE_STYLE_USAGE(.BOTH.,#11347);
#11275=SURFACE_STYLE_USAGE(.BOTH.,#11348);
#11276=SURFACE_STYLE_USAGE(.BOTH.,#11349);
#11277=SURFACE_STYLE_USAGE(.BOTH.,#11350);
#11278=SURFACE_STYLE_USAGE(.BOTH.,#11351);
#11279=SURFACE_STYLE_USAGE(.BOTH.,#11352);
#11280=SURFACE_STYLE_USAGE(.BOTH.,#11353);
#11281=SURFACE_STYLE_USAGE(.BOTH.,#11354);
#11282=SURFACE_STYLE_USAGE(.BOTH.,#11355);
#11283=SURFACE_STYLE_USAGE(.BOTH.,#11356);
#11284=SURFACE_STYLE_USAGE(.BOTH.,#11357);
#11285=SURFACE_STYLE_USAGE(.BOTH.,#11358);
#11286=SURFACE_STYLE_USAGE(.BOTH.,#11359);
#11287=SURFACE_STYLE_USAGE(.BOTH.,#11360);
#11288=SURFACE_STYLE_USAGE(.BOTH.,#11361);
#11289=SURFACE_STYLE_USAGE(.BOTH.,#11362);
#11290=SURFACE_STYLE_USAGE(.BOTH.,#11363);
#11291=SURFACE_STYLE_USAGE(.BOTH.,#11364);
#11292=SURFACE_SIDE_STYLE('',(#11365));
#11293=SURFACE_SIDE_STYLE('',(#11366));
#11294=SURFACE_SIDE_STYLE('',(#11367));
#11295=SURFACE_SIDE_STYLE('',(#11368));
#11296=SURFACE_SIDE_STYLE('',(#11369));
#11297=SURFACE_SIDE_STYLE('',(#11370,#22));
#11298=SURFACE_SIDE_STYLE('',(#11371,#23));
#11299=SURFACE_SIDE_STYLE('',(#11372,#24));
#11300=SURFACE_SIDE_STYLE('',(#11373,#25));
#11301=SURFACE_SIDE_STYLE('',(#11374,#26));
#11302=SURFACE_SIDE_STYLE('',(#11375,#27));
#11303=SURFACE_SIDE_STYLE('',(#11376,#28));
#11304=SURFACE_SIDE_STYLE('',(#11377,#29));
#11305=SURFACE_SIDE_STYLE('',(#11378,#30));
#11306=SURFACE_SIDE_STYLE('',(#11379,#31));
#11307=SURFACE_SIDE_STYLE('',(#11380,#32));
#11308=SURFACE_SIDE_STYLE('',(#11381,#33));
#11309=SURFACE_SIDE_STYLE('',(#11382));
#11310=SURFACE_SIDE_STYLE('',(#11383));
#11311=SURFACE_SIDE_STYLE('',(#11384));
#11312=SURFACE_SIDE_STYLE('',(#11385));
#11313=SURFACE_SIDE_STYLE('',(#11386));
#11314=SURFACE_SIDE_STYLE('',(#11387));
#11315=SURFACE_SIDE_STYLE('',(#11388));
#11316=SURFACE_SIDE_STYLE('',(#11389));
#11317=SURFACE_SIDE_STYLE('',(#11390));
#11318=SURFACE_SIDE_STYLE('',(#11391));
#11319=SURFACE_SIDE_STYLE('',(#11392));
#11320=SURFACE_SIDE_STYLE('',(#11393));
#11321=SURFACE_SIDE_STYLE('',(#11394));
#11322=SURFACE_SIDE_STYLE('',(#11395));
#11323=SURFACE_SIDE_STYLE('',(#11396));
#11324=SURFACE_SIDE_STYLE('',(#11397));
#11325=SURFACE_SIDE_STYLE('',(#11398));
#11326=SURFACE_SIDE_STYLE('',(#11399));
#11327=SURFACE_SIDE_STYLE('',(#11400));
#11328=SURFACE_SIDE_STYLE('',(#11401));
#11329=SURFACE_SIDE_STYLE('',(#11402));
#11330=SURFACE_SIDE_STYLE('',(#11403));
#11331=SURFACE_SIDE_STYLE('',(#11404,#34));
#11332=SURFACE_SIDE_STYLE('',(#11405,#35));
#11333=SURFACE_SIDE_STYLE('',(#11406,#36));
#11334=SURFACE_SIDE_STYLE('',(#11407,#37));
#11335=SURFACE_SIDE_STYLE('',(#11408,#38));
#11336=SURFACE_SIDE_STYLE('',(#11409,#39));
#11337=SURFACE_SIDE_STYLE('',(#11410,#40));
#11338=SURFACE_SIDE_STYLE('',(#11411,#41));
#11339=SURFACE_SIDE_STYLE('',(#11412,#42));
#11340=SURFACE_SIDE_STYLE('',(#11413,#43));
#11341=SURFACE_SIDE_STYLE('',(#11414,#44));
#11342=SURFACE_SIDE_STYLE('',(#11415,#45));
#11343=SURFACE_SIDE_STYLE('',(#11416));
#11344=SURFACE_SIDE_STYLE('',(#11417));
#11345=SURFACE_SIDE_STYLE('',(#11418));
#11346=SURFACE_SIDE_STYLE('',(#11419));
#11347=SURFACE_SIDE_STYLE('',(#11420));
#11348=SURFACE_SIDE_STYLE('',(#11421));
#11349=SURFACE_SIDE_STYLE('',(#11422));
#11350=SURFACE_SIDE_STYLE('',(#11423));
#11351=SURFACE_SIDE_STYLE('',(#11424));
#11352=SURFACE_SIDE_STYLE('',(#11425));
#11353=SURFACE_SIDE_STYLE('',(#11426));
#11354=SURFACE_SIDE_STYLE('',(#11427));
#11355=SURFACE_SIDE_STYLE('',(#11428));
#11356=SURFACE_SIDE_STYLE('',(#11429));
#11357=SURFACE_SIDE_STYLE('',(#11430));
#11358=SURFACE_SIDE_STYLE('',(#11431));
#11359=SURFACE_SIDE_STYLE('',(#11432));
#11360=SURFACE_SIDE_STYLE('',(#11433));
#11361=SURFACE_SIDE_STYLE('',(#11434));
#11362=SURFACE_SIDE_STYLE('',(#11435));
#11363=SURFACE_SIDE_STYLE('',(#11436));
#11364=SURFACE_SIDE_STYLE('',(#11437));
#11365=SURFACE_STYLE_FILL_AREA(#11438);
#11366=SURFACE_STYLE_FILL_AREA(#11439);
#11367=SURFACE_STYLE_FILL_AREA(#11440);
#11368=SURFACE_STYLE_FILL_AREA(#11441);
#11369=SURFACE_STYLE_FILL_AREA(#11442);
#11370=SURFACE_STYLE_FILL_AREA(#11443);
#11371=SURFACE_STYLE_FILL_AREA(#11444);
#11372=SURFACE_STYLE_FILL_AREA(#11445);
#11373=SURFACE_STYLE_FILL_AREA(#11446);
#11374=SURFACE_STYLE_FILL_AREA(#11447);
#11375=SURFACE_STYLE_FILL_AREA(#11448);
#11376=SURFACE_STYLE_FILL_AREA(#11449);
#11377=SURFACE_STYLE_FILL_AREA(#11450);
#11378=SURFACE_STYLE_FILL_AREA(#11451);
#11379=SURFACE_STYLE_FILL_AREA(#11452);
#11380=SURFACE_STYLE_FILL_AREA(#11453);
#11381=SURFACE_STYLE_FILL_AREA(#11454);
#11382=SURFACE_STYLE_FILL_AREA(#11455);
#11383=SURFACE_STYLE_FILL_AREA(#11456);
#11384=SURFACE_STYLE_FILL_AREA(#11457);
#11385=SURFACE_STYLE_FILL_AREA(#11458);
#11386=SURFACE_STYLE_FILL_AREA(#11459);
#11387=SURFACE_STYLE_FILL_AREA(#11460);
#11388=SURFACE_STYLE_FILL_AREA(#11461);
#11389=SURFACE_STYLE_FILL_AREA(#11462);
#11390=SURFACE_STYLE_FILL_AREA(#11463);
#11391=SURFACE_STYLE_FILL_AREA(#11464);
#11392=SURFACE_STYLE_FILL_AREA(#11465);
#11393=SURFACE_STYLE_FILL_AREA(#11466);
#11394=SURFACE_STYLE_FILL_AREA(#11467);
#11395=SURFACE_STYLE_FILL_AREA(#11468);
#11396=SURFACE_STYLE_FILL_AREA(#11469);
#11397=SURFACE_STYLE_FILL_AREA(#11470);
#11398=SURFACE_STYLE_FILL_AREA(#11471);
#11399=SURFACE_STYLE_FILL_AREA(#11472);
#11400=SURFACE_STYLE_FILL_AREA(#11473);
#11401=SURFACE_STYLE_FILL_AREA(#11474);
#11402=SURFACE_STYLE_FILL_AREA(#11475);
#11403=SURFACE_STYLE_FILL_AREA(#11476);
#11404=SURFACE_STYLE_FILL_AREA(#11477);
#11405=SURFACE_STYLE_FILL_AREA(#11478);
#11406=SURFACE_STYLE_FILL_AREA(#11479);
#11407=SURFACE_STYLE_FILL_AREA(#11480);
#11408=SURFACE_STYLE_FILL_AREA(#11481);
#11409=SURFACE_STYLE_FILL_AREA(#11482);
#11410=SURFACE_STYLE_FILL_AREA(#11483);
#11411=SURFACE_STYLE_FILL_AREA(#11484);
#11412=SURFACE_STYLE_FILL_AREA(#11485);
#11413=SURFACE_STYLE_FILL_AREA(#11486);
#11414=SURFACE_STYLE_FILL_AREA(#11487);
#11415=SURFACE_STYLE_FILL_AREA(#11488);
#11416=SURFACE_STYLE_FILL_AREA(#11489);
#11417=SURFACE_STYLE_FILL_AREA(#11490);
#11418=SURFACE_STYLE_FILL_AREA(#11491);
#11419=SURFACE_STYLE_FILL_AREA(#11492);
#11420=SURFACE_STYLE_FILL_AREA(#11493);
#11421=SURFACE_STYLE_FILL_AREA(#11494);
#11422=SURFACE_STYLE_FILL_AREA(#11495);
#11423=SURFACE_STYLE_FILL_AREA(#11496);
#11424=SURFACE_STYLE_FILL_AREA(#11497);
#11425=SURFACE_STYLE_FILL_AREA(#11498);
#11426=SURFACE_STYLE_FILL_AREA(#11499);
#11427=SURFACE_STYLE_FILL_AREA(#11500);
#11428=SURFACE_STYLE_FILL_AREA(#11501);
#11429=SURFACE_STYLE_FILL_AREA(#11502);
#11430=SURFACE_STYLE_FILL_AREA(#11503);
#11431=SURFACE_STYLE_FILL_AREA(#11504);
#11432=SURFACE_STYLE_FILL_AREA(#11505);
#11433=SURFACE_STYLE_FILL_AREA(#11506);
#11434=SURFACE_STYLE_FILL_AREA(#11507);
#11435=SURFACE_STYLE_FILL_AREA(#11508);
#11436=SURFACE_STYLE_FILL_AREA(#11509);
#11437=SURFACE_STYLE_FILL_AREA(#11510);
#11438=FILL_AREA_STYLE('',(#11511));
#11439=FILL_AREA_STYLE('',(#11512));
#11440=FILL_AREA_STYLE('',(#11513));
#11441=FILL_AREA_STYLE('',(#11514));
#11442=FILL_AREA_STYLE('',(#11515));
#11443=FILL_AREA_STYLE('',(#11516));
#11444=FILL_AREA_STYLE('',(#11517));
#11445=FILL_AREA_STYLE('',(#11518));
#11446=FILL_AREA_STYLE('',(#11519));
#11447=FILL_AREA_STYLE('',(#11520));
#11448=FILL_AREA_STYLE('',(#11521));
#11449=FILL_AREA_STYLE('',(#11522));
#11450=FILL_AREA_STYLE('',(#11523));
#11451=FILL_AREA_STYLE('',(#11524));
#11452=FILL_AREA_STYLE('',(#11525));
#11453=FILL_AREA_STYLE('',(#11526));
#11454=FILL_AREA_STYLE('',(#11527));
#11455=FILL_AREA_STYLE('',(#11528));
#11456=FILL_AREA_STYLE('',(#11529));
#11457=FILL_AREA_STYLE('',(#11530));
#11458=FILL_AREA_STYLE('',(#11531));
#11459=FILL_AREA_STYLE('',(#11532));
#11460=FILL_AREA_STYLE('',(#11533));
#11461=FILL_AREA_STYLE('',(#11534));
#11462=FILL_AREA_STYLE('',(#11535));
#11463=FILL_AREA_STYLE('',(#11536));
#11464=FILL_AREA_STYLE('',(#11537));
#11465=FILL_AREA_STYLE('',(#11538));
#11466=FILL_AREA_STYLE('',(#11539));
#11467=FILL_AREA_STYLE('',(#11540));
#11468=FILL_AREA_STYLE('',(#11541));
#11469=FILL_AREA_STYLE('',(#11542));
#11470=FILL_AREA_STYLE('',(#11543));
#11471=FILL_AREA_STYLE('',(#11544));
#11472=FILL_AREA_STYLE('',(#11545));
#11473=FILL_AREA_STYLE('',(#11546));
#11474=FILL_AREA_STYLE('',(#11547));
#11475=FILL_AREA_STYLE('',(#11548));
#11476=FILL_AREA_STYLE('',(#11549));
#11477=FILL_AREA_STYLE('',(#11550));
#11478=FILL_AREA_STYLE('',(#11551));
#11479=FILL_AREA_STYLE('',(#11552));
#11480=FILL_AREA_STYLE('',(#11553));
#11481=FILL_AREA_STYLE('',(#11554));
#11482=FILL_AREA_STYLE('',(#11555));
#11483=FILL_AREA_STYLE('',(#11556));
#11484=FILL_AREA_STYLE('',(#11557));
#11485=FILL_AREA_STYLE('',(#11558));
#11486=FILL_AREA_STYLE('',(#11559));
#11487=FILL_AREA_STYLE('',(#11560));
#11488=FILL_AREA_STYLE('',(#11561));
#11489=FILL_AREA_STYLE('',(#11562));
#11490=FILL_AREA_STYLE('',(#11563));
#11491=FILL_AREA_STYLE('',(#11564));
#11492=FILL_AREA_STYLE('',(#11565));
#11493=FILL_AREA_STYLE('',(#11566));
#11494=FILL_AREA_STYLE('',(#11567));
#11495=FILL_AREA_STYLE('',(#11568));
#11496=FILL_AREA_STYLE('',(#11569));
#11497=FILL_AREA_STYLE('',(#11570));
#11498=FILL_AREA_STYLE('',(#11571));
#11499=FILL_AREA_STYLE('',(#11572));
#11500=FILL_AREA_STYLE('',(#11573));
#11501=FILL_AREA_STYLE('',(#11574));
#11502=FILL_AREA_STYLE('',(#11575));
#11503=FILL_AREA_STYLE('',(#11576));
#11504=FILL_AREA_STYLE('',(#11577));
#11505=FILL_AREA_STYLE('',(#11578));
#11506=FILL_AREA_STYLE('',(#11579));
#11507=FILL_AREA_STYLE('',(#11580));
#11508=FILL_AREA_STYLE('',(#11581));
#11509=FILL_AREA_STYLE('',(#11582));
#11510=FILL_AREA_STYLE('',(#11583));
#11511=FILL_AREA_STYLE_COLOUR('',#11584);
#11512=FILL_AREA_STYLE_COLOUR('',#11585);
#11513=FILL_AREA_STYLE_COLOUR('',#11586);
#11514=FILL_AREA_STYLE_COLOUR('',#11586);
#11515=FILL_AREA_STYLE_COLOUR('',#11585);
#11516=FILL_AREA_STYLE_COLOUR('',#11587);
#11517=FILL_AREA_STYLE_COLOUR('',#11587);
#11518=FILL_AREA_STYLE_COLOUR('',#11587);
#11519=FILL_AREA_STYLE_COLOUR('',#11587);
#11520=FILL_AREA_STYLE_COLOUR('',#11587);
#11521=FILL_AREA_STYLE_COLOUR('',#11587);
#11522=FILL_AREA_STYLE_COLOUR('',#11587);
#11523=FILL_AREA_STYLE_COLOUR('',#11587);
#11524=FILL_AREA_STYLE_COLOUR('',#11587);
#11525=FILL_AREA_STYLE_COLOUR('',#11587);
#11526=FILL_AREA_STYLE_COLOUR('',#11587);
#11527=FILL_AREA_STYLE_COLOUR('',#11587);
#11528=FILL_AREA_STYLE_COLOUR('',#11588);
#11529=FILL_AREA_STYLE_COLOUR('',#11588);
#11530=FILL_AREA_STYLE_COLOUR('',#11588);
#11531=FILL_AREA_STYLE_COLOUR('',#11588);
#11532=FILL_AREA_STYLE_COLOUR('',#11588);
#11533=FILL_AREA_STYLE_COLOUR('',#11588);
#11534=FILL_AREA_STYLE_COLOUR('',#11588);
#11535=FILL_AREA_STYLE_COLOUR('',#11588);
#11536=FILL_AREA_STYLE_COLOUR('',#11588);
#11537=FILL_AREA_STYLE_COLOUR('',#11588);
#11538=FILL_AREA_STYLE_COLOUR('',#11588);
#11539=FILL_AREA_STYLE_COLOUR('',#11588);
#11540=FILL_AREA_STYLE_COLOUR('',#11588);
#11541=FILL_AREA_STYLE_COLOUR('',#11588);
#11542=FILL_AREA_STYLE_COLOUR('',#11588);
#11543=FILL_AREA_STYLE_COLOUR('',#11588);
#11544=FILL_AREA_STYLE_COLOUR('',#11588);
#11545=FILL_AREA_STYLE_COLOUR('',#11588);
#11546=FILL_AREA_STYLE_COLOUR('',#11588);
#11547=FILL_AREA_STYLE_COLOUR('',#11588);
#11548=FILL_AREA_STYLE_COLOUR('',#11588);
#11549=FILL_AREA_STYLE_COLOUR('',#11588);
#11550=FILL_AREA_STYLE_COLOUR('',#11589);
#11551=FILL_AREA_STYLE_COLOUR('',#11589);
#11552=FILL_AREA_STYLE_COLOUR('',#11589);
#11553=FILL_AREA_STYLE_COLOUR('',#11589);
#11554=FILL_AREA_STYLE_COLOUR('',#11589);
#11555=FILL_AREA_STYLE_COLOUR('',#11589);
#11556=FILL_AREA_STYLE_COLOUR('',#11589);
#11557=FILL_AREA_STYLE_COLOUR('',#11589);
#11558=FILL_AREA_STYLE_COLOUR('',#11589);
#11559=FILL_AREA_STYLE_COLOUR('',#11589);
#11560=FILL_AREA_STYLE_COLOUR('',#11589);
#11561=FILL_AREA_STYLE_COLOUR('',#11589);
#11562=FILL_AREA_STYLE_COLOUR('',#11588);
#11563=FILL_AREA_STYLE_COLOUR('',#11588);
#11564=FILL_AREA_STYLE_COLOUR('',#11588);
#11565=FILL_AREA_STYLE_COLOUR('',#11588);
#11566=FILL_AREA_STYLE_COLOUR('',#11588);
#11567=FILL_AREA_STYLE_COLOUR('',#11588);
#11568=FILL_AREA_STYLE_COLOUR('',#11588);
#11569=FILL_AREA_STYLE_COLOUR('',#11588);
#11570=FILL_AREA_STYLE_COLOUR('',#11588);
#11571=FILL_AREA_STYLE_COLOUR('',#11588);
#11572=FILL_AREA_STYLE_COLOUR('',#11588);
#11573=FILL_AREA_STYLE_COLOUR('',#11588);
#11574=FILL_AREA_STYLE_COLOUR('',#11588);
#11575=FILL_AREA_STYLE_COLOUR('',#11588);
#11576=FILL_AREA_STYLE_COLOUR('',#11588);
#11577=FILL_AREA_STYLE_COLOUR('',#11588);
#11578=FILL_AREA_STYLE_COLOUR('',#11588);
#11579=FILL_AREA_STYLE_COLOUR('',#11588);
#11580=FILL_AREA_STYLE_COLOUR('',#11588);
#11581=FILL_AREA_STYLE_COLOUR('',#11588);
#11582=FILL_AREA_STYLE_COLOUR('',#11588);
#11583=FILL_AREA_STYLE_COLOUR('',#11588);
#11584=COLOUR_RGB('',0.645180702209473,0.678915679454803,0.699999988079071);
#11585=COLOUR_RGB('',0.200000002980232,0.200000002980232,0.200000002980232);
#11586=COLOUR_RGB('',0.819999992847443,0.819999992847443,0.819999992847443);
#11587=COLOUR_RGB('',0.,0.490196108818054,0.);
#11588=COLOUR_RGB('',0.980000019073486,0.980000019073486,0.980000019073486);
#11589=COLOUR_RGB('',0.579999983310699,0.579999983310699,0.);
#11590=MANIFOLD_SOLID_BREP('',#11066);
#11591=MANIFOLD_SOLID_BREP('',#11067);
#11592=MANIFOLD_SOLID_BREP('',#11068);
#11593=MANIFOLD_SOLID_BREP('',#11069);
#11594=MANIFOLD_SOLID_BREP('',#11070);
#11595=MANIFOLD_SOLID_BREP('',#11071);
#11596=MANIFOLD_SOLID_BREP('',#11072);
#11597=SHAPE_DEFINITION_REPRESENTATION(#18420,#11605);
#11598=SHAPE_DEFINITION_REPRESENTATION(#18419,#11606);
#11599=SHAPE_DEFINITION_REPRESENTATION(#18422,#11607);
#11600=SHAPE_DEFINITION_REPRESENTATION(#18424,#11608);
#11601=SHAPE_DEFINITION_REPRESENTATION(#18426,#11609);
#11602=SHAPE_DEFINITION_REPRESENTATION(#18432,#11610);
#11603=SHAPE_DEFINITION_REPRESENTATION(#18436,#11611);
#11604=SHAPE_DEFINITION_REPRESENTATION(#18438,#11612);
#11605=SHAPE_REPRESENTATION('615108137221R_Shielding',(#11613),#18401);
#11606=SHAPE_REPRESENTATION('615108137221R',(#11613,#11868,#12128,#12159,
#12190,#12191,#12192,#12193,#12194,#12253,#12254,#12255,#12310,#12365),
#18400);
#11607=SHAPE_REPRESENTATION('615108137221R_Housing',(#11613),#18402);
#11608=SHAPE_REPRESENTATION('615108137221R_Pin Longue',(#11613),#18403);
#11609=SHAPE_REPRESENTATION('615108137221R_Pin Short',(#11613),#18404);
#11610=SHAPE_REPRESENTATION('615108137221R_Housing-2',(#11613),#18405);
#11611=SHAPE_REPRESENTATION('615108137221R_Led Green',(#11613),#18406);
#11612=SHAPE_REPRESENTATION('615108137221R_Led Yellow',(#11613),#18407);
#11613=AXIS2_PLACEMENT_3D('',#15250,#12366,#12367);
#11614=AXIS2_PLACEMENT_3D('',#15251,#12368,#12369);
#11615=AXIS2_PLACEMENT_3D('',#15255,#12371,#12372);
#11616=AXIS2_PLACEMENT_3D('',#15259,#12374,#12375);
#11617=AXIS2_PLACEMENT_3D('',#15264,#12378,#12379);
#11618=AXIS2_PLACEMENT_3D('',#15268,#12381,#12382);
#11619=AXIS2_PLACEMENT_3D('',#15272,#12384,#12385);
#11620=AXIS2_PLACEMENT_3D('',#15277,#12388,#12389);
#11621=AXIS2_PLACEMENT_3D('',#15280,#12392,#12393);
#11622=AXIS2_PLACEMENT_3D('',#15282,#12395,#12396);
#11623=AXIS2_PLACEMENT_3D('',#15284,#12398,#12399);
#11624=AXIS2_PLACEMENT_3D('',#15286,#12401,#12402);
#11625=AXIS2_PLACEMENT_3D('',#15288,#12404,#12405);
#11626=AXIS2_PLACEMENT_3D('',#15294,#12409,#12410);
#11627=AXIS2_PLACEMENT_3D('',#15310,#12418,#12419);
#11628=AXIS2_PLACEMENT_3D('',#15315,#12422,#12423);
#11629=AXIS2_PLACEMENT_3D('',#15319,#12425,#12426);
#11630=AXIS2_PLACEMENT_3D('',#15323,#12428,#12429);
#11631=AXIS2_PLACEMENT_3D('',#15324,#12430,#12431);
#11632=AXIS2_PLACEMENT_3D('',#15327,#12433,#12434);
#11633=AXIS2_PLACEMENT_3D('',#15330,#12436,#12437);
#11634=AXIS2_PLACEMENT_3D('',#15331,#12438,#12439);
#11635=AXIS2_PLACEMENT_3D('',#15335,#12441,#12442);
#11636=AXIS2_PLACEMENT_3D('',#15343,#12446,#12447);
#11637=AXIS2_PLACEMENT_3D('',#15344,#12448,#12449);
#11638=AXIS2_PLACEMENT_3D('',#15350,#12453,#12454);
#11639=AXIS2_PLACEMENT_3D('',#15354,#12456,#12457);
#11640=AXIS2_PLACEMENT_3D('',#15355,#12458,#12459);
#11641=AXIS2_PLACEMENT_3D('',#15360,#12462,#12463);
#11642=AXIS2_PLACEMENT_3D('',#15361,#12464,#12465);
#11643=AXIS2_PLACEMENT_3D('',#15365,#12467,#12468);
#11644=AXIS2_PLACEMENT_3D('',#15369,#12470,#12471);
#11645=AXIS2_PLACEMENT_3D('',#15373,#12473,#12474);
#11646=AXIS2_PLACEMENT_3D('',#15374,#12475,#12476);
#11647=AXIS2_PLACEMENT_3D('',#15377,#12478,#12479);
#11648=AXIS2_PLACEMENT_3D('',#15380,#12481,#12482);
#11649=AXIS2_PLACEMENT_3D('',#15381,#12483,#12484);
#11650=AXIS2_PLACEMENT_3D('',#15386,#12487,#12488);
#11651=AXIS2_PLACEMENT_3D('',#15395,#12493,#12494);
#11652=AXIS2_PLACEMENT_3D('',#15410,#12502,#12503);
#11653=AXIS2_PLACEMENT_3D('',#15413,#12505,#12506);
#11654=AXIS2_PLACEMENT_3D('',#15414,#12507,#12508);
#11655=AXIS2_PLACEMENT_3D('',#15416,#12509,#12510);
#11656=AXIS2_PLACEMENT_3D('',#15420,#12512,#12513);
#11657=AXIS2_PLACEMENT_3D('',#15422,#12515,#12516);
#11658=AXIS2_PLACEMENT_3D('',#15423,#12517,#12518);
#11659=AXIS2_PLACEMENT_3D('',#15426,#12520,#12521);
#11660=AXIS2_PLACEMENT_3D('',#15430,#12523,#12524);
#11661=AXIS2_PLACEMENT_3D('',#15431,#12525,#12526);
#11662=AXIS2_PLACEMENT_3D('',#15445,#12533,#12534);
#11663=AXIS2_PLACEMENT_3D('',#15450,#12537,#12538);
#11664=AXIS2_PLACEMENT_3D('',#15451,#12539,#12540);
#11665=AXIS2_PLACEMENT_3D('',#15453,#12541,#12542);
#11666=AXIS2_PLACEMENT_3D('',#15456,#12544,#12545);
#11667=AXIS2_PLACEMENT_3D('',#15457,#12546,#12547);
#11668=AXIS2_PLACEMENT_3D('',#15458,#12548,#12549);
#11669=AXIS2_PLACEMENT_3D('',#15459,#12550,#12551);
#11670=AXIS2_PLACEMENT_3D('',#15460,#12552,#12553);
#11671=AXIS2_PLACEMENT_3D('',#15465,#12555,#12556);
#11672=AXIS2_PLACEMENT_3D('',#15469,#12558,#12559);
#11673=AXIS2_PLACEMENT_3D('',#15472,#12561,#12562);
#11674=AXIS2_PLACEMENT_3D('',#15473,#12563,#12564);
#11675=AXIS2_PLACEMENT_3D('',#15474,#12565,#12566);
#11676=AXIS2_PLACEMENT_3D('',#15475,#12567,#12568);
#11677=AXIS2_PLACEMENT_3D('',#15479,#12570,#12571);
#11678=AXIS2_PLACEMENT_3D('',#15483,#12573,#12574);
#11679=AXIS2_PLACEMENT_3D('',#15484,#12575,#12576);
#11680=AXIS2_PLACEMENT_3D('',#15501,#12585,#12586);
#11681=AXIS2_PLACEMENT_3D('',#15526,#12599,#12600);
#11682=AXIS2_PLACEMENT_3D('',#15529,#12603,#12604);
#11683=AXIS2_PLACEMENT_3D('',#15532,#12607,#12608);
#11684=AXIS2_PLACEMENT_3D('',#15533,#12609,#12610);
#11685=AXIS2_PLACEMENT_3D('',#15535,#12612,#12613);
#11686=AXIS2_PLACEMENT_3D('',#15537,#12615,#12616);
#11687=AXIS2_PLACEMENT_3D('',#15565,#12632,#12633);
#11688=AXIS2_PLACEMENT_3D('',#15582,#12642,#12643);
#11689=AXIS2_PLACEMENT_3D('',#15607,#12656,#12657);
#11690=AXIS2_PLACEMENT_3D('',#15608,#12658,#12659);
#11691=AXIS2_PLACEMENT_3D('',#15613,#12661,#12662);
#11692=AXIS2_PLACEMENT_3D('',#15617,#12664,#12665);
#11693=AXIS2_PLACEMENT_3D('',#15621,#12667,#12668);
#11694=AXIS2_PLACEMENT_3D('',#15629,#12672,#12673);
#11695=AXIS2_PLACEMENT_3D('',#15632,#12675,#12676);
#11696=AXIS2_PLACEMENT_3D('',#15636,#12678,#12679);
#11697=AXIS2_PLACEMENT_3D('',#15642,#12683,#12684);
#11698=AXIS2_PLACEMENT_3D('',#15644,#12686,#12687);
#11699=AXIS2_PLACEMENT_3D('',#15648,#12689,#12690);
#11700=AXIS2_PLACEMENT_3D('',#15649,#12691,#12692);
#11701=AXIS2_PLACEMENT_3D('',#15652,#12695,#12696);
#11702=AXIS2_PLACEMENT_3D('',#15659,#12701,#12702);
#11703=AXIS2_PLACEMENT_3D('',#15661,#12704,#12705);
#11704=AXIS2_PLACEMENT_3D('',#15662,#12706,#12707);
#11705=AXIS2_PLACEMENT_3D('',#15666,#12709,#12710);
#11706=AXIS2_PLACEMENT_3D('',#15669,#12712,#12713);
#11707=AXIS2_PLACEMENT_3D('',#15672,#12715,#12716);
#11708=AXIS2_PLACEMENT_3D('',#15676,#12718,#12719);
#11709=AXIS2_PLACEMENT_3D('',#15679,#12721,#12722);
#11710=AXIS2_PLACEMENT_3D('',#15683,#12726,#12727);
#11711=AXIS2_PLACEMENT_3D('',#15684,#12728,#12729);
#11712=AXIS2_PLACEMENT_3D('',#15688,#12731,#12732);
#11713=AXIS2_PLACEMENT_3D('',#15689,#12733,#12734);
#11714=AXIS2_PLACEMENT_3D('',#15698,#12739,#12740);
#11715=AXIS2_PLACEMENT_3D('',#15704,#12744,#12745);
#11716=AXIS2_PLACEMENT_3D('',#15709,#12749,#12750);
#11717=AXIS2_PLACEMENT_3D('',#15712,#12752,#12753);
#11718=AXIS2_PLACEMENT_3D('',#15713,#12754,#12755);
#11719=AXIS2_PLACEMENT_3D('',#15718,#12758,#12759);
#11720=AXIS2_PLACEMENT_3D('',#15719,#12760,#12761);
#11721=AXIS2_PLACEMENT_3D('',#15723,#12764,#12765);
#11722=AXIS2_PLACEMENT_3D('',#15727,#12768,#12769);
#11723=AXIS2_PLACEMENT_3D('',#15729,#12771,#12772);
#11724=AXIS2_PLACEMENT_3D('',#15733,#12775,#12776);
#11725=AXIS2_PLACEMENT_3D('',#15737,#12779,#12780);
#11726=AXIS2_PLACEMENT_3D('',#15741,#12783,#12784);
#11727=AXIS2_PLACEMENT_3D('',#15745,#12787,#12788);
#11728=AXIS2_PLACEMENT_3D('',#15749,#12791,#12792);
#11729=AXIS2_PLACEMENT_3D('',#15751,#12794,#12795);
#11730=AXIS2_PLACEMENT_3D('',#15754,#12798,#12799);
#11731=AXIS2_PLACEMENT_3D('',#15761,#12803,#12804);
#11732=AXIS2_PLACEMENT_3D('',#15768,#12809,#12810);
#11733=AXIS2_PLACEMENT_3D('',#15775,#12815,#12816);
#11734=AXIS2_PLACEMENT_3D('',#15783,#12821,#12822);
#11735=AXIS2_PLACEMENT_3D('',#15786,#12825,#12826);
#11736=AXIS2_PLACEMENT_3D('',#15789,#12829,#12830);
#11737=AXIS2_PLACEMENT_3D('',#15790,#12831,#12832);
#11738=AXIS2_PLACEMENT_3D('',#15791,#12833,#12834);
#11739=AXIS2_PLACEMENT_3D('',#15792,#12835,#12836);
#11740=AXIS2_PLACEMENT_3D('',#15794,#12837,#12838);
#11741=AXIS2_PLACEMENT_3D('',#15799,#12841,#12842);
#11742=AXIS2_PLACEMENT_3D('',#15801,#12843,#12844);
#11743=AXIS2_PLACEMENT_3D('',#15802,#12845,#12846);
#11744=AXIS2_PLACEMENT_3D('',#15804,#12848,#12849);
#11745=AXIS2_PLACEMENT_3D('',#15806,#12851,#12852);
#11746=AXIS2_PLACEMENT_3D('',#15807,#12853,#12854);
#11747=AXIS2_PLACEMENT_3D('',#15808,#12855,#12856);
#11748=AXIS2_PLACEMENT_3D('',#15820,#12862,#12863);
#11749=AXIS2_PLACEMENT_3D('',#15825,#12866,#12867);
#11750=AXIS2_PLACEMENT_3D('',#15826,#12868,#12869);
#11751=AXIS2_PLACEMENT_3D('',#15831,#12873,#12874);
#11752=AXIS2_PLACEMENT_3D('',#15832,#12875,#12876);
#11753=AXIS2_PLACEMENT_3D('',#15835,#12878,#12879);
#11754=AXIS2_PLACEMENT_3D('',#15840,#12882,#12883);
#11755=AXIS2_PLACEMENT_3D('',#15842,#12884,#12885);
#11756=AXIS2_PLACEMENT_3D('',#15843,#12886,#12887);
#11757=AXIS2_PLACEMENT_3D('',#15844,#12888,#12889);
#11758=AXIS2_PLACEMENT_3D('',#15846,#12891,#12892);
#11759=AXIS2_PLACEMENT_3D('',#15848,#12894,#12895);
#11760=AXIS2_PLACEMENT_3D('',#15857,#12900,#12901);
#11761=AXIS2_PLACEMENT_3D('',#15858,#12902,#12903);
#11762=AXIS2_PLACEMENT_3D('',#15859,#12904,#12905);
#11763=AXIS2_PLACEMENT_3D('',#15860,#12906,#12907);
#11764=AXIS2_PLACEMENT_3D('',#15861,#12908,#12909);
#11765=AXIS2_PLACEMENT_3D('',#15862,#12910,#12911);
#11766=AXIS2_PLACEMENT_3D('',#15869,#12916,#12917);
#11767=AXIS2_PLACEMENT_3D('',#15876,#12922,#12923);
#11768=AXIS2_PLACEMENT_3D('',#15877,#12924,#12925);
#11769=AXIS2_PLACEMENT_3D('',#15879,#12927,#12928);
#11770=AXIS2_PLACEMENT_3D('',#15880,#12929,#12930);
#11771=AXIS2_PLACEMENT_3D('',#15882,#12932,#12933);
#11772=AXIS2_PLACEMENT_3D('',#15883,#12934,#12935);
#11773=AXIS2_PLACEMENT_3D('',#15884,#12936,#12937);
#11774=AXIS2_PLACEMENT_3D('',#15885,#12938,#12939);
#11775=AXIS2_PLACEMENT_3D('',#15886,#12940,#12941);
#11776=AXIS2_PLACEMENT_3D('',#15887,#12942,#12943);
#11777=AXIS2_PLACEMENT_3D('',#15889,#12945,#12946);
#11778=AXIS2_PLACEMENT_3D('',#15890,#12947,#12948);
#11779=AXIS2_PLACEMENT_3D('',#15891,#12949,#12950);
#11780=AXIS2_PLACEMENT_3D('',#15892,#12951,#12952);
#11781=AXIS2_PLACEMENT_3D('',#15895,#12955,#12956);
#11782=AXIS2_PLACEMENT_3D('',#15897,#12958,#12959);
#11783=AXIS2_PLACEMENT_3D('',#15899,#12961,#12962);
#11784=AXIS2_PLACEMENT_3D('',#15903,#12964,#12965);
#11785=AXIS2_PLACEMENT_3D('',#15904,#12966,#12967);
#11786=AXIS2_PLACEMENT_3D('',#15905,#12968,#12969);
#11787=AXIS2_PLACEMENT_3D('',#15914,#12974,#12975);
#11788=AXIS2_PLACEMENT_3D('',#15915,#12976,#12977);
#11789=AXIS2_PLACEMENT_3D('',#15916,#12978,#12979);
#11790=AXIS2_PLACEMENT_3D('',#15917,#12980,#12981);
#11791=AXIS2_PLACEMENT_3D('',#15923,#12985,#12986);
#11792=AXIS2_PLACEMENT_3D('',#15924,#12987,#12988);
#11793=AXIS2_PLACEMENT_3D('',#15925,#12989,#12990);
#11794=AXIS2_PLACEMENT_3D('',#15926,#12991,#12992);
#11795=AXIS2_PLACEMENT_3D('',#15927,#12993,#12994);
#11796=AXIS2_PLACEMENT_3D('',#15928,#12995,#12996);
#11797=AXIS2_PLACEMENT_3D('',#15929,#12997,#12998);
#11798=AXIS2_PLACEMENT_3D('',#15930,#12999,#13000);
#11799=AXIS2_PLACEMENT_3D('',#15931,#13001,#13002);
#11800=AXIS2_PLACEMENT_3D('',#15932,#13003,#13004);
#11801=AXIS2_PLACEMENT_3D('',#15933,#13005,#13006);
#11802=AXIS2_PLACEMENT_3D('',#15934,#13007,#13008);
#11803=AXIS2_PLACEMENT_3D('',#15935,#13009,#13010);
#11804=AXIS2_PLACEMENT_3D('',#15936,#13011,#13012);
#11805=AXIS2_PLACEMENT_3D('',#15938,#13014,#13015);
#11806=AXIS2_PLACEMENT_3D('',#15939,#13016,#13017);
#11807=AXIS2_PLACEMENT_3D('',#15941,#13019,#13020);
#11808=AXIS2_PLACEMENT_3D('',#15952,#13026,#13027);
#11809=AXIS2_PLACEMENT_3D('',#15955,#13029,#13030);
#11810=AXIS2_PLACEMENT_3D('',#15957,#13032,#13033);
#11811=AXIS2_PLACEMENT_3D('',#15959,#13035,#13036);
#11812=AXIS2_PLACEMENT_3D('',#15960,#13037,#13038);
#11813=AXIS2_PLACEMENT_3D('',#15961,#13039,#13040);
#11814=AXIS2_PLACEMENT_3D('',#15963,#13042,#13043);
#11815=AXIS2_PLACEMENT_3D('',#15964,#13044,#13045);
#11816=AXIS2_PLACEMENT_3D('',#15965,#13046,#13047);
#11817=AXIS2_PLACEMENT_3D('',#15966,#13048,#13049);
#11818=AXIS2_PLACEMENT_3D('',#15967,#13050,#13051);
#11819=AXIS2_PLACEMENT_3D('',#15968,#13052,#13053);
#11820=AXIS2_PLACEMENT_3D('',#15971,#13056,#13057);
#11821=AXIS2_PLACEMENT_3D('',#15973,#13059,#13060);
#11822=AXIS2_PLACEMENT_3D('',#15974,#13061,#13062);
#11823=AXIS2_PLACEMENT_3D('',#15978,#13064,#13065);
#11824=AXIS2_PLACEMENT_3D('',#15980,#13067,#13068);
#11825=AXIS2_PLACEMENT_3D('',#15981,#13069,#13070);
#11826=AXIS2_PLACEMENT_3D('',#15990,#13075,#13076);
#11827=AXIS2_PLACEMENT_3D('',#15991,#13077,#13078);
#11828=AXIS2_PLACEMENT_3D('',#15992,#13079,#13080);
#11829=AXIS2_PLACEMENT_3D('',#15993,#13081,#13082);
#11830=AXIS2_PLACEMENT_3D('',#15999,#13086,#13087);
#11831=AXIS2_PLACEMENT_3D('',#16000,#13088,#13089);
#11832=AXIS2_PLACEMENT_3D('',#16001,#13090,#13091);
#11833=AXIS2_PLACEMENT_3D('',#16002,#13092,#13093);
#11834=AXIS2_PLACEMENT_3D('',#16003,#13094,#13095);
#11835=AXIS2_PLACEMENT_3D('',#16004,#13096,#13097);
#11836=AXIS2_PLACEMENT_3D('',#16005,#13098,#13099);
#11837=AXIS2_PLACEMENT_3D('',#16006,#13100,#13101);
#11838=AXIS2_PLACEMENT_3D('',#16007,#13102,#13103);
#11839=AXIS2_PLACEMENT_3D('',#16008,#13104,#13105);
#11840=AXIS2_PLACEMENT_3D('',#16009,#13106,#13107);
#11841=AXIS2_PLACEMENT_3D('',#16010,#13108,#13109);
#11842=AXIS2_PLACEMENT_3D('',#16011,#13110,#13111);
#11843=AXIS2_PLACEMENT_3D('',#16012,#13112,#13113);
#11844=AXIS2_PLACEMENT_3D('',#16020,#13117,#13118);
#11845=AXIS2_PLACEMENT_3D('',#16021,#13119,#13120);
#11846=AXIS2_PLACEMENT_3D('',#16022,#13121,#13122);
#11847=AXIS2_PLACEMENT_3D('',#16030,#13126,#13127);
#11848=AXIS2_PLACEMENT_3D('',#16031,#13128,#13129);
#11849=AXIS2_PLACEMENT_3D('',#16032,#13130,#13131);
#11850=AXIS2_PLACEMENT_3D('',#16041,#13136,#13137);
#11851=AXIS2_PLACEMENT_3D('',#16042,#13138,#13139);
#11852=AXIS2_PLACEMENT_3D('',#16043,#13140,#13141);
#11853=AXIS2_PLACEMENT_3D('',#16045,#13143,#13144);
#11854=AXIS2_PLACEMENT_3D('',#16046,#13145,#13146);
#11855=AXIS2_PLACEMENT_3D('',#16047,#13147,#13148);
#11856=AXIS2_PLACEMENT_3D('',#16049,#13150,#13151);
#11857=AXIS2_PLACEMENT_3D('',#16050,#13152,#13153);
#11858=AXIS2_PLACEMENT_3D('',#16051,#13154,#13155);
#11859=AXIS2_PLACEMENT_3D('',#16052,#13156,#13157);
#11860=AXIS2_PLACEMENT_3D('',#16053,#13158,#13159);
#11861=AXIS2_PLACEMENT_3D('',#16055,#13161,#13162);
#11862=AXIS2_PLACEMENT_3D('',#16057,#13164,#13165);
#11863=AXIS2_PLACEMENT_3D('',#16059,#13167,#13168);
#11864=AXIS2_PLACEMENT_3D('',#16061,#13170,#13171);
#11865=AXIS2_PLACEMENT_3D('',#16062,#13172,#13173);
#11866=AXIS2_PLACEMENT_3D('',#16063,#13174,#13175);
#11867=AXIS2_PLACEMENT_3D('',#16064,#13176,#13177);
#11868=AXIS2_PLACEMENT_3D('',#16065,#13178,#13179);
#11869=AXIS2_PLACEMENT_3D('',#16066,#13180,#13181);
#11870=AXIS2_PLACEMENT_3D('',#16075,#13186,#13187);
#11871=AXIS2_PLACEMENT_3D('',#16081,#13191,#13192);
#11872=AXIS2_PLACEMENT_3D('',#16087,#13196,#13197);
#11873=AXIS2_PLACEMENT_3D('',#16090,#13200,#13201);
#11874=AXIS2_PLACEMENT_3D('',#16099,#13206,#13207);
#11875=AXIS2_PLACEMENT_3D('',#16105,#13211,#13212);
#11876=AXIS2_PLACEMENT_3D('',#16111,#13216,#13217);
#11877=AXIS2_PLACEMENT_3D('',#16114,#13220,#13221);
#11878=AXIS2_PLACEMENT_3D('',#16123,#13226,#13227);
#11879=AXIS2_PLACEMENT_3D('',#16129,#13231,#13232);
#11880=AXIS2_PLACEMENT_3D('',#16135,#13236,#13237);
#11881=AXIS2_PLACEMENT_3D('',#16137,#13239,#13240);
#11882=AXIS2_PLACEMENT_3D('',#16139,#13242,#13243);
#11883=AXIS2_PLACEMENT_3D('',#16196,#13272,#13273);
#11884=AXIS2_PLACEMENT_3D('',#16209,#13280,#13281);
#11885=AXIS2_PLACEMENT_3D('',#16244,#13300,#13301);
#11886=AXIS2_PLACEMENT_3D('',#16260,#13310,#13311);
#11887=AXIS2_PLACEMENT_3D('',#16295,#13330,#13331);
#11888=AXIS2_PLACEMENT_3D('',#16307,#13337,#13338);
#11889=AXIS2_PLACEMENT_3D('',#16320,#13345,#13346);
#11890=AXIS2_PLACEMENT_3D('',#16381,#13377,#13378);
#11891=AXIS2_PLACEMENT_3D('',#16387,#13382,#13383);
#11892=AXIS2_PLACEMENT_3D('',#16393,#13387,#13388);
#11893=AXIS2_PLACEMENT_3D('',#16399,#13392,#13393);
#11894=AXIS2_PLACEMENT_3D('',#16405,#13397,#13398);
#11895=AXIS2_PLACEMENT_3D('',#16411,#13402,#13403);
#11896=AXIS2_PLACEMENT_3D('',#16417,#13407,#13408);
#11897=AXIS2_PLACEMENT_3D('',#16423,#13412,#13413);
#11898=AXIS2_PLACEMENT_3D('',#16426,#13416,#13417);
#11899=AXIS2_PLACEMENT_3D('',#16430,#13420,#13421);
#11900=AXIS2_PLACEMENT_3D('',#16439,#13426,#13427);
#11901=AXIS2_PLACEMENT_3D('',#16445,#13431,#13432);
#11902=AXIS2_PLACEMENT_3D('',#16446,#13433,#13434);
#11903=AXIS2_PLACEMENT_3D('',#16451,#13437,#13438);
#11904=AXIS2_PLACEMENT_3D('',#16454,#13440,#13441);
#11905=AXIS2_PLACEMENT_3D('',#16455,#13442,#13443);
#11906=AXIS2_PLACEMENT_3D('',#16461,#13447,#13448);
#11907=AXIS2_PLACEMENT_3D('',#16467,#13452,#13453);
#11908=AXIS2_PLACEMENT_3D('',#16476,#13458,#13459);
#11909=AXIS2_PLACEMENT_3D('',#16485,#13464,#13465);
#11910=AXIS2_PLACEMENT_3D('',#16495,#13471,#13472);
#11911=AXIS2_PLACEMENT_3D('',#16511,#13481,#13482);
#11912=AXIS2_PLACEMENT_3D('',#16528,#13492,#13493);
#11913=AXIS2_PLACEMENT_3D('',#16534,#13497,#13498);
#11914=AXIS2_PLACEMENT_3D('',#16609,#13537,#13538);
#11915=AXIS2_PLACEMENT_3D('',#16651,#13564,#13565);
#11916=AXIS2_PLACEMENT_3D('',#16657,#13569,#13570);
#11917=AXIS2_PLACEMENT_3D('',#16663,#13574,#13575);
#11918=AXIS2_PLACEMENT_3D('',#16669,#13579,#13580);
#11919=AXIS2_PLACEMENT_3D('',#16675,#13584,#13585);
#11920=AXIS2_PLACEMENT_3D('',#16681,#13589,#13590);
#11921=AXIS2_PLACEMENT_3D('',#16687,#13594,#13595);
#11922=AXIS2_PLACEMENT_3D('',#16697,#13601,#13602);
#11923=AXIS2_PLACEMENT_3D('',#16706,#13607,#13608);
#11924=AXIS2_PLACEMENT_3D('',#16715,#13613,#13614);
#11925=AXIS2_PLACEMENT_3D('',#16728,#13621,#13622);
#11926=AXIS2_PLACEMENT_3D('',#16742,#13630,#13631);
#11927=AXIS2_PLACEMENT_3D('',#16751,#13636,#13637);
#11928=AXIS2_PLACEMENT_3D('',#16760,#13642,#13643);
#11929=AXIS2_PLACEMENT_3D('',#16780,#13655,#13656);
#11930=AXIS2_PLACEMENT_3D('',#16809,#13673,#13674);
#11931=AXIS2_PLACEMENT_3D('',#16821,#13681,#13682);
#11932=AXIS2_PLACEMENT_3D('',#16827,#13687,#13688);
#11933=AXIS2_PLACEMENT_3D('',#16830,#13691,#13692);
#11934=AXIS2_PLACEMENT_3D('',#16833,#13695,#13696);
#11935=AXIS2_PLACEMENT_3D('',#16849,#13705,#13706);
#11936=AXIS2_PLACEMENT_3D('',#16857,#13712,#13713);
#11937=AXIS2_PLACEMENT_3D('',#16863,#13717,#13718);
#11938=AXIS2_PLACEMENT_3D('',#16879,#13727,#13728);
#11939=AXIS2_PLACEMENT_3D('',#16885,#13732,#13733);
#11940=AXIS2_PLACEMENT_3D('',#16902,#13744,#13745);
#11941=AXIS2_PLACEMENT_3D('',#16908,#13749,#13750);
#11942=AXIS2_PLACEMENT_3D('',#16914,#13754,#13755);
#11943=AXIS2_PLACEMENT_3D('',#16920,#13759,#13760);
#11944=AXIS2_PLACEMENT_3D('',#16926,#13764,#13765);
#11945=AXIS2_PLACEMENT_3D('',#16932,#13769,#13770);
#11946=AXIS2_PLACEMENT_3D('',#16948,#13781,#13782);
#11947=AXIS2_PLACEMENT_3D('',#16950,#13784,#13785);
#11948=AXIS2_PLACEMENT_3D('',#16951,#13786,#13787);
#11949=AXIS2_PLACEMENT_3D('',#16960,#13792,#13793);
#11950=AXIS2_PLACEMENT_3D('',#16966,#13797,#13798);
#11951=AXIS2_PLACEMENT_3D('',#16972,#13802,#13803);
#11952=AXIS2_PLACEMENT_3D('',#16975,#13806,#13807);
#11953=AXIS2_PLACEMENT_3D('',#16984,#13812,#13813);
#11954=AXIS2_PLACEMENT_3D('',#16990,#13817,#13818);
#11955=AXIS2_PLACEMENT_3D('',#16996,#13822,#13823);
#11956=AXIS2_PLACEMENT_3D('',#16999,#13826,#13827);
#11957=AXIS2_PLACEMENT_3D('',#17016,#13836,#13837);
#11958=AXIS2_PLACEMENT_3D('',#17018,#13839,#13840);
#11959=AXIS2_PLACEMENT_3D('',#17032,#13849,#13850);
#11960=AXIS2_PLACEMENT_3D('',#17034,#13852,#13853);
#11961=AXIS2_PLACEMENT_3D('',#17035,#13854,#13855);
#11962=AXIS2_PLACEMENT_3D('',#17037,#13857,#13858);
#11963=AXIS2_PLACEMENT_3D('',#17038,#13859,#13860);
#11964=AXIS2_PLACEMENT_3D('',#17040,#13862,#13863);
#11965=AXIS2_PLACEMENT_3D('',#17041,#13864,#13865);
#11966=AXIS2_PLACEMENT_3D('',#17047,#13869,#13870);
#11967=AXIS2_PLACEMENT_3D('',#17051,#13873,#13874);
#11968=AXIS2_PLACEMENT_3D('',#17055,#13877,#13878);
#11969=AXIS2_PLACEMENT_3D('',#17057,#13880,#13881);
#11970=AXIS2_PLACEMENT_3D('',#17063,#13885,#13886);
#11971=AXIS2_PLACEMENT_3D('',#17067,#13889,#13890);
#11972=AXIS2_PLACEMENT_3D('',#17071,#13893,#13894);
#11973=AXIS2_PLACEMENT_3D('',#17073,#13896,#13897);
#11974=AXIS2_PLACEMENT_3D('',#17079,#13901,#13902);
#11975=AXIS2_PLACEMENT_3D('',#17081,#13904,#13905);
#11976=AXIS2_PLACEMENT_3D('',#17089,#13911,#13912);
#11977=AXIS2_PLACEMENT_3D('',#17090,#13913,#13914);
#11978=AXIS2_PLACEMENT_3D('',#17092,#13916,#13917);
#11979=AXIS2_PLACEMENT_3D('',#17093,#13918,#13919);
#11980=AXIS2_PLACEMENT_3D('',#17099,#13923,#13924);
#11981=AXIS2_PLACEMENT_3D('',#17101,#13926,#13927);
#11982=AXIS2_PLACEMENT_3D('',#17105,#13930,#13931);
#11983=AXIS2_PLACEMENT_3D('',#17109,#13934,#13935);
#11984=AXIS2_PLACEMENT_3D('',#17113,#13938,#13939);
#11985=AXIS2_PLACEMENT_3D('',#17147,#13961,#13962);
#11986=AXIS2_PLACEMENT_3D('',#17148,#13963,#13964);
#11987=AXIS2_PLACEMENT_3D('',#17152,#13967,#13968);
#11988=AXIS2_PLACEMENT_3D('',#17154,#13970,#13971);
#11989=AXIS2_PLACEMENT_3D('',#17155,#13972,#13973);
#11990=AXIS2_PLACEMENT_3D('',#17157,#13975,#13976);
#11991=AXIS2_PLACEMENT_3D('',#17158,#13977,#13978);
#11992=AXIS2_PLACEMENT_3D('',#17160,#13980,#13981);
#11993=AXIS2_PLACEMENT_3D('',#17164,#13984,#13985);
#11994=AXIS2_PLACEMENT_3D('',#17172,#13990,#13991);
#11995=AXIS2_PLACEMENT_3D('',#17176,#13995,#13996);
#11996=AXIS2_PLACEMENT_3D('',#17177,#13997,#13998);
#11997=AXIS2_PLACEMENT_3D('',#17179,#14000,#14001);
#11998=AXIS2_PLACEMENT_3D('',#17181,#14003,#14004);
#11999=AXIS2_PLACEMENT_3D('',#17187,#14008,#14009);
#12000=AXIS2_PLACEMENT_3D('',#17189,#14011,#14012);
#12001=AXIS2_PLACEMENT_3D('',#17191,#14014,#14015);
#12002=AXIS2_PLACEMENT_3D('',#17192,#14016,#14017);
#12003=AXIS2_PLACEMENT_3D('',#17193,#14018,#14019);
#12004=AXIS2_PLACEMENT_3D('',#17194,#14020,#14021);
#12005=AXIS2_PLACEMENT_3D('',#17196,#14022,#14023);
#12006=AXIS2_PLACEMENT_3D('',#17201,#14026,#14027);
#12007=AXIS2_PLACEMENT_3D('',#17202,#14028,#14029);
#12008=AXIS2_PLACEMENT_3D('',#17204,#14030,#14031);
#12009=AXIS2_PLACEMENT_3D('',#17205,#14032,#14033);
#12010=AXIS2_PLACEMENT_3D('',#17211,#14037,#14038);
#12011=AXIS2_PLACEMENT_3D('',#17222,#14045,#14046);
#12012=AXIS2_PLACEMENT_3D('',#17229,#14052,#14053);
#12013=AXIS2_PLACEMENT_3D('',#17230,#14054,#14055);
#12014=AXIS2_PLACEMENT_3D('',#17231,#14056,#14057);
#12015=AXIS2_PLACEMENT_3D('',#17233,#14059,#14060);
#12016=AXIS2_PLACEMENT_3D('',#17234,#14061,#14062);
#12017=AXIS2_PLACEMENT_3D('',#17235,#14063,#14064);
#12018=AXIS2_PLACEMENT_3D('',#17239,#14067,#14068);
#12019=AXIS2_PLACEMENT_3D('',#17241,#14070,#14071);
#12020=AXIS2_PLACEMENT_3D('',#17242,#14072,#14073);
#12021=AXIS2_PLACEMENT_3D('',#17243,#14074,#14075);
#12022=AXIS2_PLACEMENT_3D('',#17245,#14077,#14078);
#12023=AXIS2_PLACEMENT_3D('',#17251,#14082,#14083);
#12024=AXIS2_PLACEMENT_3D('',#17255,#14087,#14088);
#12025=AXIS2_PLACEMENT_3D('',#17256,#14089,#14090);
#12026=AXIS2_PLACEMENT_3D('',#17257,#14091,#14092);
#12027=AXIS2_PLACEMENT_3D('',#17258,#14093,#14094);
#12028=AXIS2_PLACEMENT_3D('',#17261,#14096,#14097);
#12029=AXIS2_PLACEMENT_3D('',#17264,#14099,#14100);
#12030=AXIS2_PLACEMENT_3D('',#17265,#14101,#14102);
#12031=AXIS2_PLACEMENT_3D('',#17267,#14103,#14104);
#12032=AXIS2_PLACEMENT_3D('',#17268,#14105,#14106);
#12033=AXIS2_PLACEMENT_3D('',#17269,#14107,#14108);
#12034=AXIS2_PLACEMENT_3D('',#17271,#14109,#14110);
#12035=AXIS2_PLACEMENT_3D('',#17272,#14111,#14112);
#12036=AXIS2_PLACEMENT_3D('',#17281,#14117,#14118);
#12037=AXIS2_PLACEMENT_3D('',#17284,#14121,#14122);
#12038=AXIS2_PLACEMENT_3D('',#17287,#14125,#14126);
#12039=AXIS2_PLACEMENT_3D('',#17289,#14128,#14129);
#12040=AXIS2_PLACEMENT_3D('',#17291,#14131,#14132);
#12041=AXIS2_PLACEMENT_3D('',#17300,#14137,#14138);
#12042=AXIS2_PLACEMENT_3D('',#17303,#14141,#14142);
#12043=AXIS2_PLACEMENT_3D('',#17306,#14145,#14146);
#12044=AXIS2_PLACEMENT_3D('',#17308,#14148,#14149);
#12045=AXIS2_PLACEMENT_3D('',#17310,#14151,#14152);
#12046=AXIS2_PLACEMENT_3D('',#17319,#14157,#14158);
#12047=AXIS2_PLACEMENT_3D('',#17322,#14161,#14162);
#12048=AXIS2_PLACEMENT_3D('',#17325,#14165,#14166);
#12049=AXIS2_PLACEMENT_3D('',#17327,#14168,#14169);
#12050=AXIS2_PLACEMENT_3D('',#17329,#14171,#14172);
#12051=AXIS2_PLACEMENT_3D('',#17338,#14177,#14178);
#12052=AXIS2_PLACEMENT_3D('',#17341,#14181,#14182);
#12053=AXIS2_PLACEMENT_3D('',#17344,#14185,#14186);
#12054=AXIS2_PLACEMENT_3D('',#17346,#14188,#14189);
#12055=AXIS2_PLACEMENT_3D('',#17348,#14191,#14192);
#12056=AXIS2_PLACEMENT_3D('',#17357,#14197,#14198);
#12057=AXIS2_PLACEMENT_3D('',#17360,#14201,#14202);
#12058=AXIS2_PLACEMENT_3D('',#17363,#14205,#14206);
#12059=AXIS2_PLACEMENT_3D('',#17365,#14208,#14209);
#12060=AXIS2_PLACEMENT_3D('',#17367,#14211,#14212);
#12061=AXIS2_PLACEMENT_3D('',#17376,#14217,#14218);
#12062=AXIS2_PLACEMENT_3D('',#17379,#14221,#14222);
#12063=AXIS2_PLACEMENT_3D('',#17382,#14225,#14226);
#12064=AXIS2_PLACEMENT_3D('',#17384,#14228,#14229);
#12065=AXIS2_PLACEMENT_3D('',#17386,#14231,#14232);
#12066=AXIS2_PLACEMENT_3D('',#17392,#14236,#14237);
#12067=AXIS2_PLACEMENT_3D('',#17394,#14239,#14240);
#12068=AXIS2_PLACEMENT_3D('',#17396,#14242,#14243);
#12069=AXIS2_PLACEMENT_3D('',#17405,#14249,#14250);
#12070=AXIS2_PLACEMENT_3D('',#17407,#14252,#14253);
#12071=AXIS2_PLACEMENT_3D('',#17413,#14257,#14258);
#12072=AXIS2_PLACEMENT_3D('',#17417,#14261,#14262);
#12073=AXIS2_PLACEMENT_3D('',#17421,#14265,#14266);
#12074=AXIS2_PLACEMENT_3D('',#17423,#14268,#14269);
#12075=AXIS2_PLACEMENT_3D('',#17424,#14270,#14271);
#12076=AXIS2_PLACEMENT_3D('',#17428,#14274,#14275);
#12077=AXIS2_PLACEMENT_3D('',#17432,#14278,#14279);
#12078=AXIS2_PLACEMENT_3D('',#17434,#14281,#14282);
#12079=AXIS2_PLACEMENT_3D('',#17435,#14283,#14284);
#12080=AXIS2_PLACEMENT_3D('',#17441,#14288,#14289);
#12081=AXIS2_PLACEMENT_3D('',#17443,#14291,#14292);
#12082=AXIS2_PLACEMENT_3D('',#17445,#14294,#14295);
#12083=AXIS2_PLACEMENT_3D('',#17446,#14296,#14297);
#12084=AXIS2_PLACEMENT_3D('',#17447,#14298,#14299);
#12085=AXIS2_PLACEMENT_3D('',#17448,#14300,#14301);
#12086=AXIS2_PLACEMENT_3D('',#17449,#14302,#14303);
#12087=AXIS2_PLACEMENT_3D('',#17450,#14304,#14305);
#12088=AXIS2_PLACEMENT_3D('',#17451,#14306,#14307);
#12089=AXIS2_PLACEMENT_3D('',#17452,#14308,#14309);
#12090=AXIS2_PLACEMENT_3D('',#17453,#14310,#14311);
#12091=AXIS2_PLACEMENT_3D('',#17454,#14312,#14313);
#12092=AXIS2_PLACEMENT_3D('',#17456,#14315,#14316);
#12093=AXIS2_PLACEMENT_3D('',#17457,#14317,#14318);
#12094=AXIS2_PLACEMENT_3D('',#17459,#14320,#14321);
#12095=AXIS2_PLACEMENT_3D('',#17460,#14322,#14323);
#12096=AXIS2_PLACEMENT_3D('',#17463,#14326,#14327);
#12097=AXIS2_PLACEMENT_3D('',#17465,#14329,#14330);
#12098=AXIS2_PLACEMENT_3D('',#17467,#14332,#14333);
#12099=AXIS2_PLACEMENT_3D('',#17469,#14335,#14336);
#12100=AXIS2_PLACEMENT_3D('',#17471,#14338,#14339);
#12101=AXIS2_PLACEMENT_3D('',#17473,#14341,#14342);
#12102=AXIS2_PLACEMENT_3D('',#17475,#14344,#14345);
#12103=AXIS2_PLACEMENT_3D('',#17477,#14347,#14348);
#12104=AXIS2_PLACEMENT_3D('',#17479,#14350,#14351);
#12105=AXIS2_PLACEMENT_3D('',#17481,#14353,#14354);
#12106=AXIS2_PLACEMENT_3D('',#17483,#14356,#14357);
#12107=AXIS2_PLACEMENT_3D('',#17485,#14359,#14360);
#12108=AXIS2_PLACEMENT_3D('',#17487,#14362,#14363);
#12109=AXIS2_PLACEMENT_3D('',#17489,#14365,#14366);
#12110=AXIS2_PLACEMENT_3D('',#17491,#14368,#14369);
#12111=AXIS2_PLACEMENT_3D('',#17493,#14371,#14372);
#12112=AXIS2_PLACEMENT_3D('',#17495,#14374,#14375);
#12113=AXIS2_PLACEMENT_3D('',#17497,#14377,#14378);
#12114=AXIS2_PLACEMENT_3D('',#17499,#14380,#14381);
#12115=AXIS2_PLACEMENT_3D('',#17500,#14382,#14383);
#12116=AXIS2_PLACEMENT_3D('',#17506,#14387,#14388);
#12117=AXIS2_PLACEMENT_3D('',#17528,#14400,#14401);
#12118=AXIS2_PLACEMENT_3D('',#17531,#14404,#14405);
#12119=AXIS2_PLACEMENT_3D('',#17532,#14406,#14407);
#12120=AXIS2_PLACEMENT_3D('',#17533,#14408,#14409);
#12121=AXIS2_PLACEMENT_3D('',#17536,#14412,#14413);
#12122=AXIS2_PLACEMENT_3D('',#17538,#14415,#14416);
#12123=AXIS2_PLACEMENT_3D('',#17540,#14418,#14419);
#12124=AXIS2_PLACEMENT_3D('',#17541,#14420,#14421);
#12125=AXIS2_PLACEMENT_3D('',#17544,#14424,#14425);
#12126=AXIS2_PLACEMENT_3D('',#17546,#14427,#14428);
#12127=AXIS2_PLACEMENT_3D('',#17548,#14430,#14431);
#12128=AXIS2_PLACEMENT_3D('',#17549,#14432,#14433);
#12129=AXIS2_PLACEMENT_3D('',#17550,#14434,#14435);
#12130=AXIS2_PLACEMENT_3D('',#17559,#14440,#14441);
#12131=AXIS2_PLACEMENT_3D('',#17567,#14445,#14446);
#12132=AXIS2_PLACEMENT_3D('',#17571,#14448,#14449);
#12133=AXIS2_PLACEMENT_3D('',#17573,#14450,#14451);
#12134=AXIS2_PLACEMENT_3D('',#17581,#14455,#14456);
#12135=AXIS2_PLACEMENT_3D('',#17583,#14457,#14458);
#12136=AXIS2_PLACEMENT_3D('',#17587,#14460,#14461);
#12137=AXIS2_PLACEMENT_3D('',#17588,#14462,#14463);
#12138=AXIS2_PLACEMENT_3D('',#17595,#14468,#14469);
#12139=AXIS2_PLACEMENT_3D('',#17598,#14471,#14472);
#12140=AXIS2_PLACEMENT_3D('',#17602,#14474,#14475);
#12141=AXIS2_PLACEMENT_3D('',#17604,#14476,#14477);
#12142=AXIS2_PLACEMENT_3D('',#17612,#14481,#14482);
#12143=AXIS2_PLACEMENT_3D('',#17614,#14483,#14484);
#12144=AXIS2_PLACEMENT_3D('',#17618,#14486,#14487);
#12145=AXIS2_PLACEMENT_3D('',#17621,#14489,#14490);
#12146=AXIS2_PLACEMENT_3D('',#17624,#14493,#14494);
#12147=AXIS2_PLACEMENT_3D('',#17626,#14496,#14497);
#12148=AXIS2_PLACEMENT_3D('',#17628,#14499,#14500);
#12149=AXIS2_PLACEMENT_3D('',#17630,#14502,#14503);
#12150=AXIS2_PLACEMENT_3D('',#17632,#14505,#14506);
#12151=AXIS2_PLACEMENT_3D('',#17634,#14508,#14509);
#12152=AXIS2_PLACEMENT_3D('',#17637,#14512,#14513);
#12153=AXIS2_PLACEMENT_3D('',#17639,#14515,#14516);
#12154=AXIS2_PLACEMENT_3D('',#17641,#14518,#14519);
#12155=AXIS2_PLACEMENT_3D('',#17643,#14521,#14522);
#12156=AXIS2_PLACEMENT_3D('',#17645,#14524,#14525);
#12157=AXIS2_PLACEMENT_3D('',#17646,#14526,#14527);
#12158=AXIS2_PLACEMENT_3D('',#17647,#14528,#14529);
#12159=AXIS2_PLACEMENT_3D('',#17648,#14530,#14531);
#12160=AXIS2_PLACEMENT_3D('',#17649,#14532,#14533);
#12161=AXIS2_PLACEMENT_3D('',#17658,#14538,#14539);
#12162=AXIS2_PLACEMENT_3D('',#17668,#14545,#14546);
#12163=AXIS2_PLACEMENT_3D('',#17673,#14549,#14550);
#12164=AXIS2_PLACEMENT_3D('',#17677,#14552,#14553);
#12165=AXIS2_PLACEMENT_3D('',#17679,#14554,#14555);
#12166=AXIS2_PLACEMENT_3D('',#17687,#14559,#14560);
#12167=AXIS2_PLACEMENT_3D('',#17689,#14561,#14562);
#12168=AXIS2_PLACEMENT_3D('',#17693,#14564,#14565);
#12169=AXIS2_PLACEMENT_3D('',#17694,#14566,#14567);
#12170=AXIS2_PLACEMENT_3D('',#17701,#14572,#14573);
#12171=AXIS2_PLACEMENT_3D('',#17703,#14575,#14576);
#12172=AXIS2_PLACEMENT_3D('',#17707,#14578,#14579);
#12173=AXIS2_PLACEMENT_3D('',#17709,#14580,#14581);
#12174=AXIS2_PLACEMENT_3D('',#17717,#14585,#14586);
#12175=AXIS2_PLACEMENT_3D('',#17719,#14587,#14588);
#12176=AXIS2_PLACEMENT_3D('',#17723,#14590,#14591);
#12177=AXIS2_PLACEMENT_3D('',#17724,#14592,#14593);
#12178=AXIS2_PLACEMENT_3D('',#17727,#14596,#14597);
#12179=AXIS2_PLACEMENT_3D('',#17729,#14599,#14600);
#12180=AXIS2_PLACEMENT_3D('',#17731,#14602,#14603);
#12181=AXIS2_PLACEMENT_3D('',#17733,#14605,#14606);
#12182=AXIS2_PLACEMENT_3D('',#17735,#14608,#14609);
#12183=AXIS2_PLACEMENT_3D('',#17736,#14610,#14611);
#12184=AXIS2_PLACEMENT_3D('',#17738,#14613,#14614);
#12185=AXIS2_PLACEMENT_3D('',#17740,#14616,#14617);
#12186=AXIS2_PLACEMENT_3D('',#17742,#14619,#14620);
#12187=AXIS2_PLACEMENT_3D('',#17744,#14622,#14623);
#12188=AXIS2_PLACEMENT_3D('',#17745,#14624,#14625);
#12189=AXIS2_PLACEMENT_3D('',#17746,#14626,#14627);
#12190=AXIS2_PLACEMENT_3D('',#17747,#14628,#14629);
#12191=AXIS2_PLACEMENT_3D('',#17748,#14630,#14631);
#12192=AXIS2_PLACEMENT_3D('',#17749,#14632,#14633);
#12193=AXIS2_PLACEMENT_3D('',#17750,#14634,#14635);
#12194=AXIS2_PLACEMENT_3D('',#17751,#14636,#14637);
#12195=AXIS2_PLACEMENT_3D('',#17752,#14638,#14639);
#12196=AXIS2_PLACEMENT_3D('',#17761,#14644,#14645);
#12197=AXIS2_PLACEMENT_3D('',#17770,#14650,#14651);
#12198=AXIS2_PLACEMENT_3D('',#17784,#14659,#14660);
#12199=AXIS2_PLACEMENT_3D('',#17793,#14665,#14666);
#12200=AXIS2_PLACEMENT_3D('',#17804,#14673,#14674);
#12201=AXIS2_PLACEMENT_3D('',#17810,#14678,#14679);
#12202=AXIS2_PLACEMENT_3D('',#17840,#14694,#14695);
#12203=AXIS2_PLACEMENT_3D('',#17847,#14699,#14700);
#12204=AXIS2_PLACEMENT_3D('',#17856,#14705,#14706);
#12205=AXIS2_PLACEMENT_3D('',#17865,#14711,#14712);
#12206=AXIS2_PLACEMENT_3D('',#17880,#14721,#14722);
#12207=AXIS2_PLACEMENT_3D('',#17892,#14730,#14731);
#12208=AXIS2_PLACEMENT_3D('',#17895,#14734,#14735);
#12209=AXIS2_PLACEMENT_3D('',#17896,#14736,#14737);
#12210=AXIS2_PLACEMENT_3D('',#17897,#14738,#14739);
#12211=AXIS2_PLACEMENT_3D('',#17903,#14743,#14744);
#12212=AXIS2_PLACEMENT_3D('',#17907,#14748,#14749);
#12213=AXIS2_PLACEMENT_3D('',#17913,#14753,#14754);
#12214=AXIS2_PLACEMENT_3D('',#17917,#14757,#14758);
#12215=AXIS2_PLACEMENT_3D('',#17921,#14761,#14762);
#12216=AXIS2_PLACEMENT_3D('',#17927,#14766,#14767);
#12217=AXIS2_PLACEMENT_3D('',#17936,#14773,#14774);
#12218=AXIS2_PLACEMENT_3D('',#17940,#14777,#14778);
#12219=AXIS2_PLACEMENT_3D('',#17947,#14783,#14784);
#12220=AXIS2_PLACEMENT_3D('',#17949,#14786,#14787);
#12221=AXIS2_PLACEMENT_3D('',#17950,#14788,#14789);
#12222=AXIS2_PLACEMENT_3D('',#17953,#14792,#14793);
#12223=AXIS2_PLACEMENT_3D('',#17954,#14794,#14795);
#12224=AXIS2_PLACEMENT_3D('',#17960,#14799,#14800);
#12225=AXIS2_PLACEMENT_3D('',#17963,#14803,#14804);
#12226=AXIS2_PLACEMENT_3D('',#17964,#14805,#14806);
#12227=AXIS2_PLACEMENT_3D('',#17970,#14810,#14811);
#12228=AXIS2_PLACEMENT_3D('',#17972,#14813,#14814);
#12229=AXIS2_PLACEMENT_3D('',#17978,#14818,#14819);
#12230=AXIS2_PLACEMENT_3D('',#17980,#14821,#14822);
#12231=AXIS2_PLACEMENT_3D('',#17986,#14826,#14827);
#12232=AXIS2_PLACEMENT_3D('',#17989,#14830,#14831);
#12233=AXIS2_PLACEMENT_3D('',#17990,#14832,#14833);
#12234=AXIS2_PLACEMENT_3D('',#17991,#14834,#14835);
#12235=AXIS2_PLACEMENT_3D('',#17994,#14838,#14839);
#12236=AXIS2_PLACEMENT_3D('',#17995,#14840,#14841);
#12237=AXIS2_PLACEMENT_3D('',#17996,#14842,#14843);
#12238=AXIS2_PLACEMENT_3D('',#18005,#14848,#14849);
#12239=AXIS2_PLACEMENT_3D('',#18006,#14850,#14851);
#12240=AXIS2_PLACEMENT_3D('',#18008,#14852,#14853);
#12241=AXIS2_PLACEMENT_3D('',#18011,#14855,#14856);
#12242=AXIS2_PLACEMENT_3D('',#18014,#14859,#14860);
#12243=AXIS2_PLACEMENT_3D('',#18017,#14863,#14864);
#12244=AXIS2_PLACEMENT_3D('',#18018,#14865,#14866);
#12245=AXIS2_PLACEMENT_3D('',#18019,#14867,#14868);
#12246=AXIS2_PLACEMENT_3D('',#18020,#14869,#14870);
#12247=AXIS2_PLACEMENT_3D('',#18025,#14872,#14873);
#12248=AXIS2_PLACEMENT_3D('',#18028,#14875,#14876);
#12249=AXIS2_PLACEMENT_3D('',#18034,#14880,#14881);
#12250=AXIS2_PLACEMENT_3D('',#18037,#14884,#14885);
#12251=AXIS2_PLACEMENT_3D('',#18040,#14888,#14889);
#12252=AXIS2_PLACEMENT_3D('',#18041,#14890,#14891);
#12253=AXIS2_PLACEMENT_3D('',#18042,#14892,#14893);
#12254=AXIS2_PLACEMENT_3D('',#18043,#14894,#14895);
#12255=AXIS2_PLACEMENT_3D('',#18044,#14896,#14897);
#12256=AXIS2_PLACEMENT_3D('',#18045,#14898,#14899);
#12257=AXIS2_PLACEMENT_3D('',#18057,#14905,#14906);
#12258=AXIS2_PLACEMENT_3D('',#18061,#14908,#14909);
#12259=AXIS2_PLACEMENT_3D('',#18065,#14911,#14912);
#12260=AXIS2_PLACEMENT_3D('',#18069,#14914,#14915);
#12261=AXIS2_PLACEMENT_3D('',#18078,#14920,#14921);
#12262=AXIS2_PLACEMENT_3D('',#18084,#14925,#14926);
#12263=AXIS2_PLACEMENT_3D('',#18085,#14927,#14928);
#12264=AXIS2_PLACEMENT_3D('',#18090,#14931,#14932);
#12265=AXIS2_PLACEMENT_3D('',#18096,#14936,#14937);
#12266=AXIS2_PLACEMENT_3D('',#18097,#14938,#14939);
#12267=AXIS2_PLACEMENT_3D('',#18102,#14942,#14943);
#12268=AXIS2_PLACEMENT_3D('',#18103,#14944,#14945);
#12269=AXIS2_PLACEMENT_3D('',#18104,#14946,#14947);
#12270=AXIS2_PLACEMENT_3D('',#18105,#14948,#14949);
#12271=AXIS2_PLACEMENT_3D('',#18106,#14950,#14951);
#12272=AXIS2_PLACEMENT_3D('',#18107,#14952,#14953);
#12273=AXIS2_PLACEMENT_3D('',#18108,#14954,#14955);
#12274=AXIS2_PLACEMENT_3D('',#18109,#14956,#14957);
#12275=AXIS2_PLACEMENT_3D('',#18110,#14958,#14959);
#12276=AXIS2_PLACEMENT_3D('',#18111,#14960,#14961);
#12277=AXIS2_PLACEMENT_3D('',#18112,#14962,#14963);
#12278=AXIS2_PLACEMENT_3D('',#18113,#14964,#14965);
#12279=AXIS2_PLACEMENT_3D('',#18114,#14966,#14967);
#12280=AXIS2_PLACEMENT_3D('',#18115,#14968,#14969);
#12281=AXIS2_PLACEMENT_3D('',#18128,#14976,#14977);
#12282=AXIS2_PLACEMENT_3D('',#18141,#14984,#14985);
#12283=AXIS2_PLACEMENT_3D('',#18142,#14986,#14987);
#12284=AXIS2_PLACEMENT_3D('',#18146,#14989,#14990);
#12285=AXIS2_PLACEMENT_3D('',#18147,#14991,#14992);
#12286=AXIS2_PLACEMENT_3D('',#18148,#14993,#14994);
#12287=AXIS2_PLACEMENT_3D('',#18152,#14996,#14997);
#12288=AXIS2_PLACEMENT_3D('',#18153,#14998,#14999);
#12289=AXIS2_PLACEMENT_3D('',#18156,#15002,#15003);
#12290=AXIS2_PLACEMENT_3D('',#18159,#15006,#15007);
#12291=AXIS2_PLACEMENT_3D('',#18161,#15009,#15010);
#12292=AXIS2_PLACEMENT_3D('',#18163,#15012,#15013);
#12293=AXIS2_PLACEMENT_3D('',#18166,#15016,#15017);
#12294=AXIS2_PLACEMENT_3D('',#18179,#15024,#15025);
#12295=AXIS2_PLACEMENT_3D('',#18192,#15032,#15033);
#12296=AXIS2_PLACEMENT_3D('',#18193,#15034,#15035);
#12297=AXIS2_PLACEMENT_3D('',#18195,#15036,#15037);
#12298=AXIS2_PLACEMENT_3D('',#18198,#15039,#15040);
#12299=AXIS2_PLACEMENT_3D('',#18199,#15041,#15042);
#12300=AXIS2_PLACEMENT_3D('',#18201,#15043,#15044);
#12301=AXIS2_PLACEMENT_3D('',#18204,#15046,#15047);
#12302=AXIS2_PLACEMENT_3D('',#18208,#15051,#15052);
#12303=AXIS2_PLACEMENT_3D('',#18210,#15054,#15055);
#12304=AXIS2_PLACEMENT_3D('',#18213,#15058,#15059);
#12305=AXIS2_PLACEMENT_3D('',#18214,#15060,#15061);
#12306=AXIS2_PLACEMENT_3D('',#18217,#15064,#15065);
#12307=AXIS2_PLACEMENT_3D('',#18218,#15066,#15067);
#12308=AXIS2_PLACEMENT_3D('',#18219,#15068,#15069);
#12309=AXIS2_PLACEMENT_3D('',#18220,#15070,#15071);
#12310=AXIS2_PLACEMENT_3D('',#18221,#15072,#15073);
#12311=AXIS2_PLACEMENT_3D('',#18222,#15074,#15075);
#12312=AXIS2_PLACEMENT_3D('',#18234,#15081,#15082);
#12313=AXIS2_PLACEMENT_3D('',#18238,#15084,#15085);
#12314=AXIS2_PLACEMENT_3D('',#18242,#15087,#15088);
#12315=AXIS2_PLACEMENT_3D('',#18246,#15090,#15091);
#12316=AXIS2_PLACEMENT_3D('',#18255,#15096,#15097);
#12317=AXIS2_PLACEMENT_3D('',#18261,#15101,#15102);
#12318=AXIS2_PLACEMENT_3D('',#18262,#15103,#15104);
#12319=AXIS2_PLACEMENT_3D('',#18267,#15107,#15108);
#12320=AXIS2_PLACEMENT_3D('',#18273,#15112,#15113);
#12321=AXIS2_PLACEMENT_3D('',#18274,#15114,#15115);
#12322=AXIS2_PLACEMENT_3D('',#18279,#15118,#15119);
#12323=AXIS2_PLACEMENT_3D('',#18280,#15120,#15121);
#12324=AXIS2_PLACEMENT_3D('',#18281,#15122,#15123);
#12325=AXIS2_PLACEMENT_3D('',#18282,#15124,#15125);
#12326=AXIS2_PLACEMENT_3D('',#18283,#15126,#15127);
#12327=AXIS2_PLACEMENT_3D('',#18284,#15128,#15129);
#12328=AXIS2_PLACEMENT_3D('',#18285,#15130,#15131);
#12329=AXIS2_PLACEMENT_3D('',#18286,#15132,#15133);
#12330=AXIS2_PLACEMENT_3D('',#18287,#15134,#15135);
#12331=AXIS2_PLACEMENT_3D('',#18288,#15136,#15137);
#12332=AXIS2_PLACEMENT_3D('',#18289,#15138,#15139);
#12333=AXIS2_PLACEMENT_3D('',#18290,#15140,#15141);
#12334=AXIS2_PLACEMENT_3D('',#18291,#15142,#15143);
#12335=AXIS2_PLACEMENT_3D('',#18292,#15144,#15145);
#12336=AXIS2_PLACEMENT_3D('',#18305,#15152,#15153);
#12337=AXIS2_PLACEMENT_3D('',#18318,#15160,#15161);
#12338=AXIS2_PLACEMENT_3D('',#18319,#15162,#15163);
#12339=AXIS2_PLACEMENT_3D('',#18323,#15165,#15166);
#12340=AXIS2_PLACEMENT_3D('',#18324,#15167,#15168);
#12341=AXIS2_PLACEMENT_3D('',#18325,#15169,#15170);
#12342=AXIS2_PLACEMENT_3D('',#18329,#15172,#15173);
#12343=AXIS2_PLACEMENT_3D('',#18330,#15174,#15175);
#12344=AXIS2_PLACEMENT_3D('',#18333,#15178,#15179);
#12345=AXIS2_PLACEMENT_3D('',#18336,#15182,#15183);
#12346=AXIS2_PLACEMENT_3D('',#18338,#15185,#15186);
#12347=AXIS2_PLACEMENT_3D('',#18340,#15188,#15189);
#12348=AXIS2_PLACEMENT_3D('',#18343,#15192,#15193);
#12349=AXIS2_PLACEMENT_3D('',#18356,#15200,#15201);
#12350=AXIS2_PLACEMENT_3D('',#18369,#15208,#15209);
#12351=AXIS2_PLACEMENT_3D('',#18370,#15210,#15211);
#12352=AXIS2_PLACEMENT_3D('',#18372,#15212,#15213);
#12353=AXIS2_PLACEMENT_3D('',#18375,#15215,#15216);
#12354=AXIS2_PLACEMENT_3D('',#18376,#15217,#15218);
#12355=AXIS2_PLACEMENT_3D('',#18378,#15219,#15220);
#12356=AXIS2_PLACEMENT_3D('',#18381,#15222,#15223);
#12357=AXIS2_PLACEMENT_3D('',#18385,#15227,#15228);
#12358=AXIS2_PLACEMENT_3D('',#18387,#15230,#15231);
#12359=AXIS2_PLACEMENT_3D('',#18390,#15234,#15235);
#12360=AXIS2_PLACEMENT_3D('',#18391,#15236,#15237);
#12361=AXIS2_PLACEMENT_3D('',#18394,#15240,#15241);
#12362=AXIS2_PLACEMENT_3D('',#18395,#15242,#15243);
#12363=AXIS2_PLACEMENT_3D('',#18396,#15244,#15245);
#12364=AXIS2_PLACEMENT_3D('',#18397,#15246,#15247);
#12365=AXIS2_PLACEMENT_3D('',#18398,#15248,#15249);
#12366=DIRECTION('',(0.,0.,1.));
#12367=DIRECTION('',(1.,0.,0.));
#12368=DIRECTION('',(0.,-6.12323399573677E-17,1.));
#12369=DIRECTION('',(0.,-1.,-6.12323399573677E-17));
#12370=DIRECTION('',(0.134304568312812,-0.990940100576372,-6.06775811158805E-17));
#12371=DIRECTION('',(0.,-6.12323399573677E-17,1.));
#12372=DIRECTION('',(-1.,0.,0.));
#12373=DIRECTION('',(0.,-1.,0.));
#12374=DIRECTION('',(0.,0.,1.));
#12375=DIRECTION('',(1.,0.,0.));
#12376=DIRECTION('',(-0.134304568312812,0.990940100576371,0.));
#12377=DIRECTION('',(0.990940100576371,0.134304568312812,8.2237829847576E-18));
#12378=DIRECTION('',(8.14927633803394E-18,-6.01278483337015E-17,1.));
#12379=DIRECTION('',(0.134304568312812,-0.990940100576372,-6.06775811158805E-17));
#12380=DIRECTION('',(-0.134304568312812,0.990940100576371,0.));
#12381=DIRECTION('',(0.,0.,1.));
#12382=DIRECTION('',(1.,0.,0.));
#12383=DIRECTION('',(0.,-1.,0.));
#12384=DIRECTION('',(0.,-6.12323399573677E-17,1.));
#12385=DIRECTION('',(-1.,0.,0.));
#12386=DIRECTION('',(0.134304568312812,-0.990940100576372,-6.06775811158805E-17));
#12387=DIRECTION('',(-0.990940100576371,-0.134304568312812,-1.54074395550979E-33));
#12388=DIRECTION('',(0.134304568312812,-0.990940100576371,0.));
#12389=DIRECTION('',(0.,0.,-1.));
#12390=DIRECTION('',(0.,0.,-1.));
#12391=DIRECTION('',(0.,0.,1.));
#12392=DIRECTION('',(-0.990940100576371,-0.134304568312812,0.));
#12393=DIRECTION('',(-0.134304568312812,0.990940100576371,0.));
#12394=DIRECTION('',(0.,0.,-1.));
#12395=DIRECTION('',(0.,0.,-1.));
#12396=DIRECTION('',(1.,0.,0.));
#12397=DIRECTION('',(4.47670574445628E-16,0.,-1.));
#12398=DIRECTION('',(-0.990940100576371,-0.134304568312812,0.));
#12399=DIRECTION('',(-0.134304568312812,0.990940100576371,0.));
#12400=DIRECTION('',(0.,0.,1.));
#12401=DIRECTION('',(0.,0.,-1.));
#12402=DIRECTION('',(1.,0.,0.));
#12403=DIRECTION('',(4.47670574445628E-16,0.,-1.));
#12404=DIRECTION('',(-1.,0.,-4.47670574445628E-16));
#12405=DIRECTION('',(-4.47670574445628E-16,0.,1.));
#12406=DIRECTION('',(4.47670574445628E-16,0.,-1.));
#12407=DIRECTION('',(4.47670574445628E-16,0.,-1.));
#12408=DIRECTION('',(0.,-1.,0.));
#12409=DIRECTION('',(1.,6.12323399573677E-17,0.));
#12410=DIRECTION('',(0.,0.,1.));
#12411=DIRECTION('',(6.12323399573677E-17,1.,0.));
#12412=DIRECTION('',(0.,0.,-1.));
#12413=DIRECTION('',(-6.12323399573677E-17,1.,1.10071286546752E-16));
#12414=DIRECTION('',(-1.67277445059903E-32,2.73184799366426E-16,-1.));
#12415=DIRECTION('',(0.,-1.,0.));
#12416=DIRECTION('',(0.,0.,-1.));
#12417=DIRECTION('',(0.,0.,1.));
#12418=DIRECTION('',(1.,6.12323399573677E-17,0.));
#12419=DIRECTION('',(-6.12323399573677E-17,1.,0.));
#12420=DIRECTION('',(-6.12323399573677E-17,1.,0.));
#12421=DIRECTION('',(0.,0.,1.));
#12422=DIRECTION('',(1.,-6.12323399573677E-17,0.));
#12423=DIRECTION('',(6.12323399573677E-17,1.,0.));
#12424=DIRECTION('',(1.,-6.12323399573677E-17,0.));
#12425=DIRECTION('',(0.998371334423977,-6.11326129531397E-17,-0.057049790538513));
#12426=DIRECTION('',(0.057049790538513,-3.49329216875085E-18,0.998371334423977));
#12427=DIRECTION('',(1.,-6.12323399573677E-17,0.));
#12428=DIRECTION('',(-1.,6.12323399573677E-17,0.));
#12429=DIRECTION('',(-6.12323399573677E-17,-1.,0.));
#12430=DIRECTION('',(-1.,-6.12323399573677E-17,0.));
#12431=DIRECTION('',(6.12323399573677E-17,-1.,0.));
#12432=DIRECTION('',(-1.,-6.12323399573677E-17,0.));
#12433=DIRECTION('',(-0.998371334423977,6.11326129531397E-17,-0.0570497905385107));
#12434=DIRECTION('',(-0.0570497905385107,-2.14313474552873E-15,0.998371334423977));
#12435=DIRECTION('',(-1.,-6.12323399573677E-17,0.));
#12436=DIRECTION('',(1.,6.12323399573677E-17,0.));
#12437=DIRECTION('',(-6.12323399573677E-17,1.,0.));
#12438=DIRECTION('',(0.,6.12323399573677E-17,-1.));
#12439=DIRECTION('',(0.,1.,6.12323399573677E-17));
#12440=DIRECTION('',(1.,0.,0.));
#12441=DIRECTION('',(0.,6.12323399573677E-17,-1.));
#12442=DIRECTION('',(0.,1.,6.12323399573677E-17));
#12443=DIRECTION('',(0.,1.,6.12323399573677E-17));
#12444=DIRECTION('',(-1.,0.,0.));
#12445=DIRECTION('',(0.,1.,6.12323399573677E-17));
#12446=DIRECTION('',(0.,6.12323399573677E-17,-1.));
#12447=DIRECTION('',(0.,1.,6.12323399573677E-17));
#12448=DIRECTION('',(0.,-1.,0.));
#12449=DIRECTION('',(0.,0.,-1.));
#12450=DIRECTION('',(1.,0.,0.));
#12451=DIRECTION('',(0.,0.,-1.));
#12452=DIRECTION('',(0.,0.,-1.));
#12453=DIRECTION('',(0.,6.12323399573677E-17,-1.));
#12454=DIRECTION('',(0.,1.,6.12323399573677E-17));
#12455=DIRECTION('',(0.,1.,6.12323399573677E-17));
#12456=DIRECTION('',(0.,6.12323399573677E-17,-1.));
#12457=DIRECTION('',(0.,1.,6.12323399573677E-17));
#12458=DIRECTION('',(0.,6.12323399573677E-17,-1.));
#12459=DIRECTION('',(0.,1.,6.12323399573677E-17));
#12460=DIRECTION('',(0.,1.,6.12323399573677E-17));
#12461=DIRECTION('',(-1.,0.,0.));
#12462=DIRECTION('',(1.,0.,0.));
#12463=DIRECTION('',(0.,1.,0.));
#12464=DIRECTION('',(-1.,0.,0.));
#12465=DIRECTION('',(0.,0.,1.));
#12466=DIRECTION('',(1.,0.,0.));
#12467=DIRECTION('',(-1.,0.,0.));
#12468=DIRECTION('',(0.,1.,0.));
#12469=DIRECTION('',(1.,0.,0.));
#12470=DIRECTION('',(-1.,0.,0.));
#12471=DIRECTION('',(0.,0.,1.));
#12472=DIRECTION('',(1.,0.,0.));
#12473=DIRECTION('',(-1.,0.,0.));
#12474=DIRECTION('',(0.,0.,1.));
#12475=DIRECTION('',(-1.,5.96347068383948E-16,0.));
#12476=DIRECTION('',(-5.96347068383948E-16,-1.,0.));
#12477=DIRECTION('',(0.,-1.,-6.12323399573677E-17));
#12478=DIRECTION('',(1.,0.,0.));
#12479=DIRECTION('',(0.,0.,-1.));
#12480=DIRECTION('',(0.,-1.,0.));
#12481=DIRECTION('',(-1.,0.,0.));
#12482=DIRECTION('',(0.,0.,1.));
#12483=DIRECTION('',(-1.,0.,0.));
#12484=DIRECTION('',(0.,0.,1.));
#12485=DIRECTION('',(0.,-1.,-6.12323399573677E-17));
#12486=DIRECTION('',(0.,-1.,0.));
#12487=DIRECTION('',(1.,0.,0.));
#12488=DIRECTION('',(0.,0.,-1.));
#12489=DIRECTION('',(0.,0.,1.));
#12490=DIRECTION('',(0.,-1.,0.));
#12491=DIRECTION('',(0.,0.,1.));
#12492=DIRECTION('',(0.,-1.,0.));
#12493=DIRECTION('',(1.,6.12323399573677E-17,0.));
#12494=DIRECTION('',(0.,0.,1.));
#12495=DIRECTION('',(0.,0.,-1.));
#12496=DIRECTION('',(6.12323399573677E-17,-1.,0.));
#12497=DIRECTION('',(-1.67277445059903E-32,2.73184799366426E-16,-1.));
#12498=DIRECTION('',(-6.12323399573677E-17,1.,1.10071286546752E-16));
#12499=DIRECTION('',(0.,0.,-1.));
#12500=DIRECTION('',(0.,0.,1.));
#12501=DIRECTION('',(-6.12323399573677E-17,1.,0.));
#12502=DIRECTION('',(1.,6.12323399573677E-17,0.));
#12503=DIRECTION('',(-6.12323399573677E-17,1.,0.));
#12504=DIRECTION('',(0.,0.,1.));
#12505=DIRECTION('',(2.8183971989875E-16,0.,-1.));
#12506=DIRECTION('',(0.,1.,0.));
#12507=DIRECTION('',(2.8183971989875E-16,0.,-1.));
#12508=DIRECTION('',(0.,1.,0.));
#12509=DIRECTION('',(2.8183971989875E-16,0.,-1.));
#12510=DIRECTION('',(0.,1.,0.));
#12511=DIRECTION('',(2.8183971989875E-16,0.,-1.));
#12512=DIRECTION('',(-2.8183971989875E-16,0.,1.));
#12513=DIRECTION('',(0.,1.,0.));
#12514=DIRECTION('',(-2.73184799366426E-16,0.,-1.));
#12515=DIRECTION('',(2.8183971989875E-16,0.,-1.));
#12516=DIRECTION('',(0.,1.,0.));
#12517=DIRECTION('',(2.8183971989875E-16,0.,-1.));
#12518=DIRECTION('',(-1.,0.,-2.8183971989875E-16));
#12519=DIRECTION('',(-2.73184799366426E-16,0.,-1.));
#12520=DIRECTION('',(2.8183971989875E-16,0.,-1.));
#12521=DIRECTION('',(-1.,0.,-2.8183971989875E-16));
#12522=DIRECTION('',(2.8183971989875E-16,0.,-1.));
#12523=DIRECTION('',(2.8183971989875E-16,0.,-1.));
#12524=DIRECTION('',(-1.,0.,-2.8183971989875E-16));
#12525=DIRECTION('',(1.,0.,0.));
#12526=DIRECTION('',(0.,0.,-1.));
#12527=DIRECTION('',(0.,0.,1.));
#12528=DIRECTION('',(0.,-1.,0.));
#12529=DIRECTION('',(0.,0.,-1.));
#12530=DIRECTION('',(0.,1.,0.));
#12531=DIRECTION('',(0.,-1.,0.));
#12532=DIRECTION('',(0.,0.,-1.));
#12533=DIRECTION('',(1.,0.,0.));
#12534=DIRECTION('',(0.,0.,-1.));
#12535=DIRECTION('',(0.,-1.,0.));
#12536=DIRECTION('',(0.,0.,-1.));
#12537=DIRECTION('',(0.,0.,-1.));
#12538=DIRECTION('',(-1.,0.,0.));
#12539=DIRECTION('',(0.,0.,1.));
#12540=DIRECTION('',(1.,0.,0.));
#12541=DIRECTION('',(0.,0.,-1.));
#12542=DIRECTION('',(0.,-1.,0.));
#12543=DIRECTION('',(0.,0.,-1.));
#12544=DIRECTION('',(0.,0.,-1.));
#12545=DIRECTION('',(-1.,0.,0.));
#12546=DIRECTION('',(0.,0.,1.));
#12547=DIRECTION('',(1.,0.,0.));
#12548=DIRECTION('',(0.,0.,1.));
#12549=DIRECTION('',(0.,-1.,0.));
#12550=DIRECTION('',(0.,0.,-1.));
#12551=DIRECTION('',(-1.,0.,0.));
#12552=DIRECTION('',(0.,6.12323399573677E-17,1.));
#12553=DIRECTION('',(0.,-1.,6.12323399573677E-17));
#12554=DIRECTION('',(0.,0.,-1.));
#12555=DIRECTION('',(0.,0.,1.));
#12556=DIRECTION('',(1.,0.,0.));
#12557=DIRECTION('',(0.,0.,-1.));
#12558=DIRECTION('',(0.,0.,-1.));
#12559=DIRECTION('',(-1.,0.,0.));
#12560=DIRECTION('',(0.,0.,-1.));
#12561=DIRECTION('',(0.,0.,-1.));
#12562=DIRECTION('',(-1.,0.,0.));
#12563=DIRECTION('',(0.,0.,1.));
#12564=DIRECTION('',(1.,0.,0.));
#12565=DIRECTION('',(0.,0.,-1.));
#12566=DIRECTION('',(-1.,0.,0.));
#12567=DIRECTION('',(-1.,0.,0.));
#12568=DIRECTION('',(0.,0.,1.));
#12569=DIRECTION('',(-1.,0.,0.));
#12570=DIRECTION('',(-1.,0.,0.));
#12571=DIRECTION('',(0.,0.,1.));
#12572=DIRECTION('',(-1.,0.,0.));
#12573=DIRECTION('',(1.,0.,0.));
#12574=DIRECTION('',(0.,0.,-1.));
#12575=DIRECTION('',(-1.,-6.12323399573677E-17,0.));
#12576=DIRECTION('',(6.12323399573677E-17,-1.,0.));
#12577=DIRECTION('',(-6.12323399573677E-17,1.,0.));
#12578=DIRECTION('',(0.,0.,-1.));
#12579=DIRECTION('',(6.12323399573677E-17,-1.,3.08788787321306E-16));
#12580=DIRECTION('',(0.,0.,1.));
#12581=DIRECTION('',(0.,0.,1.));
#12582=DIRECTION('',(6.67201336914155E-16,-1.,0.));
#12583=DIRECTION('',(0.,0.,-1.));
#12584=DIRECTION('',(-6.67201336914155E-16,1.,0.));
#12585=DIRECTION('',(-1.,-6.12323399573677E-17,0.));
#12586=DIRECTION('',(6.12323399573677E-17,-1.,0.));
#12587=DIRECTION('',(0.,0.,-1.));
#12588=DIRECTION('',(-6.12323399573677E-17,1.,0.));
#12589=DIRECTION('',(0.,0.,1.));
#12590=DIRECTION('',(6.12323399573677E-17,-1.,3.08788787321306E-16));
#12591=DIRECTION('',(-6.67201336914155E-16,1.,0.));
#12592=DIRECTION('',(0.,0.,-1.));
#12593=DIRECTION('',(6.12323399573677E-17,-1.,0.));
#12594=DIRECTION('',(0.,0.,1.));
#12595=DIRECTION('',(-6.67201336914155E-16,1.,0.));
#12596=DIRECTION('',(0.,0.,-1.));
#12597=DIRECTION('',(6.67201336914155E-16,-1.,0.));
#12598=DIRECTION('',(0.,0.,1.));
#12599=DIRECTION('',(6.12323399573677E-17,-1.,0.));
#12600=DIRECTION('',(0.,0.,-1.));
#12601=DIRECTION('',(-1.,-6.12323399573677E-17,0.));
#12602=DIRECTION('',(-1.,0.,0.));
#12603=DIRECTION('',(0.,0.,1.));
#12604=DIRECTION('',(6.12323399573677E-17,-1.,0.));
#12605=DIRECTION('',(-1.,-6.12323399573677E-17,0.));
#12606=DIRECTION('',(-1.,-6.12323399573677E-17,0.));
#12607=DIRECTION('',(6.12323399573677E-17,-1.,0.));
#12608=DIRECTION('',(0.,0.,-1.));
#12609=DIRECTION('',(-6.12323399573677E-17,1.,0.));
#12610=DIRECTION('',(0.,0.,1.));
#12611=DIRECTION('',(-1.,-6.12323399573677E-17,0.));
#12612=DIRECTION('',(6.73992243737553E-33,-1.10071286546752E-16,1.));
#12613=DIRECTION('',(6.12323399573677E-17,-1.,-1.10071286546752E-16));
#12614=DIRECTION('',(-0.997753866478781,-0.0669867294816093,0.));
#12615=DIRECTION('',(0.,1.,0.));
#12616=DIRECTION('',(0.,0.,1.));
#12617=DIRECTION('',(-1.,0.,0.));
#12618=DIRECTION('',(-2.73184799366426E-16,0.,1.));
#12619=DIRECTION('',(-1.,0.,0.));
#12620=DIRECTION('',(0.,0.,-1.));
#12621=DIRECTION('',(1.,0.,0.));
#12622=DIRECTION('',(0.,0.,-1.));
#12623=DIRECTION('',(-1.,0.,0.));
#12624=DIRECTION('',(4.47670574445628E-16,0.,-1.));
#12625=DIRECTION('',(-1.,0.,-1.38777878078145E-16));
#12626=DIRECTION('',(0.,0.,-1.));
#12627=DIRECTION('',(0.,0.,1.));
#12628=DIRECTION('',(-1.,0.,0.));
#12629=DIRECTION('',(0.,0.,1.));
#12630=DIRECTION('',(1.,0.,0.));
#12631=DIRECTION('',(0.,0.,1.));
#12632=DIRECTION('',(1.,-6.12323399573677E-17,0.));
#12633=DIRECTION('',(6.12323399573677E-17,1.,0.));
#12634=DIRECTION('',(6.12323399573677E-17,1.,-3.08788787321306E-16));
#12635=DIRECTION('',(0.,0.,1.));
#12636=DIRECTION('',(-6.12323399573677E-17,-1.,0.));
#12637=DIRECTION('',(0.,0.,-1.));
#12638=DIRECTION('',(-6.67201336914155E-16,-1.,0.));
#12639=DIRECTION('',(0.,0.,1.));
#12640=DIRECTION('',(6.67201336914155E-16,1.,0.));
#12641=DIRECTION('',(0.,0.,-1.));
#12642=DIRECTION('',(1.,-6.12323399573677E-17,0.));
#12643=DIRECTION('',(6.12323399573677E-17,1.,0.));
#12644=DIRECTION('',(-6.67201336914155E-16,-1.,0.));
#12645=DIRECTION('',(0.,0.,-1.));
#12646=DIRECTION('',(6.12323399573677E-17,1.,0.));
#12647=DIRECTION('',(0.,0.,1.));
#12648=DIRECTION('',(-6.67201336914155E-16,-1.,0.));
#12649=DIRECTION('',(0.,0.,-1.));
#12650=DIRECTION('',(6.67201336914155E-16,1.,0.));
#12651=DIRECTION('',(0.,0.,1.));
#12652=DIRECTION('',(0.,0.,1.));
#12653=DIRECTION('',(6.12323399573677E-17,1.,-3.08788787321306E-16));
#12654=DIRECTION('',(0.,0.,-1.));
#12655=DIRECTION('',(-6.12323399573677E-17,-1.,0.));
#12656=DIRECTION('',(-1.,-5.66203080558282E-17,1.65194648180414E-32));
#12657=DIRECTION('',(5.66203080558282E-17,-1.,0.));
#12658=DIRECTION('',(-1.,-3.40452492349482E-33,2.08467027508766E-49));
#12659=DIRECTION('',(3.40452492349482E-33,-1.,0.));
#12660=DIRECTION('',(-2.9861597890357E-15,1.,-1.60812264967663E-16));
#12661=DIRECTION('',(-1.,-3.40452492349482E-33,2.08467027508766E-49));
#12662=DIRECTION('',(0.,-6.12323399573677E-17,-1.));
#12663=DIRECTION('',(-5.66203080558282E-17,1.,-6.12323399573677E-17));
#12664=DIRECTION('',(-1.,0.,0.));
#12665=DIRECTION('',(0.,1.,0.));
#12666=DIRECTION('',(0.,-1.,0.));
#12667=DIRECTION('',(-1.,0.,0.));
#12668=DIRECTION('',(0.,0.,1.));
#12669=DIRECTION('',(-5.66203080558282E-17,1.,-6.12323399573677E-17));
#12670=DIRECTION('',(0.,0.,-1.));
#12671=DIRECTION('',(0.,-1.,0.));
#12672=DIRECTION('',(-1.,0.,0.));
#12673=DIRECTION('',(0.,0.,1.));
#12674=DIRECTION('',(-5.66203080558282E-17,1.,-6.12323399573677E-17));
#12675=DIRECTION('',(-1.,0.,0.));
#12676=DIRECTION('',(0.,0.,1.));
#12677=DIRECTION('',(4.89113762023536E-14,1.,-1.60812264967664E-16));
#12678=DIRECTION('',(-1.,-3.40452492349482E-33,2.08467027508766E-49));
#12679=DIRECTION('',(3.40452492349482E-33,-1.,0.));
#12680=DIRECTION('',(0.,-1.,6.12323399573677E-17));
#12681=DIRECTION('',(0.,-1.,0.));
#12682=DIRECTION('',(0.,-1.,6.12323399573677E-17));
#12683=DIRECTION('',(-1.,0.,0.));
#12684=DIRECTION('',(0.,0.,1.));
#12685=DIRECTION('',(0.,-1.,0.));
#12686=DIRECTION('',(-1.,0.,0.));
#12687=DIRECTION('',(0.,0.,1.));
#12688=DIRECTION('',(0.,-1.,0.));
#12689=DIRECTION('',(1.,3.40452492349482E-33,-2.08467027508766E-49));
#12690=DIRECTION('',(0.,-6.12323399573677E-17,-1.));
#12691=DIRECTION('',(0.,6.12323399573677E-17,1.));
#12692=DIRECTION('',(0.,-1.,6.12323399573677E-17));
#12693=DIRECTION('',(-1.,0.,0.));
#12694=DIRECTION('',(1.,0.,0.));
#12695=DIRECTION('',(0.,6.12323399573677E-17,1.));
#12696=DIRECTION('',(0.,-1.,6.12323399573677E-17));
#12697=DIRECTION('',(0.,1.,-6.12323399573677E-17));
#12698=DIRECTION('',(-1.,0.,0.));
#12699=DIRECTION('',(-1.,0.,0.));
#12700=DIRECTION('',(0.,-1.,6.12323399573677E-17));
#12701=DIRECTION('',(0.,6.12323399573677E-17,1.));
#12702=DIRECTION('',(0.,-1.,6.12323399573677E-17));
#12703=DIRECTION('',(1.,0.,0.));
#12704=DIRECTION('',(-1.,0.,0.));
#12705=DIRECTION('',(0.,1.,0.));
#12706=DIRECTION('',(-1.,0.,0.));
#12707=DIRECTION('',(0.,1.,0.));
#12708=DIRECTION('',(1.,2.71050543121376E-16,1.0842021724855E-16));
#12709=DIRECTION('',(1.,0.,0.));
#12710=DIRECTION('',(0.,1.,0.));
#12711=DIRECTION('',(-1.,0.,0.));
#12712=DIRECTION('',(-1.,0.,0.));
#12713=DIRECTION('',(0.,1.,0.));
#12714=DIRECTION('',(-1.,0.,0.));
#12715=DIRECTION('',(-1.,0.,0.));
#12716=DIRECTION('',(0.,0.,1.));
#12717=DIRECTION('',(-1.,0.,0.));
#12718=DIRECTION('',(-1.,0.,0.));
#12719=DIRECTION('',(0.,0.,1.));
#12720=DIRECTION('',(-1.,0.,0.));
#12721=DIRECTION('',(1.,0.,0.));
#12722=DIRECTION('',(0.,1.,0.));
#12723=DIRECTION('',(1.,0.,0.));
#12724=DIRECTION('',(-1.,0.,0.));
#12725=DIRECTION('',(-1.,0.,0.));
#12726=DIRECTION('',(0.,0.,1.));
#12727=DIRECTION('',(1.,0.,0.));
#12728=DIRECTION('',(0.,0.,1.));
#12729=DIRECTION('',(1.,0.,0.));
#12730=DIRECTION('',(1.,0.,0.));
#12731=DIRECTION('',(0.,0.,1.));
#12732=DIRECTION('',(1.,0.,0.));
#12733=DIRECTION('',(-6.73992243737553E-33,-1.10071286546752E-16,1.));
#12734=DIRECTION('',(6.12323399573677E-17,1.,1.10071286546752E-16));
#12735=DIRECTION('',(-1.,0.,0.));
#12736=DIRECTION('',(-6.12323399573677E-17,-1.,-1.10071286546752E-16));
#12737=DIRECTION('',(1.,-6.12323399573677E-17,0.));
#12738=DIRECTION('',(-6.12323399573677E-17,-1.,-1.10071286546752E-16));
#12739=DIRECTION('',(-1.,0.,0.));
#12740=DIRECTION('',(0.,0.,1.));
#12741=DIRECTION('',(0.,-1.,0.));
#12742=DIRECTION('',(0.,0.,-1.));
#12743=DIRECTION('',(0.,-1.,0.));
#12744=DIRECTION('',(1.,0.,0.));
#12745=DIRECTION('',(0.,0.,-1.));
#12746=DIRECTION('',(0.,0.,1.));
#12747=DIRECTION('',(0.,-0.394370557421757,0.918951502223514));
#12748=DIRECTION('',(0.,-1.,0.));
#12749=DIRECTION('',(6.61603156360338E-17,0.,1.));
#12750=DIRECTION('',(0.,1.,0.));
#12751=DIRECTION('',(-1.67277445059903E-32,-2.73184799366426E-16,1.));
#12752=DIRECTION('',(0.,0.,1.));
#12753=DIRECTION('',(1.,0.,0.));
#12754=DIRECTION('',(6.61603156360338E-17,0.,1.));
#12755=DIRECTION('',(0.,1.,0.));
#12756=DIRECTION('',(-1.67277445059903E-32,-2.73184799366426E-16,1.));
#12757=DIRECTION('',(-2.73184799366426E-16,0.,1.));
#12758=DIRECTION('',(0.,0.,1.));
#12759=DIRECTION('',(1.,0.,0.));
#12760=DIRECTION('',(0.,0.,1.));
#12761=DIRECTION('',(1.,0.,0.));
#12762=DIRECTION('',(0.,-1.,0.));
#12763=DIRECTION('',(-1.,0.,0.));
#12764=DIRECTION('',(-1.,0.,0.));
#12765=DIRECTION('',(0.,0.,1.));
#12766=DIRECTION('',(0.,-1.,0.));
#12767=DIRECTION('',(0.,0.,-1.));
#12768=DIRECTION('',(0.,0.,-1.));
#12769=DIRECTION('',(-1.,0.,0.));
#12770=DIRECTION('',(1.,0.,0.));
#12771=DIRECTION('',(0.,0.,-1.));
#12772=DIRECTION('',(-1.,0.,0.));
#12773=DIRECTION('',(0.,-1.,0.));
#12774=DIRECTION('',(1.,0.,0.));
#12775=DIRECTION('',(1.,0.,0.));
#12776=DIRECTION('',(0.,0.,-1.));
#12777=DIRECTION('',(0.,-1.,0.));
#12778=DIRECTION('',(0.,0.,1.));
#12779=DIRECTION('',(0.,0.,1.));
#12780=DIRECTION('',(1.,0.,0.));
#12781=DIRECTION('',(0.,-1.,0.));
#12782=DIRECTION('',(-1.,0.,0.));
#12783=DIRECTION('',(1.,0.,0.));
#12784=DIRECTION('',(0.,0.,-1.));
#12785=DIRECTION('',(0.,-1.,0.));
#12786=DIRECTION('',(0.,0.,1.));
#12787=DIRECTION('',(-1.38777878078145E-16,0.,1.));
#12788=DIRECTION('',(1.,0.,1.38777878078145E-16));
#12789=DIRECTION('',(0.,-1.,0.));
#12790=DIRECTION('',(-1.,0.,-1.38777878078145E-16));
#12791=DIRECTION('',(-1.,0.,-4.47670574445628E-16));
#12792=DIRECTION('',(-4.47670574445628E-16,0.,1.));
#12793=DIRECTION('',(4.47670574445628E-16,0.,-1.));
#12794=DIRECTION('',(0.,1.,0.));
#12795=DIRECTION('',(0.,0.,1.));
#12796=DIRECTION('',(0.,0.,-1.));
#12797=DIRECTION('',(-1.,0.,0.));
#12798=DIRECTION('',(-1.,6.12323399573677E-17,0.));
#12799=DIRECTION('',(0.,0.,1.));
#12800=DIRECTION('',(-6.12323399573677E-17,-1.,0.));
#12801=DIRECTION('',(0.,0.,-1.));
#12802=DIRECTION('',(0.,0.,-1.));
#12803=DIRECTION('',(-1.,6.12323399573677E-17,0.));
#12804=DIRECTION('',(-6.12323399573677E-17,-1.,0.));
#12805=DIRECTION('',(-6.12323399573677E-17,-1.,0.));
#12806=DIRECTION('',(0.,0.,-1.));
#12807=DIRECTION('',(0.,0.,1.));
#12808=DIRECTION('',(-1.67277445059903E-32,-2.73184799366426E-16,1.));
#12809=DIRECTION('',(-1.,6.12323399573677E-17,0.));
#12810=DIRECTION('',(0.,0.,1.));
#12811=DIRECTION('',(0.,0.,1.));
#12812=DIRECTION('',(6.12323399573677E-17,1.,0.));
#12813=DIRECTION('',(0.,0.,-1.));
#12814=DIRECTION('',(-6.12323399573677E-17,-1.,0.));
#12815=DIRECTION('',(-1.,6.12323399573677E-17,0.));
#12816=DIRECTION('',(-6.12323399573677E-17,-1.,0.));
#12817=DIRECTION('',(0.,0.,-1.));
#12818=DIRECTION('',(0.,0.,-1.));
#12819=DIRECTION('',(0.,-1.,0.));
#12820=DIRECTION('',(-1.67277445059903E-32,-2.73184799366426E-16,1.));
#12821=DIRECTION('',(-6.12323399573677E-17,-1.,0.));
#12822=DIRECTION('',(0.,0.,1.));
#12823=DIRECTION('',(1.,-6.12323399573677E-17,0.));
#12824=DIRECTION('',(1.,0.,0.));
#12825=DIRECTION('',(0.,0.,1.));
#12826=DIRECTION('',(6.12323399573677E-17,1.,0.));
#12827=DIRECTION('',(1.,-6.12323399573677E-17,0.));
#12828=DIRECTION('',(1.,-6.12323399573677E-17,0.));
#12829=DIRECTION('',(-6.12323399573677E-17,-1.,0.));
#12830=DIRECTION('',(0.,0.,1.));
#12831=DIRECTION('',(6.12323399573677E-17,1.,0.));
#12832=DIRECTION('',(0.,0.,-1.));
#12833=DIRECTION('',(0.,0.,1.));
#12834=DIRECTION('',(1.,0.,0.));
#12835=DIRECTION('',(0.,0.,-1.));
#12836=DIRECTION('',(-1.,0.,0.));
#12837=DIRECTION('',(0.,0.,-1.));
#12838=DIRECTION('',(-1.,0.,0.));
#12839=DIRECTION('',(0.,-1.,0.));
#12840=DIRECTION('',(-1.,0.,0.));
#12841=DIRECTION('',(0.,0.,-1.));
#12842=DIRECTION('',(-1.,0.,0.));
#12843=DIRECTION('',(0.,0.,-1.));
#12844=DIRECTION('',(-1.,0.,0.));
#12845=DIRECTION('',(2.91840045291987E-16,-0.918951502223514,-0.394370557421755));
#12846=DIRECTION('',(1.,2.71050543121376E-16,1.0842021724855E-16));
#12847=DIRECTION('',(0.,-0.394370557421753,0.918951502223515));
#12848=DIRECTION('',(-1.,0.,0.));
#12849=DIRECTION('',(0.,0.,1.));
#12850=DIRECTION('',(0.,-1.,0.));
#12851=DIRECTION('',(0.,0.,1.));
#12852=DIRECTION('',(-1.,0.,0.));
#12853=DIRECTION('',(0.,-1.,-2.73184799366426E-16));
#12854=DIRECTION('',(0.,2.73184799366426E-16,-1.));
#12855=DIRECTION('',(-1.,0.,0.));
#12856=DIRECTION('',(0.,0.,1.));
#12857=DIRECTION('',(0.,-1.,0.));
#12858=DIRECTION('',(0.,0.,-1.));
#12859=DIRECTION('',(0.,1.,0.));
#12860=DIRECTION('',(0.,0.,1.));
#12861=DIRECTION('',(0.,0.,1.));
#12862=DIRECTION('',(-1.,0.,0.));
#12863=DIRECTION('',(0.,0.,1.));
#12864=DIRECTION('',(0.,1.,0.));
#12865=DIRECTION('',(0.,0.,1.));
#12866=DIRECTION('',(-1.,0.,0.));
#12867=DIRECTION('',(0.,0.,1.));
#12868=DIRECTION('',(0.,1.,0.));
#12869=DIRECTION('',(0.,0.,-1.));
#12870=DIRECTION('',(0.,0.,-1.));
#12871=DIRECTION('',(-1.,0.,0.));
#12872=DIRECTION('',(1.,0.,0.));
#12873=DIRECTION('',(0.,0.,-1.));
#12874=DIRECTION('',(-1.,0.,0.));
#12875=DIRECTION('',(0.,0.,-1.));
#12876=DIRECTION('',(-1.,0.,0.));
#12877=DIRECTION('',(0.,0.,-1.));
#12878=DIRECTION('',(0.,0.,1.));
#12879=DIRECTION('',(1.,0.,0.));
#12880=DIRECTION('',(1.,0.,0.));
#12881=DIRECTION('',(0.,1.,0.));
#12882=DIRECTION('',(0.,0.,-1.));
#12883=DIRECTION('',(0.,-1.,0.));
#12884=DIRECTION('',(0.,0.,1.));
#12885=DIRECTION('',(0.,-1.,0.));
#12886=DIRECTION('',(0.,0.,-1.));
#12887=DIRECTION('',(-1.,0.,0.));
#12888=DIRECTION('',(0.,0.,-1.));
#12889=DIRECTION('',(-1.,0.,0.));
#12890=DIRECTION('',(0.,0.,-1.));
#12891=DIRECTION('',(0.,0.,-1.));
#12892=DIRECTION('',(-1.,0.,0.));
#12893=DIRECTION('',(0.,0.,-1.));
#12894=DIRECTION('',(-1.,0.,0.));
#12895=DIRECTION('',(0.,0.,1.));
#12896=DIRECTION('',(0.,-1.,0.));
#12897=DIRECTION('',(0.,0.,1.));
#12898=DIRECTION('',(0.,1.,0.));
#12899=DIRECTION('',(0.,0.,-1.));
#12900=DIRECTION('',(-1.,0.,0.));
#12901=DIRECTION('',(0.,0.,1.));
#12902=DIRECTION('',(0.,0.,-1.));
#12903=DIRECTION('',(-1.,0.,0.));
#12904=DIRECTION('',(1.,-6.12323399573677E-17,0.));
#12905=DIRECTION('',(6.12323399573677E-17,1.,0.));
#12906=DIRECTION('',(-1.,0.,0.));
#12907=DIRECTION('',(0.,0.,1.));
#12908=DIRECTION('',(-1.,0.,0.));
#12909=DIRECTION('',(0.,0.,1.));
#12910=DIRECTION('',(0.,1.,-1.22464679914735E-16));
#12911=DIRECTION('',(0.,1.22464679914735E-16,1.));
#12912=DIRECTION('',(0.,1.22464679914735E-16,1.));
#12913=DIRECTION('',(1.,0.,0.));
#12914=DIRECTION('',(0.,-1.22464679914735E-16,-1.));
#12915=DIRECTION('',(-1.,0.,0.));
#12916=DIRECTION('',(0.,1.,-1.22464679914735E-16));
#12917=DIRECTION('',(0.,1.22464679914735E-16,1.));
#12918=DIRECTION('',(1.,0.,0.));
#12919=DIRECTION('',(0.,1.22464679914735E-16,1.));
#12920=DIRECTION('',(-1.,0.,0.));
#12921=DIRECTION('',(0.,-1.22464679914735E-16,-1.));
#12922=DIRECTION('',(0.,1.52049808188502E-16,1.));
#12923=DIRECTION('',(0.,-1.,1.52049808188502E-16));
#12924=DIRECTION('',(0.,-1.60812264967664E-16,-1.));
#12925=DIRECTION('',(0.,1.,-1.60812264967664E-16));
#12926=DIRECTION('',(1.,0.,0.));
#12927=DIRECTION('',(0.,-1.60812264967664E-16,-1.));
#12928=DIRECTION('',(0.,-1.,1.60812264967664E-16));
#12929=DIRECTION('',(-1.22464679914735E-16,-1.60812264967664E-16,-1.));
#12930=DIRECTION('',(0.,-1.,1.60812264967664E-16));
#12931=DIRECTION('',(-1.,0.,0.));
#12932=DIRECTION('',(1.22464679914735E-16,1.60812264967664E-16,1.));
#12933=DIRECTION('',(0.,1.,-1.60812264967664E-16));
#12934=DIRECTION('',(-1.,-3.40452492349482E-33,2.08467027508766E-49));
#12935=DIRECTION('',(0.,-6.12323399573677E-17,-1.));
#12936=DIRECTION('',(-1.,-3.40452492349482E-33,2.08467027508766E-49));
#12937=DIRECTION('',(0.,-6.12323399573677E-17,-1.));
#12938=DIRECTION('',(0.,0.,-1.));
#12939=DIRECTION('',(-1.,0.,0.));
#12940=DIRECTION('',(1.22464679914735E-16,1.60812264967664E-16,1.));
#12941=DIRECTION('',(0.,-1.,1.60812264967664E-16));
#12942=DIRECTION('',(1.22464679914735E-16,1.60812264967664E-16,1.));
#12943=DIRECTION('',(0.,1.,-1.60812264967664E-16));
#12944=DIRECTION('',(-1.,0.,0.));
#12945=DIRECTION('',(0.,1.,0.));
#12946=DIRECTION('',(0.,0.,1.));
#12947=DIRECTION('',(1.22464679914735E-16,1.60812264967664E-16,1.));
#12948=DIRECTION('',(0.,-1.,1.60812264967664E-16));
#12949=DIRECTION('',(1.22464679914735E-16,1.60812264967664E-16,1.));
#12950=DIRECTION('',(0.,-1.,1.60812264967664E-16));
#12951=DIRECTION('',(6.67201336914155E-16,1.,0.));
#12952=DIRECTION('',(-1.,6.67201336914155E-16,0.));
#12953=DIRECTION('',(1.,-6.67201336914155E-16,0.));
#12954=DIRECTION('',(1.,-6.67201336914155E-16,0.));
#12955=DIRECTION('',(0.,0.,-1.));
#12956=DIRECTION('',(-1.,0.,0.));
#12957=DIRECTION('',(1.,-6.67201336914155E-16,0.));
#12958=DIRECTION('',(-6.67201336914155E-16,-1.,0.));
#12959=DIRECTION('',(1.,-6.67201336914155E-16,0.));
#12960=DIRECTION('',(1.,-6.67201336914155E-16,0.));
#12961=DIRECTION('',(0.,0.,1.));
#12962=DIRECTION('',(1.,0.,0.));
#12963=DIRECTION('',(0.,-1.,0.));
#12964=DIRECTION('',(0.,0.,1.));
#12965=DIRECTION('',(1.,0.,0.));
#12966=DIRECTION('',(0.,0.,1.));
#12967=DIRECTION('',(1.,0.,0.));
#12968=DIRECTION('',(-1.,0.,0.));
#12969=DIRECTION('',(0.,0.,1.));
#12970=DIRECTION('',(0.,0.,1.));
#12971=DIRECTION('',(0.,1.,0.));
#12972=DIRECTION('',(0.,0.,-1.));
#12973=DIRECTION('',(0.,-1.,0.));
#12974=DIRECTION('',(0.,0.,-1.));
#12975=DIRECTION('',(-1.,0.,0.));
#12976=DIRECTION('',(0.,0.,-1.));
#12977=DIRECTION('',(-1.,0.,0.));
#12978=DIRECTION('',(0.,0.,-1.));
#12979=DIRECTION('',(-1.,0.,0.));
#12980=DIRECTION('',(-1.,0.,0.));
#12981=DIRECTION('',(0.,0.,1.));
#12982=DIRECTION('',(0.,0.,-1.));
#12983=DIRECTION('',(0.,1.,0.));
#12984=DIRECTION('',(0.,0.,1.));
#12985=DIRECTION('',(0.,0.,-1.));
#12986=DIRECTION('',(-1.,0.,0.));
#12987=DIRECTION('',(0.,-0.707106781186547,-0.707106781186547));
#12988=DIRECTION('',(0.,0.707106781186547,-0.707106781186547));
#12989=DIRECTION('',(0.,-1.,0.));
#12990=DIRECTION('',(0.,0.,-1.));
#12991=DIRECTION('',(0.,-0.707106781186547,0.707106781186547));
#12992=DIRECTION('',(0.,-0.707106781186547,-0.707106781186547));
#12993=DIRECTION('',(0.,0.,1.));
#12994=DIRECTION('',(1.,0.,0.));
#12995=DIRECTION('',(0.,0.,-1.));
#12996=DIRECTION('',(-1.,0.,0.));
#12997=DIRECTION('',(0.,0.707106781186547,-0.707106781186547));
#12998=DIRECTION('',(0.,0.707106781186547,0.707106781186547));
#12999=DIRECTION('',(0.,-0.707106781186547,-0.707106781186547));
#13000=DIRECTION('',(0.,-0.707106781186547,0.707106781186547));
#13001=DIRECTION('',(0.,-1.,0.));
#13002=DIRECTION('',(0.,0.,-1.));
#13003=DIRECTION('',(0.,-0.707106781186547,0.707106781186547));
#13004=DIRECTION('',(0.,0.707106781186547,0.707106781186547));
#13005=DIRECTION('',(0.,1.,0.));
#13006=DIRECTION('',(0.,0.,1.));
#13007=DIRECTION('',(0.,0.707106781186547,0.707106781186547));
#13008=DIRECTION('',(0.,-0.707106781186547,0.707106781186547));
#13009=DIRECTION('',(0.,0.,1.));
#13010=DIRECTION('',(1.,0.,0.));
#13011=DIRECTION('',(-0.0669867294816093,0.997753866478781,-1.88795210740301E-17));
#13012=DIRECTION('',(2.8183971989875E-16,0.,-1.));
#13013=DIRECTION('',(-0.997753866478781,-0.0669867294816094,0.));
#13014=DIRECTION('',(2.8183971989875E-16,0.,-1.));
#13015=DIRECTION('',(-1.,0.,-2.8183971989875E-16));
#13016=DIRECTION('',(-2.8183971989875E-16,0.,1.));
#13017=DIRECTION('',(1.,0.,2.8183971989875E-16));
#13018=DIRECTION('',(-1.,0.,0.));
#13019=DIRECTION('',(1.,0.,0.));
#13020=DIRECTION('',(0.,0.,-1.));
#13021=DIRECTION('',(0.,-1.,0.));
#13022=DIRECTION('',(0.,0.,1.));
#13023=DIRECTION('',(0.,1.,0.));
#13024=DIRECTION('',(0.,0.,-1.));
#13025=DIRECTION('',(0.,1.,0.));
#13026=DIRECTION('',(1.,0.,0.));
#13027=DIRECTION('',(0.,0.,-1.));
#13028=DIRECTION('',(0.,0.,-1.));
#13029=DIRECTION('',(0.,-1.,0.));
#13030=DIRECTION('',(0.,0.,-1.));
#13031=DIRECTION('',(1.,0.,0.));
#13032=DIRECTION('',(0.,0.,1.));
#13033=DIRECTION('',(1.,0.,0.));
#13034=DIRECTION('',(1.,0.,0.));
#13035=DIRECTION('',(-1.,-6.12323399573677E-17,0.));
#13036=DIRECTION('',(6.12323399573677E-17,-1.,0.));
#13037=DIRECTION('',(-1.,0.,0.));
#13038=DIRECTION('',(0.,0.,1.));
#13039=DIRECTION('',(0.,1.,0.));
#13040=DIRECTION('',(0.,0.,1.));
#13041=DIRECTION('',(1.,0.,0.));
#13042=DIRECTION('',(0.,0.,-1.));
#13043=DIRECTION('',(-1.,0.,0.));
#13044=DIRECTION('',(0.,-1.60812264967664E-16,-1.));
#13045=DIRECTION('',(0.,1.,-1.60812264967664E-16));
#13046=DIRECTION('',(0.,1.60812264967664E-16,1.));
#13047=DIRECTION('',(0.,-1.,1.60812264967664E-16));
#13048=DIRECTION('',(0.,-1.60812264967664E-16,-1.));
#13049=DIRECTION('',(0.,-1.,1.60812264967664E-16));
#13050=DIRECTION('',(0.,-1.60812264967664E-16,-1.));
#13051=DIRECTION('',(0.,-1.,1.60812264967664E-16));
#13052=DIRECTION('',(0.,0.,-1.));
#13053=DIRECTION('',(-1.,0.,0.));
#13054=DIRECTION('',(-1.,-6.67201336914155E-16,0.));
#13055=DIRECTION('',(-1.,-6.67201336914155E-16,0.));
#13056=DIRECTION('',(-6.67201336914155E-16,1.,0.));
#13057=DIRECTION('',(-1.,-6.67201336914155E-16,0.));
#13058=DIRECTION('',(-1.,-6.67201336914155E-16,0.));
#13059=DIRECTION('',(0.,0.,1.));
#13060=DIRECTION('',(1.,0.,0.));
#13061=DIRECTION('',(0.,0.,1.));
#13062=DIRECTION('',(1.,0.,0.));
#13063=DIRECTION('',(0.,1.,0.));
#13064=DIRECTION('',(0.,0.,1.));
#13065=DIRECTION('',(1.,0.,0.));
#13066=DIRECTION('',(-1.,-6.67201336914155E-16,0.));
#13067=DIRECTION('',(6.67201336914155E-16,-1.,0.));
#13068=DIRECTION('',(1.,6.67201336914155E-16,0.));
#13069=DIRECTION('',(1.,0.,0.));
#13070=DIRECTION('',(0.,0.,-1.));
#13071=DIRECTION('',(0.,-1.,0.));
#13072=DIRECTION('',(0.,0.,-1.));
#13073=DIRECTION('',(0.,1.,0.));
#13074=DIRECTION('',(0.,0.,1.));
#13075=DIRECTION('',(0.,0.,-1.));
#13076=DIRECTION('',(-1.,0.,0.));
#13077=DIRECTION('',(0.,0.,-1.));
#13078=DIRECTION('',(-1.,0.,0.));
#13079=DIRECTION('',(0.,0.,-1.));
#13080=DIRECTION('',(-1.,0.,0.));
#13081=DIRECTION('',(1.,0.,0.));
#13082=DIRECTION('',(0.,0.,-1.));
#13083=DIRECTION('',(0.,-1.,0.));
#13084=DIRECTION('',(0.,0.,1.));
#13085=DIRECTION('',(0.,0.,-1.));
#13086=DIRECTION('',(0.,0.,1.));
#13087=DIRECTION('',(1.,0.,0.));
#13088=DIRECTION('',(0.,0.707106781186547,0.707106781186547));
#13089=DIRECTION('',(0.,-0.707106781186547,0.707106781186547));
#13090=DIRECTION('',(0.,1.,0.));
#13091=DIRECTION('',(0.,0.,1.));
#13092=DIRECTION('',(0.,0.707106781186547,-0.707106781186547));
#13093=DIRECTION('',(0.,0.707106781186547,0.707106781186547));
#13094=DIRECTION('',(0.,0.,-1.));
#13095=DIRECTION('',(-1.,0.,0.));
#13096=DIRECTION('',(0.,0.,1.));
#13097=DIRECTION('',(1.,0.,0.));
#13098=DIRECTION('',(0.,0.707106781186547,0.707106781186547));
#13099=DIRECTION('',(0.,0.707106781186547,-0.707106781186547));
#13100=DIRECTION('',(0.,-0.707106781186547,0.707106781186547));
#13101=DIRECTION('',(0.,-0.707106781186547,-0.707106781186547));
#13102=DIRECTION('',(0.,-1.,0.));
#13103=DIRECTION('',(0.,0.,-1.));
#13104=DIRECTION('',(0.,-0.707106781186547,-0.707106781186547));
#13105=DIRECTION('',(0.,0.707106781186547,-0.707106781186547));
#13106=DIRECTION('',(0.,1.,0.));
#13107=DIRECTION('',(0.,0.,1.));
#13108=DIRECTION('',(0.,0.707106781186547,-0.707106781186547));
#13109=DIRECTION('',(0.,-0.707106781186547,-0.707106781186547));
#13110=DIRECTION('',(0.,0.,-1.));
#13111=DIRECTION('',(-1.,0.,0.));
#13112=DIRECTION('',(0.,-6.12323399573677E-17,1.));
#13113=DIRECTION('',(0.,-1.,-6.12323399573677E-17));
#13114=DIRECTION('',(-0.134304568312812,-0.990940100576372,-6.06775811158805E-17));
#13115=DIRECTION('',(-0.990940100576371,0.134304568312812,8.2237829847576E-18));
#13116=DIRECTION('',(0.134304568312812,0.990940100576371,0.));
#13117=DIRECTION('',(0.,0.,-1.));
#13118=DIRECTION('',(-1.,0.,0.));
#13119=DIRECTION('',(0.,6.12323399573677E-17,-1.));
#13120=DIRECTION('',(1.,0.,0.));
#13121=DIRECTION('',(-8.14927633803394E-18,-6.01278483337015E-17,1.));
#13122=DIRECTION('',(-0.134304568312812,-0.990940100576372,-6.06775811158805E-17));
#13123=DIRECTION('',(0.134304568312812,0.990940100576371,0.));
#13124=DIRECTION('',(-0.990940100576371,0.134304568312812,1.54074395550979E-33));
#13125=DIRECTION('',(-0.134304568312812,-0.990940100576372,-6.06775811158805E-17));
#13126=DIRECTION('',(0.,6.12323399573677E-17,-1.));
#13127=DIRECTION('',(1.,0.,0.));
#13128=DIRECTION('',(0.,0.,-1.));
#13129=DIRECTION('',(-1.,0.,0.));
#13130=DIRECTION('',(-0.134304568312812,-0.990940100576371,0.));
#13131=DIRECTION('',(0.,0.,-1.));
#13132=DIRECTION('',(0.,0.,-1.));
#13133=DIRECTION('',(-0.990940100576371,0.134304568312812,1.54074395550979E-33));
#13134=DIRECTION('',(0.,0.,1.));
#13135=DIRECTION('',(0.990940100576371,-0.134304568312812,-8.2237829847576E-18));
#13136=DIRECTION('',(0.990940100576371,-0.134304568312812,0.));
#13137=DIRECTION('',(0.134304568312812,0.990940100576371,0.));
#13138=DIRECTION('',(0.990940100576371,-0.134304568312812,0.));
#13139=DIRECTION('',(0.134304568312812,0.990940100576371,0.));
#13140=DIRECTION('',(0.990940100576371,-0.134304568312812,0.));
#13141=DIRECTION('',(0.134304568312812,0.990940100576371,0.));
#13142=DIRECTION('',(0.,0.,-1.));
#13143=DIRECTION('',(0.,0.,-1.));
#13144=DIRECTION('',(-1.,0.,0.));
#13145=DIRECTION('',(0.990940100576371,-0.134304568312812,0.));
#13146=DIRECTION('',(0.134304568312812,0.990940100576371,0.));
#13147=DIRECTION('',(0.990940100576371,-0.134304568312812,0.));
#13148=DIRECTION('',(0.134304568312812,0.990940100576371,0.));
#13149=DIRECTION('',(0.,0.,1.));
#13150=DIRECTION('',(0.990940100576371,-0.134304568312812,0.));
#13151=DIRECTION('',(0.134304568312812,0.990940100576371,0.));
#13152=DIRECTION('',(0.,0.,-1.));
#13153=DIRECTION('',(-1.,0.,0.));
#13154=DIRECTION('',(-0.990940100576371,0.134304568312812,8.2237829847576E-18));
#13155=DIRECTION('',(-0.134304568312812,-0.990940100576371,0.));
#13156=DIRECTION('',(0.990940100576371,-0.134304568312812,-1.54074395550979E-33));
#13157=DIRECTION('',(0.134304568312812,0.990940100576371,0.));
#13158=DIRECTION('',(0.,-6.12323399573677E-17,1.));
#13159=DIRECTION('',(0.,-1.,-6.12323399573677E-17));
#13160=DIRECTION('',(0.,1.,6.12323399573677E-17));
#13161=DIRECTION('',(-1.,0.,0.));
#13162=DIRECTION('',(0.,0.,1.));
#13163=DIRECTION('',(0.,0.,-1.));
#13164=DIRECTION('',(0.,6.12323399573677E-17,-1.));
#13165=DIRECTION('',(0.,1.,6.12323399573677E-17));
#13166=DIRECTION('',(0.,1.,6.12323399573677E-17));
#13167=DIRECTION('',(-1.,0.,0.));
#13168=DIRECTION('',(0.,0.,1.));
#13169=DIRECTION('',(0.,0.,-1.));
#13170=DIRECTION('',(0.,0.,-1.));
#13171=DIRECTION('',(-1.,0.,0.));
#13172=DIRECTION('',(0.,0.,1.));
#13173=DIRECTION('',(1.,0.,0.));
#13174=DIRECTION('',(-0.998371334423977,6.11326129531397E-17,-0.0570497905385107));
#13175=DIRECTION('',(-0.0570497905385107,0.,0.998371334423977));
#13176=DIRECTION('',(0.998371334423977,-6.11326129531397E-17,-0.057049790538513));
#13177=DIRECTION('',(-0.057049790538513,0.,-0.998371334423977));
#13178=DIRECTION('',(0.,0.,1.));
#13179=DIRECTION('',(1.,0.,0.));
#13180=DIRECTION('',(1.,0.,0.));
#13181=DIRECTION('',(0.,0.,1.));
#13182=DIRECTION('',(0.,1.,1.14126544472158E-16));
#13183=DIRECTION('',(0.,0.,-1.));
#13184=DIRECTION('',(0.,1.,1.14126544472158E-16));
#13185=DIRECTION('',(0.,-1.14126544472158E-16,1.));
#13186=DIRECTION('',(2.16840434497101E-16,-1.14126544472158E-16,1.));
#13187=DIRECTION('',(-1.,0.,2.16840434497101E-16));
#13188=DIRECTION('',(0.,1.,1.14126544472158E-16));
#13189=DIRECTION('',(1.,0.,-2.16840434497101E-16));
#13190=DIRECTION('',(-1.,-9.40011802371148E-33,2.16840434497101E-16));
#13191=DIRECTION('',(-1.,0.,0.));
#13192=DIRECTION('',(0.,0.,-1.));
#13193=DIRECTION('',(0.,1.,1.14126544472158E-16));
#13194=DIRECTION('',(0.,0.,1.));
#13195=DIRECTION('',(0.,1.14126544472158E-16,-1.));
#13196=DIRECTION('',(2.16840434497101E-16,1.14126544472158E-16,-1.));
#13197=DIRECTION('',(1.,0.,2.16840434497101E-16));
#13198=DIRECTION('',(-1.,0.,-2.16840434497101E-16));
#13199=DIRECTION('',(1.,-4.00943809582796E-32,2.16840434497101E-16));
#13200=DIRECTION('',(1.0842021724855E-16,-1.14126544472158E-16,1.));
#13201=DIRECTION('',(0.,-1.,-1.14126544472158E-16));
#13202=DIRECTION('',(0.,1.,1.14126544472158E-16));
#13203=DIRECTION('',(1.,0.,-1.0842021724855E-16));
#13204=DIRECTION('',(0.,1.,1.14126544472158E-16));
#13205=DIRECTION('',(-1.,2.97350672178628E-33,1.0842021724855E-16));
#13206=DIRECTION('',(-1.,0.,0.));
#13207=DIRECTION('',(0.,0.,-1.));
#13208=DIRECTION('',(0.,1.,1.14126544472158E-16));
#13209=DIRECTION('',(0.,0.,1.));
#13210=DIRECTION('',(0.,1.14126544472158E-16,-1.));
#13211=DIRECTION('',(1.0842021724855E-16,1.14126544472158E-16,-1.));
#13212=DIRECTION('',(0.,1.,1.14126544472158E-16));
#13213=DIRECTION('',(0.,1.,1.14126544472158E-16));
#13214=DIRECTION('',(-1.,0.,-1.0842021724855E-16));
#13215=DIRECTION('',(1.,-2.77207562127818E-32,1.0842021724855E-16));
#13216=DIRECTION('',(1.,0.,0.));
#13217=DIRECTION('',(0.,0.,1.));
#13218=DIRECTION('',(0.,0.,-1.));
#13219=DIRECTION('',(0.,-1.14126544472158E-16,1.));
#13220=DIRECTION('',(1.34474688060218E-16,0.,1.));
#13221=DIRECTION('',(-1.,0.,1.34474688060218E-16));
#13222=DIRECTION('',(0.,1.,0.));
#13223=DIRECTION('',(1.,0.,-1.34474688060218E-16));
#13224=DIRECTION('',(0.,1.,0.));
#13225=DIRECTION('',(1.,0.,-1.34474688060218E-16));
#13226=DIRECTION('',(1.5347131467284E-32,1.,1.14126544472158E-16));
#13227=DIRECTION('',(0.,-1.14126544472158E-16,1.));
#13228=DIRECTION('',(-1.34474688060218E-16,1.14126544472158E-16,-1.));
#13229=DIRECTION('',(-1.34474688060218E-16,1.14126544472158E-16,-1.));
#13230=DIRECTION('',(1.,0.,-1.34474688060218E-16));
#13231=DIRECTION('',(-1.34474688060218E-16,1.23204792327898E-16,-1.));
#13232=DIRECTION('',(1.,0.,-1.34474688060218E-16));
#13233=DIRECTION('',(-1.6567926015818E-32,-1.,-1.23204792327898E-16));
#13234=DIRECTION('',(-1.6567926015818E-32,-1.,-1.23204792327898E-16));
#13235=DIRECTION('',(1.,0.,-1.34474688060218E-16));
#13236=DIRECTION('',(1.,0.,-1.34474688060218E-16));
#13237=DIRECTION('',(1.34474688060218E-16,0.,1.));
#13238=DIRECTION('',(1.34474688060218E-16,0.,1.));
#13239=DIRECTION('',(1.,0.,-1.34474688060218E-16));
#13240=DIRECTION('',(1.34474688060218E-16,0.,1.));
#13241=DIRECTION('',(1.34474688060218E-16,0.,1.));
#13242=DIRECTION('',(0.,1.,0.));
#13243=DIRECTION('',(0.,0.,1.));
#13244=DIRECTION('',(-1.34474688060218E-16,0.,1.));
#13245=DIRECTION('',(1.,0.,0.));
#13246=DIRECTION('',(1.34474688060218E-16,0.,-1.));
#13247=DIRECTION('',(1.,0.,1.10141173077893E-16));
#13248=DIRECTION('',(-1.25704599708464E-16,0.,1.));
#13249=DIRECTION('',(-1.,0.,-1.09792625061823E-15));
#13250=DIRECTION('',(0.,0.,1.));
#13251=DIRECTION('',(1.,0.,-1.37240781327279E-16));
#13252=DIRECTION('',(-1.25704599708464E-16,0.,1.));
#13253=DIRECTION('',(1.,0.,1.54334828823559E-16));
#13254=DIRECTION('',(0.,0.,1.));
#13255=DIRECTION('',(1.,0.,0.));
#13256=DIRECTION('',(0.,0.,1.));
#13257=DIRECTION('',(1.,0.,0.));
#13258=DIRECTION('',(0.,0.,-1.));
#13259=DIRECTION('',(1.,0.,0.));
#13260=DIRECTION('',(5.42101086242752E-16,0.,-1.));
#13261=DIRECTION('',(1.,0.,0.));
#13262=DIRECTION('',(1.25704599708464E-16,0.,-1.));
#13263=DIRECTION('',(1.,0.,2.74481562654558E-16));
#13264=DIRECTION('',(0.,0.,-1.));
#13265=DIRECTION('',(-1.,0.,1.09792625061823E-15));
#13266=DIRECTION('',(1.25704599708464E-16,0.,-1.));
#13267=DIRECTION('',(-1.,0.,-1.45530492951074E-16));
#13268=DIRECTION('',(-1.34474688060218E-16,0.,1.));
#13269=DIRECTION('',(-1.,0.,-1.34474688060218E-16));
#13270=DIRECTION('',(-1.34474688060218E-16,0.,1.));
#13271=DIRECTION('',(-1.,0.,-1.34474688060218E-16));
#13272=DIRECTION('',(0.,1.,0.));
#13273=DIRECTION('',(0.,0.,1.));
#13274=DIRECTION('',(-1.,2.12849506254823E-16,0.));
#13275=DIRECTION('',(0.,0.,1.));
#13276=DIRECTION('',(1.,0.,1.10141173077893E-16));
#13277=DIRECTION('',(-1.0842021724855E-16,0.,1.));
#13278=DIRECTION('',(-1.,0.,0.));
#13279=DIRECTION('',(0.,0.,-1.));
#13280=DIRECTION('',(1.10141173077893E-16,0.,-1.));
#13281=DIRECTION('',(-1.,0.,-1.10141173077893E-16));
#13282=DIRECTION('',(0.,-1.,0.));
#13283=DIRECTION('',(1.,0.,1.10141173077893E-16));
#13284=DIRECTION('',(0.,1.,0.));
#13285=DIRECTION('',(1.,0.,0.));
#13286=DIRECTION('',(0.,1.,0.));
#13287=DIRECTION('',(1.,0.,2.47817639425258E-16));
#13288=DIRECTION('',(0.,1.,0.));
#13289=DIRECTION('',(-1.,0.,0.));
#13290=DIRECTION('',(0.,1.,0.));
#13291=DIRECTION('',(1.,0.,-2.47817639425258E-16));
#13292=DIRECTION('',(0.,1.,0.));
#13293=DIRECTION('',(1.,0.,0.));
#13294=DIRECTION('',(0.,1.,0.));
#13295=DIRECTION('',(0.,-1.,0.));
#13296=DIRECTION('',(-1.,0.,0.));
#13297=DIRECTION('',(0.,-1.,0.));
#13298=DIRECTION('',(0.,-1.,0.));
#13299=DIRECTION('',(1.,1.15648231731787E-14,0.));
#13300=DIRECTION('',(1.,0.,1.34474688060218E-16));
#13301=DIRECTION('',(1.34474688060218E-16,0.,-1.));
#13302=DIRECTION('',(0.,0.,1.));
#13303=DIRECTION('',(0.,-1.,0.));
#13304=DIRECTION('',(0.,0.,-1.));
#13305=DIRECTION('',(0.,-1.,0.));
#13306=DIRECTION('',(0.,-1.,0.));
#13307=DIRECTION('',(0.,-1.,0.));
#13308=DIRECTION('',(0.,0.,-1.));
#13309=DIRECTION('',(0.,-1.,0.));
#13310=DIRECTION('',(0.,0.,1.));
#13311=DIRECTION('',(1.,0.,0.));
#13312=DIRECTION('',(0.,-1.,0.));
#13313=DIRECTION('',(0.,-1.,0.));
#13314=DIRECTION('',(-1.,0.,0.));
#13315=DIRECTION('',(0.,1.,0.));
#13316=DIRECTION('',(-0.707106781186548,-0.707106781186547,0.));
#13317=DIRECTION('',(-1.,2.12849506254823E-16,0.));
#13318=DIRECTION('',(0.707106781186548,-0.707106781186547,0.));
#13319=DIRECTION('',(0.,1.,0.));
#13320=DIRECTION('',(1.,0.,0.));
#13321=DIRECTION('',(0.,-1.,0.));
#13322=DIRECTION('',(-1.,2.12849506254823E-16,0.));
#13323=DIRECTION('',(0.,1.,0.));
#13324=DIRECTION('',(1.,0.,0.));
#13325=DIRECTION('',(1.55273020821871E-16,1.,1.70478325573123E-32));
#13326=DIRECTION('',(-1.,0.,-1.09792625061823E-16));
#13327=DIRECTION('',(0.,-1.,0.));
#13328=DIRECTION('',(1.,0.,0.));
#13329=DIRECTION('',(-1.,0.,0.));
#13330=DIRECTION('',(-1.10141173077893E-16,0.,1.));
#13331=DIRECTION('',(1.,0.,1.10141173077893E-16));
#13332=DIRECTION('',(0.,1.,0.));
#13333=DIRECTION('',(-1.,1.0842021724855E-16,0.));
#13334=DIRECTION('',(0.,-1.,0.));
#13335=DIRECTION('',(1.,2.12849506254823E-16,0.));
#13336=DIRECTION('',(1.55273020821871E-16,-1.,1.70478325573123E-32));
#13337=DIRECTION('',(0.,2.89120579329468E-16,-1.));
#13338=DIRECTION('',(0.,1.,2.89120579329468E-16));
#13339=DIRECTION('',(0.,-1.,0.));
#13340=DIRECTION('',(-1.,1.10141173077893E-16,0.));
#13341=DIRECTION('',(0.,-1.,0.));
#13342=DIRECTION('',(1.,-2.89120579329468E-16,1.09792625061823E-16));
#13343=DIRECTION('',(5.42101086242752E-16,1.,5.95187013074576E-32));
#13344=DIRECTION('',(-1.,1.10141173077893E-16,0.));
#13345=DIRECTION('',(0.,-2.89120579329468E-16,1.));
#13346=DIRECTION('',(0.,-1.,-2.89120579329468E-16));
#13347=DIRECTION('',(1.55273020821871E-16,1.,1.70478325573123E-32));
#13348=DIRECTION('',(1.,0.,0.));
#13349=DIRECTION('',(0.,1.,0.));
#13350=DIRECTION('',(-1.,0.,0.));
#13351=DIRECTION('',(0.,-1.,0.));
#13352=DIRECTION('',(1.,0.,0.));
#13353=DIRECTION('',(0.,1.,0.));
#13354=DIRECTION('',(-1.,1.0842021724855E-16,0.));
#13355=DIRECTION('',(0.,-1.,0.));
#13356=DIRECTION('',(1.,0.,0.));
#13357=DIRECTION('',(0.,1.,0.));
#13358=DIRECTION('',(-1.,0.,0.));
#13359=DIRECTION('',(0.,-1.,0.));
#13360=DIRECTION('',(1.,0.,0.));
#13361=DIRECTION('',(0.,1.,0.));
#13362=DIRECTION('',(-1.,1.0842021724855E-16,0.));
#13363=DIRECTION('',(0.,-1.,0.));
#13364=DIRECTION('',(1.,0.,0.));
#13365=DIRECTION('',(0.,1.,0.));
#13366=DIRECTION('',(-1.,0.,0.));
#13367=DIRECTION('',(0.,-1.,0.));
#13368=DIRECTION('',(1.,0.,0.));
#13369=DIRECTION('',(0.,1.,0.));
#13370=DIRECTION('',(-1.,1.0842021724855E-16,0.));
#13371=DIRECTION('',(0.,-1.,0.));
#13372=DIRECTION('',(1.,0.,0.));
#13373=DIRECTION('',(0.,1.,0.));
#13374=DIRECTION('',(-1.,0.,0.));
#13375=DIRECTION('',(0.,-1.,0.));
#13376=DIRECTION('',(1.,0.,0.));
#13377=DIRECTION('',(0.,-1.,0.));
#13378=DIRECTION('',(0.,0.,-1.));
#13379=DIRECTION('',(0.,0.,-1.));
#13380=DIRECTION('',(-1.,0.,0.));
#13381=DIRECTION('',(0.,0.,-1.));
#13382=DIRECTION('',(0.,-1.,0.));
#13383=DIRECTION('',(0.,0.,-1.));
#13384=DIRECTION('',(0.,0.,-1.));
#13385=DIRECTION('',(-1.,0.,0.));
#13386=DIRECTION('',(0.,0.,-1.));
#13387=DIRECTION('',(0.,-1.,0.));
#13388=DIRECTION('',(0.,0.,-1.));
#13389=DIRECTION('',(0.,0.,-1.));
#13390=DIRECTION('',(-1.,0.,0.));
#13391=DIRECTION('',(0.,0.,-1.));
#13392=DIRECTION('',(0.,-1.,0.));
#13393=DIRECTION('',(0.,0.,-1.));
#13394=DIRECTION('',(-1.,0.,0.));
#13395=DIRECTION('',(0.,0.,-1.));
#13396=DIRECTION('',(0.,0.,-1.));
#13397=DIRECTION('',(0.,-1.,0.));
#13398=DIRECTION('',(0.,0.,-1.));
#13399=DIRECTION('',(-1.,0.,0.));
#13400=DIRECTION('',(0.,0.,-1.));
#13401=DIRECTION('',(0.,0.,-1.));
#13402=DIRECTION('',(0.,-1.,0.));
#13403=DIRECTION('',(0.,0.,-1.));
#13404=DIRECTION('',(-1.,0.,0.));
#13405=DIRECTION('',(0.,0.,-1.));
#13406=DIRECTION('',(0.,0.,-1.));
#13407=DIRECTION('',(0.,-1.,0.));
#13408=DIRECTION('',(0.,0.,-1.));
#13409=DIRECTION('',(-1.,0.,0.));
#13410=DIRECTION('',(0.,0.,-1.));
#13411=DIRECTION('',(0.,0.,-1.));
#13412=DIRECTION('',(0.,1.,0.));
#13413=DIRECTION('',(0.,0.,1.));
#13414=DIRECTION('',(-1.09792625061823E-16,0.,1.));
#13415=DIRECTION('',(0.,0.,-1.));
#13416=DIRECTION('',(0.,1.,0.));
#13417=DIRECTION('',(0.,0.,1.));
#13418=DIRECTION('',(1.09792625061823E-16,0.,-1.));
#13419=DIRECTION('',(1.,0.,0.));
#13420=DIRECTION('',(-2.12849506254823E-16,1.,0.));
#13421=DIRECTION('',(-1.,-2.12849506254823E-16,0.));
#13422=DIRECTION('',(1.,2.12849506254823E-16,0.));
#13423=DIRECTION('',(-1.09792625061823E-16,-2.336930603483E-32,1.));
#13424=DIRECTION('',(1.,2.12849506254823E-16,0.));
#13425=DIRECTION('',(0.,0.,-1.));
#13426=DIRECTION('',(-2.12849506254823E-16,1.,0.));
#13427=DIRECTION('',(-1.,-2.12849506254823E-16,0.));
#13428=DIRECTION('',(1.,2.12849506254823E-16,0.));
#13429=DIRECTION('',(1.09792625061823E-16,2.336930603483E-32,-1.));
#13430=DIRECTION('',(0.,0.,-1.));
#13431=DIRECTION('',(-1.10141173077893E-16,0.,1.));
#13432=DIRECTION('',(1.,0.,1.10141173077893E-16));
#13433=DIRECTION('',(0.,2.89120579329468E-16,-1.));
#13434=DIRECTION('',(0.,1.,2.89120579329468E-16));
#13435=DIRECTION('',(0.,1.,0.));
#13436=DIRECTION('',(0.,-1.,0.));
#13437=DIRECTION('',(-1.10141173077893E-16,0.,1.));
#13438=DIRECTION('',(1.,0.,1.10141173077893E-16));
#13439=DIRECTION('',(0.,-1.,0.));
#13440=DIRECTION('',(0.,-2.89120579329468E-16,1.));
#13441=DIRECTION('',(0.,-1.,-2.89120579329468E-16));
#13442=DIRECTION('',(0.,1.,0.));
#13443=DIRECTION('',(0.,0.,1.));
#13444=DIRECTION('',(0.,0.,-1.));
#13445=DIRECTION('',(0.,0.,1.));
#13446=DIRECTION('',(1.,0.,1.23908819712629E-16));
#13447=DIRECTION('',(0.,1.,0.));
#13448=DIRECTION('',(0.,0.,1.));
#13449=DIRECTION('',(0.,0.,-1.));
#13450=DIRECTION('',(0.,0.,-1.));
#13451=DIRECTION('',(1.,0.,-3.21245088143852E-16));
#13452=DIRECTION('',(0.,1.,0.));
#13453=DIRECTION('',(0.,0.,1.));
#13454=DIRECTION('',(0.,0.,-1.));
#13455=DIRECTION('',(-1.,0.,0.));
#13456=DIRECTION('',(0.,0.,1.));
#13457=DIRECTION('',(1.,0.,-1.23908819712629E-16));
#13458=DIRECTION('',(0.,1.,0.));
#13459=DIRECTION('',(0.,0.,1.));
#13460=DIRECTION('',(0.,0.,1.));
#13461=DIRECTION('',(-1.,0.,0.));
#13462=DIRECTION('',(-1.4954512723938E-16,0.,1.));
#13463=DIRECTION('',(1.,0.,3.21245088143852E-16));
#13464=DIRECTION('',(0.,1.,0.));
#13465=DIRECTION('',(0.,0.,1.));
#13466=DIRECTION('',(0.,0.,1.));
#13467=DIRECTION('',(-1.,0.,0.));
#13468=DIRECTION('',(0.,0.,1.));
#13469=DIRECTION('',(-1.,0.,0.));
#13470=DIRECTION('',(-1.0842021724855E-16,0.,-1.));
#13471=DIRECTION('',(1.,0.,0.));
#13472=DIRECTION('',(0.,0.,-1.));
#13473=DIRECTION('',(0.,1.,0.));
#13474=DIRECTION('',(0.,0.,-1.));
#13475=DIRECTION('',(0.,-1.,0.));
#13476=DIRECTION('',(0.,0.,-1.));
#13477=DIRECTION('',(0.,1.,0.));
#13478=DIRECTION('',(9.96967514929199E-17,0.,1.));
#13479=DIRECTION('',(0.,-1.,0.));
#13480=DIRECTION('',(-9.96967514929199E-17,0.,-1.));
#13481=DIRECTION('',(-1.,0.,-1.4954512723938E-16));
#13482=DIRECTION('',(-1.4954512723938E-16,0.,1.));
#13483=DIRECTION('',(0.,0.,-1.));
#13484=DIRECTION('',(0.,1.,0.));
#13485=DIRECTION('',(0.,0.,1.));
#13486=DIRECTION('',(0.,1.,0.));
#13487=DIRECTION('',(0.,0.,-1.));
#13488=DIRECTION('',(0.,1.,0.));
#13489=DIRECTION('',(-1.4954512723938E-16,0.,1.));
#13490=DIRECTION('',(0.,1.,0.));
#13491=DIRECTION('',(0.,-1.,0.));
#13492=DIRECTION('',(0.,0.,-1.));
#13493=DIRECTION('',(-1.,0.,0.));
#13494=DIRECTION('',(0.,1.,0.));
#13495=DIRECTION('',(-1.,0.,0.));
#13496=DIRECTION('',(0.,1.,0.));
#13497=DIRECTION('',(0.,-1.,0.));
#13498=DIRECTION('',(0.,0.,-1.));
#13499=DIRECTION('',(1.,0.,0.));
#13500=DIRECTION('',(0.,0.,-1.));
#13501=DIRECTION('',(1.,0.,1.45530492951074E-16));
#13502=DIRECTION('',(9.96967514929199E-17,0.,1.));
#13503=DIRECTION('',(1.,0.,0.));
#13504=DIRECTION('',(0.,0.,-1.));
#13505=DIRECTION('',(1.,0.,1.45530492951074E-16));
#13506=DIRECTION('',(9.96967514929199E-17,0.,1.));
#13507=DIRECTION('',(1.,0.,0.));
#13508=DIRECTION('',(0.,0.,-1.));
#13509=DIRECTION('',(1.,0.,1.45530492951074E-16));
#13510=DIRECTION('',(9.96967514929199E-17,0.,1.));
#13511=DIRECTION('',(1.,0.,0.));
#13512=DIRECTION('',(0.,0.,-1.));
#13513=DIRECTION('',(1.,0.,1.45530492951074E-16));
#13514=DIRECTION('',(9.96967514929199E-17,0.,1.));
#13515=DIRECTION('',(1.,0.,0.));
#13516=DIRECTION('',(0.,0.,-1.));
#13517=DIRECTION('',(1.,0.,1.45530492951074E-16));
#13518=DIRECTION('',(9.96967514929199E-17,0.,1.));
#13519=DIRECTION('',(1.,0.,0.));
#13520=DIRECTION('',(0.,0.,-1.));
#13521=DIRECTION('',(1.,0.,1.45530492951074E-16));
#13522=DIRECTION('',(9.96967514929199E-17,0.,1.));
#13523=DIRECTION('',(1.,0.,0.));
#13524=DIRECTION('',(0.,0.,-1.));
#13525=DIRECTION('',(1.,0.,1.45530492951074E-16));
#13526=DIRECTION('',(9.96967514929199E-17,0.,1.));
#13527=DIRECTION('',(1.,0.,0.));
#13528=DIRECTION('',(1.,0.,1.45530492951074E-16));
#13529=DIRECTION('',(-1.25704599708464E-16,0.,1.));
#13530=DIRECTION('',(-1.,0.,-1.54334828823559E-16));
#13531=DIRECTION('',(9.53144767020224E-17,0.,-1.));
#13532=DIRECTION('',(-1.,0.,-1.20466908053945E-16));
#13533=DIRECTION('',(0.,0.,1.));
#13534=DIRECTION('',(-1.,0.,-1.54334828823559E-16));
#13535=DIRECTION('',(1.25704599708464E-16,0.,-1.));
#13536=DIRECTION('',(1.,0.,1.45530492951074E-16));
#13537=DIRECTION('',(1.45530492951074E-16,0.,-1.));
#13538=DIRECTION('',(-1.,0.,-1.45530492951074E-16));
#13539=DIRECTION('',(0.,-1.,0.));
#13540=DIRECTION('',(1.,0.,1.45530492951074E-16));
#13541=DIRECTION('',(0.,-1.,0.));
#13542=DIRECTION('',(-1.,0.,-1.45530492951074E-16));
#13543=DIRECTION('',(0.,-1.,0.));
#13544=DIRECTION('',(0.,1.,0.));
#13545=DIRECTION('',(-1.,0.,-1.45530492951074E-16));
#13546=DIRECTION('',(0.,-1.,0.));
#13547=DIRECTION('',(0.,1.,0.));
#13548=DIRECTION('',(-1.,0.,-1.45530492951074E-16));
#13549=DIRECTION('',(0.,-1.,0.));
#13550=DIRECTION('',(0.,1.,0.));
#13551=DIRECTION('',(-1.,0.,-1.45530492951074E-16));
#13552=DIRECTION('',(0.,-1.,0.));
#13553=DIRECTION('',(0.,1.,0.));
#13554=DIRECTION('',(-1.,0.,-1.45530492951074E-16));
#13555=DIRECTION('',(0.,-1.,0.));
#13556=DIRECTION('',(0.,1.,0.));
#13557=DIRECTION('',(-1.,0.,-1.45530492951074E-16));
#13558=DIRECTION('',(0.,-1.,0.));
#13559=DIRECTION('',(0.,1.,0.));
#13560=DIRECTION('',(-1.,0.,-1.45530492951074E-16));
#13561=DIRECTION('',(0.,-1.,0.));
#13562=DIRECTION('',(0.,1.,0.));
#13563=DIRECTION('',(-1.,0.,-1.45530492951074E-16));
#13564=DIRECTION('',(0.,0.,-1.));
#13565=DIRECTION('',(-1.,0.,0.));
#13566=DIRECTION('',(0.,1.,0.));
#13567=DIRECTION('',(-1.,0.,0.));
#13568=DIRECTION('',(0.,1.,0.));
#13569=DIRECTION('',(0.,0.,-1.));
#13570=DIRECTION('',(-1.,0.,0.));
#13571=DIRECTION('',(0.,1.,0.));
#13572=DIRECTION('',(-1.,0.,0.));
#13573=DIRECTION('',(0.,1.,0.));
#13574=DIRECTION('',(0.,0.,-1.));
#13575=DIRECTION('',(-1.,0.,0.));
#13576=DIRECTION('',(0.,1.,0.));
#13577=DIRECTION('',(-1.,0.,0.));
#13578=DIRECTION('',(0.,1.,0.));
#13579=DIRECTION('',(0.,0.,-1.));
#13580=DIRECTION('',(-1.,0.,0.));
#13581=DIRECTION('',(0.,1.,0.));
#13582=DIRECTION('',(-1.,0.,0.));
#13583=DIRECTION('',(0.,1.,0.));
#13584=DIRECTION('',(0.,0.,-1.));
#13585=DIRECTION('',(-1.,0.,0.));
#13586=DIRECTION('',(0.,1.,0.));
#13587=DIRECTION('',(-1.,0.,0.));
#13588=DIRECTION('',(0.,1.,0.));
#13589=DIRECTION('',(0.,0.,-1.));
#13590=DIRECTION('',(-1.,0.,0.));
#13591=DIRECTION('',(0.,1.,0.));
#13592=DIRECTION('',(-1.,0.,0.));
#13593=DIRECTION('',(0.,1.,0.));
#13594=DIRECTION('',(-1.,0.,0.));
#13595=DIRECTION('',(0.,0.,1.));
#13596=DIRECTION('',(0.,0.,1.));
#13597=DIRECTION('',(0.,1.,0.));
#13598=DIRECTION('',(0.,0.,-1.));
#13599=DIRECTION('',(0.,1.,0.));
#13600=DIRECTION('',(0.,0.,-1.));
#13601=DIRECTION('',(4.95635278850516E-16,0.,-1.));
#13602=DIRECTION('',(-1.,0.,-4.95635278850516E-16));
#13603=DIRECTION('',(0.,1.,0.));
#13604=DIRECTION('',(1.,0.,4.95635278850516E-16));
#13605=DIRECTION('',(0.,1.,0.));
#13606=DIRECTION('',(-1.,0.,-4.95635278850516E-16));
#13607=DIRECTION('',(0.,0.,1.));
#13608=DIRECTION('',(1.,0.,0.));
#13609=DIRECTION('',(0.,1.,0.));
#13610=DIRECTION('',(-1.,0.,0.));
#13611=DIRECTION('',(0.,1.,0.));
#13612=DIRECTION('',(1.,0.,0.));
#13613=DIRECTION('',(1.,0.,0.));
#13614=DIRECTION('',(0.,0.,-1.));
#13615=DIRECTION('',(0.,-1.,0.));
#13616=DIRECTION('',(0.,0.,1.));
#13617=DIRECTION('',(0.,1.,0.));
#13618=DIRECTION('',(0.,0.,1.));
#13619=DIRECTION('',(0.,1.,0.));
#13620=DIRECTION('',(0.,0.,-1.));
#13621=DIRECTION('',(0.,0.,-1.));
#13622=DIRECTION('',(-1.,0.,0.));
#13623=DIRECTION('',(-1.,0.,0.));
#13624=DIRECTION('',(0.,1.,0.));
#13625=DIRECTION('',(1.,0.,0.));
#13626=DIRECTION('',(0.,1.,0.));
#13627=DIRECTION('',(-1.,0.,0.));
#13628=DIRECTION('',(0.,1.,0.));
#13629=DIRECTION('',(-1.,0.,0.));
#13630=DIRECTION('',(1.37676466347366E-16,0.,1.));
#13631=DIRECTION('',(1.,0.,-1.37676466347366E-16));
#13632=DIRECTION('',(0.,1.,0.));
#13633=DIRECTION('',(-1.,0.,0.));
#13634=DIRECTION('',(0.,1.,0.));
#13635=DIRECTION('',(1.,0.,0.));
#13636=DIRECTION('',(6.82961998416066E-17,0.,-1.));
#13637=DIRECTION('',(-1.,0.,-6.82961998416066E-17));
#13638=DIRECTION('',(-1.,0.,-6.82961998416066E-17));
#13639=DIRECTION('',(0.,1.,0.));
#13640=DIRECTION('',(1.,0.,6.82961998416066E-17));
#13641=DIRECTION('',(0.,1.,0.));
#13642=DIRECTION('',(-1.,0.,0.));
#13643=DIRECTION('',(0.,0.,1.));
#13644=DIRECTION('',(0.,1.,0.));
#13645=DIRECTION('',(0.,0.,1.));
#13646=DIRECTION('',(-1.20466908053945E-16,0.,-1.));
#13647=DIRECTION('',(0.,1.,0.));
#13648=DIRECTION('',(-1.78837471750186E-16,0.,-1.));
#13649=DIRECTION('',(0.,1.,0.));
#13650=DIRECTION('',(0.,0.,1.));
#13651=DIRECTION('',(0.,1.,0.));
#13652=DIRECTION('',(-1.78837471750186E-16,0.,-1.));
#13653=DIRECTION('',(0.,0.,1.));
#13654=DIRECTION('',(0.,1.,0.));
#13655=DIRECTION('',(0.,-1.,0.));
#13656=DIRECTION('',(0.,0.,-1.));
#13657=DIRECTION('',(5.42101086242752E-16,0.,-1.));
#13658=DIRECTION('',(-1.,0.,1.37676466347366E-16));
#13659=DIRECTION('',(0.,0.,1.));
#13660=DIRECTION('',(1.,0.,6.82961998416066E-17));
#13661=DIRECTION('',(1.39897054514259E-16,0.,1.));
#13662=DIRECTION('',(1.,0.,0.));
#13663=DIRECTION('',(1.,0.,-3.21245088143852E-16));
#13664=DIRECTION('',(0.,0.,-1.));
#13665=DIRECTION('',(-1.,0.,-6.42490176287704E-16));
#13666=DIRECTION('',(-6.10818125343946E-17,0.,-1.));
#13667=DIRECTION('',(-6.10818125343946E-17,0.,1.));
#13668=DIRECTION('',(-1.,0.,6.42490176287704E-16));
#13669=DIRECTION('',(0.,0.,1.));
#13670=DIRECTION('',(1.,0.,3.21245088143852E-16));
#13671=DIRECTION('',(1.,0.,0.));
#13672=DIRECTION('',(1.39897054514259E-16,0.,-1.));
#13673=DIRECTION('',(1.,0.,4.13029399042097E-16));
#13674=DIRECTION('',(4.13029399042097E-16,0.,-1.));
#13675=DIRECTION('',(0.,1.,0.));
#13676=DIRECTION('',(-9.42784497813482E-17,0.,1.));
#13677=DIRECTION('',(0.,1.,0.));
#13678=DIRECTION('',(4.13029399042097E-16,0.,-1.));
#13679=DIRECTION('',(0.,1.,0.));
#13680=DIRECTION('',(-9.42784497813482E-17,0.,1.));
#13681=DIRECTION('',(-1.,0.,2.06514699521048E-16));
#13682=DIRECTION('',(2.06514699521048E-16,0.,1.));
#13683=DIRECTION('',(0.,1.,0.));
#13684=DIRECTION('',(-9.42784497813482E-17,0.,-1.));
#13685=DIRECTION('',(2.06514699521048E-16,0.,1.));
#13686=DIRECTION('',(-9.42784497813482E-17,0.,-1.));
#13687=DIRECTION('',(0.,0.,-1.));
#13688=DIRECTION('',(-1.,0.,0.));
#13689=DIRECTION('',(1.,0.,0.));
#13690=DIRECTION('',(-1.,0.,0.));
#13691=DIRECTION('',(1.23908819712629E-16,0.,1.));
#13692=DIRECTION('',(1.,0.,-1.23908819712629E-16));
#13693=DIRECTION('',(-1.,0.,1.23908819712629E-16));
#13694=DIRECTION('',(1.,0.,-1.23908819712629E-16));
#13695=DIRECTION('',(-1.,0.,-1.25704599708464E-16));
#13696=DIRECTION('',(-1.25704599708464E-16,0.,1.));
#13697=DIRECTION('',(0.,-1.,0.));
#13698=DIRECTION('',(1.25704599708464E-16,0.,-1.));
#13699=DIRECTION('',(0.,-1.,0.));
#13700=DIRECTION('',(0.,0.,1.));
#13701=DIRECTION('',(0.,-1.,0.));
#13702=DIRECTION('',(1.25704599708464E-16,0.,-1.));
#13703=DIRECTION('',(0.,1.,0.));
#13704=DIRECTION('',(0.,0.,1.));
#13705=DIRECTION('',(-1.,0.,-1.34474688060218E-16));
#13706=DIRECTION('',(-1.34474688060218E-16,0.,1.));
#13707=DIRECTION('',(0.,1.,0.));
#13708=DIRECTION('',(0.,0.,1.));
#13709=DIRECTION('',(0.,1.,0.));
#13710=DIRECTION('',(0.,0.,-1.));
#13711=DIRECTION('',(0.,-1.,0.));
#13712=DIRECTION('',(-1.54334828823559E-16,0.,1.));
#13713=DIRECTION('',(1.,0.,1.54334828823559E-16));
#13714=DIRECTION('',(0.,-1.,0.));
#13715=DIRECTION('',(-1.,0.,-1.54334828823559E-16));
#13716=DIRECTION('',(1.,0.,0.));
#13717=DIRECTION('',(1.,0.,1.25704599708464E-16));
#13718=DIRECTION('',(1.25704599708464E-16,0.,-1.));
#13719=DIRECTION('',(0.,-1.,0.));
#13720=DIRECTION('',(-1.25704599708464E-16,0.,1.));
#13721=DIRECTION('',(0.,-1.,0.));
#13722=DIRECTION('',(0.,0.,-1.));
#13723=DIRECTION('',(0.,1.,0.));
#13724=DIRECTION('',(-1.25704599708464E-16,0.,1.));
#13725=DIRECTION('',(0.,-1.,0.));
#13726=DIRECTION('',(2.89120579329468E-16,0.,-1.));
#13727=DIRECTION('',(0.,0.,1.));
#13728=DIRECTION('',(1.,0.,0.));
#13729=DIRECTION('',(-1.,0.,0.));
#13730=DIRECTION('',(0.,-1.,0.));
#13731=DIRECTION('',(1.,0.,0.));
#13732=DIRECTION('',(1.,0.,5.42101086242752E-16));
#13733=DIRECTION('',(5.42101086242752E-16,0.,-1.));
#13734=DIRECTION('',(-5.42101086242752E-16,0.,1.));
#13735=DIRECTION('',(0.,-1.,0.));
#13736=DIRECTION('',(-3.33600668457078E-16,0.,1.));
#13737=DIRECTION('',(0.,1.,0.));
#13738=DIRECTION('',(0.,1.,0.));
#13739=DIRECTION('',(0.,0.,1.));
#13740=DIRECTION('',(9.53144767020224E-17,0.,-1.));
#13741=DIRECTION('',(0.,-1.,0.));
#13742=DIRECTION('',(0.,1.,0.));
#13743=DIRECTION('',(0.,0.,1.));
#13744=DIRECTION('',(0.,0.,1.));
#13745=DIRECTION('',(1.,0.,0.));
#13746=DIRECTION('',(-1.,0.,0.));
#13747=DIRECTION('',(0.,-1.,0.));
#13748=DIRECTION('',(1.,0.,-1.37676466347366E-16));
#13749=DIRECTION('',(1.,0.,0.));
#13750=DIRECTION('',(0.,0.,-1.));
#13751=DIRECTION('',(0.,0.,1.));
#13752=DIRECTION('',(0.,-1.,0.));
#13753=DIRECTION('',(0.,0.,-1.));
#13754=DIRECTION('',(0.,0.,1.));
#13755=DIRECTION('',(1.,0.,0.));
#13756=DIRECTION('',(-1.,0.,0.));
#13757=DIRECTION('',(0.,-1.,0.));
#13758=DIRECTION('',(1.,0.,0.));
#13759=DIRECTION('',(-1.,0.,0.));
#13760=DIRECTION('',(0.,0.,1.));
#13761=DIRECTION('',(0.,0.,-1.));
#13762=DIRECTION('',(0.,-1.,0.));
#13763=DIRECTION('',(0.,0.,1.));
#13764=DIRECTION('',(0.,0.,1.));
#13765=DIRECTION('',(1.,0.,0.));
#13766=DIRECTION('',(-1.,0.,0.));
#13767=DIRECTION('',(0.,-1.,0.));
#13768=DIRECTION('',(1.,0.,-1.37676466347366E-16));
#13769=DIRECTION('',(-1.,0.,0.));
#13770=DIRECTION('',(0.,0.,1.));
#13771=DIRECTION('',(0.,0.,-1.));
#13772=DIRECTION('',(3.46944695195362E-16,0.,-1.));
#13773=DIRECTION('',(0.,1.,0.));
#13774=DIRECTION('',(0.,-1.,0.));
#13775=DIRECTION('',(0.,0.,1.));
#13776=DIRECTION('',(-9.13012355777267E-16,0.,-1.));
#13777=DIRECTION('',(0.,1.,0.));
#13778=DIRECTION('',(0.,1.,0.));
#13779=DIRECTION('',(0.,1.,0.));
#13780=DIRECTION('',(-3.33600668457078E-16,0.,-1.));
#13781=DIRECTION('',(0.,-1.,0.));
#13782=DIRECTION('',(0.,0.,-1.));
#13783=DIRECTION('',(-1.,0.,1.37676466347366E-16));
#13784=DIRECTION('',(-1.37676466347366E-16,0.,-1.));
#13785=DIRECTION('',(-1.,0.,1.37676466347366E-16));
#13786=DIRECTION('',(1.,0.,1.20466908053945E-16));
#13787=DIRECTION('',(1.20466908053945E-16,0.,-1.));
#13788=DIRECTION('',(1.20466908053945E-16,0.,-1.));
#13789=DIRECTION('',(0.,-1.,0.));
#13790=DIRECTION('',(-1.20466908053945E-16,0.,1.));
#13791=DIRECTION('',(0.,-1.,0.));
#13792=DIRECTION('',(0.,0.,-1.));
#13793=DIRECTION('',(-1.,0.,0.));
#13794=DIRECTION('',(-1.,0.,0.));
#13795=DIRECTION('',(0.,-1.,0.));
#13796=DIRECTION('',(1.,0.,0.));
#13797=DIRECTION('',(-1.,0.,0.));
#13798=DIRECTION('',(0.,0.,1.));
#13799=DIRECTION('',(0.,0.,1.));
#13800=DIRECTION('',(0.,-1.,0.));
#13801=DIRECTION('',(0.,0.,-1.));
#13802=DIRECTION('',(-2.16840434497101E-16,0.,1.));
#13803=DIRECTION('',(1.,0.,2.16840434497101E-16));
#13804=DIRECTION('',(1.,0.,2.16840434497101E-16));
#13805=DIRECTION('',(-1.,0.,-2.16840434497101E-16));
#13806=DIRECTION('',(0.,0.,-1.));
#13807=DIRECTION('',(-1.,0.,0.));
#13808=DIRECTION('',(-1.,0.,0.));
#13809=DIRECTION('',(0.,-1.,0.));
#13810=DIRECTION('',(1.,0.,0.));
#13811=DIRECTION('',(0.,-1.,0.));
#13812=DIRECTION('',(-1.,0.,0.));
#13813=DIRECTION('',(0.,0.,1.));
#13814=DIRECTION('',(0.,0.,1.));
#13815=DIRECTION('',(0.,-1.,0.));
#13816=DIRECTION('',(0.,0.,-1.));
#13817=DIRECTION('',(0.,0.,1.));
#13818=DIRECTION('',(1.,0.,0.));
#13819=DIRECTION('',(1.,0.,0.));
#13820=DIRECTION('',(0.,-1.,0.));
#13821=DIRECTION('',(-1.,0.,0.));
#13822=DIRECTION('',(1.,0.,0.));
#13823=DIRECTION('',(0.,0.,-1.));
#13824=DIRECTION('',(0.,0.,-1.));
#13825=DIRECTION('',(0.,0.,1.));
#13826=DIRECTION('',(0.,-1.,0.));
#13827=DIRECTION('',(0.,0.,-1.));
#13828=DIRECTION('',(-1.,0.,-2.16840434497101E-16));
#13829=DIRECTION('',(0.,0.,-1.));
#13830=DIRECTION('',(1.,0.,-2.16840434497101E-16));
#13831=DIRECTION('',(0.,0.,1.));
#13832=DIRECTION('',(0.,0.,1.));
#13833=DIRECTION('',(-1.,0.,-1.0842021724855E-16));
#13834=DIRECTION('',(0.,0.,-1.));
#13835=DIRECTION('',(1.,0.,-1.0842021724855E-16));
#13836=DIRECTION('',(0.,-1.,0.));
#13837=DIRECTION('',(0.,0.,-1.));
#13838=DIRECTION('',(0.,0.,-1.));
#13839=DIRECTION('',(1.,0.,0.));
#13840=DIRECTION('',(0.,0.,-1.));
#13841=DIRECTION('',(0.,1.,0.));
#13842=DIRECTION('',(0.,0.,-1.));
#13843=DIRECTION('',(-1.78837471750186E-16,0.,1.));
#13844=DIRECTION('',(-1.78837471750186E-16,0.,1.));
#13845=DIRECTION('',(0.,1.,0.));
#13846=DIRECTION('',(-1.20466908053945E-16,0.,1.));
#13847=DIRECTION('',(0.,1.,0.));
#13848=DIRECTION('',(0.,0.,-1.));
#13849=DIRECTION('',(-1.20466908053945E-16,0.,1.));
#13850=DIRECTION('',(1.,0.,1.20466908053945E-16));
#13851=DIRECTION('',(-1.,0.,-1.20466908053945E-16));
#13852=DIRECTION('',(0.,1.,0.));
#13853=DIRECTION('',(0.,0.,1.));
#13854=DIRECTION('',(0.,1.,0.));
#13855=DIRECTION('',(0.,0.,1.));
#13856=DIRECTION('',(-1.,0.,-1.54334828823559E-16));
#13857=DIRECTION('',(1.54334828823559E-16,0.,-1.));
#13858=DIRECTION('',(-1.,0.,-1.54334828823559E-16));
#13859=DIRECTION('',(0.,1.,0.));
#13860=DIRECTION('',(0.,0.,1.));
#13861=DIRECTION('',(-1.,0.,-1.54334828823559E-16));
#13862=DIRECTION('',(1.54334828823559E-16,0.,-1.));
#13863=DIRECTION('',(-1.,0.,-1.54334828823559E-16));
#13864=DIRECTION('',(0.,-1.,0.));
#13865=DIRECTION('',(0.,0.,-1.));
#13866=DIRECTION('',(1.,0.,-1.09792625061823E-15));
#13867=DIRECTION('',(0.,0.,1.));
#13868=DIRECTION('',(-1.,0.,-2.74481562654558E-16));
#13869=DIRECTION('',(-1.09792625061823E-15,0.,-1.));
#13870=DIRECTION('',(-1.,0.,1.09792625061823E-15));
#13871=DIRECTION('',(1.,0.,-1.09792625061823E-15));
#13872=DIRECTION('',(0.,-1.,0.));
#13873=DIRECTION('',(1.,0.,0.));
#13874=DIRECTION('',(0.,0.,-1.));
#13875=DIRECTION('',(0.,0.,1.));
#13876=DIRECTION('',(0.,-1.,0.));
#13877=DIRECTION('',(-2.74481562654558E-16,0.,1.));
#13878=DIRECTION('',(1.,0.,2.74481562654558E-16));
#13879=DIRECTION('',(-1.,0.,-2.74481562654558E-16));
#13880=DIRECTION('',(0.,-1.,0.));
#13881=DIRECTION('',(0.,0.,-1.));
#13882=DIRECTION('',(-1.,0.,1.37240781327279E-16));
#13883=DIRECTION('',(0.,0.,-1.));
#13884=DIRECTION('',(1.,0.,1.09792625061823E-15));
#13885=DIRECTION('',(1.37240781327279E-16,0.,1.));
#13886=DIRECTION('',(1.,0.,-1.37240781327279E-16));
#13887=DIRECTION('',(-1.,0.,1.37240781327279E-16));
#13888=DIRECTION('',(0.,-1.,0.));
#13889=DIRECTION('',(-1.,0.,0.));
#13890=DIRECTION('',(0.,0.,1.));
#13891=DIRECTION('',(0.,0.,-1.));
#13892=DIRECTION('',(0.,-1.,0.));
#13893=DIRECTION('',(1.09792625061823E-15,0.,-1.));
#13894=DIRECTION('',(-1.,0.,-1.09792625061823E-15));
#13895=DIRECTION('',(1.,0.,1.09792625061823E-15));
#13896=DIRECTION('',(0.,1.,0.));
#13897=DIRECTION('',(0.,0.,1.));
#13898=DIRECTION('',(0.,0.,1.));
#13899=DIRECTION('',(-1.,0.,-6.42490176287707E-16));
#13900=DIRECTION('',(1.,0.,-3.45409541676798E-16));
#13901=DIRECTION('',(6.42490176287707E-16,0.,-1.));
#13902=DIRECTION('',(-1.,0.,-6.42490176287707E-16));
#13903=DIRECTION('',(0.,1.,0.));
#13904=DIRECTION('',(-1.,0.,0.));
#13905=DIRECTION('',(0.,0.,1.));
#13906=DIRECTION('',(0.,0.,1.));
#13907=DIRECTION('',(0.,1.,0.));
#13908=DIRECTION('',(0.,1.,0.));
#13909=DIRECTION('',(0.,1.,0.));
#13910=DIRECTION('',(0.,0.,1.));
#13911=DIRECTION('',(0.,1.,0.));
#13912=DIRECTION('',(0.,0.,1.));
#13913=DIRECTION('',(3.45409541676798E-16,0.,1.));
#13914=DIRECTION('',(1.,0.,-3.45409541676798E-16));
#13915=DIRECTION('',(1.,0.,-3.45409541676798E-16));
#13916=DIRECTION('',(0.,1.,0.));
#13917=DIRECTION('',(0.,0.,1.));
#13918=DIRECTION('',(0.,0.,-1.));
#13919=DIRECTION('',(-1.,0.,0.));
#13920=DIRECTION('',(0.,1.,0.));
#13921=DIRECTION('',(-1.,0.,0.));
#13922=DIRECTION('',(0.,1.,0.));
#13923=DIRECTION('',(-1.,0.,-1.39897054514259E-16));
#13924=DIRECTION('',(-1.39897054514259E-16,0.,1.));
#13925=DIRECTION('',(-1.39897054514259E-16,0.,1.));
#13926=DIRECTION('',(6.82961998416066E-17,0.,-1.));
#13927=DIRECTION('',(-1.,0.,-6.82961998416066E-17));
#13928=DIRECTION('',(-1.,0.,-6.82961998416066E-17));
#13929=DIRECTION('',(0.,1.,0.));
#13930=DIRECTION('',(1.,0.,-1.39897054514259E-16));
#13931=DIRECTION('',(-1.39897054514259E-16,0.,-1.));
#13932=DIRECTION('',(-1.39897054514259E-16,0.,-1.));
#13933=DIRECTION('',(0.,1.,0.));
#13934=DIRECTION('',(0.,0.,-1.));
#13935=DIRECTION('',(-1.,0.,0.));
#13936=DIRECTION('',(-1.,0.,0.));
#13937=DIRECTION('',(0.,1.,0.));
#13938=DIRECTION('',(0.,-1.,0.));
#13939=DIRECTION('',(0.,0.,-1.));
#13940=DIRECTION('',(0.,0.,1.));
#13941=DIRECTION('',(-1.,0.,-6.82961998416066E-17));
#13942=DIRECTION('',(-9.96967514929199E-17,0.,-1.));
#13943=DIRECTION('',(0.,0.,1.));
#13944=DIRECTION('',(-1.,0.,0.));
#13945=DIRECTION('',(-9.96967514929199E-17,0.,-1.));
#13946=DIRECTION('',(0.,0.,1.));
#13947=DIRECTION('',(-1.,0.,0.));
#13948=DIRECTION('',(-9.96967514929199E-17,0.,-1.));
#13949=DIRECTION('',(0.,0.,1.));
#13950=DIRECTION('',(-1.,0.,0.));
#13951=DIRECTION('',(-9.96967514929199E-17,0.,-1.));
#13952=DIRECTION('',(0.,0.,1.));
#13953=DIRECTION('',(-1.,0.,0.));
#13954=DIRECTION('',(-9.96967514929199E-17,0.,-1.));
#13955=DIRECTION('',(0.,0.,1.));
#13956=DIRECTION('',(-1.,0.,0.));
#13957=DIRECTION('',(-9.96967514929199E-17,0.,-1.));
#13958=DIRECTION('',(0.,0.,1.));
#13959=DIRECTION('',(-1.,0.,0.));
#13960=DIRECTION('',(-9.96967514929199E-17,0.,-1.));
#13961=DIRECTION('',(-3.21245088143852E-16,0.,1.));
#13962=DIRECTION('',(1.,0.,3.21245088143852E-16));
#13963=DIRECTION('',(1.,0.,-1.0842021724855E-16));
#13964=DIRECTION('',(-1.0842021724855E-16,0.,-1.));
#13965=DIRECTION('',(0.,1.,0.));
#13966=DIRECTION('',(-1.0842021724855E-16,0.,-1.));
#13967=DIRECTION('',(0.,0.,-1.));
#13968=DIRECTION('',(-1.,0.,0.));
#13969=DIRECTION('',(-1.,0.,0.));
#13970=DIRECTION('',(0.,1.,0.));
#13971=DIRECTION('',(0.,0.,1.));
#13972=DIRECTION('',(3.09772049281573E-16,0.,1.));
#13973=DIRECTION('',(1.,0.,-3.09772049281573E-16));
#13974=DIRECTION('',(1.,0.,-3.09772049281573E-16));
#13975=DIRECTION('',(0.,-1.,0.));
#13976=DIRECTION('',(0.,0.,-1.));
#13977=DIRECTION('',(0.,-1.,0.));
#13978=DIRECTION('',(0.,0.,-1.));
#13979=DIRECTION('',(-1.,0.,0.));
#13980=DIRECTION('',(0.,1.,0.));
#13981=DIRECTION('',(0.,0.,1.));
#13982=DIRECTION('',(1.,0.,0.));
#13983=DIRECTION('',(0.,0.,-1.));
#13984=DIRECTION('',(1.,0.,0.));
#13985=DIRECTION('',(0.,0.,-1.));
#13986=DIRECTION('',(0.,0.,-1.));
#13987=DIRECTION('',(0.,-1.,0.));
#13988=DIRECTION('',(0.,0.,-1.));
#13989=DIRECTION('',(0.,1.,0.));
#13990=DIRECTION('',(1.23908819712629E-16,0.,1.));
#13991=DIRECTION('',(1.,0.,-1.23908819712629E-16));
#13992=DIRECTION('',(0.707106781186548,-0.707106781186547,-8.76167666676215E-17));
#13993=DIRECTION('',(-0.707106781186548,-0.707106781186547,8.76167666676215E-17));
#13994=DIRECTION('',(1.,0.,-1.23908819712629E-16));
#13995=DIRECTION('',(0.,-1.,0.));
#13996=DIRECTION('',(0.,0.,-1.));
#13997=DIRECTION('',(-0.707106781186547,-0.707106781186548,0.));
#13998=DIRECTION('',(0.,0.,-1.));
#13999=DIRECTION('',(-0.707106781186548,0.707106781186547,0.));
#14000=DIRECTION('',(-0.707106781186547,0.707106781186548,0.));
#14001=DIRECTION('',(0.,0.,1.));
#14002=DIRECTION('',(0.707106781186548,0.707106781186547,0.));
#14003=DIRECTION('',(0.,0.,1.));
#14004=DIRECTION('',(1.,0.,0.));
#14005=DIRECTION('',(1.,-1.0842021724855E-16,0.));
#14006=DIRECTION('',(0.,1.,0.));
#14007=DIRECTION('',(1.,0.,0.));
#14008=DIRECTION('',(0.,-1.,0.));
#14009=DIRECTION('',(0.,0.,-1.));
#14010=DIRECTION('',(-9.96967514929199E-17,0.,-1.));
#14011=DIRECTION('',(1.,0.,-9.96967514929199E-17));
#14012=DIRECTION('',(-9.96967514929199E-17,0.,-1.));
#14013=DIRECTION('',(0.,0.,-1.));
#14014=DIRECTION('',(0.,2.89120579329468E-16,-1.));
#14015=DIRECTION('',(0.,1.,2.89120579329468E-16));
#14016=DIRECTION('',(0.,2.89120579329468E-16,-1.));
#14017=DIRECTION('',(0.,1.,2.89120579329468E-16));
#14018=DIRECTION('',(0.,2.89120579329468E-16,-1.));
#14019=DIRECTION('',(0.,1.,2.89120579329468E-16));
#14020=DIRECTION('',(0.,2.89120579329468E-16,-1.));
#14021=DIRECTION('',(0.,1.,2.89120579329468E-16));
#14022=DIRECTION('',(-1.09792625061823E-16,0.,1.));
#14023=DIRECTION('',(1.,0.,1.09792625061823E-16));
#14024=DIRECTION('',(0.,2.89120579329468E-16,-1.));
#14025=DIRECTION('',(-1.09792625061823E-16,0.,1.));
#14026=DIRECTION('',(0.,-2.89120579329468E-16,1.));
#14027=DIRECTION('',(0.,-1.,-2.89120579329468E-16));
#14028=DIRECTION('',(0.,2.89120579329468E-16,-1.));
#14029=DIRECTION('',(0.,1.,2.89120579329468E-16));
#14030=DIRECTION('',(0.,-2.89120579329468E-16,1.));
#14031=DIRECTION('',(0.,-1.,-2.89120579329468E-16));
#14032=DIRECTION('',(0.,1.,0.));
#14033=DIRECTION('',(0.,0.,1.));
#14034=DIRECTION('',(1.,0.,3.45409541676798E-16));
#14035=DIRECTION('',(-1.,0.,6.42490176287707E-16));
#14036=DIRECTION('',(0.,0.,-1.));
#14037=DIRECTION('',(0.,0.,-1.));
#14038=DIRECTION('',(-1.,0.,0.));
#14039=DIRECTION('',(0.,1.,0.));
#14040=DIRECTION('',(-1.,0.,0.));
#14041=DIRECTION('',(-1.,0.,0.));
#14042=DIRECTION('',(-1.,0.,0.));
#14043=DIRECTION('',(0.,1.,0.));
#14044=DIRECTION('',(1.,0.,0.));
#14045=DIRECTION('',(1.,0.,0.));
#14046=DIRECTION('',(0.,0.,-1.));
#14047=DIRECTION('',(0.,0.,-1.));
#14048=DIRECTION('',(0.,0.,-1.));
#14049=DIRECTION('',(0.,1.,0.));
#14050=DIRECTION('',(0.,1.,0.));
#14051=DIRECTION('',(0.,1.,0.));
#14052=DIRECTION('',(-6.42490176287707E-16,0.,-1.));
#14053=DIRECTION('',(-1.,0.,6.42490176287707E-16));
#14054=DIRECTION('',(0.,1.,0.));
#14055=DIRECTION('',(0.,0.,1.));
#14056=DIRECTION('',(-3.45409541676798E-16,0.,1.));
#14057=DIRECTION('',(1.,0.,3.45409541676798E-16));
#14058=DIRECTION('',(1.,0.,3.45409541676798E-16));
#14059=DIRECTION('',(0.,1.,0.));
#14060=DIRECTION('',(0.,0.,1.));
#14061=DIRECTION('',(3.21245088143852E-16,0.,1.));
#14062=DIRECTION('',(1.,0.,-3.21245088143852E-16));
#14063=DIRECTION('',(0.,0.,-1.));
#14064=DIRECTION('',(-1.,0.,0.));
#14065=DIRECTION('',(0.,1.,0.));
#14066=DIRECTION('',(-1.,0.,0.));
#14067=DIRECTION('',(-1.,0.,-1.0842021724855E-16));
#14068=DIRECTION('',(-1.0842021724855E-16,0.,1.));
#14069=DIRECTION('',(-1.0842021724855E-16,0.,1.));
#14070=DIRECTION('',(0.,1.,0.));
#14071=DIRECTION('',(0.,0.,1.));
#14072=DIRECTION('',(0.,-1.,0.));
#14073=DIRECTION('',(0.,0.,-1.));
#14074=DIRECTION('',(0.,1.,0.));
#14075=DIRECTION('',(0.,0.,1.));
#14076=DIRECTION('',(0.,0.,1.));
#14077=DIRECTION('',(-1.,0.,0.));
#14078=DIRECTION('',(0.,0.,1.));
#14079=DIRECTION('',(0.,0.,1.));
#14080=DIRECTION('',(0.,1.,0.));
#14081=DIRECTION('',(0.,0.,1.));
#14082=DIRECTION('',(-1.23908819712629E-16,0.,1.));
#14083=DIRECTION('',(1.,0.,1.23908819712629E-16));
#14084=DIRECTION('',(0.707106781186548,0.707106781186547,8.76167666676215E-17));
#14085=DIRECTION('',(1.,0.,1.23908819712629E-16));
#14086=DIRECTION('',(-0.707106781186548,0.707106781186547,-8.76167666676215E-17));
#14087=DIRECTION('',(0.,-1.,0.));
#14088=DIRECTION('',(0.,0.,-1.));
#14089=DIRECTION('',(0.707106781186547,-0.707106781186548,0.));
#14090=DIRECTION('',(0.,0.,1.));
#14091=DIRECTION('',(0.707106781186547,0.707106781186548,0.));
#14092=DIRECTION('',(0.,0.,-1.));
#14093=DIRECTION('',(0.,-2.89120579329468E-16,1.));
#14094=DIRECTION('',(0.,-1.,-2.89120579329468E-16));
#14095=DIRECTION('',(0.,-2.89120579329468E-16,1.));
#14096=DIRECTION('',(-1.09792625061823E-16,0.,1.));
#14097=DIRECTION('',(1.,0.,1.09792625061823E-16));
#14098=DIRECTION('',(-1.09792625061823E-16,0.,1.));
#14099=DIRECTION('',(0.,-2.89120579329468E-16,1.));
#14100=DIRECTION('',(0.,-1.,-2.89120579329468E-16));
#14101=DIRECTION('',(0.,-2.89120579329468E-16,1.));
#14102=DIRECTION('',(0.,-1.,-2.89120579329468E-16));
#14103=DIRECTION('',(0.,2.89120579329468E-16,-1.));
#14104=DIRECTION('',(0.,1.,2.89120579329468E-16));
#14105=DIRECTION('',(0.,-2.89120579329468E-16,1.));
#14106=DIRECTION('',(0.,-1.,-2.89120579329468E-16));
#14107=DIRECTION('',(0.,-2.89120579329468E-16,1.));
#14108=DIRECTION('',(0.,-1.,-2.89120579329468E-16));
#14109=DIRECTION('',(0.,-2.89120579329468E-16,1.));
#14110=DIRECTION('',(0.,-1.,-2.89120579329468E-16));
#14111=DIRECTION('',(0.,0.,1.));
#14112=DIRECTION('',(1.,0.,0.));
#14113=DIRECTION('',(1.,0.,0.));
#14114=DIRECTION('',(0.,1.,0.));
#14115=DIRECTION('',(1.,0.,0.));
#14116=DIRECTION('',(0.,1.,0.));
#14117=DIRECTION('',(0.,-1.,0.));
#14118=DIRECTION('',(0.,0.,-1.));
#14119=DIRECTION('',(0.,0.,1.));
#14120=DIRECTION('',(-9.96967514929199E-17,0.,-1.));
#14121=DIRECTION('',(-1.,0.,0.));
#14122=DIRECTION('',(0.,0.,1.));
#14123=DIRECTION('',(0.,0.,-1.));
#14124=DIRECTION('',(0.,1.,0.));
#14125=DIRECTION('',(0.,0.,-1.));
#14126=DIRECTION('',(-1.,0.,0.));
#14127=DIRECTION('',(0.,1.,0.));
#14128=DIRECTION('',(1.,0.,-9.96967514929199E-17));
#14129=DIRECTION('',(-9.96967514929199E-17,0.,-1.));
#14130=DIRECTION('',(0.,0.,-1.));
#14131=DIRECTION('',(0.,0.,1.));
#14132=DIRECTION('',(1.,0.,0.));
#14133=DIRECTION('',(1.,-1.0842021724855E-16,0.));
#14134=DIRECTION('',(0.,1.,0.));
#14135=DIRECTION('',(1.,0.,0.));
#14136=DIRECTION('',(0.,1.,0.));
#14137=DIRECTION('',(0.,-1.,0.));
#14138=DIRECTION('',(0.,0.,-1.));
#14139=DIRECTION('',(0.,0.,1.));
#14140=DIRECTION('',(-9.96967514929199E-17,0.,-1.));
#14141=DIRECTION('',(-1.,0.,0.));
#14142=DIRECTION('',(0.,0.,1.));
#14143=DIRECTION('',(0.,0.,-1.));
#14144=DIRECTION('',(0.,1.,0.));
#14145=DIRECTION('',(0.,0.,-1.));
#14146=DIRECTION('',(-1.,0.,0.));
#14147=DIRECTION('',(0.,1.,0.));
#14148=DIRECTION('',(1.,0.,-9.96967514929199E-17));
#14149=DIRECTION('',(-9.96967514929199E-17,0.,-1.));
#14150=DIRECTION('',(0.,0.,-1.));
#14151=DIRECTION('',(0.,0.,1.));
#14152=DIRECTION('',(1.,0.,0.));
#14153=DIRECTION('',(1.,0.,0.));
#14154=DIRECTION('',(0.,1.,0.));
#14155=DIRECTION('',(1.,0.,0.));
#14156=DIRECTION('',(0.,1.,0.));
#14157=DIRECTION('',(0.,-1.,0.));
#14158=DIRECTION('',(0.,0.,-1.));
#14159=DIRECTION('',(0.,0.,1.));
#14160=DIRECTION('',(-9.96967514929199E-17,0.,-1.));
#14161=DIRECTION('',(-1.,0.,0.));
#14162=DIRECTION('',(0.,0.,1.));
#14163=DIRECTION('',(0.,0.,-1.));
#14164=DIRECTION('',(0.,1.,0.));
#14165=DIRECTION('',(0.,0.,-1.));
#14166=DIRECTION('',(-1.,0.,0.));
#14167=DIRECTION('',(0.,1.,0.));
#14168=DIRECTION('',(1.,0.,-9.96967514929199E-17));
#14169=DIRECTION('',(-9.96967514929199E-17,0.,-1.));
#14170=DIRECTION('',(0.,0.,-1.));
#14171=DIRECTION('',(0.,0.,1.));
#14172=DIRECTION('',(1.,0.,0.));
#14173=DIRECTION('',(1.,-1.0842021724855E-16,0.));
#14174=DIRECTION('',(0.,1.,0.));
#14175=DIRECTION('',(1.,0.,0.));
#14176=DIRECTION('',(0.,1.,0.));
#14177=DIRECTION('',(0.,-1.,0.));
#14178=DIRECTION('',(0.,0.,-1.));
#14179=DIRECTION('',(0.,0.,1.));
#14180=DIRECTION('',(-9.96967514929199E-17,0.,-1.));
#14181=DIRECTION('',(-1.,0.,0.));
#14182=DIRECTION('',(0.,0.,1.));
#14183=DIRECTION('',(0.,0.,-1.));
#14184=DIRECTION('',(0.,1.,0.));
#14185=DIRECTION('',(0.,0.,-1.));
#14186=DIRECTION('',(-1.,0.,0.));
#14187=DIRECTION('',(0.,1.,0.));
#14188=DIRECTION('',(1.,0.,-9.96967514929199E-17));
#14189=DIRECTION('',(-9.96967514929199E-17,0.,-1.));
#14190=DIRECTION('',(0.,0.,-1.));
#14191=DIRECTION('',(0.,0.,1.));
#14192=DIRECTION('',(1.,0.,0.));
#14193=DIRECTION('',(1.,0.,0.));
#14194=DIRECTION('',(0.,1.,0.));
#14195=DIRECTION('',(1.,0.,0.));
#14196=DIRECTION('',(0.,1.,0.));
#14197=DIRECTION('',(0.,-1.,0.));
#14198=DIRECTION('',(0.,0.,-1.));
#14199=DIRECTION('',(0.,0.,1.));
#14200=DIRECTION('',(-9.96967514929199E-17,0.,-1.));
#14201=DIRECTION('',(-1.,0.,0.));
#14202=DIRECTION('',(0.,0.,1.));
#14203=DIRECTION('',(0.,0.,-1.));
#14204=DIRECTION('',(0.,1.,0.));
#14205=DIRECTION('',(0.,0.,-1.));
#14206=DIRECTION('',(-1.,0.,0.));
#14207=DIRECTION('',(0.,1.,0.));
#14208=DIRECTION('',(1.,0.,-9.96967514929199E-17));
#14209=DIRECTION('',(-9.96967514929199E-17,0.,-1.));
#14210=DIRECTION('',(0.,0.,-1.));
#14211=DIRECTION('',(0.,0.,1.));
#14212=DIRECTION('',(1.,0.,0.));
#14213=DIRECTION('',(1.,-1.0842021724855E-16,0.));
#14214=DIRECTION('',(0.,1.,0.));
#14215=DIRECTION('',(1.,0.,0.));
#14216=DIRECTION('',(0.,1.,0.));
#14217=DIRECTION('',(0.,-1.,0.));
#14218=DIRECTION('',(0.,0.,-1.));
#14219=DIRECTION('',(0.,0.,1.));
#14220=DIRECTION('',(-9.96967514929199E-17,0.,-1.));
#14221=DIRECTION('',(-1.,0.,0.));
#14222=DIRECTION('',(0.,0.,1.));
#14223=DIRECTION('',(0.,0.,-1.));
#14224=DIRECTION('',(0.,1.,0.));
#14225=DIRECTION('',(0.,0.,-1.));
#14226=DIRECTION('',(-1.,0.,0.));
#14227=DIRECTION('',(0.,1.,0.));
#14228=DIRECTION('',(1.,0.,-9.96967514929199E-17));
#14229=DIRECTION('',(-9.96967514929199E-17,0.,-1.));
#14230=DIRECTION('',(0.,0.,-1.));
#14231=DIRECTION('',(0.,0.,1.));
#14232=DIRECTION('',(1.,0.,0.));
#14233=DIRECTION('',(1.,0.,0.));
#14234=DIRECTION('',(1.,0.,0.));
#14235=DIRECTION('',(0.,1.,0.));
#14236=DIRECTION('',(0.,-1.,0.));
#14237=DIRECTION('',(0.,0.,-1.));
#14238=DIRECTION('',(0.,0.,1.));
#14239=DIRECTION('',(-1.,0.,0.));
#14240=DIRECTION('',(0.,0.,1.));
#14241=DIRECTION('',(0.,0.,-1.));
#14242=DIRECTION('',(0.,0.,1.));
#14243=DIRECTION('',(1.,0.,0.));
#14244=DIRECTION('',(0.,-1.,0.));
#14245=DIRECTION('',(1.,1.15648231731787E-14,0.));
#14246=DIRECTION('',(0.,1.,0.));
#14247=DIRECTION('',(-1.,0.,-1.09792625061823E-16));
#14248=DIRECTION('',(1.55273020821871E-16,-1.,1.70478325573123E-32));
#14249=DIRECTION('',(0.,0.,1.));
#14250=DIRECTION('',(1.,0.,0.));
#14251=DIRECTION('',(-1.,1.10141173077893E-16,0.));
#14252=DIRECTION('',(-1.10141173077893E-16,-1.,0.));
#14253=DIRECTION('',(1.,-1.10141173077893E-16,0.));
#14254=DIRECTION('',(-1.09792625061823E-16,0.,1.));
#14255=DIRECTION('',(-1.,2.89120579329468E-16,-1.09792625061823E-16));
#14256=DIRECTION('',(-1.09792625061823E-16,0.,1.));
#14257=DIRECTION('',(-1.,0.,-1.09792625061823E-16));
#14258=DIRECTION('',(-1.09792625061823E-16,0.,1.));
#14259=DIRECTION('',(-1.09792625061823E-16,0.,1.));
#14260=DIRECTION('',(0.,-1.,0.));
#14261=DIRECTION('',(-1.09792625061823E-16,0.,1.));
#14262=DIRECTION('',(1.,0.,1.09792625061823E-16));
#14263=DIRECTION('',(1.55273020821871E-16,1.,1.70478325573123E-32));
#14264=DIRECTION('',(-1.,0.,-1.09792625061823E-16));
#14265=DIRECTION('',(1.,-1.55273020821871E-16,1.09792625061823E-16));
#14266=DIRECTION('',(1.55273020821871E-16,1.,0.));
#14267=DIRECTION('',(-1.09792625061823E-16,0.,1.));
#14268=DIRECTION('',(0.,1.,0.));
#14269=DIRECTION('',(0.,0.,1.));
#14270=DIRECTION('',(1.,0.,1.09792625061823E-16));
#14271=DIRECTION('',(1.09792625061823E-16,0.,-1.));
#14272=DIRECTION('',(0.,1.,0.));
#14273=DIRECTION('',(-1.09792625061823E-16,0.,1.));
#14274=DIRECTION('',(-1.09792625061823E-16,0.,1.));
#14275=DIRECTION('',(1.,0.,1.09792625061823E-16));
#14276=DIRECTION('',(1.55273020821871E-16,-1.,1.70478325573123E-32));
#14277=DIRECTION('',(-1.,0.,-1.09792625061823E-16));
#14278=DIRECTION('',(0.,1.,0.));
#14279=DIRECTION('',(0.,0.,1.));
#14280=DIRECTION('',(-1.09792625061823E-16,0.,1.));
#14281=DIRECTION('',(-1.,-1.55273020821871E-16,-1.09792625061823E-16));
#14282=DIRECTION('',(1.55273020821871E-16,-1.,0.));
#14283=DIRECTION('',(1.09792625061823E-16,0.,-1.));
#14284=DIRECTION('',(-1.,0.,-1.09792625061823E-16));
#14285=DIRECTION('',(0.,-1.,0.));
#14286=DIRECTION('',(5.42101086242752E-16,1.,5.95187013074576E-32));
#14287=DIRECTION('',(1.,-2.89120579329468E-16,1.09792625061823E-16));
#14288=DIRECTION('',(1.,-5.42101086242752E-16,1.09792625061823E-16));
#14289=DIRECTION('',(5.42101086242752E-16,1.,0.));
#14290=DIRECTION('',(-1.09792625061823E-16,0.,1.));
#14291=DIRECTION('',(-2.89120579329468E-16,-1.,-3.17433073639774E-32));
#14292=DIRECTION('',(1.,-2.89120579329468E-16,0.));
#14293=DIRECTION('',(-1.09792625061823E-16,0.,1.));
#14294=DIRECTION('',(-1.,0.,-1.09792625061823E-16));
#14295=DIRECTION('',(-1.09792625061823E-16,0.,1.));
#14296=DIRECTION('',(0.,-1.,0.));
#14297=DIRECTION('',(0.,0.,-1.));
#14298=DIRECTION('',(0.,-1.,0.));
#14299=DIRECTION('',(0.,0.,-1.));
#14300=DIRECTION('',(0.,-1.,0.));
#14301=DIRECTION('',(0.,0.,-1.));
#14302=DIRECTION('',(0.,-1.,0.));
#14303=DIRECTION('',(0.,0.,-1.));
#14304=DIRECTION('',(-1.0842021724855E-16,-1.,0.));
#14305=DIRECTION('',(1.,-1.0842021724855E-16,0.));
#14306=DIRECTION('',(-1.0842021724855E-16,-1.,0.));
#14307=DIRECTION('',(1.,-1.0842021724855E-16,0.));
#14308=DIRECTION('',(-1.0842021724855E-16,-1.,0.));
#14309=DIRECTION('',(1.,-1.0842021724855E-16,0.));
#14310=DIRECTION('',(-1.0842021724855E-16,-1.,0.));
#14311=DIRECTION('',(1.,-1.0842021724855E-16,0.));
#14312=DIRECTION('',(-1.,0.,0.));
#14313=DIRECTION('',(0.,0.,1.));
#14314=DIRECTION('',(0.,0.,1.));
#14315=DIRECTION('',(1.15648231731787E-14,-1.,0.));
#14316=DIRECTION('',(1.,1.15648231731787E-14,0.));
#14317=DIRECTION('',(-1.,0.,0.));
#14318=DIRECTION('',(0.,0.,1.));
#14319=DIRECTION('',(0.,0.,1.));
#14320=DIRECTION('',(0.,1.,0.));
#14321=DIRECTION('',(0.,0.,1.));
#14322=DIRECTION('',(0.,0.707106781186547,0.707106781186547));
#14323=DIRECTION('',(-1.,0.,0.));
#14324=DIRECTION('',(-0.577350269189625,0.577350269189626,-0.577350269189626));
#14325=DIRECTION('',(-0.577350269189626,0.577350269189626,-0.577350269189626));
#14326=DIRECTION('',(0.707106781186547,0.707106781186547,0.));
#14327=DIRECTION('',(0.,0.,1.));
#14328=DIRECTION('',(-0.577350269189626,0.577350269189626,-0.577350269189626));
#14329=DIRECTION('',(0.707106781186548,0.707106781186547,3.83323354170843E-16));
#14330=DIRECTION('',(-5.42101086242752E-16,0.,1.));
#14331=DIRECTION('',(-0.577350269189625,0.577350269189626,-0.577350269189626));
#14332=DIRECTION('',(0.,0.707106781186547,0.707106781186547));
#14333=DIRECTION('',(-1.,0.,0.));
#14334=DIRECTION('',(0.577350269189626,0.577350269189626,-0.577350269189626));
#14335=DIRECTION('',(0.,0.707106781186547,0.707106781186547));
#14336=DIRECTION('',(-1.,0.,0.));
#14337=DIRECTION('',(-0.577350269189625,0.577350269189626,-0.577350269189626));
#14338=DIRECTION('',(-0.707106781186547,0.707106781186547,0.));
#14339=DIRECTION('',(0.,0.,-1.));
#14340=DIRECTION('',(0.577350269189626,0.577350269189626,-0.577350269189626));
#14341=DIRECTION('',(0.707106781186548,0.707106781186547,8.88865748801957E-17));
#14342=DIRECTION('',(-1.25704599708464E-16,0.,1.));
#14343=DIRECTION('',(-0.577350269189625,0.577350269189626,-0.577350269189626));
#14344=DIRECTION('',(0.,0.707106781186547,0.707106781186547));
#14345=DIRECTION('',(-1.,0.,0.));
#14346=DIRECTION('',(0.577350269189626,0.577350269189626,-0.577350269189626));
#14347=DIRECTION('',(-1.94087774263718E-16,0.707106781186547,0.707106781186548));
#14348=DIRECTION('',(-1.,0.,-2.74481562654558E-16));
#14349=DIRECTION('',(-0.577350269189626,0.577350269189626,-0.577350269189626));
#14350=DIRECTION('',(-0.707106781186547,0.707106781186547,0.));
#14351=DIRECTION('',(0.,0.,-1.));
#14352=DIRECTION('',(0.577350269189626,0.577350269189626,-0.577350269189625));
#14353=DIRECTION('',(0.707106781186547,0.707106781186547,0.));
#14354=DIRECTION('',(0.,0.,1.));
#14355=DIRECTION('',(-0.577350269189626,0.577350269189626,0.577350269189626));
#14356=DIRECTION('',(-1.09131204034404E-16,0.707106781186547,0.707106781186548));
#14357=DIRECTION('',(-1.,0.,-1.54334828823559E-16));
#14358=DIRECTION('',(0.577350269189627,0.577350269189626,-0.577350269189625));
#14359=DIRECTION('',(-7.76351097054873E-16,0.707106781186548,-0.707106781186547));
#14360=DIRECTION('',(1.,0.,-1.09792625061823E-15));
#14361=DIRECTION('',(-0.577350269189625,0.577350269189626,0.577350269189626));
#14362=DIRECTION('',(-0.707106781186547,0.707106781186548,-8.88865748801956E-17));
#14363=DIRECTION('',(1.25704599708464E-16,0.,-1.));
#14364=DIRECTION('',(0.577350269189626,0.577350269189626,-0.577350269189625));
#14365=DIRECTION('',(0.707106781186548,0.707106781186547,8.88865748801957E-17));
#14366=DIRECTION('',(-1.25704599708464E-16,0.,1.));
#14367=DIRECTION('',(-0.577350269189626,0.577350269189626,0.577350269189626));
#14368=DIRECTION('',(9.70438871318591E-17,0.707106781186547,0.707106781186548));
#14369=DIRECTION('',(-1.,0.,1.37240781327279E-16));
#14370=DIRECTION('',(0.577350269189626,0.577350269189626,-0.577350269189626));
#14371=DIRECTION('',(1.02905598435126E-16,0.707106781186547,-0.707106781186547));
#14372=DIRECTION('',(1.,0.,1.45530492951074E-16));
#14373=DIRECTION('',(0.577350269189626,0.577350269189626,0.577350269189626));
#14374=DIRECTION('',(-0.707106781186547,0.707106781186547,0.));
#14375=DIRECTION('',(0.,0.,-1.));
#14376=DIRECTION('',(0.577350269189626,0.577350269189626,0.577350269189626));
#14377=DIRECTION('',(-0.707106781186547,0.707106781186548,-8.88865748801956E-17));
#14378=DIRECTION('',(1.25704599708464E-16,0.,-1.));
#14379=DIRECTION('',(-0.577350269189626,-0.577350269189625,-0.577350269189626));
#14380=DIRECTION('',(7.76351097054873E-16,0.707106781186548,-0.707106781186547));
#14381=DIRECTION('',(1.,0.,1.09792625061823E-15));
#14382=DIRECTION('',(-1.34474688060218E-16,0.,1.));
#14383=DIRECTION('',(1.,0.,1.34474688060218E-16));
#14384=DIRECTION('',(0.,1.,0.));
#14385=DIRECTION('',(-1.,0.,-1.34474688060218E-16));
#14386=DIRECTION('',(0.,1.,0.));
#14387=DIRECTION('',(-1.5347131467284E-32,1.,1.14126544472158E-16));
#14388=DIRECTION('',(0.,-1.14126544472158E-16,1.));
#14389=DIRECTION('',(-1.,-4.00943809582796E-32,2.16840434497101E-16));
#14390=DIRECTION('',(0.,-1.14126544472158E-16,1.));
#14391=DIRECTION('',(1.,-9.40011802371148E-33,2.16840434497101E-16));
#14392=DIRECTION('',(0.,1.14126544472158E-16,-1.));
#14393=DIRECTION('',(0.,-1.14126544472158E-16,1.));
#14394=DIRECTION('',(1.,2.97350672178628E-33,1.0842021724855E-16));
#14395=DIRECTION('',(0.,1.14126544472158E-16,-1.));
#14396=DIRECTION('',(-1.,-2.77207562127818E-32,1.0842021724855E-16));
#14397=DIRECTION('',(1.34474688060218E-16,1.14126544472158E-16,-1.));
#14398=DIRECTION('',(-1.,0.,-1.34474688060218E-16));
#14399=DIRECTION('',(1.34474688060218E-16,1.14126544472158E-16,-1.));
#14400=DIRECTION('',(1.34474688060218E-16,1.23204792327898E-16,-1.));
#14401=DIRECTION('',(-1.,0.,-1.34474688060218E-16));
#14402=DIRECTION('',(1.6567926015818E-32,-1.,-1.23204792327898E-16));
#14403=DIRECTION('',(1.6567926015818E-32,-1.,-1.23204792327898E-16));
#14404=DIRECTION('',(-1.,0.,-1.34474688060218E-16));
#14405=DIRECTION('',(-1.34474688060218E-16,0.,1.));
#14406=DIRECTION('',(-1.,0.,-1.34474688060218E-16));
#14407=DIRECTION('',(-1.34474688060218E-16,0.,1.));
#14408=DIRECTION('',(-1.0842021724855E-16,-1.14126544472158E-16,1.));
#14409=DIRECTION('',(0.,-1.,-1.14126544472158E-16));
#14410=DIRECTION('',(0.,1.,1.14126544472158E-16));
#14411=DIRECTION('',(0.,1.,1.14126544472158E-16));
#14412=DIRECTION('',(1.,0.,0.));
#14413=DIRECTION('',(0.,0.,-1.));
#14414=DIRECTION('',(0.,1.,1.14126544472158E-16));
#14415=DIRECTION('',(-1.0842021724855E-16,1.14126544472158E-16,-1.));
#14416=DIRECTION('',(0.,1.,1.14126544472158E-16));
#14417=DIRECTION('',(0.,1.,1.14126544472158E-16));
#14418=DIRECTION('',(-1.,0.,0.));
#14419=DIRECTION('',(0.,0.,1.));
#14420=DIRECTION('',(-1.,0.,0.));
#14421=DIRECTION('',(0.,0.,1.));
#14422=DIRECTION('',(0.,1.,1.14126544472158E-16));
#14423=DIRECTION('',(0.,1.,1.14126544472158E-16));
#14424=DIRECTION('',(-2.16840434497101E-16,-1.14126544472158E-16,1.));
#14425=DIRECTION('',(1.,0.,2.16840434497101E-16));
#14426=DIRECTION('',(0.,1.,1.14126544472158E-16));
#14427=DIRECTION('',(1.,0.,0.));
#14428=DIRECTION('',(0.,0.,-1.));
#14429=DIRECTION('',(0.,1.,1.14126544472158E-16));
#14430=DIRECTION('',(-2.16840434497101E-16,1.14126544472158E-16,-1.));
#14431=DIRECTION('',(-1.,0.,2.16840434497101E-16));
#14432=DIRECTION('',(-2.85474442850669E-17,1.94289029309402E-16,1.));
#14433=DIRECTION('',(1.,-2.7755575615629E-17,2.85474442850669E-17));
#14434=DIRECTION('',(0.,0.,-1.));
#14435=DIRECTION('',(0.,1.,0.));
#14436=DIRECTION('',(-1.,0.,0.));
#14437=DIRECTION('',(0.,1.,0.));
#14438=DIRECTION('',(-1.,0.,0.));
#14439=DIRECTION('',(0.,1.,0.));
#14440=DIRECTION('',(0.,-1.,0.));
#14441=DIRECTION('',(0.,0.,-1.));
#14442=DIRECTION('',(0.,0.,-1.));
#14443=DIRECTION('',(-1.,0.,0.));
#14444=DIRECTION('',(0.,0.,-1.));
#14445=DIRECTION('',(0.,1.,0.));
#14446=DIRECTION('',(-1.,0.,0.));
#14447=DIRECTION('',(1.,0.,5.44369291624521E-16));
#14448=DIRECTION('',(0.,-1.,0.));
#14449=DIRECTION('',(1.,0.,0.));
#14450=DIRECTION('',(0.,1.,0.));
#14451=DIRECTION('',(1.,0.,0.));
#14452=DIRECTION('',(-0.931953738384275,0.,-0.362577204897902));
#14453=DIRECTION('',(-0.362577204897902,0.,0.931953738384275));
#14454=DIRECTION('',(-0.931953738384275,0.,-0.362577204897902));
#14455=DIRECTION('',(0.,1.,0.));
#14456=DIRECTION('',(0.,0.,1.));
#14457=DIRECTION('',(0.,1.,0.));
#14458=DIRECTION('',(0.,0.,1.));
#14459=DIRECTION('',(1.,0.,5.44369291624521E-16));
#14460=DIRECTION('',(0.,1.,0.));
#14461=DIRECTION('',(0.,0.,1.));
#14462=DIRECTION('',(1.,0.,0.));
#14463=DIRECTION('',(0.,0.,-1.));
#14464=DIRECTION('',(0.,0.316227766016838,0.948683298050514));
#14465=DIRECTION('',(0.,1.,0.));
#14466=DIRECTION('',(0.,0.,-1.));
#14467=DIRECTION('',(0.,0.316227766016838,-0.948683298050514));
#14468=DIRECTION('',(0.,-1.,0.));
#14469=DIRECTION('',(-0.931953738384275,0.,-0.362577204897902));
#14470=DIRECTION('',(-1.,0.,0.));
#14471=DIRECTION('',(0.,1.,0.));
#14472=DIRECTION('',(0.,0.,1.));
#14473=DIRECTION('',(1.,0.,5.44369291624521E-16));
#14474=DIRECTION('',(0.,1.,0.));
#14475=DIRECTION('',(0.,0.,1.));
#14476=DIRECTION('',(0.,1.,0.));
#14477=DIRECTION('',(0.,0.,1.));
#14478=DIRECTION('',(-0.931953738384275,0.,-0.362577204897902));
#14479=DIRECTION('',(-0.362577204897902,0.,0.931953738384275));
#14480=DIRECTION('',(-0.931953738384275,0.,-0.362577204897902));
#14481=DIRECTION('',(0.,1.,0.));
#14482=DIRECTION('',(1.,0.,0.));
#14483=DIRECTION('',(0.,-1.,0.));
#14484=DIRECTION('',(1.,0.,0.));
#14485=DIRECTION('',(1.,0.,5.44369291624521E-16));
#14486=DIRECTION('',(0.,1.,0.));
#14487=DIRECTION('',(-1.,0.,0.));
#14488=DIRECTION('',(0.,0.,-1.));
#14489=DIRECTION('',(-0.931953738384275,0.,-0.362577204897902));
#14490=DIRECTION('',(0.,1.,0.));
#14491=DIRECTION('',(0.,1.,0.));
#14492=DIRECTION('',(0.,1.,0.));
#14493=DIRECTION('',(0.362577204897902,0.,-0.931953738384275));
#14494=DIRECTION('',(-0.931953738384275,0.,-0.362577204897902));
#14495=DIRECTION('',(0.,1.,0.));
#14496=DIRECTION('',(0.,1.,0.));
#14497=DIRECTION('',(0.,0.,1.));
#14498=DIRECTION('',(0.,1.,0.));
#14499=DIRECTION('',(0.,1.,0.));
#14500=DIRECTION('',(0.,0.,1.));
#14501=DIRECTION('',(0.,1.,0.));
#14502=DIRECTION('',(-5.44369291624521E-16,0.,1.));
#14503=DIRECTION('',(1.,0.,5.44369291624521E-16));
#14504=DIRECTION('',(0.,1.,0.));
#14505=DIRECTION('',(0.,1.,0.));
#14506=DIRECTION('',(0.,0.,1.));
#14507=DIRECTION('',(0.,1.,0.));
#14508=DIRECTION('',(1.,0.,0.));
#14509=DIRECTION('',(0.,0.,-1.));
#14510=DIRECTION('',(0.,-0.316227766016838,-0.948683298050514));
#14511=DIRECTION('',(0.,-0.316227766016838,0.948683298050514));
#14512=DIRECTION('',(0.362577204897902,0.,-0.931953738384275));
#14513=DIRECTION('',(-0.931953738384275,0.,-0.362577204897902));
#14514=DIRECTION('',(0.,1.,0.));
#14515=DIRECTION('',(0.,1.,0.));
#14516=DIRECTION('',(0.,0.,1.));
#14517=DIRECTION('',(0.,1.,0.));
#14518=DIRECTION('',(0.,1.,0.));
#14519=DIRECTION('',(0.,0.,1.));
#14520=DIRECTION('',(0.,1.,0.));
#14521=DIRECTION('',(-5.44369291624521E-16,0.,1.));
#14522=DIRECTION('',(1.,0.,5.44369291624521E-16));
#14523=DIRECTION('',(0.,1.,0.));
#14524=DIRECTION('',(0.,1.,0.));
#14525=DIRECTION('',(0.,0.,1.));
#14526=DIRECTION('',(0.,-0.948683298050514,-0.316227766016838));
#14527=DIRECTION('',(0.,0.316227766016838,-0.948683298050514));
#14528=DIRECTION('',(0.,0.948683298050514,-0.316227766016838));
#14529=DIRECTION('',(0.,0.316227766016838,0.948683298050514));
#14530=DIRECTION('',(1.28210415826623E-16,-7.23439417363033E-16,1.));
#14531=DIRECTION('',(1.11022302462516E-16,1.,7.23439417363033E-16));
#14532=DIRECTION('',(0.,0.,-1.));
#14533=DIRECTION('',(0.,-1.,0.));
#14534=DIRECTION('',(-1.,0.,0.));
#14535=DIRECTION('',(0.,1.,0.));
#14536=DIRECTION('',(-1.,0.,0.));
#14537=DIRECTION('',(0.,-1.,0.));
#14538=DIRECTION('',(-1.,0.,0.));
#14539=DIRECTION('',(0.,0.,1.));
#14540=DIRECTION('',(0.,0.,-1.));
#14541=DIRECTION('',(0.,-0.316227766016838,-0.948683298050514));
#14542=DIRECTION('',(0.,-0.316227766016838,0.948683298050514));
#14543=DIRECTION('',(0.,0.,-1.));
#14544=DIRECTION('',(0.,-1.,0.));
#14545=DIRECTION('',(0.,1.,0.));
#14546=DIRECTION('',(0.,0.,-1.));
#14547=DIRECTION('',(0.,0.,1.));
#14548=DIRECTION('',(-1.,0.,0.));
#14549=DIRECTION('',(0.,1.,0.));
#14550=DIRECTION('',(-1.,0.,0.));
#14551=DIRECTION('',(1.,0.,-3.0327333496098E-16));
#14552=DIRECTION('',(0.,-1.,0.));
#14553=DIRECTION('',(1.,0.,0.));
#14554=DIRECTION('',(0.,1.,0.));
#14555=DIRECTION('',(1.,0.,0.));
#14556=DIRECTION('',(-0.931953738384275,0.,-0.362577204897901));
#14557=DIRECTION('',(-0.362577204897901,0.,0.931953738384275));
#14558=DIRECTION('',(0.931953738384275,0.,0.362577204897901));
#14559=DIRECTION('',(0.,-1.,0.));
#14560=DIRECTION('',(0.,0.,-1.));
#14561=DIRECTION('',(0.,-1.,0.));
#14562=DIRECTION('',(0.,0.,-1.));
#14563=DIRECTION('',(-1.,0.,3.0327333496098E-16));
#14564=DIRECTION('',(0.,-1.,0.));
#14565=DIRECTION('',(0.,0.,-1.));
#14566=DIRECTION('',(-1.,0.,0.));
#14567=DIRECTION('',(0.,0.,1.));
#14568=DIRECTION('',(0.,-0.316227766016838,-0.948683298050514));
#14569=DIRECTION('',(0.,-1.,0.));
#14570=DIRECTION('',(0.,0.,1.));
#14571=DIRECTION('',(0.,-0.316227766016838,0.948683298050514));
#14572=DIRECTION('',(0.,1.,0.));
#14573=DIRECTION('',(-0.931953738384275,0.,-0.362577204897901));
#14574=DIRECTION('',(-1.,0.,0.));
#14575=DIRECTION('',(0.,-1.,0.));
#14576=DIRECTION('',(0.,0.,-1.));
#14577=DIRECTION('',(-1.,0.,3.0327333496098E-16));
#14578=DIRECTION('',(0.,-1.,0.));
#14579=DIRECTION('',(0.,0.,-1.));
#14580=DIRECTION('',(0.,-1.,0.));
#14581=DIRECTION('',(0.,0.,-1.));
#14582=DIRECTION('',(0.931953738384275,0.,0.362577204897901));
#14583=DIRECTION('',(-0.362577204897901,0.,0.931953738384275));
#14584=DIRECTION('',(-0.931953738384275,0.,-0.362577204897901));
#14585=DIRECTION('',(0.,1.,0.));
#14586=DIRECTION('',(1.,0.,0.));
#14587=DIRECTION('',(0.,-1.,0.));
#14588=DIRECTION('',(1.,0.,0.));
#14589=DIRECTION('',(1.,0.,-3.0327333496098E-16));
#14590=DIRECTION('',(0.,1.,0.));
#14591=DIRECTION('',(-1.,0.,0.));
#14592=DIRECTION('',(-0.931953738384275,0.,-0.362577204897901));
#14593=DIRECTION('',(0.,-1.,0.));
#14594=DIRECTION('',(0.,1.,0.));
#14595=DIRECTION('',(0.,-1.,0.));
#14596=DIRECTION('',(-0.362577204897901,0.,0.931953738384275));
#14597=DIRECTION('',(0.931953738384275,0.,0.362577204897901));
#14598=DIRECTION('',(0.,-1.,0.));
#14599=DIRECTION('',(0.,-1.,0.));
#14600=DIRECTION('',(0.,0.,-1.));
#14601=DIRECTION('',(0.,-1.,0.));
#14602=DIRECTION('',(0.,-1.,0.));
#14603=DIRECTION('',(0.,0.,-1.));
#14604=DIRECTION('',(0.,-1.,0.));
#14605=DIRECTION('',(-3.0327333496098E-16,0.,-1.));
#14606=DIRECTION('',(-1.,0.,3.0327333496098E-16));
#14607=DIRECTION('',(0.,-1.,0.));
#14608=DIRECTION('',(0.,-1.,0.));
#14609=DIRECTION('',(0.,0.,-1.));
#14610=DIRECTION('',(-0.362577204897901,0.,0.931953738384275));
#14611=DIRECTION('',(0.931953738384275,0.,0.362577204897901));
#14612=DIRECTION('',(0.,1.,0.));
#14613=DIRECTION('',(0.,-1.,0.));
#14614=DIRECTION('',(0.,0.,-1.));
#14615=DIRECTION('',(0.,-1.,0.));
#14616=DIRECTION('',(0.,-1.,0.));
#14617=DIRECTION('',(0.,0.,-1.));
#14618=DIRECTION('',(0.,-1.,0.));
#14619=DIRECTION('',(-3.0327333496098E-16,0.,-1.));
#14620=DIRECTION('',(-1.,0.,3.0327333496098E-16));
#14621=DIRECTION('',(0.,1.,0.));
#14622=DIRECTION('',(0.,-1.,0.));
#14623=DIRECTION('',(0.,0.,-1.));
#14624=DIRECTION('',(0.,-0.948683298050514,-0.316227766016838));
#14625=DIRECTION('',(0.,0.316227766016838,-0.948683298050514));
#14626=DIRECTION('',(0.,0.948683298050514,-0.316227766016838));
#14627=DIRECTION('',(0.,0.316227766016838,0.948683298050514));
#14628=DIRECTION('',(-1.03562171736412E-18,-8.19983667041442E-16,1.));
#14629=DIRECTION('',(6.02816407901941E-17,1.,8.19983667041442E-16));
#14630=DIRECTION('',(-1.74848442069734E-16,-7.74488298957234E-16,1.));
#14631=DIRECTION('',(1.11022302462516E-16,1.,7.74488298957234E-16));
#14632=DIRECTION('',(-2.37481453891376E-16,-5.68989300120393E-16,1.));
#14633=DIRECTION('',(-1.61647001375543E-16,1.,5.68989300120393E-16));
#14634=DIRECTION('',(-2.3458426854324E-16,-9.78384040450918E-16,1.));
#14635=DIRECTION('',(1.54059317295871E-16,1.,9.78384040450918E-16));
#14636=DIRECTION('',(-1.96321012535463E-16,-9.71445146547012E-16,1.));
#14637=DIRECTION('',(-2.24111529999544E-16,1.,9.71445146547012E-16));
#14638=DIRECTION('',(0.,1.,0.));
#14639=DIRECTION('',(0.,0.,1.));
#14640=DIRECTION('',(1.,0.,0.));
#14641=DIRECTION('',(-9.22725253179153E-17,0.,-1.));
#14642=DIRECTION('',(-1.,0.,0.));
#14643=DIRECTION('',(0.,0.,-1.));
#14644=DIRECTION('',(0.,1.,0.));
#14645=DIRECTION('',(0.,0.,1.));
#14646=DIRECTION('',(1.,0.,0.));
#14647=DIRECTION('',(-9.22725253179153E-17,0.,-1.));
#14648=DIRECTION('',(-1.,0.,0.));
#14649=DIRECTION('',(9.22725253179153E-17,0.,-1.));
#14650=DIRECTION('',(0.,0.,1.));
#14651=DIRECTION('',(1.,0.,0.));
#14652=DIRECTION('',(1.,0.,0.));
#14653=DIRECTION('',(0.,-1.,0.));
#14654=DIRECTION('',(-1.,0.,0.));
#14655=DIRECTION('',(0.,-1.,0.));
#14656=DIRECTION('',(-1.,0.,0.));
#14657=DIRECTION('',(0.,1.,0.));
#14658=DIRECTION('',(0.,1.,0.));
#14659=DIRECTION('',(1.,0.,9.22725253179153E-17));
#14660=DIRECTION('',(9.22725253179153E-17,0.,-1.));
#14661=DIRECTION('',(0.,-1.,0.));
#14662=DIRECTION('',(0.,0.,1.));
#14663=DIRECTION('',(0.,-1.,0.));
#14664=DIRECTION('',(-9.22725253179153E-17,0.,1.));
#14665=DIRECTION('',(0.,0.,1.));
#14666=DIRECTION('',(1.,0.,0.));
#14667=DIRECTION('',(1.,0.,0.));
#14668=DIRECTION('',(0.,-1.,0.));
#14669=DIRECTION('',(-1.,0.,0.));
#14670=DIRECTION('',(-1.,0.,0.));
#14671=DIRECTION('',(0.,1.,0.));
#14672=DIRECTION('',(0.,1.,0.));
#14673=DIRECTION('',(1.,0.,0.));
#14674=DIRECTION('',(0.,0.,-1.));
#14675=DIRECTION('',(0.,-1.,0.));
#14676=DIRECTION('',(0.,0.,1.));
#14677=DIRECTION('',(0.,0.,1.));
#14678=DIRECTION('',(0.,1.,0.));
#14679=DIRECTION('',(0.,0.,1.));
#14680=DIRECTION('',(1.,0.,0.));
#14681=DIRECTION('',(1.,0.,-5.10212787052002E-16));
#14682=DIRECTION('',(0.,0.,1.));
#14683=DIRECTION('',(-1.,0.,-2.55106393526001E-16));
#14684=DIRECTION('',(1.,0.,0.));
#14685=DIRECTION('',(0.,0.,1.));
#14686=DIRECTION('',(1.,0.,0.));
#14687=DIRECTION('',(0.,0.,1.));
#14688=DIRECTION('',(1.,0.,0.));
#14689=DIRECTION('',(-1.,0.,0.));
#14690=DIRECTION('',(0.,0.,-1.));
#14691=DIRECTION('',(1.,0.,0.));
#14692=DIRECTION('',(-9.22725253179153E-17,0.,1.));
#14693=DIRECTION('',(1.,0.,2.44929359829471E-16));
#14694=DIRECTION('',(0.,1.,0.));
#14695=DIRECTION('',(1.,0.,0.));
#14696=DIRECTION('',(1.,0.,0.));
#14697=DIRECTION('',(0.,0.,1.));
#14698=DIRECTION('',(-1.,0.,-9.969675149292E-17));
#14699=DIRECTION('',(0.,1.,0.));
#14700=DIRECTION('',(0.,0.,1.));
#14701=DIRECTION('',(-1.,0.,1.37240781327279E-16));
#14702=DIRECTION('',(0.,0.,-1.));
#14703=DIRECTION('',(1.,0.,2.44929359829471E-16));
#14704=DIRECTION('',(-9.22725253179153E-17,0.,-1.));
#14705=DIRECTION('',(0.,1.,0.));
#14706=DIRECTION('',(0.,0.,1.));
#14707=DIRECTION('',(-1.,0.,1.37240781327279E-16));
#14708=DIRECTION('',(9.22725253179153E-17,0.,-1.));
#14709=DIRECTION('',(1.,0.,0.));
#14710=DIRECTION('',(-9.22725253179153E-17,0.,-1.));
#14711=DIRECTION('',(0.,0.,-1.));
#14712=DIRECTION('',(-1.,0.,0.));
#14713=DIRECTION('',(-1.,0.,0.));
#14714=DIRECTION('',(0.,1.,0.));
#14715=DIRECTION('',(0.,1.,0.));
#14716=DIRECTION('',(1.,0.,0.));
#14717=DIRECTION('',(0.,1.,0.));
#14718=DIRECTION('',(0.,-1.,0.));
#14719=DIRECTION('',(1.,0.,0.));
#14720=DIRECTION('',(0.,-1.,0.));
#14721=DIRECTION('',(2.44929359829471E-16,0.,-1.));
#14722=DIRECTION('',(-1.,0.,-2.44929359829471E-16));
#14723=DIRECTION('',(-1.,0.,-1.54886024640786E-15));
#14724=DIRECTION('',(0.,1.,0.));
#14725=DIRECTION('',(0.,1.,0.));
#14726=DIRECTION('',(1.,0.,0.));
#14727=DIRECTION('',(1.,0.,2.44929359829471E-16));
#14728=DIRECTION('',(0.,-1.,0.));
#14729=DIRECTION('',(0.,1.,0.));
#14730=DIRECTION('',(-1.,0.,-9.22725253179153E-17));
#14731=DIRECTION('',(-9.22725253179153E-17,0.,1.));
#14732=DIRECTION('',(-9.22725253179153E-17,0.,1.));
#14733=DIRECTION('',(9.22725253179153E-17,0.,-1.));
#14734=DIRECTION('',(0.,-1.,0.));
#14735=DIRECTION('',(0.,0.,-1.));
#14736=DIRECTION('',(0.,1.,0.));
#14737=DIRECTION('',(1.,0.,0.));
#14738=DIRECTION('',(-1.,0.,0.));
#14739=DIRECTION('',(0.,0.,1.));
#14740=DIRECTION('',(-9.22725253179153E-17,0.,1.));
#14741=DIRECTION('',(0.,-1.,0.));
#14742=DIRECTION('',(0.,0.,-1.));
#14743=DIRECTION('',(-9.969675149292E-17,0.,1.));
#14744=DIRECTION('',(1.,0.,9.969675149292E-17));
#14745=DIRECTION('',(-1.,0.,-9.969675149292E-17));
#14746=DIRECTION('',(0.,-1.,0.));
#14747=DIRECTION('',(0.,-1.,0.));
#14748=DIRECTION('',(-2.55106393526001E-16,0.,1.));
#14749=DIRECTION('',(1.,0.,2.55106393526001E-16));
#14750=DIRECTION('',(-1.,0.,-2.55106393526001E-16));
#14751=DIRECTION('',(0.,-1.,0.));
#14752=DIRECTION('',(0.,-1.,0.));
#14753=DIRECTION('',(1.,0.,0.));
#14754=DIRECTION('',(0.,0.,-1.));
#14755=DIRECTION('',(0.,0.,1.));
#14756=DIRECTION('',(0.,-1.,0.));
#14757=DIRECTION('',(-5.10212787052002E-16,0.,-1.));
#14758=DIRECTION('',(-1.,0.,5.10212787052002E-16));
#14759=DIRECTION('',(1.,0.,-5.10212787052002E-16));
#14760=DIRECTION('',(0.,-1.,0.));
#14761=DIRECTION('',(0.,0.,1.));
#14762=DIRECTION('',(1.,0.,0.));
#14763=DIRECTION('',(-1.,0.,0.));
#14764=DIRECTION('',(0.,-1.,0.));
#14765=DIRECTION('',(0.,-1.,0.));
#14766=DIRECTION('',(1.,0.,2.55106393526001E-16));
#14767=DIRECTION('',(2.55106393526001E-16,0.,-1.));
#14768=DIRECTION('',(-2.55106393526001E-16,0.,1.));
#14769=DIRECTION('',(0.,1.,0.));
#14770=DIRECTION('',(0.,0.,1.));
#14771=DIRECTION('',(0.,1.,0.));
#14772=DIRECTION('',(0.,-1.,0.));
#14773=DIRECTION('',(0.,0.,-1.));
#14774=DIRECTION('',(-1.,0.,0.));
#14775=DIRECTION('',(1.,0.,0.));
#14776=DIRECTION('',(0.,-1.,0.));
#14777=DIRECTION('',(-1.,0.,0.));
#14778=DIRECTION('',(0.,0.,1.));
#14779=DIRECTION('',(0.,0.,-1.));
#14780=DIRECTION('',(0.,-1.,0.));
#14781=DIRECTION('',(0.,0.,1.));
#14782=DIRECTION('',(0.,-1.,0.));
#14783=DIRECTION('',(-1.,0.,0.));
#14784=DIRECTION('',(0.,0.,1.));
#14785=DIRECTION('',(0.,0.,-1.));
#14786=DIRECTION('',(0.,1.,0.));
#14787=DIRECTION('',(0.,0.,1.));
#14788=DIRECTION('',(0.,1.,0.));
#14789=DIRECTION('',(0.,0.,1.));
#14790=DIRECTION('',(-9.22725253179153E-17,0.,1.));
#14791=DIRECTION('',(-9.22725253179153E-17,0.,-1.));
#14792=DIRECTION('',(-1.,0.,-9.22725253179153E-17));
#14793=DIRECTION('',(-9.22725253179153E-17,0.,1.));
#14794=DIRECTION('',(1.,0.,-9.22725253179153E-17));
#14795=DIRECTION('',(-9.22725253179153E-17,0.,-1.));
#14796=DIRECTION('',(0.,-1.,0.));
#14797=DIRECTION('',(0.,0.,1.));
#14798=DIRECTION('',(0.,-1.,0.));
#14799=DIRECTION('',(0.,-1.,0.));
#14800=DIRECTION('',(0.,0.,-1.));
#14801=DIRECTION('',(0.,0.,1.));
#14802=DIRECTION('',(9.22725253179153E-17,0.,-1.));
#14803=DIRECTION('',(-1.,0.,0.));
#14804=DIRECTION('',(0.,0.,1.));
#14805=DIRECTION('',(1.,0.,9.22725253179153E-17));
#14806=DIRECTION('',(9.22725253179153E-17,0.,-1.));
#14807=DIRECTION('',(0.,-1.,0.));
#14808=DIRECTION('',(0.,0.,-1.));
#14809=DIRECTION('',(0.,-1.,0.));
#14810=DIRECTION('',(0.,-1.,0.));
#14811=DIRECTION('',(0.,0.,-1.));
#14812=DIRECTION('',(0.,0.,-1.));
#14813=DIRECTION('',(1.,0.,0.));
#14814=DIRECTION('',(0.,0.,-1.));
#14815=DIRECTION('',(0.,-1.,0.));
#14816=DIRECTION('',(-1.26314816211903E-16,0.,-1.));
#14817=DIRECTION('',(0.,-1.,0.));
#14818=DIRECTION('',(0.,1.,0.));
#14819=DIRECTION('',(0.,0.,1.));
#14820=DIRECTION('',(-9.22725253179153E-17,0.,-1.));
#14821=DIRECTION('',(1.,0.,-9.22725253179153E-17));
#14822=DIRECTION('',(-9.22725253179153E-17,0.,-1.));
#14823=DIRECTION('',(0.,-1.,0.));
#14824=DIRECTION('',(0.,0.,1.));
#14825=DIRECTION('',(0.,-1.,0.));
#14826=DIRECTION('',(0.,1.,0.));
#14827=DIRECTION('',(0.,0.,1.));
#14828=DIRECTION('',(1.,0.,0.));
#14829=DIRECTION('',(-1.,0.,1.37240781327279E-16));
#14830=DIRECTION('',(0.,0.,-1.));
#14831=DIRECTION('',(-1.,0.,0.));
#14832=DIRECTION('',(1.37240781327279E-16,0.,1.));
#14833=DIRECTION('',(1.,0.,-1.37240781327279E-16));
#14834=DIRECTION('',(0.,1.,0.));
#14835=DIRECTION('',(0.,0.,1.));
#14836=DIRECTION('',(1.,0.,0.));
#14837=DIRECTION('',(-1.,0.,1.37240781327279E-16));
#14838=DIRECTION('',(1.37240781327279E-16,0.,1.));
#14839=DIRECTION('',(1.,0.,-1.37240781327279E-16));
#14840=DIRECTION('',(0.,0.,-1.));
#14841=DIRECTION('',(-1.,0.,0.));
#14842=DIRECTION('',(0.886512842743556,0.462703987070286,0.));
#14843=DIRECTION('',(-0.462703987070286,0.886512842743556,0.));
#14844=DIRECTION('',(-0.462703987070286,0.886512842743556,0.));
#14845=DIRECTION('',(0.,0.,1.));
#14846=DIRECTION('',(-0.462703987070286,0.886512842743556,0.));
#14847=DIRECTION('',(0.,0.,1.));
#14848=DIRECTION('',(0.,0.,1.));
#14849=DIRECTION('',(1.,0.,0.));
#14850=DIRECTION('',(0.,0.,1.));
#14851=DIRECTION('',(1.,0.,0.));
#14852=DIRECTION('',(0.,0.,1.));
#14853=DIRECTION('',(1.,0.,0.));
#14854=DIRECTION('',(0.,0.,1.));
#14855=DIRECTION('',(-1.,0.,0.));
#14856=DIRECTION('',(0.,0.,1.));
#14857=DIRECTION('',(0.,-1.,0.));
#14858=DIRECTION('',(0.,-1.,0.));
#14859=DIRECTION('',(0.722180982764599,-0.691704147835734,0.));
#14860=DIRECTION('',(0.691704147835734,0.722180982764599,0.));
#14861=DIRECTION('',(0.691704147835734,0.722180982764599,0.));
#14862=DIRECTION('',(0.691704147835734,0.722180982764599,0.));
#14863=DIRECTION('',(0.,0.,1.));
#14864=DIRECTION('',(1.,0.,0.));
#14865=DIRECTION('',(0.,0.,1.));
#14866=DIRECTION('',(1.,0.,0.));
#14867=DIRECTION('',(0.,0.,1.));
#14868=DIRECTION('',(1.,0.,0.));
#14869=DIRECTION('',(0.,0.,1.));
#14870=DIRECTION('',(1.,0.,0.));
#14871=DIRECTION('',(0.,0.,1.));
#14872=DIRECTION('',(0.,0.,1.));
#14873=DIRECTION('',(1.,0.,0.));
#14874=DIRECTION('',(0.,0.,1.));
#14875=DIRECTION('',(-0.886512842743556,0.462703987070286,0.));
#14876=DIRECTION('',(-0.462703987070286,-0.886512842743556,0.));
#14877=DIRECTION('',(-0.462703987070286,-0.886512842743556,0.));
#14878=DIRECTION('',(-0.462703987070286,-0.886512842743556,0.));
#14879=DIRECTION('',(0.,0.,1.));
#14880=DIRECTION('',(-0.722180982764599,-0.691704147835734,0.));
#14881=DIRECTION('',(0.691704147835734,-0.722180982764599,0.));
#14882=DIRECTION('',(0.691704147835734,-0.722180982764599,0.));
#14883=DIRECTION('',(0.691704147835734,-0.722180982764599,0.));
#14884=DIRECTION('',(1.,0.,0.));
#14885=DIRECTION('',(0.,0.,-1.));
#14886=DIRECTION('',(0.,1.,0.));
#14887=DIRECTION('',(0.,1.,0.));
#14888=DIRECTION('',(0.,0.,1.));
#14889=DIRECTION('',(1.,0.,0.));
#14890=DIRECTION('',(0.,0.,1.));
#14891=DIRECTION('',(1.,0.,0.));
#14892=DIRECTION('',(3.67495444864817E-16,-4.15593161630085E-16,-1.));
#14893=DIRECTION('',(1.,8.32667268468868E-17,3.67495444864817E-16));
#14894=DIRECTION('',(-1.13621787139862E-16,-8.60422844084496E-16,1.));
#14895=DIRECTION('',(-4.6047552284021E-16,1.,8.60422844084496E-16));
#14896=DIRECTION('',(-1.58450249104826E-16,-7.21644966006351E-16,1.));
#14897=DIRECTION('',(-1.1777160391155E-16,1.,7.21644966006351E-16));
#14898=DIRECTION('',(1.,-6.12303176911189E-17,0.));
#14899=DIRECTION('',(6.12303176911189E-17,1.,0.));
#14900=DIRECTION('',(-1.59326504310453E-31,-2.60208521396521E-15,1.));
#14901=DIRECTION('',(-6.12303176911189E-17,-1.,-2.16840434497102E-16));
#14902=DIRECTION('',(1.59326504310453E-31,2.60208521396521E-15,-1.));
#14903=DIRECTION('',(6.12303176911189E-17,1.,0.));
#14904=DIRECTION('',(6.12303176911189E-17,1.,-1.01643953670516E-16));
#14905=DIRECTION('',(1.,-6.12303176911189E-17,0.));
#14906=DIRECTION('',(6.12303176911189E-17,1.,0.));
#14907=DIRECTION('',(0.,0.,-1.));
#14908=DIRECTION('',(1.,-6.12303176911189E-17,0.));
#14909=DIRECTION('',(6.12303176911189E-17,1.,0.));
#14910=DIRECTION('',(-6.12303176911189E-17,-1.,-2.37169225231204E-16));
#14911=DIRECTION('',(1.,-6.12303176911189E-17,0.));
#14912=DIRECTION('',(6.12303176911189E-17,1.,0.));
#14913=DIRECTION('',(-6.98800457501986E-33,-1.14126544472158E-16,1.));
#14914=DIRECTION('',(1.,-6.12303176911189E-17,0.));
#14915=DIRECTION('',(6.12303176911189E-17,1.,0.));
#14916=DIRECTION('',(-2.65544173850755E-32,-4.33680868994202E-16,1.));
#14917=DIRECTION('',(-6.12303176911189E-17,-1.,-1.0842021724855E-16));
#14918=DIRECTION('',(7.96632521552264E-32,1.30104260698261E-15,-1.));
#14919=DIRECTION('',(6.12303176911189E-17,1.,2.16840434497101E-16));
#14920=DIRECTION('',(0.,1.,0.));
#14921=DIRECTION('',(0.,0.,1.));
#14922=DIRECTION('',(-1.,0.,0.));
#14923=DIRECTION('',(0.,0.,-1.));
#14924=DIRECTION('',(-1.,0.,0.));
#14925=DIRECTION('',(0.,1.01643953670516E-16,1.));
#14926=DIRECTION('',(0.,-1.,1.01643953670516E-16));
#14927=DIRECTION('',(0.,1.01643953670516E-16,1.));
#14928=DIRECTION('',(0.,-1.,1.01643953670516E-16));
#14929=DIRECTION('',(-1.,0.,0.));
#14930=DIRECTION('',(-1.,0.,0.));
#14931=DIRECTION('',(0.,-1.,-1.14126544472158E-16));
#14932=DIRECTION('',(0.,1.14126544472158E-16,-1.));
#14933=DIRECTION('',(-6.98800457501986E-33,-1.14126544472158E-16,1.));
#14934=DIRECTION('',(-1.,0.,0.));
#14935=DIRECTION('',(-1.,0.,0.));
#14936=DIRECTION('',(0.,2.37169225231204E-16,-1.));
#14937=DIRECTION('',(0.,1.,2.37169225231204E-16));
#14938=DIRECTION('',(0.,2.37169225231204E-16,-1.));
#14939=DIRECTION('',(0.,1.,2.37169225231204E-16));
#14940=DIRECTION('',(-1.,0.,0.));
#14941=DIRECTION('',(-1.,0.,0.));
#14942=DIRECTION('',(0.,0.,1.));
#14943=DIRECTION('',(1.,0.,0.));
#14944=DIRECTION('',(0.,1.01643953670516E-16,1.));
#14945=DIRECTION('',(0.,-1.,1.01643953670516E-16));
#14946=DIRECTION('',(0.,2.37169225231204E-16,-1.));
#14947=DIRECTION('',(0.,1.,2.37169225231204E-16));
#14948=DIRECTION('',(-1.,0.,0.));
#14949=DIRECTION('',(0.,0.,1.));
#14950=DIRECTION('',(1.,0.,0.));
#14951=DIRECTION('',(0.,0.,-1.));
#14952=DIRECTION('',(0.,2.37169225231204E-16,-1.));
#14953=DIRECTION('',(0.,1.,2.37169225231204E-16));
#14954=DIRECTION('',(-1.,0.,0.));
#14955=DIRECTION('',(0.,0.,1.));
#14956=DIRECTION('',(-1.,0.,0.));
#14957=DIRECTION('',(0.,0.,1.));
#14958=DIRECTION('',(-1.,0.,0.));
#14959=DIRECTION('',(0.,0.,1.));
#14960=DIRECTION('',(1.,0.,0.));
#14961=DIRECTION('',(0.,0.,-1.));
#14962=DIRECTION('',(0.,1.01643953670516E-16,1.));
#14963=DIRECTION('',(0.,-1.,1.01643953670516E-16));
#14964=DIRECTION('',(-1.,0.,0.));
#14965=DIRECTION('',(0.,0.,1.));
#14966=DIRECTION('',(-1.,0.,0.));
#14967=DIRECTION('',(0.,0.,1.));
#14968=DIRECTION('',(-1.,2.16840434497101E-16,0.));
#14969=DIRECTION('',(-2.16840434497101E-16,-1.,0.));
#14970=DIRECTION('',(2.16840434497101E-16,1.,-6.12303176911189E-17));
#14971=DIRECTION('',(1.53329341668337E-16,0.707106781186547,0.707106781186548));
#14972=DIRECTION('',(0.,0.,1.));
#14973=DIRECTION('',(2.16840434497101E-16,1.,-6.12303176911188E-17));
#14974=DIRECTION('',(0.,0.,1.));
#14975=DIRECTION('',(1.53329341668338E-16,0.707106781186548,-0.707106781186548));
#14976=DIRECTION('',(1.,-1.0842021724855E-16,0.));
#14977=DIRECTION('',(1.0842021724855E-16,1.,0.));
#14978=DIRECTION('',(0.,0.,1.));
#14979=DIRECTION('',(-7.66646708341686E-17,-0.707106781186547,-0.707106781186548));
#14980=DIRECTION('',(-1.0842021724855E-16,-1.,6.12303176911189E-17));
#14981=DIRECTION('',(-7.66646708341687E-17,-0.707106781186548,0.707106781186548));
#14982=DIRECTION('',(0.,0.,1.));
#14983=DIRECTION('',(-1.0842021724855E-16,-1.,6.12303176911188E-17));
#14984=DIRECTION('',(0.,1.,0.));
#14985=DIRECTION('',(0.,0.,1.));
#14986=DIRECTION('',(0.,1.,0.));
#14987=DIRECTION('',(0.,0.,-1.));
#14988=DIRECTION('',(6.12303176911189E-17,1.,2.16840434497101E-16));
#14989=DIRECTION('',(0.,1.,0.));
#14990=DIRECTION('',(0.,0.,-1.));
#14991=DIRECTION('',(0.,1.,0.));
#14992=DIRECTION('',(0.,0.,1.));
#14993=DIRECTION('',(0.,1.,0.));
#14994=DIRECTION('',(0.,0.,-1.));
#14995=DIRECTION('',(-6.12303176911189E-17,-1.,-1.0842021724855E-16));
#14996=DIRECTION('',(0.,1.,0.));
#14997=DIRECTION('',(0.,0.,-1.));
#14998=DIRECTION('',(6.02985134220701E-17,2.16840434497101E-16,-1.));
#14999=DIRECTION('',(0.,1.,2.16840434497101E-16));
#15000=DIRECTION('',(-1.,0.,-6.02985134220701E-17));
#15001=DIRECTION('',(-1.,0.,-6.02985134220701E-17));
#15002=DIRECTION('',(7.84509350998257E-32,-1.,-1.30104260698261E-15));
#15003=DIRECTION('',(0.,1.30104260698261E-15,-1.));
#15004=DIRECTION('',(1.,1.56901870199651E-31,-6.02985134220701E-17));
#15005=DIRECTION('',(-1.,0.,-6.02985134220701E-17));
#15006=DIRECTION('',(-6.02985134220701E-17,-1.0842021724855E-16,1.));
#15007=DIRECTION('',(0.,-1.,-1.0842021724855E-16));
#15008=DIRECTION('',(-1.,0.,-6.02985134220701E-17));
#15009=DIRECTION('',(-2.61503116999419E-32,1.,4.33680868994202E-16));
#15010=DIRECTION('',(0.,-4.33680868994202E-16,1.));
#15011=DIRECTION('',(-1.,-5.23006233998838E-32,6.02985134220701E-17));
#15012=DIRECTION('',(-6.02985134220701E-17,-6.12303176911188E-17,-1.));
#15013=DIRECTION('',(-3.69209713313554E-33,1.,-6.12303176911188E-17));
#15014=DIRECTION('',(1.,5.23006233998838E-32,-6.02985134220701E-17));
#15015=DIRECTION('',(-1.,-1.56901870199651E-31,6.02985134220701E-17));
#15016=DIRECTION('',(-1.,-3.69209713313555E-33,0.));
#15017=DIRECTION('',(3.69209713313555E-33,-1.,0.));
#15018=DIRECTION('',(-3.69209713313555E-33,1.,-6.12303176911189E-17));
#15019=DIRECTION('',(2.61070691963957E-33,-0.707106781186552,0.707106781186543));
#15020=DIRECTION('',(0.,0.,1.));
#15021=DIRECTION('',(4.45342967210233E-33,1.,-6.12303176911189E-17));
#15022=DIRECTION('',(0.,0.,1.));
#15023=DIRECTION('',(2.61070691963955E-33,-0.707106781186546,-0.707106781186549));
#15024=DIRECTION('',(1.,-2.16840434497102E-16,0.));
#15025=DIRECTION('',(2.16840434497102E-16,1.,0.));
#15026=DIRECTION('',(0.,0.,1.));
#15027=DIRECTION('',(1.53329341668339E-16,0.707106781186552,-0.707106781186543));
#15028=DIRECTION('',(-2.16840434497102E-16,-1.,6.12303176911189E-17));
#15029=DIRECTION('',(1.53329341668338E-16,0.707106781186546,0.707106781186549));
#15030=DIRECTION('',(0.,0.,1.));
#15031=DIRECTION('',(-2.16840434497102E-16,-1.,6.12303176911188E-17));
#15032=DIRECTION('',(0.,1.,0.));
#15033=DIRECTION('',(0.,0.,1.));
#15034=DIRECTION('',(0.,1.,0.));
#15035=DIRECTION('',(0.,0.,-1.));
#15036=DIRECTION('',(0.,1.,0.));
#15037=DIRECTION('',(0.,0.,-1.));
#15038=DIRECTION('',(6.12303176911189E-17,1.,0.));
#15039=DIRECTION('',(0.,1.,0.));
#15040=DIRECTION('',(0.,0.,1.));
#15041=DIRECTION('',(0.,1.,0.));
#15042=DIRECTION('',(0.,0.,-1.));
#15043=DIRECTION('',(0.,1.,0.));
#15044=DIRECTION('',(0.,0.,-1.));
#15045=DIRECTION('',(-6.12303176911189E-17,-1.,-2.16840434497102E-16));
#15046=DIRECTION('',(1.56901870199651E-31,-1.,-2.60208521396521E-15));
#15047=DIRECTION('',(0.,2.60208521396521E-15,-1.));
#15048=DIRECTION('',(-1.,-3.13803740399303E-31,6.02985134220701E-17));
#15049=DIRECTION('',(-1.,0.,-6.02985134220701E-17));
#15050=DIRECTION('',(-1.,0.,-6.02985134220701E-17));
#15051=DIRECTION('',(6.02985134220701E-17,-3.69209713313555E-33,-1.));
#15052=DIRECTION('',(-1.,0.,-6.02985134220701E-17));
#15053=DIRECTION('',(-1.,0.,-6.02985134220701E-17));
#15054=DIRECTION('',(-1.56901870199651E-31,1.,2.60208521396521E-15));
#15055=DIRECTION('',(0.,-2.60208521396521E-15,1.));
#15056=DIRECTION('',(1.,3.13803740399303E-31,-6.02985134220701E-17));
#15057=DIRECTION('',(-1.,0.,-6.02985134220701E-17));
#15058=DIRECTION('',(-6.02985134220701E-17,-2.16840434497102E-16,1.));
#15059=DIRECTION('',(0.,-1.,-2.16840434497102E-16));
#15060=DIRECTION('',(6.02985134220701E-17,6.12303176911188E-17,1.));
#15061=DIRECTION('',(3.69209713313555E-33,-1.,6.12303176911188E-17));
#15062=DIRECTION('',(-1.,-3.13803740399303E-31,6.02985134220701E-17));
#15063=DIRECTION('',(1.,3.13803740399303E-31,-6.02985134220701E-17));
#15064=DIRECTION('',(-4.26374877362139E-17,-0.707106781186543,-0.707106781186552));
#15065=DIRECTION('',(-1.,-3.13803740399303E-31,6.02985134220701E-17));
#15066=DIRECTION('',(-4.2637487736214E-17,0.707106781186549,-0.707106781186546));
#15067=DIRECTION('',(1.,3.13803740399303E-31,-6.02985134220701E-17));
#15068=DIRECTION('',(-4.26374877362138E-17,0.707106781186548,-0.707106781186547));
#15069=DIRECTION('',(-1.,-5.23006233998838E-32,6.02985134220701E-17));
#15070=DIRECTION('',(-4.26374877362137E-17,-0.707106781186548,-0.707106781186548));
#15071=DIRECTION('',(1.,1.56901870199651E-31,-6.02985134220701E-17));
#15072=DIRECTION('',(2.39984023017406E-16,-1.94289029309402E-16,-1.));
#15073=DIRECTION('',(7.40393661512613E-17,-1.,1.94289029309403E-16));
#15074=DIRECTION('',(1.,-6.12303176911189E-17,0.));
#15075=DIRECTION('',(6.12303176911189E-17,1.,0.));
#15076=DIRECTION('',(-1.59326504310453E-31,-2.60208521396521E-15,1.));
#15077=DIRECTION('',(-6.12303176911189E-17,-1.,-2.16840434497102E-16));
#15078=DIRECTION('',(1.59326504310453E-31,2.60208521396521E-15,-1.));
#15079=DIRECTION('',(6.12303176911189E-17,1.,0.));
#15080=DIRECTION('',(6.12303176911189E-17,1.,-1.01643953670516E-16));
#15081=DIRECTION('',(1.,-6.12303176911189E-17,0.));
#15082=DIRECTION('',(6.12303176911189E-17,1.,0.));
#15083=DIRECTION('',(0.,0.,-1.));
#15084=DIRECTION('',(1.,-6.12303176911189E-17,0.));
#15085=DIRECTION('',(6.12303176911189E-17,1.,0.));
#15086=DIRECTION('',(-6.12303176911189E-17,-1.,-2.37169225231204E-16));
#15087=DIRECTION('',(1.,-6.12303176911189E-17,0.));
#15088=DIRECTION('',(6.12303176911189E-17,1.,0.));
#15089=DIRECTION('',(-6.98800457501986E-33,-1.14126544472158E-16,1.));
#15090=DIRECTION('',(1.,-6.12303176911189E-17,0.));
#15091=DIRECTION('',(6.12303176911189E-17,1.,0.));
#15092=DIRECTION('',(-2.65544173850755E-32,-4.33680868994202E-16,1.));
#15093=DIRECTION('',(-6.12303176911189E-17,-1.,-1.0842021724855E-16));
#15094=DIRECTION('',(7.96632521552264E-32,1.30104260698261E-15,-1.));
#15095=DIRECTION('',(6.12303176911189E-17,1.,2.16840434497101E-16));
#15096=DIRECTION('',(0.,1.,0.));
#15097=DIRECTION('',(0.,0.,1.));
#15098=DIRECTION('',(-1.,0.,0.));
#15099=DIRECTION('',(0.,0.,-1.));
#15100=DIRECTION('',(-1.,0.,0.));
#15101=DIRECTION('',(0.,1.01643953670516E-16,1.));
#15102=DIRECTION('',(0.,-1.,1.01643953670516E-16));
#15103=DIRECTION('',(0.,1.01643953670516E-16,1.));
#15104=DIRECTION('',(0.,-1.,1.01643953670516E-16));
#15105=DIRECTION('',(-1.,0.,0.));
#15106=DIRECTION('',(-1.,0.,0.));
#15107=DIRECTION('',(0.,-1.,-1.14126544472158E-16));
#15108=DIRECTION('',(0.,1.14126544472158E-16,-1.));
#15109=DIRECTION('',(-6.98800457501986E-33,-1.14126544472158E-16,1.));
#15110=DIRECTION('',(-1.,0.,0.));
#15111=DIRECTION('',(-1.,0.,0.));
#15112=DIRECTION('',(0.,2.37169225231204E-16,-1.));
#15113=DIRECTION('',(0.,1.,2.37169225231204E-16));
#15114=DIRECTION('',(0.,2.37169225231204E-16,-1.));
#15115=DIRECTION('',(0.,1.,2.37169225231204E-16));
#15116=DIRECTION('',(-1.,0.,0.));
#15117=DIRECTION('',(-1.,0.,0.));
#15118=DIRECTION('',(0.,0.,1.));
#15119=DIRECTION('',(1.,0.,0.));
#15120=DIRECTION('',(0.,1.01643953670516E-16,1.));
#15121=DIRECTION('',(0.,-1.,1.01643953670516E-16));
#15122=DIRECTION('',(0.,2.37169225231204E-16,-1.));
#15123=DIRECTION('',(0.,1.,2.37169225231204E-16));
#15124=DIRECTION('',(-1.,0.,0.));
#15125=DIRECTION('',(0.,0.,1.));
#15126=DIRECTION('',(1.,0.,0.));
#15127=DIRECTION('',(0.,0.,-1.));
#15128=DIRECTION('',(0.,2.37169225231204E-16,-1.));
#15129=DIRECTION('',(0.,1.,2.37169225231204E-16));
#15130=DIRECTION('',(-1.,0.,0.));
#15131=DIRECTION('',(0.,0.,1.));
#15132=DIRECTION('',(-1.,0.,0.));
#15133=DIRECTION('',(0.,0.,1.));
#15134=DIRECTION('',(-1.,0.,0.));
#15135=DIRECTION('',(0.,0.,1.));
#15136=DIRECTION('',(1.,0.,0.));
#15137=DIRECTION('',(0.,0.,-1.));
#15138=DIRECTION('',(0.,1.01643953670516E-16,1.));
#15139=DIRECTION('',(0.,-1.,1.01643953670516E-16));
#15140=DIRECTION('',(-1.,0.,0.));
#15141=DIRECTION('',(0.,0.,1.));
#15142=DIRECTION('',(-1.,0.,0.));
#15143=DIRECTION('',(0.,0.,1.));
#15144=DIRECTION('',(-1.,2.16840434497101E-16,0.));
#15145=DIRECTION('',(-2.16840434497101E-16,-1.,0.));
#15146=DIRECTION('',(0.,0.,1.));
#15147=DIRECTION('',(1.53329341668338E-16,0.707106781186548,-0.707106781186548));
#15148=DIRECTION('',(2.16840434497101E-16,1.,-6.12303176911189E-17));
#15149=DIRECTION('',(1.53329341668337E-16,0.707106781186547,0.707106781186548));
#15150=DIRECTION('',(0.,0.,1.));
#15151=DIRECTION('',(2.16840434497101E-16,1.,-6.12303176911188E-17));
#15152=DIRECTION('',(1.,-1.0842021724855E-16,0.));
#15153=DIRECTION('',(1.0842021724855E-16,1.,0.));
#15154=DIRECTION('',(-1.0842021724855E-16,-1.,6.12303176911189E-17));
#15155=DIRECTION('',(-7.66646708341687E-17,-0.707106781186548,0.707106781186548));
#15156=DIRECTION('',(0.,0.,1.));
#15157=DIRECTION('',(-1.0842021724855E-16,-1.,6.12303176911188E-17));
#15158=DIRECTION('',(0.,0.,1.));
#15159=DIRECTION('',(-7.66646708341686E-17,-0.707106781186547,-0.707106781186548));
#15160=DIRECTION('',(0.,1.,0.));
#15161=DIRECTION('',(0.,0.,1.));
#15162=DIRECTION('',(0.,1.,0.));
#15163=DIRECTION('',(0.,0.,-1.));
#15164=DIRECTION('',(6.12303176911189E-17,1.,2.16840434497101E-16));
#15165=DIRECTION('',(0.,1.,0.));
#15166=DIRECTION('',(0.,0.,-1.));
#15167=DIRECTION('',(0.,1.,0.));
#15168=DIRECTION('',(0.,0.,1.));
#15169=DIRECTION('',(0.,1.,0.));
#15170=DIRECTION('',(0.,0.,-1.));
#15171=DIRECTION('',(-6.12303176911189E-17,-1.,-1.0842021724855E-16));
#15172=DIRECTION('',(0.,1.,0.));
#15173=DIRECTION('',(0.,0.,-1.));
#15174=DIRECTION('',(6.02985134220701E-17,2.16840434497101E-16,-1.));
#15175=DIRECTION('',(0.,1.,2.16840434497101E-16));
#15176=DIRECTION('',(-1.,0.,-6.02985134220701E-17));
#15177=DIRECTION('',(-1.,0.,-6.02985134220701E-17));
#15178=DIRECTION('',(7.84509350998257E-32,-1.,-1.30104260698261E-15));
#15179=DIRECTION('',(0.,1.30104260698261E-15,-1.));
#15180=DIRECTION('',(1.,1.56901870199651E-31,-6.02985134220701E-17));
#15181=DIRECTION('',(-1.,0.,-6.02985134220701E-17));
#15182=DIRECTION('',(-6.02985134220701E-17,-1.0842021724855E-16,1.));
#15183=DIRECTION('',(0.,-1.,-1.0842021724855E-16));
#15184=DIRECTION('',(-1.,0.,-6.02985134220701E-17));
#15185=DIRECTION('',(-2.61503116999419E-32,1.,4.33680868994202E-16));
#15186=DIRECTION('',(0.,-4.33680868994202E-16,1.));
#15187=DIRECTION('',(-1.,-5.23006233998838E-32,6.02985134220701E-17));
#15188=DIRECTION('',(-6.02985134220701E-17,-6.12303176911188E-17,-1.));
#15189=DIRECTION('',(-3.69209713313554E-33,1.,-6.12303176911188E-17));
#15190=DIRECTION('',(-1.,-1.56901870199651E-31,6.02985134220701E-17));
#15191=DIRECTION('',(1.,5.23006233998838E-32,-6.02985134220701E-17));
#15192=DIRECTION('',(-1.,-3.69209713313555E-33,0.));
#15193=DIRECTION('',(3.69209713313555E-33,-1.,0.));
#15194=DIRECTION('',(0.,0.,1.));
#15195=DIRECTION('',(2.61070691963955E-33,-0.707106781186546,-0.707106781186549));
#15196=DIRECTION('',(-3.69209713313555E-33,1.,-6.12303176911189E-17));
#15197=DIRECTION('',(2.61070691963957E-33,-0.707106781186552,0.707106781186543));
#15198=DIRECTION('',(0.,0.,1.));
#15199=DIRECTION('',(4.45342967210233E-33,1.,-6.12303176911189E-17));
#15200=DIRECTION('',(1.,-2.16840434497102E-16,0.));
#15201=DIRECTION('',(2.16840434497102E-16,1.,0.));
#15202=DIRECTION('',(-2.16840434497102E-16,-1.,6.12303176911189E-17));
#15203=DIRECTION('',(1.53329341668338E-16,0.707106781186546,0.707106781186549));
#15204=DIRECTION('',(0.,0.,1.));
#15205=DIRECTION('',(-2.16840434497102E-16,-1.,6.12303176911188E-17));
#15206=DIRECTION('',(0.,0.,1.));
#15207=DIRECTION('',(1.53329341668339E-16,0.707106781186552,-0.707106781186543));
#15208=DIRECTION('',(0.,1.,0.));
#15209=DIRECTION('',(0.,0.,1.));
#15210=DIRECTION('',(0.,1.,0.));
#15211=DIRECTION('',(0.,0.,-1.));
#15212=DIRECTION('',(0.,1.,0.));
#15213=DIRECTION('',(0.,0.,-1.));
#15214=DIRECTION('',(6.12303176911189E-17,1.,0.));
#15215=DIRECTION('',(0.,1.,0.));
#15216=DIRECTION('',(0.,0.,1.));
#15217=DIRECTION('',(0.,1.,0.));
#15218=DIRECTION('',(0.,0.,-1.));
#15219=DIRECTION('',(0.,1.,0.));
#15220=DIRECTION('',(0.,0.,-1.));
#15221=DIRECTION('',(-6.12303176911189E-17,-1.,-2.16840434497102E-16));
#15222=DIRECTION('',(1.56901870199651E-31,-1.,-2.60208521396521E-15));
#15223=DIRECTION('',(0.,2.60208521396521E-15,-1.));
#15224=DIRECTION('',(-1.,-3.13803740399303E-31,6.02985134220701E-17));
#15225=DIRECTION('',(-1.,0.,-6.02985134220701E-17));
#15226=DIRECTION('',(-1.,0.,-6.02985134220701E-17));
#15227=DIRECTION('',(6.02985134220701E-17,-3.69209713313555E-33,-1.));
#15228=DIRECTION('',(-1.,0.,-6.02985134220701E-17));
#15229=DIRECTION('',(-1.,0.,-6.02985134220701E-17));
#15230=DIRECTION('',(-1.56901870199651E-31,1.,2.60208521396521E-15));
#15231=DIRECTION('',(0.,-2.60208521396521E-15,1.));
#15232=DIRECTION('',(1.,3.13803740399303E-31,-6.02985134220701E-17));
#15233=DIRECTION('',(-1.,0.,-6.02985134220701E-17));
#15234=DIRECTION('',(-6.02985134220701E-17,-2.16840434497102E-16,1.));
#15235=DIRECTION('',(0.,-1.,-2.16840434497102E-16));
#15236=DIRECTION('',(6.02985134220701E-17,6.12303176911188E-17,1.));
#15237=DIRECTION('',(3.69209713313555E-33,-1.,6.12303176911188E-17));
#15238=DIRECTION('',(1.,3.13803740399303E-31,-6.02985134220701E-17));
#15239=DIRECTION('',(-1.,-3.13803740399303E-31,6.02985134220701E-17));
#15240=DIRECTION('',(-4.26374877362137E-17,-0.707106781186548,-0.707106781186548));
#15241=DIRECTION('',(1.,1.56901870199651E-31,-6.02985134220701E-17));
#15242=DIRECTION('',(-4.26374877362138E-17,0.707106781186548,-0.707106781186547));
#15243=DIRECTION('',(-1.,-5.23006233998838E-32,6.02985134220701E-17));
#15244=DIRECTION('',(-4.2637487736214E-17,0.707106781186549,-0.707106781186546));
#15245=DIRECTION('',(1.,3.13803740399303E-31,-6.02985134220701E-17));
#15246=DIRECTION('',(-4.26374877362139E-17,-0.707106781186543,-0.707106781186552));
#15247=DIRECTION('',(-1.,-3.13803740399303E-31,6.02985134220701E-17));
#15248=DIRECTION('',(2.39984023017406E-16,-7.97357818858737E-16,-1.));
#15249=DIRECTION('',(-6.28278077522615E-32,-1.,7.97357818858737E-16));
#15250=CARTESIAN_POINT('',(0.,0.,0.));
#15251=CARTESIAN_POINT('',(6.25,0.499999999999999,0.545));
#15252=CARTESIAN_POINT('',(5.75452994971181,0.432847715843593,0.545));
#15253=CARTESIAN_POINT('',(5.,6.,0.545000000000001));
#15254=CARTESIAN_POINT('',(5.75452994971181,0.432847715843593,0.545));
#15255=CARTESIAN_POINT('',(6.25,0.499999999999999,0.545));
#15256=CARTESIAN_POINT('',(6.25,0.,0.545));
#15257=CARTESIAN_POINT('',(6.25,-6.50521303491303E-16,0.545));
#15258=CARTESIAN_POINT('',(6.25,0.2,0.545));
#15259=CARTESIAN_POINT('',(6.25,0.499999999999999,0.545));
#15260=CARTESIAN_POINT('',(5.95271796982709,0.459708629506156,0.545));
#15261=CARTESIAN_POINT('',(5.95271796982709,0.459708629506155,0.545000000000001));
#15262=CARTESIAN_POINT('',(5.19818802011527,6.02686091366256,0.545000000000001));
#15263=CARTESIAN_POINT('',(5.,6.,0.545000000000001));
#15264=CARTESIAN_POINT('',(5.75452994971181,0.432847715843593,-1.455));
#15265=CARTESIAN_POINT('',(5.95271796982709,0.459708629506155,-1.455));
#15266=CARTESIAN_POINT('',(5.19818802011527,6.02686091366256,-1.455));
#15267=CARTESIAN_POINT('',(5.95271796982709,0.459708629506155,-1.455));
#15268=CARTESIAN_POINT('',(6.25,0.499999999999999,-1.455));
#15269=CARTESIAN_POINT('',(6.25,0.2,-1.455));
#15270=CARTESIAN_POINT('',(6.25,-6.50521303491303E-16,-1.455));
#15271=CARTESIAN_POINT('',(6.25,0.,-1.455));
#15272=CARTESIAN_POINT('',(6.25,0.499999999999999,-1.455));
#15273=CARTESIAN_POINT('',(5.75452994971181,0.432847715843593,-1.455));
#15274=CARTESIAN_POINT('',(5.75452994971181,0.432847715843593,-1.455));
#15275=CARTESIAN_POINT('',(5.,6.,-1.455));
#15276=CARTESIAN_POINT('',(5.,6.,-1.455));
#15277=CARTESIAN_POINT('',(5.,6.,0.545000000000001));
#15278=CARTESIAN_POINT('',(5.,6.,0.545000000000001));
#15279=CARTESIAN_POINT('',(5.19818802011527,6.02686091366256,0.545));
#15280=CARTESIAN_POINT('',(5.75452994971181,0.432847715843593,0.545));
#15281=CARTESIAN_POINT('',(5.75452994971181,0.432847715843593,0.545));
#15282=CARTESIAN_POINT('',(6.25,0.499999999999999,0.545));
#15283=CARTESIAN_POINT('',(6.25,0.,3.295));
#15284=CARTESIAN_POINT('',(5.95271796982709,0.459708629506155,0.545));
#15285=CARTESIAN_POINT('',(5.95271796982709,0.459708629506155,0.545));
#15286=CARTESIAN_POINT('',(6.25,0.499999999999999,0.545));
#15287=CARTESIAN_POINT('',(6.25,0.2,3.295));
#15288=CARTESIAN_POINT('',(6.25,0.2,3.295));
#15289=CARTESIAN_POINT('',(6.25,0.2,3.295));
#15290=CARTESIAN_POINT('',(6.25,0.2,3.295));
#15291=CARTESIAN_POINT('',(6.25,0.,3.295));
#15292=CARTESIAN_POINT('',(6.25,0.,3.295));
#15293=CARTESIAN_POINT('',(6.25,0.2,3.295));
#15294=CARTESIAN_POINT('',(-8.2,-7.81783182292744,0.));
#15295=CARTESIAN_POINT('',(-8.2,7.21996760037313,-8.345));
#15296=CARTESIAN_POINT('',(-8.2,8.26216817707256,-8.345));
#15297=CARTESIAN_POINT('',(-8.2,9.66216817707256,-8.345));
#15298=CARTESIAN_POINT('',(-8.2,8.26216817707256,-6.245));
#15299=CARTESIAN_POINT('',(-8.2,8.26216817707256,-6.245));
#15300=CARTESIAN_POINT('',(-8.2,0.382168177072558,-6.245));
#15301=CARTESIAN_POINT('',(-8.2,0.399999999999999,-6.245));
#15302=CARTESIAN_POINT('',(-8.2,0.399999999999999,6.455));
#15303=CARTESIAN_POINT('',(-8.2,0.400000000000001,6.155));
#15304=CARTESIAN_POINT('',(-8.2,17.6079873419924,6.155));
#15305=CARTESIAN_POINT('',(-8.2,12.1821681770726,6.155));
#15306=CARTESIAN_POINT('',(-8.2,12.1821681770726,6.455));
#15307=CARTESIAN_POINT('',(-8.2,12.1821681770726,-4.895));
#15308=CARTESIAN_POINT('',(-8.2,12.1821681770726,-6.245));
#15309=CARTESIAN_POINT('',(-8.2,12.1821681770726,-5.945));
#15310=CARTESIAN_POINT('',(-8.2,11.8821681770726,-5.945));
#15311=CARTESIAN_POINT('',(-8.2,11.8821681770726,-6.245));
#15312=CARTESIAN_POINT('',(-8.2,9.66216817707256,-6.245));
#15313=CARTESIAN_POINT('',(-8.2,9.66216817707256,-6.245));
#15314=CARTESIAN_POINT('',(-8.2,9.66216817707256,-9.045));
#15315=CARTESIAN_POINT('',(8.,8.96216817707256,-8.345));
#15316=CARTESIAN_POINT('',(8.,9.66216817707256,-8.345));
#15317=CARTESIAN_POINT('',(8.2,9.66216817707256,-8.345));
#15318=CARTESIAN_POINT('',(8.,9.66216817707256,-8.345));
#15319=CARTESIAN_POINT('',(8.2,8.96216817707256,-8.345));
#15320=CARTESIAN_POINT('',(8.2,8.26216817707256,-8.345));
#15321=CARTESIAN_POINT('',(8.,8.26216817707256,-8.345));
#15322=CARTESIAN_POINT('',(8.,8.26216817707256,-8.345));
#15323=CARTESIAN_POINT('',(8.,8.96216817707256,-8.345));
#15324=CARTESIAN_POINT('',(-8.,8.96216817707256,-8.345));
#15325=CARTESIAN_POINT('',(-8.,8.26216817707256,-8.345));
#15326=CARTESIAN_POINT('',(-8.,8.26216817707256,-8.345));
#15327=CARTESIAN_POINT('',(-8.2,8.96216817707256,-8.345));
#15328=CARTESIAN_POINT('',(-8.,9.66216817707256,-8.345));
#15329=CARTESIAN_POINT('',(-8.,9.66216817707256,-8.345));
#15330=CARTESIAN_POINT('',(-8.,8.96216817707256,-8.345));
#15331=CARTESIAN_POINT('',(0.,3.89131520429071E-16,-6.355));
#15332=CARTESIAN_POINT('',(-8.2,3.1,-6.355));
#15333=CARTESIAN_POINT('',(-6.75,3.1,-6.355));
#15334=CARTESIAN_POINT('',(6.75,3.1,-6.355));
#15335=CARTESIAN_POINT('',(-6.75,2.9,-6.355));
#15336=CARTESIAN_POINT('',(-6.95,2.9,-6.355));
#15337=CARTESIAN_POINT('',(-6.95,-1.22464679914735E-17,-6.355));
#15338=CARTESIAN_POINT('',(-6.95,0.4,-6.355));
#15339=CARTESIAN_POINT('',(7.8,0.4,-6.355));
#15340=CARTESIAN_POINT('',(6.95,0.4,-6.355));
#15341=CARTESIAN_POINT('',(6.95,-1.22464679914735E-17,-6.355));
#15342=CARTESIAN_POINT('',(6.95,2.9,-6.355));
#15343=CARTESIAN_POINT('',(6.75,2.9,-6.355));
#15344=CARTESIAN_POINT('',(-8.2,3.1,-6.555));
#15345=CARTESIAN_POINT('',(-8.2,3.1,-6.555));
#15346=CARTESIAN_POINT('',(-6.75,3.1,-6.555));
#15347=CARTESIAN_POINT('',(6.75,3.1,-6.555));
#15348=CARTESIAN_POINT('',(-6.75,3.1,-6.355));
#15349=CARTESIAN_POINT('',(6.75,3.1,-6.555));
#15350=CARTESIAN_POINT('',(0.,3.89131520429071E-16,-6.555));
#15351=CARTESIAN_POINT('',(-6.95,0.,-6.555));
#15352=CARTESIAN_POINT('',(-6.95,0.4,-6.555));
#15353=CARTESIAN_POINT('',(-6.95,2.9,-6.555));
#15354=CARTESIAN_POINT('',(-6.75,2.9,-6.555));
#15355=CARTESIAN_POINT('',(6.75,2.9,-6.555));
#15356=CARTESIAN_POINT('',(6.95,2.9,-6.555));
#15357=CARTESIAN_POINT('',(6.95,0.,-6.555));
#15358=CARTESIAN_POINT('',(6.95,0.4,-6.555));
#15359=CARTESIAN_POINT('',(7.8,0.4,-6.555));
#15360=CARTESIAN_POINT('',(-8.2,0.4,-6.155));
#15361=CARTESIAN_POINT('',(6.95,0.4,-6.155));
#15362=CARTESIAN_POINT('',(6.95,0.0535898384862248,-6.355));
#15363=CARTESIAN_POINT('',(-8.2,0.0535898384862248,-6.355));
#15364=CARTESIAN_POINT('',(7.8,0.053589838486225,-6.355));
#15365=CARTESIAN_POINT('',(7.8,0.4,-6.155));
#15366=CARTESIAN_POINT('',(7.8,0.,-6.155));
#15367=CARTESIAN_POINT('',(-8.2,0.,-6.155));
#15368=CARTESIAN_POINT('',(-7.8,0.,-6.155));
#15369=CARTESIAN_POINT('',(-7.8,0.4,-6.155));
#15370=CARTESIAN_POINT('',(-7.8,0.0535898384862246,-6.355));
#15371=CARTESIAN_POINT('',(-8.2,0.0535898384862248,-6.355));
#15372=CARTESIAN_POINT('',(-6.95,0.0535898384862248,-6.355));
#15373=CARTESIAN_POINT('',(-6.95,0.4,-6.155));
#15374=CARTESIAN_POINT('',(7.8,0.191084088536278,-6.555));
#15375=CARTESIAN_POINT('',(7.8,3.1,-6.355));
#15376=CARTESIAN_POINT('',(7.8,0.4,-6.355));
#15377=CARTESIAN_POINT('',(7.8,0.4,-6.155));
#15378=CARTESIAN_POINT('',(7.8,0.2,-6.155));
#15379=CARTESIAN_POINT('',(7.8,0.,-6.155));
#15380=CARTESIAN_POINT('',(-7.8,17.5560959022826,-6.155));
#15381=CARTESIAN_POINT('',(-7.8,0.4,-6.155));
#15382=CARTESIAN_POINT('',(-7.8,0.2,-6.155));
#15383=CARTESIAN_POINT('',(-7.8,0.4,-6.355));
#15384=CARTESIAN_POINT('',(-7.8,3.1,-6.355));
#15385=CARTESIAN_POINT('',(-7.8,17.5560959022826,-6.155));
#15386=CARTESIAN_POINT('',(-6.25,0.2,-4.455));
#15387=CARTESIAN_POINT('',(-6.25,0.2,-4.455));
#15388=CARTESIAN_POINT('',(-6.25,0.2,-4.455));
#15389=CARTESIAN_POINT('',(-6.25,0.199999999999999,-1.455));
#15390=CARTESIAN_POINT('',(-6.25,-6.50521303491303E-16,-1.455));
#15391=CARTESIAN_POINT('',(-6.25,0.,-1.455));
#15392=CARTESIAN_POINT('',(-6.25,0.,-4.455));
#15393=CARTESIAN_POINT('',(-6.25,0.,-4.455));
#15394=CARTESIAN_POINT('',(-6.25,0.2,-4.455));
#15395=CARTESIAN_POINT('',(-7.99999999999999,-7.81783182292744,0.));
#15396=CARTESIAN_POINT('',(-8.,12.1821681770726,6.455));
#15397=CARTESIAN_POINT('',(-8.,12.1821681770726,6.155));
#15398=CARTESIAN_POINT('',(-8.,12.1821681770726,-4.895));
#15399=CARTESIAN_POINT('',(-7.99999999999999,-7.81783182292744,6.155));
#15400=CARTESIAN_POINT('',(-7.99999999999999,0.400000000000001,6.155));
#15401=CARTESIAN_POINT('',(-8.,0.399999999999999,6.455));
#15402=CARTESIAN_POINT('',(-8.,0.400000000000001,-6.245));
#15403=CARTESIAN_POINT('',(-8.,0.382168177072558,-6.245));
#15404=CARTESIAN_POINT('',(-8.,8.26216817707256,-6.245));
#15405=CARTESIAN_POINT('',(-8.,8.26216817707256,-6.245));
#15406=CARTESIAN_POINT('',(-8.,9.66216817707256,-9.045));
#15407=CARTESIAN_POINT('',(-8.,9.66216817707256,-6.245));
#15408=CARTESIAN_POINT('',(-8.,9.66216817707256,-6.245));
#15409=CARTESIAN_POINT('',(-8.,11.8821681770726,-6.245));
#15410=CARTESIAN_POINT('',(-8.,11.8821681770726,-5.945));
#15411=CARTESIAN_POINT('',(-8.,12.1821681770726,-5.945));
#15412=CARTESIAN_POINT('',(-8.,12.1821681770726,-6.245));
#15413=CARTESIAN_POINT('',(-7.8,0.4,6.155));
#15414=CARTESIAN_POINT('',(-7.8,0.4,6.155));
#15415=CARTESIAN_POINT('',(-7.8,0.,6.155));
#15416=CARTESIAN_POINT('',(-7.8,0.4,-6.245));
#15417=CARTESIAN_POINT('',(-8.19910154659151,0.373205308207356,-6.245));
#15418=CARTESIAN_POINT('',(-8.19910154659151,0.373205308207356,-6.155));
#15419=CARTESIAN_POINT('',(-8.19910154659151,0.373205308207356,-6.155));
#15420=CARTESIAN_POINT('',(-7.8,0.4,-6.155));
#15421=CARTESIAN_POINT('',(-7.8,0.,6.455));
#15422=CARTESIAN_POINT('',(-7.8,0.4,6.155));
#15423=CARTESIAN_POINT('',(-7.8,0.4,6.155));
#15424=CARTESIAN_POINT('',(-7.8,0.2,6.155));
#15425=CARTESIAN_POINT('',(-7.8,0.2,6.455));
#15426=CARTESIAN_POINT('',(-7.8,0.4,-6.155));
#15427=CARTESIAN_POINT('',(-7.99955077329576,0.386602654103678,-6.155));
#15428=CARTESIAN_POINT('',(-7.99955077329576,0.386602654103678,6.155));
#15429=CARTESIAN_POINT('',(-7.99955077329576,0.386602654103678,-6.245));
#15430=CARTESIAN_POINT('',(-7.8,0.4,-6.245));
#15431=CARTESIAN_POINT('',(-7.95,15.3,6.455));
#15432=CARTESIAN_POINT('',(-7.95,14.71,6.455));
#15433=CARTESIAN_POINT('',(-7.95,14.71,-4.245));
#15434=CARTESIAN_POINT('',(-7.95,14.71,-2.045));
#15435=CARTESIAN_POINT('',(-7.95,15.3,-2.045));
#15436=CARTESIAN_POINT('',(-7.95,13.71,-2.045));
#15437=CARTESIAN_POINT('',(-7.95,13.71,6.455));
#15438=CARTESIAN_POINT('',(-7.95,13.71,-4.245));
#15439=CARTESIAN_POINT('',(-7.95,15.3,-4.245));
#15440=CARTESIAN_POINT('',(-7.95,15.3,6.155));
#15441=CARTESIAN_POINT('',(-7.95,15.3,6.155));
#15442=CARTESIAN_POINT('',(-7.95,12.6151808789648,6.155));
#15443=CARTESIAN_POINT('',(-7.95,15.3,6.455));
#15444=CARTESIAN_POINT('',(-7.95,15.3,-4.595));
#15445=CARTESIAN_POINT('',(-7.95,15.,-4.595));
#15446=CARTESIAN_POINT('',(-7.95,15.,-4.895));
#15447=CARTESIAN_POINT('',(-7.95,15.3,-4.895));
#15448=CARTESIAN_POINT('',(-7.95,12.6151808789648,-4.895));
#15449=CARTESIAN_POINT('',(-7.95,12.6151808789648,6.455));
#15450=CARTESIAN_POINT('',(-8.2,12.6151808789648,6.455));
#15451=CARTESIAN_POINT('',(-8.2,12.6151808789648,6.155));
#15452=CARTESIAN_POINT('',(-8.075,12.3986745280187,6.155));
#15453=CARTESIAN_POINT('',(-8.2,12.6151808789648,-4.895));
#15454=CARTESIAN_POINT('',(-8.075,12.3986745280187,-4.895));
#15455=CARTESIAN_POINT('',(-8.075,12.3986745280187,6.455));
#15456=CARTESIAN_POINT('',(-7.95,12.1821681770726,6.455));
#15457=CARTESIAN_POINT('',(-7.95,12.1821681770726,6.155));
#15458=CARTESIAN_POINT('',(-7.95,12.1821681770726,-4.895));
#15459=CARTESIAN_POINT('',(-8.2,12.6151808789648,6.455));
#15460=CARTESIAN_POINT('',(-8.2,12.6151808789648,6.355));
#15461=CARTESIAN_POINT('',(-7.8,12.4090255976839,6.355));
#15462=CARTESIAN_POINT('',(-7.75,12.6151808789648,6.355));
#15463=CARTESIAN_POINT('',(-7.8,12.4090255976839,6.455));
#15464=CARTESIAN_POINT('',(-7.8,12.4090255976839,6.155));
#15465=CARTESIAN_POINT('',(-8.2,12.6151808789648,6.155));
#15466=CARTESIAN_POINT('',(-7.975,12.2254694472618,6.155));
#15467=CARTESIAN_POINT('',(-7.975,12.2254694472618,6.455));
#15468=CARTESIAN_POINT('',(-7.975,12.2254694472618,-4.895));
#15469=CARTESIAN_POINT('',(-8.2,12.6151808789648,-4.895));
#15470=CARTESIAN_POINT('',(-7.75,12.6151808789648,-4.895));
#15471=CARTESIAN_POINT('',(-7.75,12.6151808789648,6.455));
#15472=CARTESIAN_POINT('',(-7.95,12.1821681770726,6.455));
#15473=CARTESIAN_POINT('',(-7.95,12.1821681770726,6.155));
#15474=CARTESIAN_POINT('',(-7.95,12.1821681770726,-4.895));
#15475=CARTESIAN_POINT('',(-8.,15.,6.155));
#15476=CARTESIAN_POINT('',(-7.8,15.3,6.155));
#15477=CARTESIAN_POINT('',(-7.8,15.3,6.155));
#15478=CARTESIAN_POINT('',(-7.75,15.3,6.155));
#15479=CARTESIAN_POINT('',(-7.8,15.,6.155));
#15480=CARTESIAN_POINT('',(-7.8,15.2236067977527,6.35499999999699));
#15481=CARTESIAN_POINT('',(-7.75,15.22360679775,6.355));
#15482=CARTESIAN_POINT('',(-7.75,15.22360679775,6.355));
#15483=CARTESIAN_POINT('',(-7.75,15.,6.155));
#15484=CARTESIAN_POINT('',(-8.19999999999999,-4.89858719658941E-16,0.));
#15485=CARTESIAN_POINT('',(-8.2,12.71,6.155));
#15486=CARTESIAN_POINT('',(-8.2,12.71,6.155));
#15487=CARTESIAN_POINT('',(-8.2,15.31,6.155));
#15488=CARTESIAN_POINT('',(-8.2,15.31,6.155));
#15489=CARTESIAN_POINT('',(-8.20000000000001,15.31,-5.045));
#15490=CARTESIAN_POINT('',(-8.2,15.5189159114637,-5.045));
#15491=CARTESIAN_POINT('',(-8.2,12.71,-5.045));
#15492=CARTESIAN_POINT('',(-8.2,12.71,-5.045));
#15493=CARTESIAN_POINT('',(-8.2,14.81,-4.195));
#15494=CARTESIAN_POINT('',(-8.19999999999999,14.81,-4.195));
#15495=CARTESIAN_POINT('',(-8.2,14.81,-1.795));
#15496=CARTESIAN_POINT('',(-8.2,14.81,-1.795));
#15497=CARTESIAN_POINT('',(-8.19999999999999,13.61,-1.795));
#15498=CARTESIAN_POINT('',(-8.19999999999999,13.61,-1.795));
#15499=CARTESIAN_POINT('',(-8.19999999999999,13.61,-4.195));
#15500=CARTESIAN_POINT('',(-8.19999999999999,13.61,-4.195));
#15501=CARTESIAN_POINT('',(-7.99999999999999,-4.89858719658941E-16,0.));
#15502=CARTESIAN_POINT('',(-7.99999999999999,15.31,6.155));
#15503=CARTESIAN_POINT('',(-7.99999999999999,15.31,6.155));
#15504=CARTESIAN_POINT('',(-7.99999999999999,15.31,-5.045));
#15505=CARTESIAN_POINT('',(-7.99999999999999,12.71,6.155));
#15506=CARTESIAN_POINT('',(-7.99999999999999,12.71,6.155));
#15507=CARTESIAN_POINT('',(-7.99999999999999,12.71,-5.045));
#15508=CARTESIAN_POINT('',(-7.99999999999999,12.71,-5.045));
#15509=CARTESIAN_POINT('',(-7.99999999999999,15.5189159114637,-5.045));
#15510=CARTESIAN_POINT('',(-7.99999999999999,13.61,-4.195));
#15511=CARTESIAN_POINT('',(-7.99999999999999,14.7036491673104,-4.195));
#15512=CARTESIAN_POINT('',(-7.99999999999999,14.81,-4.195));
#15513=CARTESIAN_POINT('',(-7.99999999999999,14.7036491673104,-4.195));
#15514=CARTESIAN_POINT('',(-7.99999999999999,14.7036491673104,-4.245));
#15515=CARTESIAN_POINT('',(-7.99999999999999,-4.89858719658941E-16,-4.245));
#15516=CARTESIAN_POINT('',(-7.99999999999999,13.7163508326896,-4.245));
#15517=CARTESIAN_POINT('',(-7.99999999999999,13.7163508326896,-4.245));
#15518=CARTESIAN_POINT('',(-7.99999999999999,13.7163508326896,-4.195));
#15519=CARTESIAN_POINT('',(-7.99999999999999,13.61,-4.195));
#15520=CARTESIAN_POINT('',(-7.99999999999999,13.61,-4.195));
#15521=CARTESIAN_POINT('',(-7.99999999999999,13.61,-1.795));
#15522=CARTESIAN_POINT('',(-7.99999999999999,13.61,-1.795));
#15523=CARTESIAN_POINT('',(-8.,14.81,-1.795));
#15524=CARTESIAN_POINT('',(-8.,14.81,-1.795));
#15525=CARTESIAN_POINT('',(-8.,14.81,-4.195));
#15526=CARTESIAN_POINT('',(-8.,12.1821681770726,-6.245));
#15527=CARTESIAN_POINT('',(-8.,12.1821681770726,-5.945));
#15528=CARTESIAN_POINT('',(-8.2,12.1821681770726,-4.895));
#15529=CARTESIAN_POINT('',(-8.,9.66216817707256,-6.245));
#15530=CARTESIAN_POINT('',(-8.,11.8821681770726,-6.245));
#15531=CARTESIAN_POINT('',(-8.,9.66216817707256,-6.245));
#15532=CARTESIAN_POINT('',(-8.,9.66216817707256,-9.045));
#15533=CARTESIAN_POINT('',(-8.,8.26216817707256,-6.245));
#15534=CARTESIAN_POINT('',(-8.,8.26216817707256,-6.245));
#15535=CARTESIAN_POINT('',(-8.,0.382168177072558,-6.245));
#15536=CARTESIAN_POINT('',(-8.19910154659151,0.373205308207356,-6.245));
#15537=CARTESIAN_POINT('',(0.,0.,0.));
#15538=CARTESIAN_POINT('',(7.8,0.,6.155));
#15539=CARTESIAN_POINT('',(-2.25,0.,6.155));
#15540=CARTESIAN_POINT('',(7.8,0.,-6.245));
#15541=CARTESIAN_POINT('',(7.8,0.,6.155));
#15542=CARTESIAN_POINT('',(7.8,0.,6.155));
#15543=CARTESIAN_POINT('',(2.25,0.,6.155));
#15544=CARTESIAN_POINT('',(2.25,0.,6.465));
#15545=CARTESIAN_POINT('',(2.25,0.,5.935));
#15546=CARTESIAN_POINT('',(2.25,0.,5.935));
#15547=CARTESIAN_POINT('',(7.05,0.,5.935));
#15548=CARTESIAN_POINT('',(7.05,0.,5.935));
#15549=CARTESIAN_POINT('',(7.05,0.,3.295));
#15550=CARTESIAN_POINT('',(7.05,0.,3.295));
#15551=CARTESIAN_POINT('',(6.25,0.,3.295));
#15552=CARTESIAN_POINT('',(6.25,0.,-4.455));
#15553=CARTESIAN_POINT('',(6.25,0.,-4.455));
#15554=CARTESIAN_POINT('',(-6.25,-6.50521303491303E-16,0.545));
#15555=CARTESIAN_POINT('',(-6.25,-6.50521303491303E-16,0.545));
#15556=CARTESIAN_POINT('',(-6.25,0.,-4.455));
#15557=CARTESIAN_POINT('',(-6.25,0.,3.295));
#15558=CARTESIAN_POINT('',(-6.25,0.,3.295));
#15559=CARTESIAN_POINT('',(-7.05,0.,3.295));
#15560=CARTESIAN_POINT('',(-7.05,0.,3.295));
#15561=CARTESIAN_POINT('',(-7.05,0.,5.935));
#15562=CARTESIAN_POINT('',(-7.05,0.,5.935));
#15563=CARTESIAN_POINT('',(-2.25,0.,5.935));
#15564=CARTESIAN_POINT('',(-2.25,0.,5.935));
#15565=CARTESIAN_POINT('',(8.19999999999999,-4.89858719658941E-16,0.));
#15566=CARTESIAN_POINT('',(8.2,15.5189159114637,-5.045));
#15567=CARTESIAN_POINT('',(8.2,12.71,-5.045));
#15568=CARTESIAN_POINT('',(8.2,15.31,-5.045));
#15569=CARTESIAN_POINT('',(8.2,15.31,-5.045));
#15570=CARTESIAN_POINT('',(8.2,15.31,6.155));
#15571=CARTESIAN_POINT('',(8.2,15.5189159114637,6.155));
#15572=CARTESIAN_POINT('',(8.2,12.71,6.155));
#15573=CARTESIAN_POINT('',(8.2,12.71,6.155));
#15574=CARTESIAN_POINT('',(8.2,14.81,-4.195));
#15575=CARTESIAN_POINT('',(8.2,14.81,-4.195));
#15576=CARTESIAN_POINT('',(8.19999999999999,13.61,-4.195));
#15577=CARTESIAN_POINT('',(8.19999999999999,13.61,-4.195));
#15578=CARTESIAN_POINT('',(8.19999999999999,13.61,-1.795));
#15579=CARTESIAN_POINT('',(8.19999999999999,13.61,-1.795));
#15580=CARTESIAN_POINT('',(8.19999999999999,14.81,-1.795));
#15581=CARTESIAN_POINT('',(8.2,14.81,-1.795));
#15582=CARTESIAN_POINT('',(7.99999999999999,-4.89858719658941E-16,0.));
#15583=CARTESIAN_POINT('',(8.,14.81,-4.195));
#15584=CARTESIAN_POINT('',(8.,13.7163508326896,-4.195));
#15585=CARTESIAN_POINT('',(8.,13.61,-4.195));
#15586=CARTESIAN_POINT('',(7.99999999999999,13.7163508326896,-4.195));
#15587=CARTESIAN_POINT('',(7.99999999999999,13.7163508326896,-4.245));
#15588=CARTESIAN_POINT('',(7.99999999999999,-4.89858719658941E-16,-4.245));
#15589=CARTESIAN_POINT('',(7.99999999999999,14.7036491673104,-4.245));
#15590=CARTESIAN_POINT('',(7.99999999999999,14.7036491673104,-4.245));
#15591=CARTESIAN_POINT('',(8.,14.7036491673104,-4.195));
#15592=CARTESIAN_POINT('',(8.,14.81,-4.195));
#15593=CARTESIAN_POINT('',(7.99999999999999,14.81,-4.195));
#15594=CARTESIAN_POINT('',(8.,14.81,-1.795));
#15595=CARTESIAN_POINT('',(7.99999999999999,14.81,-1.795));
#15596=CARTESIAN_POINT('',(7.99999999999999,13.61,-1.795));
#15597=CARTESIAN_POINT('',(7.99999999999999,13.61,-1.795));
#15598=CARTESIAN_POINT('',(7.99999999999999,13.61,-4.195));
#15599=CARTESIAN_POINT('',(7.99999999999999,15.31,-5.045));
#15600=CARTESIAN_POINT('',(7.99999999999999,15.31,-5.045));
#15601=CARTESIAN_POINT('',(7.99999999999999,15.31,6.155));
#15602=CARTESIAN_POINT('',(7.99999999999999,15.5189159114637,-5.045));
#15603=CARTESIAN_POINT('',(7.99999999999999,12.71,-5.045));
#15604=CARTESIAN_POINT('',(7.99999999999999,12.71,6.155));
#15605=CARTESIAN_POINT('',(7.99999999999999,12.71,6.155));
#15606=CARTESIAN_POINT('',(7.99999999999999,15.5189159114637,6.155));
#15607=CARTESIAN_POINT('',(7.8,0.191084088536277,6.555));
#15608=CARTESIAN_POINT('',(7.8,15.31,6.155));
#15609=CARTESIAN_POINT('',(7.8,15.31,6.355));
#15610=CARTESIAN_POINT('',(7.8,15.51,6.155));
#15611=CARTESIAN_POINT('',(7.79999999999999,15.71,6.155));
#15612=CARTESIAN_POINT('',(7.8,15.71,6.155));
#15613=CARTESIAN_POINT('',(7.8,15.31,6.155));
#15614=CARTESIAN_POINT('',(7.8,15.31,6.555));
#15615=CARTESIAN_POINT('',(7.8,0.191084088536277,6.555));
#15616=CARTESIAN_POINT('',(7.8,0.4,6.555));
#15617=CARTESIAN_POINT('',(7.8,0.4,6.155));
#15618=CARTESIAN_POINT('',(7.8,0.,6.155));
#15619=CARTESIAN_POINT('',(7.8,0.,6.155));
#15620=CARTESIAN_POINT('',(7.8,0.2,6.155));
#15621=CARTESIAN_POINT('',(7.8,0.4,6.155));
#15622=CARTESIAN_POINT('',(7.8,0.4,6.355));
#15623=CARTESIAN_POINT('',(7.8,0.191084088536277,6.355));
#15624=CARTESIAN_POINT('',(7.8,12.4090255976839,6.355));
#15625=CARTESIAN_POINT('',(7.8,12.4090255976839,6.455));
#15626=CARTESIAN_POINT('',(7.8,12.4090255976839,6.155));
#15627=CARTESIAN_POINT('',(7.8,17.6079873419924,6.155));
#15628=CARTESIAN_POINT('',(7.8,15.3,6.155));
#15629=CARTESIAN_POINT('',(7.8,15.,6.155));
#15630=CARTESIAN_POINT('',(7.8,15.223606797756,6.355));
#15631=CARTESIAN_POINT('',(7.8,0.191084088536277,6.355));
#15632=CARTESIAN_POINT('',(-7.8,17.5560959022826,6.555));
#15633=CARTESIAN_POINT('',(-7.79999999999999,15.71,6.155));
#15634=CARTESIAN_POINT('',(-7.80000000000001,15.51,6.155));
#15635=CARTESIAN_POINT('',(-7.79999999999999,15.71,6.155));
#15636=CARTESIAN_POINT('',(-7.8,15.31,6.155));
#15637=CARTESIAN_POINT('',(-7.8,15.31,6.355));
#15638=CARTESIAN_POINT('',(-7.8,3.89131520429071E-16,6.355));
#15639=CARTESIAN_POINT('',(-7.8,17.6079873419924,6.155));
#15640=CARTESIAN_POINT('',(-7.8,3.89131520429071E-16,6.355));
#15641=CARTESIAN_POINT('',(-7.8,0.4,6.355));
#15642=CARTESIAN_POINT('',(-7.8,0.4,6.155));
#15643=CARTESIAN_POINT('',(-7.8,17.5560959022826,6.155));
#15644=CARTESIAN_POINT('',(-7.8,0.4,6.155));
#15645=CARTESIAN_POINT('',(-7.8,0.4,6.555));
#15646=CARTESIAN_POINT('',(-7.8,17.5560959022826,6.555));
#15647=CARTESIAN_POINT('',(-7.8,15.31,6.555));
#15648=CARTESIAN_POINT('',(-7.8,15.31,6.155));
#15649=CARTESIAN_POINT('',(2.6627211067409E-33,4.00455582040237E-16,6.555));
#15650=CARTESIAN_POINT('',(7.8,15.31,6.555));
#15651=CARTESIAN_POINT('',(-8.2,0.4,6.555));
#15652=CARTESIAN_POINT('',(0.,3.89131520429071E-16,6.355));
#15653=CARTESIAN_POINT('',(-7.75,3.89131520429071E-16,6.355));
#15654=CARTESIAN_POINT('',(7.8,15.31,6.355));
#15655=CARTESIAN_POINT('',(7.8,15.223606797756,6.355));
#15656=CARTESIAN_POINT('',(7.75,15.22360679775,6.355));
#15657=CARTESIAN_POINT('',(7.75,3.89131520429071E-16,6.355));
#15658=CARTESIAN_POINT('',(7.75,12.6151808789648,6.355));
#15659=CARTESIAN_POINT('',(8.2,12.6151808789648,6.355));
#15660=CARTESIAN_POINT('',(-8.2,0.4,6.355));
#15661=CARTESIAN_POINT('',(7.8,0.4,6.155));
#15662=CARTESIAN_POINT('',(-2.25,0.4,6.155));
#15663=CARTESIAN_POINT('',(-2.25,0.242251777031297,6.5225806008894));
#15664=CARTESIAN_POINT('',(-2.25,0.242251777031297,6.5225806008894));
#15665=CARTESIAN_POINT('',(2.25,0.242251777031299,6.52258060088941));
#15666=CARTESIAN_POINT('',(2.25,0.4,6.155));
#15667=CARTESIAN_POINT('',(2.25,0.,6.155));
#15668=CARTESIAN_POINT('',(7.8,0.,6.155));
#15669=CARTESIAN_POINT('',(7.8,0.4,6.155));
#15670=CARTESIAN_POINT('',(7.8,0.2,6.155));
#15671=CARTESIAN_POINT('',(2.25,0.2,6.155));
#15672=CARTESIAN_POINT('',(2.25,0.4,6.155));
#15673=CARTESIAN_POINT('',(2.25,0.321125888515649,6.3387903004447));
#15674=CARTESIAN_POINT('',(7.8,0.321125888515649,6.3387903004447));
#15675=CARTESIAN_POINT('',(-2.25,0.321125888515649,6.3387903004447));
#15676=CARTESIAN_POINT('',(-2.25,0.4,6.155));
#15677=CARTESIAN_POINT('',(-2.25,0.2,6.155));
#15678=CARTESIAN_POINT('',(7.8,0.2,6.155));
#15679=CARTESIAN_POINT('',(-8.2,0.4,-6.155));
#15680=CARTESIAN_POINT('',(-8.2,0.2,-6.155));
#15681=CARTESIAN_POINT('',(7.8,0.4,-6.355));
#15682=CARTESIAN_POINT('',(7.8,0.4,-6.355));
#15683=CARTESIAN_POINT('',(7.8,0.4,-6.155));
#15684=CARTESIAN_POINT('',(7.8,0.4,-6.155));
#15685=CARTESIAN_POINT('',(8.,0.399999999999999,-6.155));
#15686=CARTESIAN_POINT('',(8.2,0.4,-6.155));
#15687=CARTESIAN_POINT('',(8.2,0.4,-6.155));
#15688=CARTESIAN_POINT('',(7.8,0.4,-6.155));
#15689=CARTESIAN_POINT('',(8.,8.26216817707256,-6.245));
#15690=CARTESIAN_POINT('',(8.2,0.399999999999999,-6.245));
#15691=CARTESIAN_POINT('',(8.2,0.4,-6.245));
#15692=CARTESIAN_POINT('',(8.,0.4,-6.245));
#15693=CARTESIAN_POINT('',(8.,8.26216817707256,-6.245));
#15694=CARTESIAN_POINT('',(8.,8.26216817707256,-6.245));
#15695=CARTESIAN_POINT('',(8.,8.26216817707256,-6.245));
#15696=CARTESIAN_POINT('',(8.2,8.26216817707256,-6.245));
#15697=CARTESIAN_POINT('',(8.2,8.26216817707256,-6.245));
#15698=CARTESIAN_POINT('',(2.25,0.2,6.465));
#15699=CARTESIAN_POINT('',(2.25,0.2,6.155));
#15700=CARTESIAN_POINT('',(2.25,0.2,6.155));
#15701=CARTESIAN_POINT('',(2.25,0.2,6.465));
#15702=CARTESIAN_POINT('',(2.25,0.2,5.935));
#15703=CARTESIAN_POINT('',(2.25,0.2,5.935));
#15704=CARTESIAN_POINT('',(-2.25,0.2,5.935));
#15705=CARTESIAN_POINT('',(-2.25,0.2,5.935));
#15706=CARTESIAN_POINT('',(-2.25,0.2,5.935));
#15707=CARTESIAN_POINT('',(-2.25,0.242251777031297,6.5225806008894));
#15708=CARTESIAN_POINT('',(-2.25,0.2,5.935));
#15709=CARTESIAN_POINT('',(7.8,0.4,-6.555));
#15710=CARTESIAN_POINT('',(8.2,0.399999999999999,-6.245));
#15711=CARTESIAN_POINT('',(8.2,0.400000000000001,6.155));
#15712=CARTESIAN_POINT('',(7.8,0.4,6.155));
#15713=CARTESIAN_POINT('',(7.8,0.4,-6.555));
#15714=CARTESIAN_POINT('',(8.,0.399999999999999,-6.245));
#15715=CARTESIAN_POINT('',(8.,0.399999999999998,6.155));
#15716=CARTESIAN_POINT('',(7.8,0.2,-6.245));
#15717=CARTESIAN_POINT('',(7.8,0.2,6.155));
#15718=CARTESIAN_POINT('',(7.8,0.4,6.155));
#15719=CARTESIAN_POINT('',(7.05,0.2,3.295));
#15720=CARTESIAN_POINT('',(7.05,0.2,3.295));
#15721=CARTESIAN_POINT('',(7.05,0.2,3.295));
#15722=CARTESIAN_POINT('',(7.05,0.2,3.295));
#15723=CARTESIAN_POINT('',(7.05,0.2,5.935));
#15724=CARTESIAN_POINT('',(7.05,0.2,5.935));
#15725=CARTESIAN_POINT('',(7.05,0.2,5.935));
#15726=CARTESIAN_POINT('',(7.05,0.2,5.935));
#15727=CARTESIAN_POINT('',(2.25,0.2,5.935));
#15728=CARTESIAN_POINT('',(2.25,0.2,5.935));
#15729=CARTESIAN_POINT('',(-7.05,0.2,5.935));
#15730=CARTESIAN_POINT('',(-7.05,0.2,5.935));
#15731=CARTESIAN_POINT('',(-7.05,0.2,5.935));
#15732=CARTESIAN_POINT('',(-7.05,0.2,5.935));
#15733=CARTESIAN_POINT('',(-7.05,0.2,3.295));
#15734=CARTESIAN_POINT('',(-7.05,0.2,3.295));
#15735=CARTESIAN_POINT('',(-7.05,0.2,3.295));
#15736=CARTESIAN_POINT('',(-7.05,0.2,3.295));
#15737=CARTESIAN_POINT('',(-6.25,0.2,3.295));
#15738=CARTESIAN_POINT('',(-6.25,0.2,3.295));
#15739=CARTESIAN_POINT('',(-6.25,0.2,3.295));
#15740=CARTESIAN_POINT('',(-6.25,0.2,3.295));
#15741=CARTESIAN_POINT('',(-6.25,0.2,-4.455));
#15742=CARTESIAN_POINT('',(-6.25,-6.50521303491303E-16,0.545));
#15743=CARTESIAN_POINT('',(-6.25,0.199999999999999,0.545));
#15744=CARTESIAN_POINT('',(-6.25,0.2,-4.455));
#15745=CARTESIAN_POINT('',(6.25,0.2,-4.455));
#15746=CARTESIAN_POINT('',(6.25,0.2,-4.455));
#15747=CARTESIAN_POINT('',(6.25,0.2,-4.455));
#15748=CARTESIAN_POINT('',(6.25,0.2,-4.455));
#15749=CARTESIAN_POINT('',(6.25,0.2,3.295));
#15750=CARTESIAN_POINT('',(6.25,0.2,3.295));
#15751=CARTESIAN_POINT('',(0.,0.2,0.));
#15752=CARTESIAN_POINT('',(-6.25,0.199999999999999,0.545));
#15753=CARTESIAN_POINT('',(7.8,0.2,6.155));
#15754=CARTESIAN_POINT('',(8.,-7.81783182292744,0.));
#15755=CARTESIAN_POINT('',(8.,-7.81783182292744,6.155));
#15756=CARTESIAN_POINT('',(8.,12.1821681770726,6.155));
#15757=CARTESIAN_POINT('',(8.,12.1821681770726,6.455));
#15758=CARTESIAN_POINT('',(8.,12.1821681770726,-4.895));
#15759=CARTESIAN_POINT('',(8.,12.1821681770726,6.455));
#15760=CARTESIAN_POINT('',(8.,12.1821681770726,-5.945));
#15761=CARTESIAN_POINT('',(8.,11.8821681770726,-5.945));
#15762=CARTESIAN_POINT('',(8.,11.8821681770726,-6.245));
#15763=CARTESIAN_POINT('',(8.,12.1821681770726,-6.245));
#15764=CARTESIAN_POINT('',(8.,9.66216817707256,-6.245));
#15765=CARTESIAN_POINT('',(8.,9.66216817707256,-6.245));
#15766=CARTESIAN_POINT('',(8.,8.26216817707256,-9.045));
#15767=CARTESIAN_POINT('',(8.,0.399999999999999,-6.245));
#15768=CARTESIAN_POINT('',(8.2,-7.81783182292744,0.));
#15769=CARTESIAN_POINT('',(8.2,8.26216817707256,-9.045));
#15770=CARTESIAN_POINT('',(8.2,7.21996760037313,-8.345));
#15771=CARTESIAN_POINT('',(8.2,9.66216817707256,-6.245));
#15772=CARTESIAN_POINT('',(8.2,9.66216817707256,-6.245));
#15773=CARTESIAN_POINT('',(8.2,12.1821681770726,-6.245));
#15774=CARTESIAN_POINT('',(8.2,11.8821681770726,-6.245));
#15775=CARTESIAN_POINT('',(8.2,11.8821681770726,-5.945));
#15776=CARTESIAN_POINT('',(8.2,12.1821681770726,-5.945));
#15777=CARTESIAN_POINT('',(8.2,12.1821681770726,6.455));
#15778=CARTESIAN_POINT('',(8.2,12.1821681770726,-4.895));
#15779=CARTESIAN_POINT('',(8.2,12.1821681770726,6.455));
#15780=CARTESIAN_POINT('',(8.2,12.1821681770726,6.155));
#15781=CARTESIAN_POINT('',(8.2,17.6079873419924,6.155));
#15782=CARTESIAN_POINT('',(8.2,0.399999999999999,-6.245));
#15783=CARTESIAN_POINT('',(8.,12.1821681770726,6.455));
#15784=CARTESIAN_POINT('',(8.,12.1821681770726,-5.945));
#15785=CARTESIAN_POINT('',(8.2,12.1821681770726,-4.895));
#15786=CARTESIAN_POINT('',(8.,12.1821681770726,-6.245));
#15787=CARTESIAN_POINT('',(8.,11.8821681770726,-6.245));
#15788=CARTESIAN_POINT('',(8.,9.66216817707256,-6.245));
#15789=CARTESIAN_POINT('',(8.,9.66216817707256,-6.245));
#15790=CARTESIAN_POINT('',(8.,8.26216817707256,-9.045));
#15791=CARTESIAN_POINT('',(7.8,0.4,6.155));
#15792=CARTESIAN_POINT('',(7.95,12.1821681770726,6.155));
#15793=CARTESIAN_POINT('',(8.075,12.3986745280187,6.155));
#15794=CARTESIAN_POINT('',(8.2,12.6151808789648,6.155));
#15795=CARTESIAN_POINT('',(7.95,12.6151808789648,6.155));
#15796=CARTESIAN_POINT('',(7.95,12.6151808789648,6.155));
#15797=CARTESIAN_POINT('',(7.95,15.3,6.155));
#15798=CARTESIAN_POINT('',(7.95,15.3,6.155));
#15799=CARTESIAN_POINT('',(8.2,12.6151808789648,6.155));
#15800=CARTESIAN_POINT('',(7.975,12.2254694472618,6.155));
#15801=CARTESIAN_POINT('',(7.95,12.1821681770726,6.155));
#15802=CARTESIAN_POINT('',(-4.33680868994202E-16,0.242251777031298,6.5225806008894));
#15803=CARTESIAN_POINT('',(2.25,0.242251777031299,6.52258060088941));
#15804=CARTESIAN_POINT('',(2.25,0.4,6.155));
#15805=CARTESIAN_POINT('',(2.25,0.,6.155));
#15806=CARTESIAN_POINT('',(5.025,0.,6.155));
#15807=CARTESIAN_POINT('',(8.2,0.399999999999999,-6.245));
#15808=CARTESIAN_POINT('',(7.75,12.6151808789648,6.455));
#15809=CARTESIAN_POINT('',(7.75,14.51,-4.245));
#15810=CARTESIAN_POINT('',(7.75,13.71,-4.245));
#15811=CARTESIAN_POINT('',(7.75,14.71,-4.245));
#15812=CARTESIAN_POINT('',(7.75,14.71,-2.245));
#15813=CARTESIAN_POINT('',(7.75,14.71,-2.045));
#15814=CARTESIAN_POINT('',(7.75,13.91,-2.045));
#15815=CARTESIAN_POINT('',(7.75,13.71,-2.045));
#15816=CARTESIAN_POINT('',(7.75,13.71,-4.045));
#15817=CARTESIAN_POINT('',(7.75,15.3,6.455));
#15818=CARTESIAN_POINT('',(7.75,15.3,6.155));
#15819=CARTESIAN_POINT('',(7.75,15.3,-4.595));
#15820=CARTESIAN_POINT('',(7.75,15.,-4.595));
#15821=CARTESIAN_POINT('',(7.75,15.,-4.895));
#15822=CARTESIAN_POINT('',(7.75,12.6151808789648,-4.895));
#15823=CARTESIAN_POINT('',(7.75,12.6151808789648,-4.895));
#15824=CARTESIAN_POINT('',(7.75,12.6151808789648,6.455));
#15825=CARTESIAN_POINT('',(7.75,15.,6.155));
#15826=CARTESIAN_POINT('',(7.95,15.3,6.455));
#15827=CARTESIAN_POINT('',(7.95,15.3,6.455));
#15828=CARTESIAN_POINT('',(7.95,15.3,-4.595));
#15829=CARTESIAN_POINT('',(7.95,15.3,-4.595));
#15830=CARTESIAN_POINT('',(7.95,15.3,6.155));
#15831=CARTESIAN_POINT('',(8.2,12.6151808789648,6.455));
#15832=CARTESIAN_POINT('',(8.2,12.6151808789648,-4.895));
#15833=CARTESIAN_POINT('',(7.975,12.2254694472618,-4.895));
#15834=CARTESIAN_POINT('',(7.975,12.2254694472618,6.455));
#15835=CARTESIAN_POINT('',(8.2,12.6151808789648,-4.895));
#15836=CARTESIAN_POINT('',(8.2,15.,-4.895));
#15837=CARTESIAN_POINT('',(7.95,15.,-4.895));
#15838=CARTESIAN_POINT('',(7.95,12.6151808789648,-4.895));
#15839=CARTESIAN_POINT('',(7.95,12.6151808789648,-4.895));
#15840=CARTESIAN_POINT('',(8.2,12.6151808789648,-4.895));
#15841=CARTESIAN_POINT('',(8.075,12.3986745280187,-4.895));
#15842=CARTESIAN_POINT('',(7.95,12.1821681770726,-4.895));
#15843=CARTESIAN_POINT('',(7.95,12.1821681770726,-4.895));
#15844=CARTESIAN_POINT('',(7.95,12.1821681770726,6.455));
#15845=CARTESIAN_POINT('',(8.075,12.3986745280187,6.455));
#15846=CARTESIAN_POINT('',(8.2,12.6151808789648,6.455));
#15847=CARTESIAN_POINT('',(7.95,12.6151808789648,6.455));
#15848=CARTESIAN_POINT('',(7.95,12.6151808789648,6.455));
#15849=CARTESIAN_POINT('',(7.95,12.6151808789648,-4.245));
#15850=CARTESIAN_POINT('',(7.95,14.71,-4.245));
#15851=CARTESIAN_POINT('',(7.95,13.71,-4.245));
#15852=CARTESIAN_POINT('',(7.95,13.71,6.455));
#15853=CARTESIAN_POINT('',(7.95,13.71,-2.045));
#15854=CARTESIAN_POINT('',(7.95,12.6151808789648,-2.045));
#15855=CARTESIAN_POINT('',(7.95,14.71,-2.045));
#15856=CARTESIAN_POINT('',(7.95,14.71,6.455));
#15857=CARTESIAN_POINT('',(7.95,15.,-4.595));
#15858=CARTESIAN_POINT('',(7.95,12.1821681770726,6.455));
#15859=CARTESIAN_POINT('',(8.,11.8821681770726,-5.945));
#15860=CARTESIAN_POINT('',(7.95,15.,6.155));
#15861=CARTESIAN_POINT('',(8.2,15.,-4.595));
#15862=CARTESIAN_POINT('',(0.,15.71,-1.92983714711524E-15));
#15863=CARTESIAN_POINT('',(-7.80000000000001,15.71,6.36391591146372));
#15864=CARTESIAN_POINT('',(-7.80000000000001,15.71,-5.045));
#15865=CARTESIAN_POINT('',(-7.80000000000001,15.71,6.155));
#15866=CARTESIAN_POINT('',(7.79999999999999,15.71,6.36391591146372));
#15867=CARTESIAN_POINT('',(7.8,15.71,-5.045));
#15868=CARTESIAN_POINT('',(7.79999999999999,15.71,-5.045));
#15869=CARTESIAN_POINT('',(0.,15.51,-1.89942718547754E-15));
#15870=CARTESIAN_POINT('',(-7.80000000000001,15.51,6.155));
#15871=CARTESIAN_POINT('',(-7.80000000000001,15.51,6.36391591146372));
#15872=CARTESIAN_POINT('',(-7.80000000000001,15.51,-5.045));
#15873=CARTESIAN_POINT('',(7.79999999999999,15.51,-5.045));
#15874=CARTESIAN_POINT('',(7.79999999999999,15.51,-5.045));
#15875=CARTESIAN_POINT('',(7.79999999999999,15.51,6.36391591146372));
#15876=CARTESIAN_POINT('',(7.79999999999999,15.71,-5.045));
#15877=CARTESIAN_POINT('',(-7.80000000000001,15.31,-5.045));
#15878=CARTESIAN_POINT('',(-8.2,12.71,-5.045));
#15879=CARTESIAN_POINT('',(-7.80000000000001,15.31,-5.045));
#15880=CARTESIAN_POINT('',(7.79999999999999,15.31,-5.045));
#15881=CARTESIAN_POINT('',(8.2,12.71,-5.045));
#15882=CARTESIAN_POINT('',(7.79999999999999,15.31,-5.045));
#15883=CARTESIAN_POINT('',(7.8,15.31,6.155));
#15884=CARTESIAN_POINT('',(7.8,15.31,6.155));
#15885=CARTESIAN_POINT('',(8.2,15.5189159114637,6.155));
#15886=CARTESIAN_POINT('',(7.8,15.31,6.155));
#15887=CARTESIAN_POINT('',(7.8,15.31,6.155));
#15888=CARTESIAN_POINT('',(8.2,12.71,6.155));
#15889=CARTESIAN_POINT('',(8.2,12.71,6.155));
#15890=CARTESIAN_POINT('',(7.79999999999999,15.31,-5.045));
#15891=CARTESIAN_POINT('',(7.79999999999999,15.31,-5.045));
#15892=CARTESIAN_POINT('',(7.99999999999999,13.61,-4.195));
#15893=CARTESIAN_POINT('',(8.,13.61,-4.195));
#15894=CARTESIAN_POINT('',(7.99999999999999,13.61,-1.795));
#15895=CARTESIAN_POINT('',(7.99999999999999,13.61,-1.795));
#15896=CARTESIAN_POINT('',(7.99999999999999,14.81,-1.795));
#15897=CARTESIAN_POINT('',(8.,14.81,-1.795));
#15898=CARTESIAN_POINT('',(8.,14.81,-4.195));
#15899=CARTESIAN_POINT('',(8.,14.81,-4.195));
#15900=CARTESIAN_POINT('',(8.15,14.81,-4.195));
#15901=CARTESIAN_POINT('',(8.15,14.51,-4.195));
#15902=CARTESIAN_POINT('',(8.15,13.91,-4.195));
#15903=CARTESIAN_POINT('',(7.95,13.91,-4.195));
#15904=CARTESIAN_POINT('',(7.95,14.51,-4.195));
#15905=CARTESIAN_POINT('',(7.95,0.,0.));
#15906=CARTESIAN_POINT('',(7.95,13.91,0.));
#15907=CARTESIAN_POINT('',(7.95,13.91,-4.045));
#15908=CARTESIAN_POINT('',(7.95,13.91,-2.245));
#15909=CARTESIAN_POINT('',(7.95,0.,-2.245));
#15910=CARTESIAN_POINT('',(7.95,14.51,-2.245));
#15911=CARTESIAN_POINT('',(7.95,14.51,0.));
#15912=CARTESIAN_POINT('',(7.95,14.51,-4.045));
#15913=CARTESIAN_POINT('',(7.95,0.,-4.045));
#15914=CARTESIAN_POINT('',(8.15,14.71,-4.245));
#15915=CARTESIAN_POINT('',(7.95,14.51,-4.245));
#15916=CARTESIAN_POINT('',(7.95,13.91,-4.245));
#15917=CARTESIAN_POINT('',(8.15,0.,0.));
#15918=CARTESIAN_POINT('',(8.15,14.51,-2.045));
#15919=CARTESIAN_POINT('',(8.15,14.51,-2.245));
#15920=CARTESIAN_POINT('',(8.15,13.71,-2.245));
#15921=CARTESIAN_POINT('',(8.15,13.91,-2.245));
#15922=CARTESIAN_POINT('',(8.15,13.91,-4.195));
#15923=CARTESIAN_POINT('',(7.95,13.91,-4.245));
#15924=CARTESIAN_POINT('',(7.95,13.91,-2.245));
#15925=CARTESIAN_POINT('',(7.95,13.71,-2.245));
#15926=CARTESIAN_POINT('',(7.95,14.51,-2.245));
#15927=CARTESIAN_POINT('',(7.95,14.51,-2.045));
#15928=CARTESIAN_POINT('',(7.95,13.71,-4.245));
#15929=CARTESIAN_POINT('',(7.95,13.71,-4.245));
#15930=CARTESIAN_POINT('',(7.95,13.71,-2.045));
#15931=CARTESIAN_POINT('',(7.95,13.71,-2.045));
#15932=CARTESIAN_POINT('',(7.95,14.71,-2.045));
#15933=CARTESIAN_POINT('',(7.95,14.71,-4.245));
#15934=CARTESIAN_POINT('',(7.95,14.71,-4.245));
#15935=CARTESIAN_POINT('',(7.95,14.71,-2.045));
#15936=CARTESIAN_POINT('',(-8.19910154659151,0.373205308207356,-6.2));
#15937=CARTESIAN_POINT('',(-8.19910154659151,0.373205308207356,-6.155));
#15938=CARTESIAN_POINT('',(-7.8,0.4,-6.155));
#15939=CARTESIAN_POINT('',(-7.8,0.4,6.155));
#15940=CARTESIAN_POINT('',(-7.8,15.3,6.155));
#15941=CARTESIAN_POINT('',(-7.75,15.3,6.455));
#15942=CARTESIAN_POINT('',(-7.75,14.51,-2.045));
#15943=CARTESIAN_POINT('',(-7.75,13.71,-2.045));
#15944=CARTESIAN_POINT('',(-7.75,14.71,-2.045));
#15945=CARTESIAN_POINT('',(-7.75,14.71,-4.045));
#15946=CARTESIAN_POINT('',(-7.75,14.71,-4.245));
#15947=CARTESIAN_POINT('',(-7.75,13.91,-4.245));
#15948=CARTESIAN_POINT('',(-7.75,13.71,-4.245));
#15949=CARTESIAN_POINT('',(-7.75,13.71,-2.245));
#15950=CARTESIAN_POINT('',(-7.75,15.3,-4.895));
#15951=CARTESIAN_POINT('',(-7.75,15.,-4.895));
#15952=CARTESIAN_POINT('',(-7.75,15.,-4.595));
#15953=CARTESIAN_POINT('',(-7.75,15.3,-4.595));
#15954=CARTESIAN_POINT('',(-7.75,15.3,6.455));
#15955=CARTESIAN_POINT('',(-7.95,15.3,6.455));
#15956=CARTESIAN_POINT('',(-7.95,15.3,-4.595));
#15957=CARTESIAN_POINT('',(-8.2,12.6151808789648,-4.895));
#15958=CARTESIAN_POINT('',(-8.2,15.,-4.895));
#15959=CARTESIAN_POINT('',(-8.,11.8821681770726,-5.945));
#15960=CARTESIAN_POINT('',(-7.95,15.,-4.595));
#15961=CARTESIAN_POINT('',(-8.2,12.71,-5.045));
#15962=CARTESIAN_POINT('',(-8.2,12.71,6.155));
#15963=CARTESIAN_POINT('',(-8.2,12.71,6.155));
#15964=CARTESIAN_POINT('',(-7.80000000000001,15.31,6.155));
#15965=CARTESIAN_POINT('',(-7.80000000000001,15.31,6.155));
#15966=CARTESIAN_POINT('',(-7.80000000000001,15.31,6.155));
#15967=CARTESIAN_POINT('',(-7.80000000000001,15.31,6.155));
#15968=CARTESIAN_POINT('',(-8.,14.81,-1.795));
#15969=CARTESIAN_POINT('',(-8.,14.81,-1.795));
#15970=CARTESIAN_POINT('',(-7.99999999999999,13.61,-1.795));
#15971=CARTESIAN_POINT('',(-7.99999999999999,13.61,-1.795));
#15972=CARTESIAN_POINT('',(-7.99999999999999,13.61,-4.195));
#15973=CARTESIAN_POINT('',(-7.99999999999999,13.61,-4.195));
#15974=CARTESIAN_POINT('',(-7.95,13.91,-4.195));
#15975=CARTESIAN_POINT('',(-8.15,13.91,-4.195));
#15976=CARTESIAN_POINT('',(-8.15,13.61,-4.195));
#15977=CARTESIAN_POINT('',(-8.15,14.51,-4.195));
#15978=CARTESIAN_POINT('',(-7.95,14.51,-4.195));
#15979=CARTESIAN_POINT('',(-7.99999999999999,14.81,-4.195));
#15980=CARTESIAN_POINT('',(-8.,14.81,-4.195));
#15981=CARTESIAN_POINT('',(-7.95,0.,0.));
#15982=CARTESIAN_POINT('',(-7.95,0.,-2.245));
#15983=CARTESIAN_POINT('',(-7.95,14.51,-2.245));
#15984=CARTESIAN_POINT('',(-7.95,13.91,-2.245));
#15985=CARTESIAN_POINT('',(-7.95,13.91,0.));
#15986=CARTESIAN_POINT('',(-7.95,13.91,-4.045));
#15987=CARTESIAN_POINT('',(-7.95,0.,-4.045));
#15988=CARTESIAN_POINT('',(-7.95,14.51,-4.045));
#15989=CARTESIAN_POINT('',(-7.95,14.51,0.));
#15990=CARTESIAN_POINT('',(-8.15,13.71,-4.245));
#15991=CARTESIAN_POINT('',(-7.95,14.51,-4.245));
#15992=CARTESIAN_POINT('',(-7.95,13.91,-4.245));
#15993=CARTESIAN_POINT('',(-8.15,0.,0.));
#15994=CARTESIAN_POINT('',(-8.15,14.71,-2.245));
#15995=CARTESIAN_POINT('',(-8.15,13.91,-2.245));
#15996=CARTESIAN_POINT('',(-8.15,14.51,-2.245));
#15997=CARTESIAN_POINT('',(-8.15,14.51,-4.195));
#15998=CARTESIAN_POINT('',(-8.15,13.91,-2.045));
#15999=CARTESIAN_POINT('',(-7.95,13.91,-2.045));
#16000=CARTESIAN_POINT('',(-7.95,13.91,-2.245));
#16001=CARTESIAN_POINT('',(-7.95,14.71,-2.245));
#16002=CARTESIAN_POINT('',(-7.95,14.51,-2.245));
#16003=CARTESIAN_POINT('',(-7.95,14.51,-4.245));
#16004=CARTESIAN_POINT('',(-7.95,13.71,-2.045));
#16005=CARTESIAN_POINT('',(-7.95,13.71,-2.045));
#16006=CARTESIAN_POINT('',(-7.95,13.71,-4.245));
#16007=CARTESIAN_POINT('',(-7.95,13.71,-4.245));
#16008=CARTESIAN_POINT('',(-7.95,14.71,-4.245));
#16009=CARTESIAN_POINT('',(-7.95,14.71,-2.045));
#16010=CARTESIAN_POINT('',(-7.95,14.71,-2.045));
#16011=CARTESIAN_POINT('',(-7.95,14.71,-4.245));
#16012=CARTESIAN_POINT('',(-6.25,0.499999999999999,0.545));
#16013=CARTESIAN_POINT('',(-5.75452994971181,0.432847715843593,0.545));
#16014=CARTESIAN_POINT('',(-5.02686091366256,5.80181197988473,0.545000000000001));
#16015=CARTESIAN_POINT('',(-5.75452994971181,0.432847715843593,0.545));
#16016=CARTESIAN_POINT('',(-5.52233096395075,5.86896426404113,0.545000000000001));
#16017=CARTESIAN_POINT('',(-5.22504893377784,5.82867289354729,0.545000000000001));
#16018=CARTESIAN_POINT('',(-5.95271796982709,0.459708629506155,0.545000000000001));
#16019=CARTESIAN_POINT('',(-5.95271796982709,0.459708629506156,0.545));
#16020=CARTESIAN_POINT('',(-6.25,0.499999999999999,0.545));
#16021=CARTESIAN_POINT('',(-6.25,0.499999999999999,0.545));
#16022=CARTESIAN_POINT('',(-5.75452994971181,0.432847715843593,-1.455));
#16023=CARTESIAN_POINT('',(-5.95271796982709,0.459708629506155,-1.455));
#16024=CARTESIAN_POINT('',(-5.22504893377784,5.82867289354729,-1.455));
#16025=CARTESIAN_POINT('',(-5.95271796982709,0.459708629506155,-1.455));
#16026=CARTESIAN_POINT('',(-5.02686091366256,5.80181197988473,-1.455));
#16027=CARTESIAN_POINT('',(-5.02686091366256,5.80181197988473,-1.455));
#16028=CARTESIAN_POINT('',(-5.75452994971181,0.432847715843593,-1.455));
#16029=CARTESIAN_POINT('',(-5.75452994971181,0.432847715843593,-1.455));
#16030=CARTESIAN_POINT('',(-6.25,0.499999999999999,-1.455));
#16031=CARTESIAN_POINT('',(-6.25,0.499999999999999,-1.455));
#16032=CARTESIAN_POINT('',(-5.,6.,0.545000000000001));
#16033=CARTESIAN_POINT('',(-5.,6.,0.545000000000001));
#16034=CARTESIAN_POINT('',(-5.,6.,0.345000000000001));
#16035=CARTESIAN_POINT('',(-5.,6.,-1.255));
#16036=CARTESIAN_POINT('',(-5.,6.,-1.255));
#16037=CARTESIAN_POINT('',(-5.19818802011527,6.02686091366256,-1.255));
#16038=CARTESIAN_POINT('',(-5.19818802011527,6.02686091366256,0.545));
#16039=CARTESIAN_POINT('',(-5.19818802011527,6.02686091366256,0.345000000000001));
#16040=CARTESIAN_POINT('',(-5.,6.,0.345000000000001));
#16041=CARTESIAN_POINT('',(-5.75452994971181,0.432847715843593,0.545));
#16042=CARTESIAN_POINT('',(-5.02686091366256,5.80181197988473,-1.255));
#16043=CARTESIAN_POINT('',(-5.02686091366256,5.80181197988473,0.345000000000001));
#16044=CARTESIAN_POINT('',(-5.75452994971181,0.432847715843593,0.545));
#16045=CARTESIAN_POINT('',(-6.25,0.499999999999999,0.545));
#16046=CARTESIAN_POINT('',(-5.95271796982709,0.459708629506155,0.545));
#16047=CARTESIAN_POINT('',(-5.22504893377784,5.82867289354729,-1.255));
#16048=CARTESIAN_POINT('',(-5.95271796982709,0.459708629506155,0.545));
#16049=CARTESIAN_POINT('',(-5.22504893377784,5.82867289354729,0.345000000000001));
#16050=CARTESIAN_POINT('',(-6.25,0.499999999999999,0.545));
#16051=CARTESIAN_POINT('',(-5.02686091366256,5.80181197988473,0.345000000000001));
#16052=CARTESIAN_POINT('',(-5.02686091366256,5.80181197988473,-1.255));
#16053=CARTESIAN_POINT('',(0.,3.89131520429071E-16,-6.355));
#16054=CARTESIAN_POINT('',(-6.95,-1.22464679914735E-17,-6.355));
#16055=CARTESIAN_POINT('',(-6.95,-1.22464679914735E-17,-6.355));
#16056=CARTESIAN_POINT('',(-6.95,2.9,-6.555));
#16057=CARTESIAN_POINT('',(0.,3.89131520429071E-16,-6.355));
#16058=CARTESIAN_POINT('',(6.95,-1.22464679914735E-17,-6.355));
#16059=CARTESIAN_POINT('',(6.95,-1.22464679914735E-17,-6.355));
#16060=CARTESIAN_POINT('',(6.95,2.9,-6.355));
#16061=CARTESIAN_POINT('',(6.75,2.9,-6.555));
#16062=CARTESIAN_POINT('',(-6.75,2.9,-6.355));
#16063=CARTESIAN_POINT('',(-8.16,7.21996760037313,-9.045));
#16064=CARTESIAN_POINT('',(8.2,7.21996760037313,-8.345));
#16065=CARTESIAN_POINT('',(0.0400000000000001,0.,0.));
#16066=CARTESIAN_POINT('',(-6.605,-21.1664124323942,4.3));
#16067=CARTESIAN_POINT('',(-6.605,-21.1664124323942,4.8));
#16068=CARTESIAN_POINT('',(-6.605,3.51999999999999,4.8));
#16069=CARTESIAN_POINT('',(-6.605,10.5,4.8));
#16070=CARTESIAN_POINT('',(-6.605,10.5,0.));
#16071=CARTESIAN_POINT('',(-6.605,10.5,4.3));
#16072=CARTESIAN_POINT('',(-6.605,-21.1664124323942,4.3));
#16073=CARTESIAN_POINT('',(-6.605,3.52,4.3));
#16074=CARTESIAN_POINT('',(-6.605,3.52,5.5));
#16075=CARTESIAN_POINT('',(-6.605,-21.1664124323942,4.8));
#16076=CARTESIAN_POINT('',(-7.105,-21.1664124323942,4.8));
#16077=CARTESIAN_POINT('',(-7.105,3.51999999999999,4.8));
#16078=CARTESIAN_POINT('',(-7.105,10.5,4.8));
#16079=CARTESIAN_POINT('',(1.04083408558608E-15,10.5,4.8));
#16080=CARTESIAN_POINT('',(-7.315,3.52,4.8));
#16081=CARTESIAN_POINT('',(-7.105,-21.1664124323942,4.8));
#16082=CARTESIAN_POINT('',(-7.105,-21.1664124323942,4.3));
#16083=CARTESIAN_POINT('',(-7.105,3.51999999999999,4.3));
#16084=CARTESIAN_POINT('',(-7.105,10.5,4.3));
#16085=CARTESIAN_POINT('',(-7.105,10.5,0.));
#16086=CARTESIAN_POINT('',(-7.105,3.52,5.5));
#16087=CARTESIAN_POINT('',(-7.105,-21.1664124323942,4.3));
#16088=CARTESIAN_POINT('',(-9.32413868337534E-16,10.5,4.3));
#16089=CARTESIAN_POINT('',(-7.315,3.52,4.3));
#16090=CARTESIAN_POINT('',(-4.315,-21.1664124323942,4.8));
#16091=CARTESIAN_POINT('',(-4.815,-21.1664124323942,4.8));
#16092=CARTESIAN_POINT('',(-4.815,3.51999999999999,4.8));
#16093=CARTESIAN_POINT('',(-4.815,10.5,4.8));
#16094=CARTESIAN_POINT('',(5.20417042793043E-16,10.5,4.8));
#16095=CARTESIAN_POINT('',(-4.315,10.5,4.8));
#16096=CARTESIAN_POINT('',(-4.315,-21.1664124323942,4.8));
#16097=CARTESIAN_POINT('',(-4.315,3.52,4.8));
#16098=CARTESIAN_POINT('',(-7.315,3.52,4.8));
#16099=CARTESIAN_POINT('',(-4.815,-21.1664124323942,4.8));
#16100=CARTESIAN_POINT('',(-4.815,-21.1664124323942,4.3));
#16101=CARTESIAN_POINT('',(-4.815,3.51999999999999,4.3));
#16102=CARTESIAN_POINT('',(-4.815,10.5,4.3));
#16103=CARTESIAN_POINT('',(-4.815,10.5,0.));
#16104=CARTESIAN_POINT('',(-4.815,3.52,5.5));
#16105=CARTESIAN_POINT('',(-4.815,-21.1664124323942,4.3));
#16106=CARTESIAN_POINT('',(-4.315,-21.1664124323942,4.3));
#16107=CARTESIAN_POINT('',(-4.315,3.51999999999999,4.3));
#16108=CARTESIAN_POINT('',(-4.315,10.5,4.3));
#16109=CARTESIAN_POINT('',(-4.66206934168767E-16,10.5,4.3));
#16110=CARTESIAN_POINT('',(-7.315,3.52,4.3));
#16111=CARTESIAN_POINT('',(-4.315,-21.1664124323942,4.3));
#16112=CARTESIAN_POINT('',(-4.315,10.5,0.));
#16113=CARTESIAN_POINT('',(-4.315,3.52,5.5));
#16114=CARTESIAN_POINT('',(-7.315,0.,5.5));
#16115=CARTESIAN_POINT('',(-4.115,0.,5.5));
#16116=CARTESIAN_POINT('',(-4.115,0.,5.5));
#16117=CARTESIAN_POINT('',(-4.115,3.52,5.5));
#16118=CARTESIAN_POINT('',(-7.315,0.,5.5));
#16119=CARTESIAN_POINT('',(-7.315,0.,5.5));
#16120=CARTESIAN_POINT('',(-7.315,0.,5.5));
#16121=CARTESIAN_POINT('',(-7.315,3.52,5.5));
#16122=CARTESIAN_POINT('',(-7.315,3.52,5.5));
#16123=CARTESIAN_POINT('',(-7.315,3.52,5.5));
#16124=CARTESIAN_POINT('',(-4.115,3.52,5.5));
#16125=CARTESIAN_POINT('',(-4.115,3.52,3.6));
#16126=CARTESIAN_POINT('',(-7.315,3.52,5.5));
#16127=CARTESIAN_POINT('',(-7.315,3.52,3.6));
#16128=CARTESIAN_POINT('',(-7.315,3.52,3.6));
#16129=CARTESIAN_POINT('',(-7.315,3.52,3.6));
#16130=CARTESIAN_POINT('',(-4.115,3.52,3.6));
#16131=CARTESIAN_POINT('',(-4.115,0.,3.6));
#16132=CARTESIAN_POINT('',(-7.315,3.52,3.6));
#16133=CARTESIAN_POINT('',(-7.315,0.,3.6));
#16134=CARTESIAN_POINT('',(-7.315,0.,3.6));
#16135=CARTESIAN_POINT('',(-7.315,0.,9.83682343160491E-16));
#16136=CARTESIAN_POINT('',(-7.315,0.,3.6));
#16137=CARTESIAN_POINT('',(-4.115,0.,5.53363341367795E-16));
#16138=CARTESIAN_POINT('',(-4.115,0.,3.6));
#16139=CARTESIAN_POINT('',(0.,0.,0.));
#16140=CARTESIAN_POINT('',(-7.875,0.,-6.45));
#16141=CARTESIAN_POINT('',(-7.875,0.,-6.19));
#16142=CARTESIAN_POINT('',(-7.875,0.,6.45));
#16143=CARTESIAN_POINT('',(-7.875,0.,-6.19));
#16144=CARTESIAN_POINT('',(7.875,0.,-6.19));
#16145=CARTESIAN_POINT('',(7.875,0.,6.45));
#16146=CARTESIAN_POINT('',(7.875,0.,6.45));
#16147=CARTESIAN_POINT('',(-7.875,0.,6.45));
#16148=CARTESIAN_POINT('',(-6.26,0.,-7.86910794174987E-16));
#16149=CARTESIAN_POINT('',(-6.26,0.,-4.45));
#16150=CARTESIAN_POINT('',(-6.26,0.,-2.45));
#16151=CARTESIAN_POINT('',(2.68991931401466E-15,0.,-2.44999999999999));
#16152=CARTESIAN_POINT('',(-7.05,0.,-2.45));
#16153=CARTESIAN_POINT('',(-7.05,0.,0.));
#16154=CARTESIAN_POINT('',(-7.05,0.,1.15));
#16155=CARTESIAN_POINT('',(1.57826898526371E-16,0.,1.15));
#16156=CARTESIAN_POINT('',(-6.26,0.,1.15));
#16157=CARTESIAN_POINT('',(-6.26,0.,-7.86910794174987E-16));
#16158=CARTESIAN_POINT('',(-6.26,0.,3.05));
#16159=CARTESIAN_POINT('',(-4.70721227911856E-16,0.,3.05));
#16160=CARTESIAN_POINT('',(-3.45,0.,3.05));
#16161=CARTESIAN_POINT('',(-3.45,0.,0.));
#16162=CARTESIAN_POINT('',(-3.45,0.,4.65));
#16163=CARTESIAN_POINT('',(0.,0.,4.65));
#16164=CARTESIAN_POINT('',(-2.35,0.,4.65));
#16165=CARTESIAN_POINT('',(-2.35,0.,0.));
#16166=CARTESIAN_POINT('',(-2.35,0.,5.85));
#16167=CARTESIAN_POINT('',(0.,0.,5.85));
#16168=CARTESIAN_POINT('',(2.35,0.,5.85));
#16169=CARTESIAN_POINT('',(2.35,0.,0.));
#16170=CARTESIAN_POINT('',(2.35,0.,4.65));
#16171=CARTESIAN_POINT('',(0.,0.,4.65));
#16172=CARTESIAN_POINT('',(3.45,0.,4.65));
#16173=CARTESIAN_POINT('',(3.45,0.,1.87024874753749E-15));
#16174=CARTESIAN_POINT('',(3.45,0.,3.05));
#16175=CARTESIAN_POINT('',(0.,0.,3.05));
#16176=CARTESIAN_POINT('',(6.26,0.,3.05));
#16177=CARTESIAN_POINT('',(6.26,0.,7.86910794174986E-16));
#16178=CARTESIAN_POINT('',(6.26,0.,1.15));
#16179=CARTESIAN_POINT('',(-3.15653797052741E-16,0.,1.15));
#16180=CARTESIAN_POINT('',(7.05,0.,1.15));
#16181=CARTESIAN_POINT('',(7.05,0.,0.));
#16182=CARTESIAN_POINT('',(7.05,0.,-2.45));
#16183=CARTESIAN_POINT('',(-2.68991931401466E-15,0.,-2.44999999999999));
#16184=CARTESIAN_POINT('',(6.26,0.,-2.45));
#16185=CARTESIAN_POINT('',(6.26,0.,7.86910794174986E-16));
#16186=CARTESIAN_POINT('',(6.26,0.,-4.45));
#16187=CARTESIAN_POINT('',(6.47610693632281E-16,0.,-4.45));
#16188=CARTESIAN_POINT('',(7.315,0.,3.6));
#16189=CARTESIAN_POINT('',(7.315,0.,3.6));
#16190=CARTESIAN_POINT('',(7.315,0.,5.5));
#16191=CARTESIAN_POINT('',(7.315,0.,3.6));
#16192=CARTESIAN_POINT('',(4.115,0.,3.6));
#16193=CARTESIAN_POINT('',(4.115,0.,3.6));
#16194=CARTESIAN_POINT('',(4.115,0.,5.5));
#16195=CARTESIAN_POINT('',(7.315,0.,5.5));
#16196=CARTESIAN_POINT('',(0.,15.,0.));
#16197=CARTESIAN_POINT('',(-3.8,15.,-6.19));
#16198=CARTESIAN_POINT('',(-7.125,15.,-6.19));
#16199=CARTESIAN_POINT('',(-7.725,15.,-6.19000000000001));
#16200=CARTESIAN_POINT('',(-7.725,15.,-41.5298964978816));
#16201=CARTESIAN_POINT('',(-7.725,15.,6.45));
#16202=CARTESIAN_POINT('',(-7.875,15.,6.45));
#16203=CARTESIAN_POINT('',(-7.525,15.,6.45));
#16204=CARTESIAN_POINT('',(-7.525,15.,2.45));
#16205=CARTESIAN_POINT('',(-7.525,15.,2.45));
#16206=CARTESIAN_POINT('',(-7.125,15.,2.45));
#16207=CARTESIAN_POINT('',(-7.125,15.,2.45));
#16208=CARTESIAN_POINT('',(-7.125,15.,5.65));
#16209=CARTESIAN_POINT('',(-7.875,15.,6.45));
#16210=CARTESIAN_POINT('',(7.725,15.,6.45));
#16211=CARTESIAN_POINT('',(7.725,15.,6.45));
#16212=CARTESIAN_POINT('',(7.725,10.7,6.45));
#16213=CARTESIAN_POINT('',(-7.875,15.,6.45));
#16214=CARTESIAN_POINT('',(7.525,15.,6.45));
#16215=CARTESIAN_POINT('',(7.525,14.2,6.45));
#16216=CARTESIAN_POINT('',(7.525,14.2,6.45));
#16217=CARTESIAN_POINT('',(7.125,14.2,6.45));
#16218=CARTESIAN_POINT('',(7.125,14.2,6.45));
#16219=CARTESIAN_POINT('',(7.125,12.9,6.45));
#16220=CARTESIAN_POINT('',(7.125,12.9,6.45));
#16221=CARTESIAN_POINT('',(3.625,12.9,6.45));
#16222=CARTESIAN_POINT('',(3.625,12.9,6.45));
#16223=CARTESIAN_POINT('',(3.625,12.9,6.45));
#16224=CARTESIAN_POINT('',(3.625,14.2,6.45));
#16225=CARTESIAN_POINT('',(3.625,14.2,6.45));
#16226=CARTESIAN_POINT('',(-3.625,14.2,6.45));
#16227=CARTESIAN_POINT('',(-3.625,12.9,6.45));
#16228=CARTESIAN_POINT('',(-3.625,12.9,6.45));
#16229=CARTESIAN_POINT('',(-7.125,12.9,6.45));
#16230=CARTESIAN_POINT('',(-7.125,12.9,6.45));
#16231=CARTESIAN_POINT('',(-7.125,12.9,6.45));
#16232=CARTESIAN_POINT('',(-7.125,14.2,6.45));
#16233=CARTESIAN_POINT('',(-7.525,14.2,6.45));
#16234=CARTESIAN_POINT('',(-7.525,14.2,6.45));
#16235=CARTESIAN_POINT('',(-7.525,14.2,6.45));
#16236=CARTESIAN_POINT('',(-7.725,15.,6.45));
#16237=CARTESIAN_POINT('',(-7.725,10.7,6.45));
#16238=CARTESIAN_POINT('',(-7.725,10.7,6.45));
#16239=CARTESIAN_POINT('',(-7.875,10.7,6.45));
#16240=CARTESIAN_POINT('',(-7.875,15.,6.45));
#16241=CARTESIAN_POINT('',(7.875,15.,6.45));
#16242=CARTESIAN_POINT('',(7.875,10.7,6.45));
#16243=CARTESIAN_POINT('',(7.725,10.7,6.45));
#16244=CARTESIAN_POINT('',(-7.875,15.,-6.45));
#16245=CARTESIAN_POINT('',(-7.875,10.7,-41.5298964978816));
#16246=CARTESIAN_POINT('',(-7.875,10.7,-6.19000000000001));
#16247=CARTESIAN_POINT('',(-7.875,15.,-6.19));
#16248=CARTESIAN_POINT('',(-7.875,9.62,-6.19));
#16249=CARTESIAN_POINT('',(-7.875,9.62,-6.19));
#16250=CARTESIAN_POINT('',(-7.875,9.62,-6.45));
#16251=CARTESIAN_POINT('',(-7.875,15.,-6.45));
#16252=CARTESIAN_POINT('',(-7.875,5.50347981810989,-6.45));
#16253=CARTESIAN_POINT('',(-7.875,15.,-6.45));
#16254=CARTESIAN_POINT('',(-7.875,4.89652018189011,-6.45));
#16255=CARTESIAN_POINT('',(-7.875,15.,-6.45));
#16256=CARTESIAN_POINT('',(-7.87499999999999,3.22,-6.45));
#16257=CARTESIAN_POINT('',(-7.87499999999999,3.22,-6.19));
#16258=CARTESIAN_POINT('',(-7.87499999999999,3.22,-6.19));
#16259=CARTESIAN_POINT('',(-7.875,3.22,-6.19));
#16260=CARTESIAN_POINT('',(0.,0.,-6.19));
#16261=CARTESIAN_POINT('',(-7.725,0.,-6.19));
#16262=CARTESIAN_POINT('',(-7.725,10.7,-6.19));
#16263=CARTESIAN_POINT('',(-7.125,10.5,-6.19));
#16264=CARTESIAN_POINT('',(-7.125,14.,-6.19));
#16265=CARTESIAN_POINT('',(0.,14.,-6.19));
#16266=CARTESIAN_POINT('',(-6.5875,14.,-6.19));
#16267=CARTESIAN_POINT('',(-6.5875,14.,-6.19));
#16268=CARTESIAN_POINT('',(-6.5875,14.6,-6.19));
#16269=CARTESIAN_POINT('',(-6.1875,15.,-6.19));
#16270=CARTESIAN_POINT('',(-6.1875,15.,-6.19));
#16271=CARTESIAN_POINT('',(-3.8,15.,-6.19));
#16272=CARTESIAN_POINT('',(-5.2375,15.,-6.19));
#16273=CARTESIAN_POINT('',(-4.8375,14.6,-6.19));
#16274=CARTESIAN_POINT('',(-4.8375,14.6,-6.19));
#16275=CARTESIAN_POINT('',(-4.8375,14.,-6.19));
#16276=CARTESIAN_POINT('',(-4.8375,14.,-6.19));
#16277=CARTESIAN_POINT('',(0.,14.,-6.19));
#16278=CARTESIAN_POINT('',(-4.3,14.,-6.19));
#16279=CARTESIAN_POINT('',(-4.3,12.9,-6.19));
#16280=CARTESIAN_POINT('',(-4.3,15.,-6.19));
#16281=CARTESIAN_POINT('',(-3.8,15.,-6.19));
#16282=CARTESIAN_POINT('',(-3.8,15.,-6.19));
#16283=CARTESIAN_POINT('',(-3.8,9.62,-6.19));
#16284=CARTESIAN_POINT('',(-3.8,9.62,-6.19));
#16285=CARTESIAN_POINT('',(-7.875,9.62,-6.19));
#16286=CARTESIAN_POINT('',(-5.72,9.62,-6.19));
#16287=CARTESIAN_POINT('',(-5.72,6.61395721293114,-6.19));
#16288=CARTESIAN_POINT('',(-5.72,12.2,-6.19));
#16289=CARTESIAN_POINT('',(-5.72,12.2,-6.19));
#16290=CARTESIAN_POINT('',(-6.9,12.2,-6.19));
#16291=CARTESIAN_POINT('',(-6.9,12.2,-6.19));
#16292=CARTESIAN_POINT('',(-6.9,9.62,-6.19));
#16293=CARTESIAN_POINT('',(-7.875,9.62,-6.19));
#16294=CARTESIAN_POINT('',(0.,10.7,-6.19));
#16295=CARTESIAN_POINT('',(7.875,15.,-6.45));
#16296=CARTESIAN_POINT('',(3.3,6.78,-6.45));
#16297=CARTESIAN_POINT('',(3.3,6.78,-6.45));
#16298=CARTESIAN_POINT('',(3.3,9.9,-6.45));
#16299=CARTESIAN_POINT('',(3.8,6.78,-6.45));
#16300=CARTESIAN_POINT('',(3.8,6.78,-6.45));
#16301=CARTESIAN_POINT('',(3.8,9.9,-6.45));
#16302=CARTESIAN_POINT('',(3.8,9.62,-6.45));
#16303=CARTESIAN_POINT('',(3.8,9.62,-6.45));
#16304=CARTESIAN_POINT('',(5.72,9.62,-6.45));
#16305=CARTESIAN_POINT('',(5.72,12.2,-6.45));
#16306=CARTESIAN_POINT('',(5.72,6.61395721293114,-6.45));
#16307=CARTESIAN_POINT('',(6.355,5.2,-6.45));
#16308=CARTESIAN_POINT('',(7.875,4.89652018189012,-6.45));
#16309=CARTESIAN_POINT('',(7.875,15.,-6.45));
#16310=CARTESIAN_POINT('',(7.875,3.22,-6.45));
#16311=CARTESIAN_POINT('',(7.875,3.22,-6.45));
#16312=CARTESIAN_POINT('',(3.,3.22,-6.45));
#16313=CARTESIAN_POINT('',(3.,4.82,-6.45));
#16314=CARTESIAN_POINT('',(3.,4.82,-6.45));
#16315=CARTESIAN_POINT('',(-3.,4.82,-6.45));
#16316=CARTESIAN_POINT('',(-3.,4.82,-6.45));
#16317=CARTESIAN_POINT('',(-3.,3.22,-6.45));
#16318=CARTESIAN_POINT('',(-3.,3.22,-6.45));
#16319=CARTESIAN_POINT('',(7.875,3.22,-6.45));
#16320=CARTESIAN_POINT('',(-6.355,5.2,-6.45));
#16321=CARTESIAN_POINT('',(-5.72,6.61395721293114,-6.45));
#16322=CARTESIAN_POINT('',(-5.72,6.61395721293114,-6.45));
#16323=CARTESIAN_POINT('',(-5.72,9.62,-6.45));
#16324=CARTESIAN_POINT('',(-7.875,9.62,-6.45));
#16325=CARTESIAN_POINT('',(-3.8,9.62,-6.45));
#16326=CARTESIAN_POINT('',(-3.8,8.7,-6.45));
#16327=CARTESIAN_POINT('',(-3.8,8.7,-6.45));
#16328=CARTESIAN_POINT('',(-3.3,8.7,-6.45));
#16329=CARTESIAN_POINT('',(-3.3,8.7,-6.45));
#16330=CARTESIAN_POINT('',(-3.3,9.9,-6.45));
#16331=CARTESIAN_POINT('',(-3.3,9.9,-6.45));
#16332=CARTESIAN_POINT('',(-3.8,9.9,-6.45));
#16333=CARTESIAN_POINT('',(-2.78571428571428,9.9,-6.45));
#16334=CARTESIAN_POINT('',(-2.78571428571428,6.78,-6.45));
#16335=CARTESIAN_POINT('',(-2.78571428571428,6.78,-6.45));
#16336=CARTESIAN_POINT('',(-2.28571428571428,6.78,-6.45));
#16337=CARTESIAN_POINT('',(-2.28571428571428,6.78,-6.45));
#16338=CARTESIAN_POINT('',(-2.28571428571428,9.9,-6.45));
#16339=CARTESIAN_POINT('',(-2.28571428571428,9.9,-6.45));
#16340=CARTESIAN_POINT('',(-3.8,9.9,-6.45));
#16341=CARTESIAN_POINT('',(-1.77142857142857,9.9,-6.45));
#16342=CARTESIAN_POINT('',(-1.77142857142857,8.7,-6.45));
#16343=CARTESIAN_POINT('',(-1.77142857142857,8.7,-6.45));
#16344=CARTESIAN_POINT('',(-1.27142857142857,8.7,-6.45));
#16345=CARTESIAN_POINT('',(-1.27142857142857,8.7,-6.45));
#16346=CARTESIAN_POINT('',(-1.27142857142857,9.9,-6.45));
#16347=CARTESIAN_POINT('',(-1.27142857142857,9.9,-6.45));
#16348=CARTESIAN_POINT('',(-3.8,9.9,-6.45));
#16349=CARTESIAN_POINT('',(-0.757142857142856,9.9,-6.45));
#16350=CARTESIAN_POINT('',(-0.757142857142856,6.78,-6.45));
#16351=CARTESIAN_POINT('',(-0.757142857142856,6.78,-6.45));
#16352=CARTESIAN_POINT('',(-0.257142857142856,6.78,-6.45));
#16353=CARTESIAN_POINT('',(-0.257142857142856,6.78,-6.45));
#16354=CARTESIAN_POINT('',(-0.257142857142856,9.9,-6.45));
#16355=CARTESIAN_POINT('',(-0.257142857142856,9.9,-6.45));
#16356=CARTESIAN_POINT('',(-3.8,9.9,-6.45));
#16357=CARTESIAN_POINT('',(0.257142857142855,9.9,-6.45));
#16358=CARTESIAN_POINT('',(0.257142857142855,8.7,-6.45));
#16359=CARTESIAN_POINT('',(0.257142857142855,8.7,-6.45));
#16360=CARTESIAN_POINT('',(0.75714285714286,8.7,-6.45));
#16361=CARTESIAN_POINT('',(0.75714285714286,8.7,-6.45));
#16362=CARTESIAN_POINT('',(0.75714285714286,9.9,-6.45));
#16363=CARTESIAN_POINT('',(0.75714285714286,9.9,-6.45));
#16364=CARTESIAN_POINT('',(-3.8,9.9,-6.45));
#16365=CARTESIAN_POINT('',(1.27142857142857,9.9,-6.45));
#16366=CARTESIAN_POINT('',(1.27142857142857,6.78,-6.45));
#16367=CARTESIAN_POINT('',(1.27142857142857,6.78,-6.45));
#16368=CARTESIAN_POINT('',(1.77142857142857,6.78,-6.45));
#16369=CARTESIAN_POINT('',(1.77142857142857,6.78,-6.45));
#16370=CARTESIAN_POINT('',(1.77142857142857,9.9,-6.45));
#16371=CARTESIAN_POINT('',(1.77142857142857,9.9,-6.45));
#16372=CARTESIAN_POINT('',(-3.8,9.9,-6.45));
#16373=CARTESIAN_POINT('',(2.28571428571428,9.9,-6.45));
#16374=CARTESIAN_POINT('',(2.28571428571428,8.7,-6.45));
#16375=CARTESIAN_POINT('',(2.28571428571428,8.7,-6.45));
#16376=CARTESIAN_POINT('',(2.78571428571429,8.7,-6.45));
#16377=CARTESIAN_POINT('',(2.78571428571429,8.7,-6.45));
#16378=CARTESIAN_POINT('',(2.78571428571429,9.9,-6.45));
#16379=CARTESIAN_POINT('',(2.78571428571429,9.9,-6.45));
#16380=CARTESIAN_POINT('',(-3.8,9.9,-6.45));
#16381=CARTESIAN_POINT('',(0.,9.9,0.));
#16382=CARTESIAN_POINT('',(1.77142857142857,9.9,-2.47092537509688));
#16383=CARTESIAN_POINT('',(1.77142857142857,9.9,-5.));
#16384=CARTESIAN_POINT('',(3.8,9.9,-5.));
#16385=CARTESIAN_POINT('',(2.28571428571428,9.9,-5.));
#16386=CARTESIAN_POINT('',(2.28571428571428,9.9,-2.43701946489533));
#16387=CARTESIAN_POINT('',(0.,9.9,0.));
#16388=CARTESIAN_POINT('',(-0.257142857142856,9.9,-2.47092537509688));
#16389=CARTESIAN_POINT('',(-0.257142857142856,9.9,-5.));
#16390=CARTESIAN_POINT('',(3.8,9.9,-5.));
#16391=CARTESIAN_POINT('',(0.257142857142855,9.9,-5.));
#16392=CARTESIAN_POINT('',(0.257142857142855,9.9,-2.43701946489533));
#16393=CARTESIAN_POINT('',(0.,9.9,0.));
#16394=CARTESIAN_POINT('',(-2.28571428571428,9.9,-2.47092537509688));
#16395=CARTESIAN_POINT('',(-2.28571428571428,9.9,-5.));
#16396=CARTESIAN_POINT('',(3.8,9.9,-5.));
#16397=CARTESIAN_POINT('',(-1.77142857142857,9.9,-5.));
#16398=CARTESIAN_POINT('',(-1.77142857142857,9.9,-2.43701946489533));
#16399=CARTESIAN_POINT('',(0.,9.9,0.));
#16400=CARTESIAN_POINT('',(3.8,9.9,-5.));
#16401=CARTESIAN_POINT('',(3.3,9.9,-5.));
#16402=CARTESIAN_POINT('',(2.78571428571429,9.9,-5.));
#16403=CARTESIAN_POINT('',(3.3,9.9,-2.47092537509688));
#16404=CARTESIAN_POINT('',(2.78571428571429,9.9,-2.43701946489533));
#16405=CARTESIAN_POINT('',(0.,9.9,0.));
#16406=CARTESIAN_POINT('',(3.8,9.9,-5.));
#16407=CARTESIAN_POINT('',(1.27142857142857,9.9,-5.));
#16408=CARTESIAN_POINT('',(0.75714285714286,9.9,-5.));
#16409=CARTESIAN_POINT('',(1.27142857142857,9.9,-2.47092537509688));
#16410=CARTESIAN_POINT('',(0.75714285714286,9.9,-2.43701946489533));
#16411=CARTESIAN_POINT('',(0.,9.9,0.));
#16412=CARTESIAN_POINT('',(3.8,9.9,-5.));
#16413=CARTESIAN_POINT('',(-0.757142857142856,9.9,-5.));
#16414=CARTESIAN_POINT('',(-1.27142857142857,9.9,-5.));
#16415=CARTESIAN_POINT('',(-0.757142857142856,9.9,-2.47092537509688));
#16416=CARTESIAN_POINT('',(-1.27142857142857,9.9,-2.43701946489533));
#16417=CARTESIAN_POINT('',(0.,9.9,0.));
#16418=CARTESIAN_POINT('',(3.8,9.9,-5.));
#16419=CARTESIAN_POINT('',(-2.78571428571428,9.9,-5.));
#16420=CARTESIAN_POINT('',(-3.3,9.9,-5.));
#16421=CARTESIAN_POINT('',(-2.78571428571428,9.9,-2.47092537509688));
#16422=CARTESIAN_POINT('',(-3.3,9.9,-2.43701946489533));
#16423=CARTESIAN_POINT('',(-7.875,9.62,-6.19));
#16424=CARTESIAN_POINT('',(-5.72,9.62,-6.19));
#16425=CARTESIAN_POINT('',(-3.8,9.62,-6.19));
#16426=CARTESIAN_POINT('',(-7.875,9.62,-6.19));
#16427=CARTESIAN_POINT('',(-6.9,9.62,-6.19));
#16428=CARTESIAN_POINT('',(-6.9,9.62,-6.45));
#16429=CARTESIAN_POINT('',(-7.875,9.62,-6.45));
#16430=CARTESIAN_POINT('',(3.8,9.62,-6.19));
#16431=CARTESIAN_POINT('',(3.8,9.62,-6.45));
#16432=CARTESIAN_POINT('',(6.9,9.62,-6.45));
#16433=CARTESIAN_POINT('',(7.875,9.62,-6.45));
#16434=CARTESIAN_POINT('',(6.9,9.62,-6.19));
#16435=CARTESIAN_POINT('',(6.9,9.62,-6.19));
#16436=CARTESIAN_POINT('',(3.8,9.62,-6.19));
#16437=CARTESIAN_POINT('',(7.875,9.62,-6.19));
#16438=CARTESIAN_POINT('',(7.875,9.62,-6.19));
#16439=CARTESIAN_POINT('',(3.8,9.62,-6.19));
#16440=CARTESIAN_POINT('',(3.8,9.62,-6.19));
#16441=CARTESIAN_POINT('',(3.8,9.62,-6.19));
#16442=CARTESIAN_POINT('',(5.72,9.62,-6.19));
#16443=CARTESIAN_POINT('',(5.72,9.62,-6.19));
#16444=CARTESIAN_POINT('',(3.8,9.62,-6.19));
#16445=CARTESIAN_POINT('',(7.875,15.,-6.45));
#16446=CARTESIAN_POINT('',(6.355,5.2,-6.45));
#16447=CARTESIAN_POINT('',(6.9,6.65102549943135,-6.45));
#16448=CARTESIAN_POINT('',(7.875,5.50347981810988,-6.45));
#16449=CARTESIAN_POINT('',(6.9,6.61395721293114,-6.45));
#16450=CARTESIAN_POINT('',(7.875,15.,-6.45));
#16451=CARTESIAN_POINT('',(7.875,15.,-6.45));
#16452=CARTESIAN_POINT('',(-6.9,12.2,-6.45));
#16453=CARTESIAN_POINT('',(-6.9,6.65102549943135,-6.45));
#16454=CARTESIAN_POINT('',(-6.355,5.2,-6.45));
#16455=CARTESIAN_POINT('',(0.,15.,0.));
#16456=CARTESIAN_POINT('',(-5.2375,15.,-6.45));
#16457=CARTESIAN_POINT('',(-5.2375,15.,-4.35));
#16458=CARTESIAN_POINT('',(-6.1875,15.,0.));
#16459=CARTESIAN_POINT('',(-6.1875,15.,-4.35));
#16460=CARTESIAN_POINT('',(-6.5875,15.,-4.35));
#16461=CARTESIAN_POINT('',(0.,15.,0.));
#16462=CARTESIAN_POINT('',(-3.8,15.,-0.65));
#16463=CARTESIAN_POINT('',(-3.8,15.,-0.98));
#16464=CARTESIAN_POINT('',(-4.3,15.,1.85));
#16465=CARTESIAN_POINT('',(-4.3,15.,-0.98));
#16466=CARTESIAN_POINT('',(-4.3,15.,-0.98));
#16467=CARTESIAN_POINT('',(0.,15.,0.));
#16468=CARTESIAN_POINT('',(6.1875,15.,0.));
#16469=CARTESIAN_POINT('',(6.1875,15.,-4.35));
#16470=CARTESIAN_POINT('',(6.1875,15.,-6.19));
#16471=CARTESIAN_POINT('',(7.875,15.,-6.19));
#16472=CARTESIAN_POINT('',(5.2375,15.,-6.19));
#16473=CARTESIAN_POINT('',(5.2375,15.,-4.35));
#16474=CARTESIAN_POINT('',(5.2375,15.,-4.35));
#16475=CARTESIAN_POINT('',(4.8375,15.,-4.35));
#16476=CARTESIAN_POINT('',(0.,15.,0.));
#16477=CARTESIAN_POINT('',(4.3,15.,-3.25));
#16478=CARTESIAN_POINT('',(4.3,15.,-6.19));
#16479=CARTESIAN_POINT('',(4.3,15.,-0.98));
#16480=CARTESIAN_POINT('',(7.875,15.,-6.19));
#16481=CARTESIAN_POINT('',(3.8,15.,-6.19));
#16482=CARTESIAN_POINT('',(3.8,15.,-6.45));
#16483=CARTESIAN_POINT('',(3.8,15.,-0.98));
#16484=CARTESIAN_POINT('',(3.625,15.,-0.98));
#16485=CARTESIAN_POINT('',(0.,15.,0.));
#16486=CARTESIAN_POINT('',(7.725,15.,-41.5298964978816));
#16487=CARTESIAN_POINT('',(7.725,15.,-6.19000000000001));
#16488=CARTESIAN_POINT('',(7.875,15.,-6.19));
#16489=CARTESIAN_POINT('',(7.125,15.,-6.19));
#16490=CARTESIAN_POINT('',(7.125,15.,3.55));
#16491=CARTESIAN_POINT('',(7.125,15.,2.45));
#16492=CARTESIAN_POINT('',(7.525,15.,2.45));
#16493=CARTESIAN_POINT('',(7.525,15.,2.45));
#16494=CARTESIAN_POINT('',(7.525,15.,6.45));
#16495=CARTESIAN_POINT('',(-3.8,13.6,-0.65));
#16496=CARTESIAN_POINT('',(-3.8,2.5,-5.));
#16497=CARTESIAN_POINT('',(-3.8,2.5,-5.));
#16498=CARTESIAN_POINT('',(-3.8,8.7,-5.));
#16499=CARTESIAN_POINT('',(-3.8,8.7,-2.43701946489533));
#16500=CARTESIAN_POINT('',(-3.8,13.6,-0.98));
#16501=CARTESIAN_POINT('',(-3.8,14.2,-0.98));
#16502=CARTESIAN_POINT('',(-3.8,14.2,-0.65));
#16503=CARTESIAN_POINT('',(-3.8,14.2,-0.65));
#16504=CARTESIAN_POINT('',(-3.8,13.6,-0.65));
#16505=CARTESIAN_POINT('',(-3.8,11.,-0.65));
#16506=CARTESIAN_POINT('',(-3.8,11.,3.78847655673095E-16));
#16507=CARTESIAN_POINT('',(-3.8,11.,-4.15));
#16508=CARTESIAN_POINT('',(-3.8,11.,-4.15));
#16509=CARTESIAN_POINT('',(-3.8,2.5,-4.15));
#16510=CARTESIAN_POINT('',(-3.8,2.5,-0.65));
#16511=CARTESIAN_POINT('',(3.8,13.6,-6.45));
#16512=CARTESIAN_POINT('',(3.8,6.78,-2.47092537509688));
#16513=CARTESIAN_POINT('',(3.8,6.78,-5.));
#16514=CARTESIAN_POINT('',(3.8,2.5,-5.));
#16515=CARTESIAN_POINT('',(3.8,2.5,-5.));
#16516=CARTESIAN_POINT('',(3.8,2.5,-5.));
#16517=CARTESIAN_POINT('',(3.8,2.5,-4.15));
#16518=CARTESIAN_POINT('',(3.8,11.,-4.15));
#16519=CARTESIAN_POINT('',(3.8,11.,-4.15));
#16520=CARTESIAN_POINT('',(3.8,11.,0.));
#16521=CARTESIAN_POINT('',(3.8,11.,-0.65));
#16522=CARTESIAN_POINT('',(3.8,13.6,-0.65));
#16523=CARTESIAN_POINT('',(3.8,14.2,-0.65));
#16524=CARTESIAN_POINT('',(3.8,14.2,-6.45));
#16525=CARTESIAN_POINT('',(3.8,14.2,-0.980000000000001));
#16526=CARTESIAN_POINT('',(3.8,13.6,-0.98));
#16527=CARTESIAN_POINT('',(3.8,15.,-6.19));
#16528=CARTESIAN_POINT('',(3.8,9.9,-5.));
#16529=CARTESIAN_POINT('',(-3.3,2.5,-5.));
#16530=CARTESIAN_POINT('',(-3.3,13.6,-5.));
#16531=CARTESIAN_POINT('',(3.8,13.6,-5.));
#16532=CARTESIAN_POINT('',(-2.78571428571428,13.6,-5.));
#16533=CARTESIAN_POINT('',(-2.78571428571428,2.5,-5.));
#16534=CARTESIAN_POINT('',(0.,11.,0.));
#16535=CARTESIAN_POINT('',(0.,11.,-0.65));
#16536=CARTESIAN_POINT('',(-3.3,11.,-0.65));
#16537=CARTESIAN_POINT('',(-3.3,11.,0.));
#16538=CARTESIAN_POINT('',(-3.3,11.,-4.15));
#16539=CARTESIAN_POINT('',(-5.96,11.,-4.15));
#16540=CARTESIAN_POINT('',(-2.78571428571428,11.,-4.15));
#16541=CARTESIAN_POINT('',(-2.78571428571428,11.,2.77726664873134E-16));
#16542=CARTESIAN_POINT('',(-2.78571428571428,11.,-0.65));
#16543=CARTESIAN_POINT('',(0.,11.,-0.65));
#16544=CARTESIAN_POINT('',(-2.28571428571428,11.,-0.65));
#16545=CARTESIAN_POINT('',(-2.28571428571428,11.,0.));
#16546=CARTESIAN_POINT('',(-2.28571428571428,11.,-4.15));
#16547=CARTESIAN_POINT('',(-5.96,11.,-4.15));
#16548=CARTESIAN_POINT('',(-1.77142857142857,11.,-4.15));
#16549=CARTESIAN_POINT('',(-1.77142857142857,11.,1.76605674073172E-16));
#16550=CARTESIAN_POINT('',(-1.77142857142857,11.,-0.65));
#16551=CARTESIAN_POINT('',(0.,11.,-0.65));
#16552=CARTESIAN_POINT('',(-1.27142857142857,11.,-0.65));
#16553=CARTESIAN_POINT('',(-1.27142857142857,11.,0.));
#16554=CARTESIAN_POINT('',(-1.27142857142857,11.,-4.15));
#16555=CARTESIAN_POINT('',(-5.96,11.,-4.15));
#16556=CARTESIAN_POINT('',(-0.757142857142856,11.,-4.15));
#16557=CARTESIAN_POINT('',(-0.757142857142856,11.,7.54846832732107E-17));
#16558=CARTESIAN_POINT('',(-0.757142857142856,11.,-0.65));
#16559=CARTESIAN_POINT('',(0.,11.,-0.65));
#16560=CARTESIAN_POINT('',(-0.257142857142856,11.,-0.65));
#16561=CARTESIAN_POINT('',(-0.257142857142856,11.,0.));
#16562=CARTESIAN_POINT('',(-0.257142857142856,11.,-4.15));
#16563=CARTESIAN_POINT('',(-5.96,11.,-4.15));
#16564=CARTESIAN_POINT('',(0.257142857142859,11.,-4.15));
#16565=CARTESIAN_POINT('',(0.257142857142858,11.,-2.56363075267509E-17));
#16566=CARTESIAN_POINT('',(0.257142857142858,11.,-0.65));
#16567=CARTESIAN_POINT('',(0.,11.,-0.65));
#16568=CARTESIAN_POINT('',(0.757142857142858,11.,-0.65));
#16569=CARTESIAN_POINT('',(0.757142857142858,11.,0.));
#16570=CARTESIAN_POINT('',(0.757142857142858,11.,-4.15));
#16571=CARTESIAN_POINT('',(-5.96,11.,-4.15));
#16572=CARTESIAN_POINT('',(1.27142857142857,11.,-4.15));
#16573=CARTESIAN_POINT('',(1.27142857142857,11.,-1.26757298326713E-16));
#16574=CARTESIAN_POINT('',(1.27142857142857,11.,-0.65));
#16575=CARTESIAN_POINT('',(0.,11.,-0.65));
#16576=CARTESIAN_POINT('',(1.77142857142857,11.,-0.65));
#16577=CARTESIAN_POINT('',(1.77142857142857,11.,0.));
#16578=CARTESIAN_POINT('',(1.77142857142857,11.,-4.15));
#16579=CARTESIAN_POINT('',(-5.96,11.,-4.15));
#16580=CARTESIAN_POINT('',(2.28571428571429,11.,-4.15));
#16581=CARTESIAN_POINT('',(2.28571428571429,11.,-2.27878289126674E-16));
#16582=CARTESIAN_POINT('',(2.28571428571429,11.,-0.65));
#16583=CARTESIAN_POINT('',(0.,11.,-0.65));
#16584=CARTESIAN_POINT('',(2.78571428571429,11.,-0.65));
#16585=CARTESIAN_POINT('',(2.78571428571429,11.,0.));
#16586=CARTESIAN_POINT('',(2.78571428571429,11.,-4.15));
#16587=CARTESIAN_POINT('',(-5.96,11.,-4.15));
#16588=CARTESIAN_POINT('',(3.3,11.,-4.15));
#16589=CARTESIAN_POINT('',(3.3,11.,-3.28999279926636E-16));
#16590=CARTESIAN_POINT('',(3.3,11.,-0.65));
#16591=CARTESIAN_POINT('',(0.,11.,-0.65));
#16592=CARTESIAN_POINT('',(-5.96,11.,-4.15));
#16593=CARTESIAN_POINT('',(5.96,11.,-4.15));
#16594=CARTESIAN_POINT('',(5.96,11.,-4.15));
#16595=CARTESIAN_POINT('',(5.96,11.,1.5));
#16596=CARTESIAN_POINT('',(5.96,11.,1.5));
#16597=CARTESIAN_POINT('',(3.15,11.,1.5));
#16598=CARTESIAN_POINT('',(3.15,11.,4.35));
#16599=CARTESIAN_POINT('',(3.15,11.,-0.199999999999999));
#16600=CARTESIAN_POINT('',(3.15,11.,-0.199999999999999));
#16601=CARTESIAN_POINT('',(-3.15,11.,-0.2));
#16602=CARTESIAN_POINT('',(-3.15,11.,-0.2));
#16603=CARTESIAN_POINT('',(-3.15,11.,1.5));
#16604=CARTESIAN_POINT('',(-3.15,11.,1.5));
#16605=CARTESIAN_POINT('',(-5.96,11.,1.5));
#16606=CARTESIAN_POINT('',(-5.96,11.,2.75));
#16607=CARTESIAN_POINT('',(-5.96,11.,-4.15));
#16608=CARTESIAN_POINT('',(-5.96,11.,-4.15));
#16609=CARTESIAN_POINT('',(-5.96,11.,-4.15));
#16610=CARTESIAN_POINT('',(-5.96,11.,-4.15));
#16611=CARTESIAN_POINT('',(-5.96,0.3,-4.15));
#16612=CARTESIAN_POINT('',(-5.96,0.3,-4.15));
#16613=CARTESIAN_POINT('',(5.96,0.3,-4.15));
#16614=CARTESIAN_POINT('',(5.96,11.,-4.15));
#16615=CARTESIAN_POINT('',(-5.96,2.5,-4.15));
#16616=CARTESIAN_POINT('',(3.3,2.5,-4.15));
#16617=CARTESIAN_POINT('',(3.3,11.,-4.15));
#16618=CARTESIAN_POINT('',(2.78571428571429,11.,-4.15));
#16619=CARTESIAN_POINT('',(2.78571428571429,2.5,-4.15));
#16620=CARTESIAN_POINT('',(-5.96,2.5,-4.15));
#16621=CARTESIAN_POINT('',(2.28571428571429,2.5,-4.15));
#16622=CARTESIAN_POINT('',(2.28571428571429,11.,-4.15));
#16623=CARTESIAN_POINT('',(1.77142857142857,11.,-4.15));
#16624=CARTESIAN_POINT('',(1.77142857142857,2.5,-4.15));
#16625=CARTESIAN_POINT('',(-5.96,2.5,-4.15));
#16626=CARTESIAN_POINT('',(1.27142857142857,2.5,-4.15));
#16627=CARTESIAN_POINT('',(1.27142857142857,11.,-4.15));
#16628=CARTESIAN_POINT('',(0.757142857142858,11.,-4.15));
#16629=CARTESIAN_POINT('',(0.757142857142858,2.5,-4.15));
#16630=CARTESIAN_POINT('',(-5.96,2.5,-4.15));
#16631=CARTESIAN_POINT('',(0.257142857142858,2.5,-4.15));
#16632=CARTESIAN_POINT('',(0.257142857142859,11.,-4.15));
#16633=CARTESIAN_POINT('',(-0.257142857142856,11.,-4.15));
#16634=CARTESIAN_POINT('',(-0.257142857142856,2.5,-4.15));
#16635=CARTESIAN_POINT('',(-5.96,2.5,-4.15));
#16636=CARTESIAN_POINT('',(-0.757142857142856,2.5,-4.15));
#16637=CARTESIAN_POINT('',(-0.757142857142856,11.,-4.15));
#16638=CARTESIAN_POINT('',(-1.27142857142857,11.,-4.15));
#16639=CARTESIAN_POINT('',(-1.27142857142857,2.5,-4.15));
#16640=CARTESIAN_POINT('',(-5.96,2.5,-4.15));
#16641=CARTESIAN_POINT('',(-1.77142857142857,2.5,-4.15));
#16642=CARTESIAN_POINT('',(-1.77142857142857,11.,-4.15));
#16643=CARTESIAN_POINT('',(-2.28571428571428,11.,-4.15));
#16644=CARTESIAN_POINT('',(-2.28571428571428,2.5,-4.15));
#16645=CARTESIAN_POINT('',(-5.96,2.5,-4.15));
#16646=CARTESIAN_POINT('',(-2.78571428571428,2.5,-4.15));
#16647=CARTESIAN_POINT('',(-2.78571428571428,11.,-4.15));
#16648=CARTESIAN_POINT('',(-3.3,11.,-4.15));
#16649=CARTESIAN_POINT('',(-3.3,2.5,-4.15));
#16650=CARTESIAN_POINT('',(-5.96,2.5,-4.15));
#16651=CARTESIAN_POINT('',(3.8,9.9,-5.));
#16652=CARTESIAN_POINT('',(-2.28571428571428,2.5,-5.));
#16653=CARTESIAN_POINT('',(-2.28571428571428,13.6,-5.));
#16654=CARTESIAN_POINT('',(3.8,13.6,-5.));
#16655=CARTESIAN_POINT('',(-1.77142857142857,13.6,-5.));
#16656=CARTESIAN_POINT('',(-1.77142857142857,2.5,-5.));
#16657=CARTESIAN_POINT('',(3.8,9.9,-5.));
#16658=CARTESIAN_POINT('',(-1.27142857142857,2.5,-5.));
#16659=CARTESIAN_POINT('',(-1.27142857142857,13.6,-5.));
#16660=CARTESIAN_POINT('',(3.8,13.6,-5.));
#16661=CARTESIAN_POINT('',(-0.757142857142856,13.6,-5.));
#16662=CARTESIAN_POINT('',(-0.757142857142856,2.5,-5.));
#16663=CARTESIAN_POINT('',(3.8,9.9,-5.));
#16664=CARTESIAN_POINT('',(-0.257142857142856,2.5,-5.));
#16665=CARTESIAN_POINT('',(-0.257142857142856,13.6,-5.));
#16666=CARTESIAN_POINT('',(3.8,13.6,-5.));
#16667=CARTESIAN_POINT('',(0.257142857142858,13.6,-5.));
#16668=CARTESIAN_POINT('',(0.257142857142858,2.5,-5.));
#16669=CARTESIAN_POINT('',(3.8,9.9,-5.));
#16670=CARTESIAN_POINT('',(0.757142857142858,2.5,-5.));
#16671=CARTESIAN_POINT('',(0.757142857142858,13.6,-5.));
#16672=CARTESIAN_POINT('',(3.8,13.6,-5.));
#16673=CARTESIAN_POINT('',(1.27142857142857,13.6,-5.));
#16674=CARTESIAN_POINT('',(1.27142857142857,2.5,-5.));
#16675=CARTESIAN_POINT('',(3.8,9.9,-5.));
#16676=CARTESIAN_POINT('',(1.77142857142857,2.5,-5.));
#16677=CARTESIAN_POINT('',(1.77142857142857,13.6,-5.));
#16678=CARTESIAN_POINT('',(3.8,13.6,-5.));
#16679=CARTESIAN_POINT('',(2.28571428571429,13.6,-5.));
#16680=CARTESIAN_POINT('',(2.28571428571429,2.5,-5.));
#16681=CARTESIAN_POINT('',(3.8,9.9,-5.));
#16682=CARTESIAN_POINT('',(2.78571428571429,2.5,-5.));
#16683=CARTESIAN_POINT('',(2.78571428571429,13.6,-5.));
#16684=CARTESIAN_POINT('',(3.8,13.6,-5.));
#16685=CARTESIAN_POINT('',(3.3,13.6,-5.));
#16686=CARTESIAN_POINT('',(3.3,2.5,-5.));
#16687=CARTESIAN_POINT('',(-6.5875,14.,-6.45));
#16688=CARTESIAN_POINT('',(-6.5875,14.,-6.45));
#16689=CARTESIAN_POINT('',(-6.5875,14.,-3.25));
#16690=CARTESIAN_POINT('',(-6.5875,14.,-3.25));
#16691=CARTESIAN_POINT('',(-6.5875,14.1,-3.25));
#16692=CARTESIAN_POINT('',(-6.5875,14.1,-3.25));
#16693=CARTESIAN_POINT('',(-6.5875,14.1,-4.35));
#16694=CARTESIAN_POINT('',(-6.5875,14.1,-4.35));
#16695=CARTESIAN_POINT('',(-6.5875,14.6,-4.35));
#16696=CARTESIAN_POINT('',(-6.5875,14.6,-6.45));
#16697=CARTESIAN_POINT('',(-3.625,10.5,5.65));
#16698=CARTESIAN_POINT('',(-7.125,10.5,5.65));
#16699=CARTESIAN_POINT('',(-7.125,10.5,5.65));
#16700=CARTESIAN_POINT('',(-7.125,12.9,5.65));
#16701=CARTESIAN_POINT('',(-3.625,12.9,5.65));
#16702=CARTESIAN_POINT('',(-3.625,12.9,5.65));
#16703=CARTESIAN_POINT('',(-3.625,10.5,5.65));
#16704=CARTESIAN_POINT('',(-3.625,10.5,5.65));
#16705=CARTESIAN_POINT('',(-3.625,10.5,5.65));
#16706=CARTESIAN_POINT('',(-7.125,10.5,3.55));
#16707=CARTESIAN_POINT('',(-3.625,10.5,3.55));
#16708=CARTESIAN_POINT('',(-3.625,10.5,3.55));
#16709=CARTESIAN_POINT('',(-3.625,12.9,3.55));
#16710=CARTESIAN_POINT('',(-7.125,12.9,3.55));
#16711=CARTESIAN_POINT('',(-7.125,12.9,3.55));
#16712=CARTESIAN_POINT('',(-7.125,10.5,3.55));
#16713=CARTESIAN_POINT('',(-7.125,10.5,3.55));
#16714=CARTESIAN_POINT('',(-7.125,10.5,3.55));
#16715=CARTESIAN_POINT('',(6.5875,14.,-3.25));
#16716=CARTESIAN_POINT('',(6.5875,14.,-6.19));
#16717=CARTESIAN_POINT('',(6.5875,14.6,-6.19));
#16718=CARTESIAN_POINT('',(6.5875,14.,-6.19));
#16719=CARTESIAN_POINT('',(6.5875,14.6,-3.25));
#16720=CARTESIAN_POINT('',(6.5875,14.6,-4.35));
#16721=CARTESIAN_POINT('',(6.5875,14.1,-4.35));
#16722=CARTESIAN_POINT('',(6.5875,14.1,-4.35));
#16723=CARTESIAN_POINT('',(6.5875,14.1,-4.35));
#16724=CARTESIAN_POINT('',(6.5875,14.1,-3.25));
#16725=CARTESIAN_POINT('',(6.5875,14.,-3.25));
#16726=CARTESIAN_POINT('',(6.5875,14.,-3.25));
#16727=CARTESIAN_POINT('',(6.5875,14.,-3.25));
#16728=CARTESIAN_POINT('',(7.125,12.9,-3.25));
#16729=CARTESIAN_POINT('',(6.5875,14.1,-3.25));
#16730=CARTESIAN_POINT('',(4.8375,14.1,-3.25));
#16731=CARTESIAN_POINT('',(4.8375,14.,-3.25));
#16732=CARTESIAN_POINT('',(4.8375,14.,-3.25));
#16733=CARTESIAN_POINT('',(4.3,14.,-3.25));
#16734=CARTESIAN_POINT('',(4.3,14.,-3.25));
#16735=CARTESIAN_POINT('',(4.3,12.9,-3.25));
#16736=CARTESIAN_POINT('',(4.3,12.2,-3.25));
#16737=CARTESIAN_POINT('',(7.125,12.2,-3.25));
#16738=CARTESIAN_POINT('',(7.125,12.2,-3.25));
#16739=CARTESIAN_POINT('',(7.125,12.9,-3.25));
#16740=CARTESIAN_POINT('',(7.125,14.,-3.25));
#16741=CARTESIAN_POINT('',(7.125,14.,-3.25));
#16742=CARTESIAN_POINT('',(-3.15,3.,4.35));
#16743=CARTESIAN_POINT('',(3.15,3.,4.35));
#16744=CARTESIAN_POINT('',(3.15,12.,4.35));
#16745=CARTESIAN_POINT('',(3.15,12.6,4.35));
#16746=CARTESIAN_POINT('',(3.15,12.6,4.35));
#16747=CARTESIAN_POINT('',(-3.15,12.6,4.35));
#16748=CARTESIAN_POINT('',(-3.15,3.,4.35));
#16749=CARTESIAN_POINT('',(-3.15,12.,4.35));
#16750=CARTESIAN_POINT('',(-3.15,12.,4.35));
#16751=CARTESIAN_POINT('',(3.175,13.6,2.45));
#16752=CARTESIAN_POINT('',(3.175,13.6,2.45));
#16753=CARTESIAN_POINT('',(3.175,13.6,2.45));
#16754=CARTESIAN_POINT('',(3.15,13.6,2.45));
#16755=CARTESIAN_POINT('',(3.15,12.6,2.45));
#16756=CARTESIAN_POINT('',(3.15,14.2,2.45));
#16757=CARTESIAN_POINT('',(-1.67325689611936E-16,14.2,2.45));
#16758=CARTESIAN_POINT('',(3.175,14.2,2.45));
#16759=CARTESIAN_POINT('',(3.175,13.6,2.45));
#16760=CARTESIAN_POINT('',(7.125,10.5,3.55));
#16761=CARTESIAN_POINT('',(7.125,10.5,-6.19));
#16762=CARTESIAN_POINT('',(7.125,14.,-6.19));
#16763=CARTESIAN_POINT('',(7.125,14.,-6.45));
#16764=CARTESIAN_POINT('',(7.125,12.2,2.15));
#16765=CARTESIAN_POINT('',(7.125,12.2,2.15));
#16766=CARTESIAN_POINT('',(7.125,12.2,2.15));
#16767=CARTESIAN_POINT('',(7.125,12.9,2.15));
#16768=CARTESIAN_POINT('',(7.125,12.9,6.45));
#16769=CARTESIAN_POINT('',(7.125,12.9,3.55));
#16770=CARTESIAN_POINT('',(7.125,10.5,3.55));
#16771=CARTESIAN_POINT('',(7.125,10.5,3.55));
#16772=CARTESIAN_POINT('',(7.125,10.5,3.55));
#16773=CARTESIAN_POINT('',(7.125,10.5,5.65));
#16774=CARTESIAN_POINT('',(7.125,10.5,5.65));
#16775=CARTESIAN_POINT('',(7.125,12.9,5.65));
#16776=CARTESIAN_POINT('',(7.125,12.9,6.45));
#16777=CARTESIAN_POINT('',(7.125,14.2,2.45));
#16778=CARTESIAN_POINT('',(7.125,14.2,2.45));
#16779=CARTESIAN_POINT('',(7.125,14.2,2.45));
#16780=CARTESIAN_POINT('',(0.,14.2,0.));
#16781=CARTESIAN_POINT('',(3.15,14.2,2.75));
#16782=CARTESIAN_POINT('',(3.15,14.2,5.65));
#16783=CARTESIAN_POINT('',(3.15,14.2,5.65));
#16784=CARTESIAN_POINT('',(-3.15,14.2,5.65));
#16785=CARTESIAN_POINT('',(-3.15,14.2,4.35));
#16786=CARTESIAN_POINT('',(-3.15,14.2,2.45));
#16787=CARTESIAN_POINT('',(-1.67325689611936E-16,14.2,2.45));
#16788=CARTESIAN_POINT('',(-3.175,14.2,2.45));
#16789=CARTESIAN_POINT('',(-3.175,14.2,4.44173148082772E-16));
#16790=CARTESIAN_POINT('',(-3.175,14.2,-0.65));
#16791=CARTESIAN_POINT('',(-3.625,14.2,-0.65));
#16792=CARTESIAN_POINT('',(-4.3,14.2,-0.98));
#16793=CARTESIAN_POINT('',(-4.3,14.2,-0.98));
#16794=CARTESIAN_POINT('',(-4.3,14.2,1.85));
#16795=CARTESIAN_POINT('',(-4.3,14.2,1.85));
#16796=CARTESIAN_POINT('',(-3.625,14.2,1.85));
#16797=CARTESIAN_POINT('',(-3.625,14.2,1.85));
#16798=CARTESIAN_POINT('',(-3.625,14.2,6.45));
#16799=CARTESIAN_POINT('',(3.625,14.2,-0.65));
#16800=CARTESIAN_POINT('',(3.625,14.2,1.85));
#16801=CARTESIAN_POINT('',(4.3,14.2,1.85));
#16802=CARTESIAN_POINT('',(4.3,14.2,1.85));
#16803=CARTESIAN_POINT('',(4.3,14.2,-0.98));
#16804=CARTESIAN_POINT('',(4.3,14.2,-0.98));
#16805=CARTESIAN_POINT('',(3.625,14.2,-0.98));
#16806=CARTESIAN_POINT('',(-3.625,14.2,-0.65));
#16807=CARTESIAN_POINT('',(3.175,14.2,-0.65));
#16808=CARTESIAN_POINT('',(3.175,14.2,4.44173148082771E-16));
#16809=CARTESIAN_POINT('',(3.625,10.5,5.65));
#16810=CARTESIAN_POINT('',(3.625,12.9,1.85));
#16811=CARTESIAN_POINT('',(3.625,12.9,1.85));
#16812=CARTESIAN_POINT('',(3.625,12.9,1.85));
#16813=CARTESIAN_POINT('',(3.625,12.9,5.65));
#16814=CARTESIAN_POINT('',(3.625,10.5,5.65));
#16815=CARTESIAN_POINT('',(3.625,10.5,5.65));
#16816=CARTESIAN_POINT('',(3.625,10.5,5.65));
#16817=CARTESIAN_POINT('',(3.625,10.5,3.55));
#16818=CARTESIAN_POINT('',(3.625,10.5,3.55));
#16819=CARTESIAN_POINT('',(3.625,12.9,3.55));
#16820=CARTESIAN_POINT('',(3.625,12.9,1.85));
#16821=CARTESIAN_POINT('',(-3.625,10.5,3.55));
#16822=CARTESIAN_POINT('',(-3.625,12.9,1.85));
#16823=CARTESIAN_POINT('',(-3.625,12.9,1.85));
#16824=CARTESIAN_POINT('',(-3.625,12.9,6.45));
#16825=CARTESIAN_POINT('',(-3.625,10.5,3.55));
#16826=CARTESIAN_POINT('',(-3.625,12.9,6.45));
#16827=CARTESIAN_POINT('',(7.125,10.5,5.65));
#16828=CARTESIAN_POINT('',(7.125,12.9,5.65));
#16829=CARTESIAN_POINT('',(7.125,10.5,5.65));
#16830=CARTESIAN_POINT('',(3.625,10.5,3.55));
#16831=CARTESIAN_POINT('',(3.625,12.9,3.55));
#16832=CARTESIAN_POINT('',(3.625,10.5,3.55));
#16833=CARTESIAN_POINT('',(-5.96,11.,2.75));
#16834=CARTESIAN_POINT('',(-5.96,11.,2.75));
#16835=CARTESIAN_POINT('',(-5.96,9.55,2.75));
#16836=CARTESIAN_POINT('',(-5.96,0.3,2.75));
#16837=CARTESIAN_POINT('',(-5.96,0.3,2.75));
#16838=CARTESIAN_POINT('',(-5.96,0.3,0.850000000000001));
#16839=CARTESIAN_POINT('',(-5.96,9.4,0.850000000000001));
#16840=CARTESIAN_POINT('',(-5.96,9.4,0.850000000000001));
#16841=CARTESIAN_POINT('',(-5.96,9.4,-2.15));
#16842=CARTESIAN_POINT('',(-5.96,9.4,-2.15));
#16843=CARTESIAN_POINT('',(-5.96,9.4,-2.15));
#16844=CARTESIAN_POINT('',(-5.96,0.3,-2.15));
#16845=CARTESIAN_POINT('',(-5.96,0.3,2.75));
#16846=CARTESIAN_POINT('',(-5.96,9.55,1.5));
#16847=CARTESIAN_POINT('',(-5.96,9.55,1.5));
#16848=CARTESIAN_POINT('',(-5.96,9.55,1.5));
#16849=CARTESIAN_POINT('',(7.875,15.,6.45));
#16850=CARTESIAN_POINT('',(7.875,9.62,-6.19));
#16851=CARTESIAN_POINT('',(7.875,10.7,-6.19));
#16852=CARTESIAN_POINT('',(7.875,10.7,-41.5298964978816));
#16853=CARTESIAN_POINT('',(7.875,0.,-6.19));
#16854=CARTESIAN_POINT('',(7.875,3.22,-6.19));
#16855=CARTESIAN_POINT('',(7.875,3.22,-6.19));
#16856=CARTESIAN_POINT('',(7.875,15.,-6.45));
#16857=CARTESIAN_POINT('',(-3.15,11.,2.75));
#16858=CARTESIAN_POINT('',(-3.15,11.,2.75));
#16859=CARTESIAN_POINT('',(-3.15,9.55,2.75));
#16860=CARTESIAN_POINT('',(-3.15,0.3,2.75));
#16861=CARTESIAN_POINT('',(-3.15,0.3,2.75));
#16862=CARTESIAN_POINT('',(-5.96,9.55,2.75));
#16863=CARTESIAN_POINT('',(5.96,11.,-4.15));
#16864=CARTESIAN_POINT('',(5.96,9.4,0.850000000000001));
#16865=CARTESIAN_POINT('',(5.96,9.4,0.850000000000001));
#16866=CARTESIAN_POINT('',(5.96,0.3,0.850000000000001));
#16867=CARTESIAN_POINT('',(5.96,0.3,-4.15));
#16868=CARTESIAN_POINT('',(5.96,0.3,2.75));
#16869=CARTESIAN_POINT('',(5.96,11.,2.75));
#16870=CARTESIAN_POINT('',(5.96,9.55,2.75));
#16871=CARTESIAN_POINT('',(5.96,9.55,2.75));
#16872=CARTESIAN_POINT('',(5.96,9.55,1.5));
#16873=CARTESIAN_POINT('',(5.96,9.55,1.5));
#16874=CARTESIAN_POINT('',(5.96,0.3,-4.15));
#16875=CARTESIAN_POINT('',(5.96,0.3,-2.15));
#16876=CARTESIAN_POINT('',(5.96,9.4,-2.15));
#16877=CARTESIAN_POINT('',(5.96,9.4,-2.15));
#16878=CARTESIAN_POINT('',(5.96,9.4,0.850000000000001));
#16879=CARTESIAN_POINT('',(5.96,11.,2.75));
#16880=CARTESIAN_POINT('',(5.96,0.3,2.75));
#16881=CARTESIAN_POINT('',(3.15,0.3,2.75));
#16882=CARTESIAN_POINT('',(3.15,11.,2.75));
#16883=CARTESIAN_POINT('',(3.15,9.55,2.75));
#16884=CARTESIAN_POINT('',(3.15,9.55,2.75));
#16885=CARTESIAN_POINT('',(3.15,11.,2.75));
#16886=CARTESIAN_POINT('',(3.15,0.3,2.75));
#16887=CARTESIAN_POINT('',(3.15,0.3,4.35));
#16888=CARTESIAN_POINT('',(3.15,11.,4.35));
#16889=CARTESIAN_POINT('',(3.15,3.,4.35));
#16890=CARTESIAN_POINT('',(3.15,3.,4.35));
#16891=CARTESIAN_POINT('',(3.15,3.,5.65));
#16892=CARTESIAN_POINT('',(3.15,3.,5.65));
#16893=CARTESIAN_POINT('',(3.15,12.6,2.45));
#16894=CARTESIAN_POINT('',(3.15,12.6,2.45));
#16895=CARTESIAN_POINT('',(3.15,12.6,2.45));
#16896=CARTESIAN_POINT('',(3.15,12.,4.35));
#16897=CARTESIAN_POINT('',(3.15,12.,-0.199999999999999));
#16898=CARTESIAN_POINT('',(3.15,12.,-0.199999999999999));
#16899=CARTESIAN_POINT('',(3.15,9.55,1.5));
#16900=CARTESIAN_POINT('',(3.15,9.55,1.5));
#16901=CARTESIAN_POINT('',(3.15,9.55,1.5));
#16902=CARTESIAN_POINT('',(3.15,11.,4.35));
#16903=CARTESIAN_POINT('',(3.15,0.3,4.35));
#16904=CARTESIAN_POINT('',(2.05,0.3,4.35));
#16905=CARTESIAN_POINT('',(2.05,11.,4.35));
#16906=CARTESIAN_POINT('',(2.05,3.,4.35));
#16907=CARTESIAN_POINT('',(-3.15,3.,4.35));
#16908=CARTESIAN_POINT('',(2.05,11.,4.35));
#16909=CARTESIAN_POINT('',(2.05,0.3,4.35));
#16910=CARTESIAN_POINT('',(2.05,0.3,5.55));
#16911=CARTESIAN_POINT('',(2.05,11.,5.55));
#16912=CARTESIAN_POINT('',(2.05,3.,5.55));
#16913=CARTESIAN_POINT('',(2.05,3.,4.35));
#16914=CARTESIAN_POINT('',(2.05,11.,5.55));
#16915=CARTESIAN_POINT('',(2.05,0.3,5.55));
#16916=CARTESIAN_POINT('',(-2.05,0.3,5.55));
#16917=CARTESIAN_POINT('',(-2.05,11.,5.55));
#16918=CARTESIAN_POINT('',(-2.05,3.,5.55));
#16919=CARTESIAN_POINT('',(2.05,3.,5.55));
#16920=CARTESIAN_POINT('',(-2.05,11.,5.55));
#16921=CARTESIAN_POINT('',(-2.05,0.3,5.55));
#16922=CARTESIAN_POINT('',(-2.05,0.3,4.35));
#16923=CARTESIAN_POINT('',(-2.05,11.,4.35));
#16924=CARTESIAN_POINT('',(-2.05,3.,4.35));
#16925=CARTESIAN_POINT('',(-2.05,3.,5.55));
#16926=CARTESIAN_POINT('',(-2.05,11.,4.35));
#16927=CARTESIAN_POINT('',(-2.05,0.3,4.35));
#16928=CARTESIAN_POINT('',(-3.15,0.3,4.35));
#16929=CARTESIAN_POINT('',(-3.15,11.,4.35));
#16930=CARTESIAN_POINT('',(-3.15,3.,4.35));
#16931=CARTESIAN_POINT('',(-3.15,3.,4.35));
#16932=CARTESIAN_POINT('',(-3.15,11.,4.35));
#16933=CARTESIAN_POINT('',(-3.15,0.3,4.35));
#16934=CARTESIAN_POINT('',(-3.15,9.55,2.75));
#16935=CARTESIAN_POINT('',(-3.15,9.55,1.5));
#16936=CARTESIAN_POINT('',(-3.15,9.55,1.5));
#16937=CARTESIAN_POINT('',(-3.15,12.,-0.2));
#16938=CARTESIAN_POINT('',(-3.15,12.,-0.2));
#16939=CARTESIAN_POINT('',(-3.15,12.,-0.2));
#16940=CARTESIAN_POINT('',(-3.15,12.6,4.35));
#16941=CARTESIAN_POINT('',(-3.15,12.6,2.45));
#16942=CARTESIAN_POINT('',(-3.15,12.6,2.45));
#16943=CARTESIAN_POINT('',(-3.15,13.6,2.45));
#16944=CARTESIAN_POINT('',(-3.15,12.6,2.45));
#16945=CARTESIAN_POINT('',(-3.15,3.,5.65));
#16946=CARTESIAN_POINT('',(-3.15,3.,5.65));
#16947=CARTESIAN_POINT('',(-3.15,3.,5.65));
#16948=CARTESIAN_POINT('',(0.,3.,0.));
#16949=CARTESIAN_POINT('',(3.15,3.,5.65));
#16950=CARTESIAN_POINT('',(3.15,3.,5.65));
#16951=CARTESIAN_POINT('',(1.4,38.6844167725603,0.449999999999999));
#16952=CARTESIAN_POINT('',(1.4,13.6,0.449999999999999));
#16953=CARTESIAN_POINT('',(1.4,13.6,2.25));
#16954=CARTESIAN_POINT('',(1.4,13.6,0.449999999999999));
#16955=CARTESIAN_POINT('',(1.4,38.6844167725603,2.25));
#16956=CARTESIAN_POINT('',(1.4,12.,2.25));
#16957=CARTESIAN_POINT('',(1.4,12.,0.449999999999999));
#16958=CARTESIAN_POINT('',(1.4,12.,0.449999999999999));
#16959=CARTESIAN_POINT('',(1.4,38.6844167725603,0.449999999999999));
#16960=CARTESIAN_POINT('',(1.4,38.6844167725603,2.25));
#16961=CARTESIAN_POINT('',(1.4,13.6,2.25));
#16962=CARTESIAN_POINT('',(2.4,13.6,2.25));
#16963=CARTESIAN_POINT('',(2.4,38.6844167725603,2.25));
#16964=CARTESIAN_POINT('',(2.4,12.,2.25));
#16965=CARTESIAN_POINT('',(1.4,12.,2.25));
#16966=CARTESIAN_POINT('',(2.4,38.6844167725603,2.25));
#16967=CARTESIAN_POINT('',(2.4,13.6,2.25));
#16968=CARTESIAN_POINT('',(2.4,13.6,0.449999999999999));
#16969=CARTESIAN_POINT('',(2.4,38.6844167725603,0.449999999999999));
#16970=CARTESIAN_POINT('',(2.4,12.,0.449999999999999));
#16971=CARTESIAN_POINT('',(2.4,12.,2.25));
#16972=CARTESIAN_POINT('',(2.4,38.6844167725603,0.449999999999999));
#16973=CARTESIAN_POINT('',(2.4,13.6,0.449999999999999));
#16974=CARTESIAN_POINT('',(2.4,12.,0.449999999999999));
#16975=CARTESIAN_POINT('',(-2.4,38.6844167725603,2.25));
#16976=CARTESIAN_POINT('',(-2.4,13.6,2.25));
#16977=CARTESIAN_POINT('',(-1.4,13.6,2.25));
#16978=CARTESIAN_POINT('',(-2.4,13.6,2.25));
#16979=CARTESIAN_POINT('',(-1.4,38.6844167725603,2.25));
#16980=CARTESIAN_POINT('',(-1.4,12.,2.25));
#16981=CARTESIAN_POINT('',(-2.4,12.,2.25));
#16982=CARTESIAN_POINT('',(-2.4,12.,2.25));
#16983=CARTESIAN_POINT('',(-2.4,38.6844167725603,2.25));
#16984=CARTESIAN_POINT('',(-1.4,38.6844167725603,2.25));
#16985=CARTESIAN_POINT('',(-1.4,13.6,2.25));
#16986=CARTESIAN_POINT('',(-1.4,13.6,0.45));
#16987=CARTESIAN_POINT('',(-1.4,38.6844167725603,0.45));
#16988=CARTESIAN_POINT('',(-1.4,12.,0.45));
#16989=CARTESIAN_POINT('',(-1.4,12.,2.25));
#16990=CARTESIAN_POINT('',(-1.4,38.6844167725603,0.45));
#16991=CARTESIAN_POINT('',(-1.4,13.6,0.45));
#16992=CARTESIAN_POINT('',(-2.4,13.6,0.45));
#16993=CARTESIAN_POINT('',(-2.4,38.6844167725603,0.45));
#16994=CARTESIAN_POINT('',(-2.4,12.,0.45));
#16995=CARTESIAN_POINT('',(-1.4,12.,0.45));
#16996=CARTESIAN_POINT('',(-2.4,38.6844167725603,0.45));
#16997=CARTESIAN_POINT('',(-2.4,13.6,0.45));
#16998=CARTESIAN_POINT('',(-2.4,12.,0.45));
#16999=CARTESIAN_POINT('',(0.,10.5,0.));
#17000=CARTESIAN_POINT('',(-1.04083408558608E-15,10.5,4.8));
#17001=CARTESIAN_POINT('',(7.105,10.5,4.8));
#17002=CARTESIAN_POINT('',(6.605,10.5,4.8));
#17003=CARTESIAN_POINT('',(6.605,10.5,0.));
#17004=CARTESIAN_POINT('',(6.605,10.5,4.3));
#17005=CARTESIAN_POINT('',(9.32413868337534E-16,10.5,4.3));
#17006=CARTESIAN_POINT('',(7.105,10.5,4.3));
#17007=CARTESIAN_POINT('',(7.105,10.5,0.));
#17008=CARTESIAN_POINT('',(4.815,10.5,0.));
#17009=CARTESIAN_POINT('',(4.815,10.5,4.3));
#17010=CARTESIAN_POINT('',(4.815,10.5,4.8));
#17011=CARTESIAN_POINT('',(-5.20417042793043E-16,10.5,4.8));
#17012=CARTESIAN_POINT('',(4.315,10.5,4.8));
#17013=CARTESIAN_POINT('',(4.315,10.5,0.));
#17014=CARTESIAN_POINT('',(4.315,10.5,4.3));
#17015=CARTESIAN_POINT('',(4.66206934168767E-16,10.5,4.3));
#17016=CARTESIAN_POINT('',(0.,10.5,0.));
#17017=CARTESIAN_POINT('',(-7.125,10.5,5.65));
#17018=CARTESIAN_POINT('',(-7.125,10.5,5.65));
#17019=CARTESIAN_POINT('',(-7.125,14.2,2.45));
#17020=CARTESIAN_POINT('',(-7.125,14.2,2.45));
#17021=CARTESIAN_POINT('',(-7.125,14.2,6.45));
#17022=CARTESIAN_POINT('',(-7.125,12.9,-3.25));
#17023=CARTESIAN_POINT('',(-7.125,12.9,-3.25));
#17024=CARTESIAN_POINT('',(-7.125,12.9,2.15));
#17025=CARTESIAN_POINT('',(-7.125,12.2,2.15));
#17026=CARTESIAN_POINT('',(-7.125,12.2,2.15));
#17027=CARTESIAN_POINT('',(-7.125,12.2,-3.25));
#17028=CARTESIAN_POINT('',(-7.125,12.2,-3.25));
#17029=CARTESIAN_POINT('',(-7.125,12.9,-3.25));
#17030=CARTESIAN_POINT('',(-7.125,14.,-3.25));
#17031=CARTESIAN_POINT('',(-7.125,14.,-3.25));
#17032=CARTESIAN_POINT('',(3.15,12.,-0.199999999999999));
#17033=CARTESIAN_POINT('',(3.15,12.,-0.199999999999999));
#17034=CARTESIAN_POINT('',(0.,12.,0.));
#17035=CARTESIAN_POINT('',(0.,9.55,0.));
#17036=CARTESIAN_POINT('',(5.96,9.55,1.5));
#17037=CARTESIAN_POINT('',(5.96,9.55,1.5));
#17038=CARTESIAN_POINT('',(0.,9.55,0.));
#17039=CARTESIAN_POINT('',(-3.15,9.55,1.5));
#17040=CARTESIAN_POINT('',(-3.15,9.55,1.5));
#17041=CARTESIAN_POINT('',(0.,9.4,0.));
#17042=CARTESIAN_POINT('',(5.96,9.4,-2.15));
#17043=CARTESIAN_POINT('',(6.75,9.4,-2.15));
#17044=CARTESIAN_POINT('',(6.75,9.4,-2.15));
#17045=CARTESIAN_POINT('',(6.75,9.4,0.850000000000001));
#17046=CARTESIAN_POINT('',(6.75,9.4,0.850000000000001));
#17047=CARTESIAN_POINT('',(5.96,9.4,-2.15));
#17048=CARTESIAN_POINT('',(5.96,0.3,-2.15));
#17049=CARTESIAN_POINT('',(6.75,0.3,-2.15));
#17050=CARTESIAN_POINT('',(6.75,9.4,-2.15));
#17051=CARTESIAN_POINT('',(6.75,9.4,-2.15));
#17052=CARTESIAN_POINT('',(6.75,0.3,-2.15));
#17053=CARTESIAN_POINT('',(6.75,0.3,0.850000000000001));
#17054=CARTESIAN_POINT('',(6.75,9.4,0.850000000000001));
#17055=CARTESIAN_POINT('',(6.75,9.4,0.850000000000001));
#17056=CARTESIAN_POINT('',(6.75,0.3,0.850000000000001));
#17057=CARTESIAN_POINT('',(0.,9.4,0.));
#17058=CARTESIAN_POINT('',(-5.96,9.4,0.850000000000001));
#17059=CARTESIAN_POINT('',(-6.75,9.4,0.850000000000001));
#17060=CARTESIAN_POINT('',(-6.75,9.4,0.850000000000001));
#17061=CARTESIAN_POINT('',(-6.75,9.4,-2.15));
#17062=CARTESIAN_POINT('',(-6.75,9.4,-2.15));
#17063=CARTESIAN_POINT('',(-5.96,9.4,0.850000000000001));
#17064=CARTESIAN_POINT('',(-5.96,0.3,0.850000000000001));
#17065=CARTESIAN_POINT('',(-6.75,0.3,0.850000000000001));
#17066=CARTESIAN_POINT('',(-6.75,9.4,0.850000000000001));
#17067=CARTESIAN_POINT('',(-6.75,9.4,0.850000000000001));
#17068=CARTESIAN_POINT('',(-6.75,0.3,0.850000000000001));
#17069=CARTESIAN_POINT('',(-6.75,0.3,-2.15));
#17070=CARTESIAN_POINT('',(-6.75,9.4,-2.15));
#17071=CARTESIAN_POINT('',(-6.75,9.4,-2.15));
#17072=CARTESIAN_POINT('',(-6.75,0.3,-2.15));
#17073=CARTESIAN_POINT('',(0.,12.9,0.));
#17074=CARTESIAN_POINT('',(4.3,12.9,-3.25));
#17075=CARTESIAN_POINT('',(4.3,12.9,1.85));
#17076=CARTESIAN_POINT('',(4.3,12.9,2.15));
#17077=CARTESIAN_POINT('',(4.3,12.9,1.85));
#17078=CARTESIAN_POINT('',(4.3,12.9,2.15));
#17079=CARTESIAN_POINT('',(4.3,12.9,1.85));
#17080=CARTESIAN_POINT('',(4.3,12.9,1.85));
#17081=CARTESIAN_POINT('',(4.3,12.9,-3.25));
#17082=CARTESIAN_POINT('',(4.3,14.,-6.45));
#17083=CARTESIAN_POINT('',(4.3,14.,-6.19));
#17084=CARTESIAN_POINT('',(4.3,12.9,-6.19));
#17085=CARTESIAN_POINT('',(4.3,14.2,-0.98));
#17086=CARTESIAN_POINT('',(4.3,12.2,2.15));
#17087=CARTESIAN_POINT('',(4.3,12.2,2.15));
#17088=CARTESIAN_POINT('',(4.3,12.2,-3.25));
#17089=CARTESIAN_POINT('',(0.,12.9,0.));
#17090=CARTESIAN_POINT('',(4.3,12.2,2.15));
#17091=CARTESIAN_POINT('',(4.3,12.2,2.15));
#17092=CARTESIAN_POINT('',(0.,12.2,0.));
#17093=CARTESIAN_POINT('',(3.8,13.6,-0.65));
#17094=CARTESIAN_POINT('',(3.3,2.5,-0.65));
#17095=CARTESIAN_POINT('',(3.3,13.6,-0.65));
#17096=CARTESIAN_POINT('',(3.8,13.6,-0.65));
#17097=CARTESIAN_POINT('',(3.175,13.6,-0.65));
#17098=CARTESIAN_POINT('',(3.175,13.6,-0.65));
#17099=CARTESIAN_POINT('',(3.175,13.6,-0.65));
#17100=CARTESIAN_POINT('',(3.175,13.6,-0.65));
#17101=CARTESIAN_POINT('',(3.175,13.6,2.45));
#17102=CARTESIAN_POINT('',(3.175,13.6,2.45));
#17103=CARTESIAN_POINT('',(-3.175,13.6,2.45));
#17104=CARTESIAN_POINT('',(-3.175,13.6,2.45));
#17105=CARTESIAN_POINT('',(-3.175,13.6,2.45));
#17106=CARTESIAN_POINT('',(-3.175,13.6,2.45));
#17107=CARTESIAN_POINT('',(-3.175,13.6,-0.65));
#17108=CARTESIAN_POINT('',(-3.175,13.6,-0.65));
#17109=CARTESIAN_POINT('',(-3.175,13.6,-0.65));
#17110=CARTESIAN_POINT('',(-3.175,13.6,-0.65));
#17111=CARTESIAN_POINT('',(-3.3,13.6,-0.65));
#17112=CARTESIAN_POINT('',(-3.3,2.5,-0.65));
#17113=CARTESIAN_POINT('',(0.,13.6,0.));
#17114=CARTESIAN_POINT('',(-3.3,13.6,-5.));
#17115=CARTESIAN_POINT('',(3.175,13.6,2.45));
#17116=CARTESIAN_POINT('',(3.3,13.6,-0.65));
#17117=CARTESIAN_POINT('',(2.78571428571429,13.6,-5.));
#17118=CARTESIAN_POINT('',(2.78571428571429,13.6,-0.65));
#17119=CARTESIAN_POINT('',(2.78571428571429,13.6,-0.65));
#17120=CARTESIAN_POINT('',(2.28571428571429,13.6,-0.65));
#17121=CARTESIAN_POINT('',(2.28571428571429,13.6,-0.65));
#17122=CARTESIAN_POINT('',(1.77142857142857,13.6,-5.));
#17123=CARTESIAN_POINT('',(1.77142857142857,13.6,-0.65));
#17124=CARTESIAN_POINT('',(1.77142857142857,13.6,-0.65));
#17125=CARTESIAN_POINT('',(1.27142857142857,13.6,-0.65));
#17126=CARTESIAN_POINT('',(1.27142857142857,13.6,-0.65));
#17127=CARTESIAN_POINT('',(0.757142857142858,13.6,-5.));
#17128=CARTESIAN_POINT('',(0.757142857142858,13.6,-0.65));
#17129=CARTESIAN_POINT('',(0.757142857142858,13.6,-0.65));
#17130=CARTESIAN_POINT('',(0.257142857142858,13.6,-0.65));
#17131=CARTESIAN_POINT('',(0.257142857142858,13.6,-0.65));
#17132=CARTESIAN_POINT('',(-0.257142857142856,13.6,-5.));
#17133=CARTESIAN_POINT('',(-0.257142857142856,13.6,-0.65));
#17134=CARTESIAN_POINT('',(-0.257142857142856,13.6,-0.65));
#17135=CARTESIAN_POINT('',(-0.757142857142856,13.6,-0.65));
#17136=CARTESIAN_POINT('',(-0.757142857142856,13.6,-0.65));
#17137=CARTESIAN_POINT('',(-1.27142857142857,13.6,-5.));
#17138=CARTESIAN_POINT('',(-1.27142857142857,13.6,-0.65));
#17139=CARTESIAN_POINT('',(-1.27142857142857,13.6,-0.65));
#17140=CARTESIAN_POINT('',(-1.77142857142857,13.6,-0.65));
#17141=CARTESIAN_POINT('',(-1.77142857142857,13.6,-0.65));
#17142=CARTESIAN_POINT('',(-2.28571428571428,13.6,-5.));
#17143=CARTESIAN_POINT('',(-2.28571428571428,13.6,-0.65));
#17144=CARTESIAN_POINT('',(-2.28571428571428,13.6,-0.65));
#17145=CARTESIAN_POINT('',(-2.78571428571428,13.6,-0.65));
#17146=CARTESIAN_POINT('',(-2.78571428571428,13.6,-0.65));
#17147=CARTESIAN_POINT('',(3.625,14.2,-0.98));
#17148=CARTESIAN_POINT('',(7.525,14.2,6.45));
#17149=CARTESIAN_POINT('',(7.525,14.2,2.45));
#17150=CARTESIAN_POINT('',(7.525,14.2,2.45));
#17151=CARTESIAN_POINT('',(7.525,14.2,6.45));
#17152=CARTESIAN_POINT('',(7.525,14.2,2.45));
#17153=CARTESIAN_POINT('',(7.525,14.2,2.45));
#17154=CARTESIAN_POINT('',(0.,14.2,0.));
#17155=CARTESIAN_POINT('',(-3.15,12.6,2.45));
#17156=CARTESIAN_POINT('',(-3.15,12.6,2.45));
#17157=CARTESIAN_POINT('',(0.,12.6,0.));
#17158=CARTESIAN_POINT('',(0.,14.,0.));
#17159=CARTESIAN_POINT('',(0.,14.,-6.19));
#17160=CARTESIAN_POINT('',(0.,14.,0.));
#17161=CARTESIAN_POINT('',(0.,14.,-6.19));
#17162=CARTESIAN_POINT('',(4.8375,14.,-6.19));
#17163=CARTESIAN_POINT('',(4.8375,14.,-3.25));
#17164=CARTESIAN_POINT('',(4.8375,14.,-3.25));
#17165=CARTESIAN_POINT('',(4.8375,14.6,-6.45));
#17166=CARTESIAN_POINT('',(4.8375,14.6,-4.35));
#17167=CARTESIAN_POINT('',(4.8375,14.6,-6.19));
#17168=CARTESIAN_POINT('',(4.8375,14.,-6.19));
#17169=CARTESIAN_POINT('',(4.8375,14.1,-3.25));
#17170=CARTESIAN_POINT('',(4.8375,14.1,-4.35));
#17171=CARTESIAN_POINT('',(4.8375,14.1,-4.35));
#17172=CARTESIAN_POINT('',(4.8375,14.1,-4.35));
#17173=CARTESIAN_POINT('',(5.9625,15.225,-4.35));
#17174=CARTESIAN_POINT('',(4.5875,14.35,-4.35));
#17175=CARTESIAN_POINT('',(4.8375,14.1,-4.35));
#17176=CARTESIAN_POINT('',(0.,14.1,0.));
#17177=CARTESIAN_POINT('',(6.1875,15.,0.));
#17178=CARTESIAN_POINT('',(6.1875,15.,-6.19));
#17179=CARTESIAN_POINT('',(4.8375,14.6,-3.25));
#17180=CARTESIAN_POINT('',(4.8375,14.6,-6.19));
#17181=CARTESIAN_POINT('',(3.3,2.5,-5.));
#17182=CARTESIAN_POINT('',(3.3,6.78,-5.));
#17183=CARTESIAN_POINT('',(3.3,6.78,-5.));
#17184=CARTESIAN_POINT('',(3.3,2.5,-5.));
#17185=CARTESIAN_POINT('',(3.3,2.5,-5.));
#17186=CARTESIAN_POINT('',(3.3,2.5,-5.));
#17187=CARTESIAN_POINT('',(0.,2.5,0.));
#17188=CARTESIAN_POINT('',(3.3,2.5,-0.65));
#17189=CARTESIAN_POINT('',(3.3,2.5,-0.65));
#17190=CARTESIAN_POINT('',(3.3,6.78,-2.47092537509688));
#17191=CARTESIAN_POINT('',(6.355,5.2,-6.45));
#17192=CARTESIAN_POINT('',(6.355,5.2,-6.45));
#17193=CARTESIAN_POINT('',(6.355,5.2,-9.45));
#17194=CARTESIAN_POINT('',(6.355,5.2,-8.45));
#17195=CARTESIAN_POINT('',(6.355,6.75,-8.45));
#17196=CARTESIAN_POINT('',(6.355,5.2,-6.79));
#17197=CARTESIAN_POINT('',(6.9,6.65102549943135,-6.79));
#17198=CARTESIAN_POINT('',(5.72,6.61395721293114,-6.79));
#17199=CARTESIAN_POINT('',(6.9,6.65102549943135,-9.45));
#17200=CARTESIAN_POINT('',(5.72,6.61395721293114,-6.79));
#17201=CARTESIAN_POINT('',(6.355,5.2,-8.45));
#17202=CARTESIAN_POINT('',(6.355,5.2,-9.45));
#17203=CARTESIAN_POINT('',(6.355,6.25,-9.45));
#17204=CARTESIAN_POINT('',(6.355,4.15,-9.45));
#17205=CARTESIAN_POINT('',(0.,12.9,0.));
#17206=CARTESIAN_POINT('',(-7.125,12.9,2.15));
#17207=CARTESIAN_POINT('',(-4.3,12.9,2.15));
#17208=CARTESIAN_POINT('',(-3.625,12.9,1.85));
#17209=CARTESIAN_POINT('',(-4.3,12.9,1.85));
#17210=CARTESIAN_POINT('',(-4.3,12.9,2.15));
#17211=CARTESIAN_POINT('',(-4.3,12.9,-3.25));
#17212=CARTESIAN_POINT('',(-4.8375,14.,-3.25));
#17213=CARTESIAN_POINT('',(-4.8375,14.,-3.25));
#17214=CARTESIAN_POINT('',(-4.8375,14.1,-3.25));
#17215=CARTESIAN_POINT('',(-4.8375,14.1,-3.25));
#17216=CARTESIAN_POINT('',(-6.5875,14.,-3.25));
#17217=CARTESIAN_POINT('',(-4.3,12.2,-3.25));
#17218=CARTESIAN_POINT('',(-4.3,12.2,-3.25));
#17219=CARTESIAN_POINT('',(-4.3,12.9,-3.25));
#17220=CARTESIAN_POINT('',(-4.3,14.,-3.25));
#17221=CARTESIAN_POINT('',(-4.8375,14.,-3.25));
#17222=CARTESIAN_POINT('',(-4.3,12.9,1.85));
#17223=CARTESIAN_POINT('',(-4.3,14.,-3.25));
#17224=CARTESIAN_POINT('',(-4.3,12.2,2.15));
#17225=CARTESIAN_POINT('',(-4.3,12.2,2.15));
#17226=CARTESIAN_POINT('',(-4.3,12.2,2.15));
#17227=CARTESIAN_POINT('',(-4.3,12.9,1.85));
#17228=CARTESIAN_POINT('',(-4.3,14.2,-0.98));
#17229=CARTESIAN_POINT('',(-3.625,12.9,1.85));
#17230=CARTESIAN_POINT('',(0.,12.9,0.));
#17231=CARTESIAN_POINT('',(-7.125,12.2,2.15));
#17232=CARTESIAN_POINT('',(-7.125,12.2,2.15));
#17233=CARTESIAN_POINT('',(0.,12.2,0.));
#17234=CARTESIAN_POINT('',(-4.3,14.2,-0.98));
#17235=CARTESIAN_POINT('',(-7.125,14.2,2.45));
#17236=CARTESIAN_POINT('',(-7.525,14.2,2.45));
#17237=CARTESIAN_POINT('',(-7.525,14.2,2.45));
#17238=CARTESIAN_POINT('',(-7.125,14.2,2.45));
#17239=CARTESIAN_POINT('',(-7.525,14.2,2.45));
#17240=CARTESIAN_POINT('',(-7.525,14.2,2.45));
#17241=CARTESIAN_POINT('',(0.,14.2,0.));
#17242=CARTESIAN_POINT('',(0.,14.,0.));
#17243=CARTESIAN_POINT('',(0.,14.,0.));
#17244=CARTESIAN_POINT('',(-4.8375,14.,-6.45));
#17245=CARTESIAN_POINT('',(-4.8375,14.,-6.45));
#17246=CARTESIAN_POINT('',(-4.8375,14.6,-4.35));
#17247=CARTESIAN_POINT('',(-4.8375,14.6,-4.35));
#17248=CARTESIAN_POINT('',(-4.8375,14.1,-4.35));
#17249=CARTESIAN_POINT('',(-4.8375,14.1,-4.35));
#17250=CARTESIAN_POINT('',(-4.8375,14.1,-4.35));
#17251=CARTESIAN_POINT('',(-6.5875,14.1,-4.35));
#17252=CARTESIAN_POINT('',(-6.8375,14.35,-4.35));
#17253=CARTESIAN_POINT('',(-6.5875,14.1,-4.35));
#17254=CARTESIAN_POINT('',(-5.4625,15.225,-4.35));
#17255=CARTESIAN_POINT('',(0.,14.1,0.));
#17256=CARTESIAN_POINT('',(-6.1875,15.,0.));
#17257=CARTESIAN_POINT('',(-4.8375,14.6,-6.45));
#17258=CARTESIAN_POINT('',(-6.355,5.2,-9.45));
#17259=CARTESIAN_POINT('',(-6.9,6.65102549943135,-9.45));
#17260=CARTESIAN_POINT('',(-6.9,6.65102549943135,-6.79));
#17261=CARTESIAN_POINT('',(-6.355,5.2,-6.79));
#17262=CARTESIAN_POINT('',(-5.72,6.61395721293114,-6.79));
#17263=CARTESIAN_POINT('',(-5.72,6.61395721293114,-6.79));
#17264=CARTESIAN_POINT('',(-6.355,5.2,-6.45));
#17265=CARTESIAN_POINT('',(-6.355,5.2,-8.45));
#17266=CARTESIAN_POINT('',(-6.355,3.65,-8.45));
#17267=CARTESIAN_POINT('',(-6.355,3.65,-6.45));
#17268=CARTESIAN_POINT('',(-6.355,5.2,-9.45));
#17269=CARTESIAN_POINT('',(-6.355,5.2,-9.45));
#17270=CARTESIAN_POINT('',(-6.355,4.15,-9.45));
#17271=CARTESIAN_POINT('',(-6.355,5.2,-9.45));
#17272=CARTESIAN_POINT('',(2.28571428571429,2.5,-5.));
#17273=CARTESIAN_POINT('',(2.28571428571429,8.7,-5.));
#17274=CARTESIAN_POINT('',(2.28571428571429,8.7,-5.));
#17275=CARTESIAN_POINT('',(2.78571428571429,8.7,-5.));
#17276=CARTESIAN_POINT('',(2.28571428571429,2.5,-5.));
#17277=CARTESIAN_POINT('',(2.28571428571429,2.5,-5.));
#17278=CARTESIAN_POINT('',(2.28571428571429,2.5,-5.));
#17279=CARTESIAN_POINT('',(2.78571428571429,2.5,-5.));
#17280=CARTESIAN_POINT('',(2.78571428571429,2.5,-5.));
#17281=CARTESIAN_POINT('',(0.,2.5,0.));
#17282=CARTESIAN_POINT('',(2.78571428571429,2.5,-5.));
#17283=CARTESIAN_POINT('',(2.28571428571429,2.5,-0.65));
#17284=CARTESIAN_POINT('',(2.78571428571429,2.5,-5.));
#17285=CARTESIAN_POINT('',(2.78571428571429,8.7,-2.43701946489533));
#17286=CARTESIAN_POINT('',(2.78571428571429,2.5,-0.65));
#17287=CARTESIAN_POINT('',(2.78571428571429,2.5,-0.65));
#17288=CARTESIAN_POINT('',(2.28571428571429,2.5,-0.65));
#17289=CARTESIAN_POINT('',(2.28571428571429,2.5,-0.65));
#17290=CARTESIAN_POINT('',(2.28571428571428,8.7,-2.43701946489533));
#17291=CARTESIAN_POINT('',(1.27142857142857,2.5,-5.));
#17292=CARTESIAN_POINT('',(1.27142857142857,6.78,-5.));
#17293=CARTESIAN_POINT('',(1.27142857142857,6.78,-5.));
#17294=CARTESIAN_POINT('',(1.77142857142857,6.78,-5.));
#17295=CARTESIAN_POINT('',(1.27142857142857,2.5,-5.));
#17296=CARTESIAN_POINT('',(1.27142857142857,2.5,-5.));
#17297=CARTESIAN_POINT('',(1.27142857142857,2.5,-5.));
#17298=CARTESIAN_POINT('',(1.77142857142857,2.5,-5.));
#17299=CARTESIAN_POINT('',(1.77142857142857,2.5,-5.));
#17300=CARTESIAN_POINT('',(0.,2.5,0.));
#17301=CARTESIAN_POINT('',(1.77142857142857,2.5,-5.));
#17302=CARTESIAN_POINT('',(1.27142857142857,2.5,-0.65));
#17303=CARTESIAN_POINT('',(1.77142857142857,2.5,-5.));
#17304=CARTESIAN_POINT('',(1.77142857142857,6.78,-2.47092537509688));
#17305=CARTESIAN_POINT('',(1.77142857142857,2.5,-0.65));
#17306=CARTESIAN_POINT('',(1.77142857142857,2.5,-0.65));
#17307=CARTESIAN_POINT('',(1.27142857142857,2.5,-0.65));
#17308=CARTESIAN_POINT('',(1.27142857142857,2.5,-0.65));
#17309=CARTESIAN_POINT('',(1.27142857142857,6.78,-2.47092537509688));
#17310=CARTESIAN_POINT('',(0.257142857142858,2.5,-5.));
#17311=CARTESIAN_POINT('',(0.257142857142858,8.7,-5.));
#17312=CARTESIAN_POINT('',(0.257142857142858,8.7,-5.));
#17313=CARTESIAN_POINT('',(0.75714285714286,8.7,-5.));
#17314=CARTESIAN_POINT('',(0.257142857142858,2.5,-5.));
#17315=CARTESIAN_POINT('',(0.257142857142858,2.5,-5.));
#17316=CARTESIAN_POINT('',(0.257142857142858,2.5,-5.));
#17317=CARTESIAN_POINT('',(0.757142857142858,2.5,-5.));
#17318=CARTESIAN_POINT('',(0.757142857142858,2.5,-5.));
#17319=CARTESIAN_POINT('',(0.,2.5,0.));
#17320=CARTESIAN_POINT('',(0.757142857142858,2.5,-5.));
#17321=CARTESIAN_POINT('',(0.257142857142858,2.5,-0.65));
#17322=CARTESIAN_POINT('',(0.757142857142858,2.5,-5.));
#17323=CARTESIAN_POINT('',(0.75714285714286,8.7,-2.43701946489533));
#17324=CARTESIAN_POINT('',(0.757142857142858,2.5,-0.65));
#17325=CARTESIAN_POINT('',(0.757142857142858,2.5,-0.65));
#17326=CARTESIAN_POINT('',(0.257142857142858,2.5,-0.65));
#17327=CARTESIAN_POINT('',(0.257142857142858,2.5,-0.65));
#17328=CARTESIAN_POINT('',(0.257142857142855,8.7,-2.43701946489533));
#17329=CARTESIAN_POINT('',(-0.757142857142856,2.5,-5.));
#17330=CARTESIAN_POINT('',(-0.757142857142856,6.78,-5.));
#17331=CARTESIAN_POINT('',(-0.757142857142856,6.78,-5.));
#17332=CARTESIAN_POINT('',(-0.257142857142856,6.78,-5.));
#17333=CARTESIAN_POINT('',(-0.757142857142856,2.5,-5.));
#17334=CARTESIAN_POINT('',(-0.757142857142856,2.5,-5.));
#17335=CARTESIAN_POINT('',(-0.757142857142856,2.5,-5.));
#17336=CARTESIAN_POINT('',(-0.257142857142856,2.5,-5.));
#17337=CARTESIAN_POINT('',(-0.257142857142856,2.5,-5.));
#17338=CARTESIAN_POINT('',(0.,2.5,0.));
#17339=CARTESIAN_POINT('',(-0.257142857142856,2.5,-5.));
#17340=CARTESIAN_POINT('',(-0.757142857142856,2.5,-0.65));
#17341=CARTESIAN_POINT('',(-0.257142857142856,2.5,-5.));
#17342=CARTESIAN_POINT('',(-0.257142857142856,6.78,-2.47092537509688));
#17343=CARTESIAN_POINT('',(-0.257142857142856,2.5,-0.65));
#17344=CARTESIAN_POINT('',(-0.257142857142856,2.5,-0.65));
#17345=CARTESIAN_POINT('',(-0.757142857142856,2.5,-0.65));
#17346=CARTESIAN_POINT('',(-0.757142857142856,2.5,-0.65));
#17347=CARTESIAN_POINT('',(-0.757142857142856,6.78,-2.47092537509688));
#17348=CARTESIAN_POINT('',(-1.77142857142857,2.5,-5.));
#17349=CARTESIAN_POINT('',(-1.77142857142857,8.7,-5.));
#17350=CARTESIAN_POINT('',(-1.77142857142857,8.7,-5.));
#17351=CARTESIAN_POINT('',(-1.27142857142857,8.7,-5.));
#17352=CARTESIAN_POINT('',(-1.77142857142857,2.5,-5.));
#17353=CARTESIAN_POINT('',(-1.77142857142857,2.5,-5.));
#17354=CARTESIAN_POINT('',(-1.77142857142857,2.5,-5.));
#17355=CARTESIAN_POINT('',(-1.27142857142857,2.5,-5.));
#17356=CARTESIAN_POINT('',(-1.27142857142857,2.5,-5.));
#17357=CARTESIAN_POINT('',(0.,2.5,0.));
#17358=CARTESIAN_POINT('',(-1.27142857142857,2.5,-5.));
#17359=CARTESIAN_POINT('',(-1.77142857142857,2.5,-0.65));
#17360=CARTESIAN_POINT('',(-1.27142857142857,2.5,-5.));
#17361=CARTESIAN_POINT('',(-1.27142857142857,8.7,-2.43701946489533));
#17362=CARTESIAN_POINT('',(-1.27142857142857,2.5,-0.65));
#17363=CARTESIAN_POINT('',(-1.27142857142857,2.5,-0.65));
#17364=CARTESIAN_POINT('',(-1.77142857142857,2.5,-0.65));
#17365=CARTESIAN_POINT('',(-1.77142857142857,2.5,-0.65));
#17366=CARTESIAN_POINT('',(-1.77142857142857,8.7,-2.43701946489533));
#17367=CARTESIAN_POINT('',(-2.78571428571428,2.5,-5.));
#17368=CARTESIAN_POINT('',(-2.78571428571428,6.78,-5.));
#17369=CARTESIAN_POINT('',(-2.78571428571428,6.78,-5.));
#17370=CARTESIAN_POINT('',(-2.28571428571428,6.78,-5.));
#17371=CARTESIAN_POINT('',(-2.78571428571428,2.5,-5.));
#17372=CARTESIAN_POINT('',(-2.78571428571428,2.5,-5.));
#17373=CARTESIAN_POINT('',(-2.78571428571428,2.5,-5.));
#17374=CARTESIAN_POINT('',(-2.28571428571428,2.5,-5.));
#17375=CARTESIAN_POINT('',(-2.28571428571428,2.5,-5.));
#17376=CARTESIAN_POINT('',(0.,2.5,0.));
#17377=CARTESIAN_POINT('',(-2.28571428571428,2.5,-5.));
#17378=CARTESIAN_POINT('',(-2.78571428571428,2.5,-0.65));
#17379=CARTESIAN_POINT('',(-2.28571428571428,2.5,-5.));
#17380=CARTESIAN_POINT('',(-2.28571428571428,6.78,-2.47092537509688));
#17381=CARTESIAN_POINT('',(-2.28571428571428,2.5,-0.65));
#17382=CARTESIAN_POINT('',(-2.28571428571428,2.5,-0.65));
#17383=CARTESIAN_POINT('',(-2.78571428571428,2.5,-0.65));
#17384=CARTESIAN_POINT('',(-2.78571428571428,2.5,-0.65));
#17385=CARTESIAN_POINT('',(-2.78571428571428,6.78,-2.47092537509688));
#17386=CARTESIAN_POINT('',(-3.8,2.5,-5.));
#17387=CARTESIAN_POINT('',(-3.8,8.7,-5.));
#17388=CARTESIAN_POINT('',(-3.3,8.7,-5.));
#17389=CARTESIAN_POINT('',(-3.8,2.5,-5.));
#17390=CARTESIAN_POINT('',(-3.3,2.5,-5.));
#17391=CARTESIAN_POINT('',(-3.3,2.5,-5.));
#17392=CARTESIAN_POINT('',(0.,2.5,0.));
#17393=CARTESIAN_POINT('',(-3.3,2.5,-5.));
#17394=CARTESIAN_POINT('',(-3.3,2.5,-5.));
#17395=CARTESIAN_POINT('',(-3.3,8.7,-2.43701946489533));
#17396=CARTESIAN_POINT('',(0.,0.,-6.19));
#17397=CARTESIAN_POINT('',(7.725,0.,-6.19));
#17398=CARTESIAN_POINT('',(7.725,10.7,-6.19000000000001));
#17399=CARTESIAN_POINT('',(-1.23743607953011E-13,10.6999999999999,-6.19));
#17400=CARTESIAN_POINT('',(6.9,6.61395721293114,-6.19));
#17401=CARTESIAN_POINT('',(6.9,12.2,-6.19));
#17402=CARTESIAN_POINT('',(6.9,12.2,-6.19));
#17403=CARTESIAN_POINT('',(5.72,12.2,-6.19));
#17404=CARTESIAN_POINT('',(5.72,12.2,-6.19));
#17405=CARTESIAN_POINT('',(0.,0.,-6.19));
#17406=CARTESIAN_POINT('',(7.875,3.22,-6.19));
#17407=CARTESIAN_POINT('',(7.875,3.22,-6.19));
#17408=CARTESIAN_POINT('',(-3.,3.22,-6.79));
#17409=CARTESIAN_POINT('',(-3.,3.22,-6.79));
#17410=CARTESIAN_POINT('',(3.,3.22,-6.79));
#17411=CARTESIAN_POINT('',(3.,3.22,-6.79));
#17412=CARTESIAN_POINT('',(3.,3.22,-6.79));
#17413=CARTESIAN_POINT('',(-6.9,12.2,-6.79));
#17414=CARTESIAN_POINT('',(-6.9,12.2,-6.79));
#17415=CARTESIAN_POINT('',(-6.9,12.2,-6.79));
#17416=CARTESIAN_POINT('',(-6.9,12.2,-6.79));
#17417=CARTESIAN_POINT('',(7.4549192416978E-16,0.,-6.79));
#17418=CARTESIAN_POINT('',(-5.72,6.61395721293114,-6.79));
#17419=CARTESIAN_POINT('',(-5.72,12.2,-6.79));
#17420=CARTESIAN_POINT('',(-5.72,12.2,-6.79));
#17421=CARTESIAN_POINT('',(-5.72,6.61395721293114,-6.79));
#17422=CARTESIAN_POINT('',(-5.72,12.2,-6.79));
#17423=CARTESIAN_POINT('',(-5.72,12.2,-6.79));
#17424=CARTESIAN_POINT('',(6.9,6.61395721293114,-6.79));
#17425=CARTESIAN_POINT('',(6.9,6.61395721293114,-6.79));
#17426=CARTESIAN_POINT('',(6.9,12.2,-6.79));
#17427=CARTESIAN_POINT('',(6.9,12.2,-6.79));
#17428=CARTESIAN_POINT('',(7.4549192416978E-16,0.,-6.79));
#17429=CARTESIAN_POINT('',(5.72,12.2,-6.79));
#17430=CARTESIAN_POINT('',(5.72,12.2,-6.79));
#17431=CARTESIAN_POINT('',(6.9,12.2,-6.79));
#17432=CARTESIAN_POINT('',(6.9,12.2,-6.79));
#17433=CARTESIAN_POINT('',(5.72,12.2,-6.79));
#17434=CARTESIAN_POINT('',(5.72,12.2,-6.79));
#17435=CARTESIAN_POINT('',(7.4549192416978E-16,0.,-6.79));
#17436=CARTESIAN_POINT('',(3.,4.82,-6.79));
#17437=CARTESIAN_POINT('',(3.,4.82,-6.79));
#17438=CARTESIAN_POINT('',(-3.,3.22,-6.79));
#17439=CARTESIAN_POINT('',(-3.,4.82,-6.79));
#17440=CARTESIAN_POINT('',(-3.,4.82,-6.79));
#17441=CARTESIAN_POINT('',(-3.,3.22,-6.79));
#17442=CARTESIAN_POINT('',(-3.,4.82,-6.79));
#17443=CARTESIAN_POINT('',(-3.,4.82,-6.79));
#17444=CARTESIAN_POINT('',(3.,4.82,-6.79));
#17445=CARTESIAN_POINT('',(3.,4.82,-6.79));
#17446=CARTESIAN_POINT('',(-3.3,8.7,-2.43701946489533));
#17447=CARTESIAN_POINT('',(-1.27142857142857,8.7,-2.43701946489533));
#17448=CARTESIAN_POINT('',(0.75714285714286,8.7,-2.43701946489533));
#17449=CARTESIAN_POINT('',(2.78571428571429,8.7,-2.43701946489533));
#17450=CARTESIAN_POINT('',(-2.28571428571428,6.78,-2.47092537509688));
#17451=CARTESIAN_POINT('',(-0.257142857142856,6.78,-2.47092537509688));
#17452=CARTESIAN_POINT('',(1.77142857142857,6.78,-2.47092537509688));
#17453=CARTESIAN_POINT('',(3.8,6.78,-2.47092537509688));
#17454=CARTESIAN_POINT('',(7.725,15.,-41.5298964978816));
#17455=CARTESIAN_POINT('',(7.725,10.7,-41.5298964978816));
#17456=CARTESIAN_POINT('',(7.725,10.7,-41.5298964978816));
#17457=CARTESIAN_POINT('',(-7.725,15.,-41.5298964978816));
#17458=CARTESIAN_POINT('',(-7.725,10.7,-41.5298964978816));
#17459=CARTESIAN_POINT('',(-7.725,10.7,-41.5298964978816));
#17460=CARTESIAN_POINT('',(3.15,0.3,4.35));
#17461=CARTESIAN_POINT('',(3.15,0.3,4.35));
#17462=CARTESIAN_POINT('',(2.41666666666667,-0.0666666666666671,4.71666666666667));
#17463=CARTESIAN_POINT('',(2.05,0.3,4.35));
#17464=CARTESIAN_POINT('',(2.05,0.3,5.55));
#17465=CARTESIAN_POINT('',(3.15,0.3,2.75));
#17466=CARTESIAN_POINT('',(4.08666666666667,-0.636666666666666,3.68666666666666));
#17467=CARTESIAN_POINT('',(2.05,0.3,5.55));
#17468=CARTESIAN_POINT('',(-2.05,0.3,5.55));
#17469=CARTESIAN_POINT('',(5.96,0.3,2.75));
#17470=CARTESIAN_POINT('',(5.96,0.3,2.75));
#17471=CARTESIAN_POINT('',(-2.05,0.3,5.55));
#17472=CARTESIAN_POINT('',(-2.45,-0.1,4.75));
#17473=CARTESIAN_POINT('',(5.96,0.3,-4.15));
#17474=CARTESIAN_POINT('',(6.22333333333333,0.0366666666666665,1.11333333333333));
#17475=CARTESIAN_POINT('',(-2.05,0.3,4.35));
#17476=CARTESIAN_POINT('',(-3.15,0.3,4.35));
#17477=CARTESIAN_POINT('',(6.75,0.3,0.850000000000001));
#17478=CARTESIAN_POINT('',(6.75,0.3,0.850000000000001));
#17479=CARTESIAN_POINT('',(-3.15,0.3,4.35));
#17480=CARTESIAN_POINT('',(-3.68333333333333,-0.233333333333334,3.28333333333333));
#17481=CARTESIAN_POINT('',(6.75,0.3,-2.15));
#17482=CARTESIAN_POINT('',(6.75,0.3,-2.15));
#17483=CARTESIAN_POINT('',(-3.15,0.3,2.75));
#17484=CARTESIAN_POINT('',(-5.96,0.3,2.75));
#17485=CARTESIAN_POINT('',(5.96,0.3,-2.15));
#17486=CARTESIAN_POINT('',(6.62666666666667,-0.366666666666668,-2.81666666666667));
#17487=CARTESIAN_POINT('',(-5.96,0.3,2.75));
#17488=CARTESIAN_POINT('',(-6.59333333333333,-0.333333333333332,1.48333333333333));
#17489=CARTESIAN_POINT('',(5.96,0.3,-4.15));
#17490=CARTESIAN_POINT('',(5.96,0.3,-4.15));
#17491=CARTESIAN_POINT('',(-5.96,0.3,0.850000000000001));
#17492=CARTESIAN_POINT('',(-6.75,0.3,0.850000000000001));
#17493=CARTESIAN_POINT('',(-5.96,0.3,-4.15));
#17494=CARTESIAN_POINT('',(-5.96,0.3,-4.15));
#17495=CARTESIAN_POINT('',(-6.75,0.3,0.850000000000001));
#17496=CARTESIAN_POINT('',(-6.75,0.3,-2.15));
#17497=CARTESIAN_POINT('',(-5.96,0.3,2.75));
#17498=CARTESIAN_POINT('',(-4.32666666666667,1.93333333333333,-0.516666666666665));
#17499=CARTESIAN_POINT('',(-6.75,0.3,-2.15));
#17500=CARTESIAN_POINT('',(7.315,0.,5.5));
#17501=CARTESIAN_POINT('',(4.115,0.,5.5));
#17502=CARTESIAN_POINT('',(4.115,3.52,5.5));
#17503=CARTESIAN_POINT('',(7.315,3.52,5.5));
#17504=CARTESIAN_POINT('',(7.315,3.52,5.5));
#17505=CARTESIAN_POINT('',(7.315,0.,5.5));
#17506=CARTESIAN_POINT('',(7.315,3.52,5.5));
#17507=CARTESIAN_POINT('',(7.315,3.52,4.3));
#17508=CARTESIAN_POINT('',(7.105,3.51999999999999,4.3));
#17509=CARTESIAN_POINT('',(6.605,3.52,4.3));
#17510=CARTESIAN_POINT('',(6.605,3.52,5.5));
#17511=CARTESIAN_POINT('',(6.605,3.51999999999999,4.8));
#17512=CARTESIAN_POINT('',(7.315,3.52,4.8));
#17513=CARTESIAN_POINT('',(7.105,3.51999999999999,4.8));
#17514=CARTESIAN_POINT('',(7.105,3.52,5.5));
#17515=CARTESIAN_POINT('',(4.315,3.52,5.5));
#17516=CARTESIAN_POINT('',(4.315,3.51999999999999,4.3));
#17517=CARTESIAN_POINT('',(4.315,3.52,4.8));
#17518=CARTESIAN_POINT('',(7.315,3.52,4.8));
#17519=CARTESIAN_POINT('',(4.815,3.51999999999999,4.8));
#17520=CARTESIAN_POINT('',(4.815,3.52,5.5));
#17521=CARTESIAN_POINT('',(4.815,3.51999999999999,4.3));
#17522=CARTESIAN_POINT('',(7.315,3.52,4.3));
#17523=CARTESIAN_POINT('',(4.115,3.52,5.5));
#17524=CARTESIAN_POINT('',(4.115,3.52,3.6));
#17525=CARTESIAN_POINT('',(7.315,3.52,3.6));
#17526=CARTESIAN_POINT('',(7.315,3.52,3.6));
#17527=CARTESIAN_POINT('',(7.315,3.52,5.5));
#17528=CARTESIAN_POINT('',(7.315,3.52,3.6));
#17529=CARTESIAN_POINT('',(4.115,3.52,3.6));
#17530=CARTESIAN_POINT('',(7.315,3.52,3.6));
#17531=CARTESIAN_POINT('',(7.315,0.,9.83682343160491E-16));
#17532=CARTESIAN_POINT('',(4.115,0.,5.53363341367795E-16));
#17533=CARTESIAN_POINT('',(4.315,-21.1664124323942,4.8));
#17534=CARTESIAN_POINT('',(4.815,-21.1664124323942,4.8));
#17535=CARTESIAN_POINT('',(4.315,-21.1664124323942,4.8));
#17536=CARTESIAN_POINT('',(4.815,-21.1664124323942,4.8));
#17537=CARTESIAN_POINT('',(4.815,-21.1664124323942,4.3));
#17538=CARTESIAN_POINT('',(4.815,-21.1664124323942,4.3));
#17539=CARTESIAN_POINT('',(4.315,-21.1664124323942,4.3));
#17540=CARTESIAN_POINT('',(4.315,-21.1664124323942,4.3));
#17541=CARTESIAN_POINT('',(6.605,-21.1664124323942,4.3));
#17542=CARTESIAN_POINT('',(6.605,-21.1664124323942,4.8));
#17543=CARTESIAN_POINT('',(6.605,-21.1664124323942,4.3));
#17544=CARTESIAN_POINT('',(6.605,-21.1664124323942,4.8));
#17545=CARTESIAN_POINT('',(7.105,-21.1664124323942,4.8));
#17546=CARTESIAN_POINT('',(7.105,-21.1664124323942,4.8));
#17547=CARTESIAN_POINT('',(7.105,-21.1664124323942,4.3));
#17548=CARTESIAN_POINT('',(7.105,-21.1664124323942,4.3));
#17549=CARTESIAN_POINT('',(0.0449999999999992,0.200000000000001,-0.0949999999999954));
#17550=CARTESIAN_POINT('',(0.,0.,0.));
#17551=CARTESIAN_POINT('',(1.80741729791762,0.3,0.));
#17552=CARTESIAN_POINT('',(0.3,0.3,0.));
#17553=CARTESIAN_POINT('',(0.,0.3,0.));
#17554=CARTESIAN_POINT('',(0.3,0.,0.));
#17555=CARTESIAN_POINT('',(0.3,0.1,0.));
#17556=CARTESIAN_POINT('',(1.80741729791762,0.1,0.));
#17557=CARTESIAN_POINT('',(0.,0.1,0.));
#17558=CARTESIAN_POINT('',(0.,0.,0.));
#17559=CARTESIAN_POINT('',(-5.28000000000001,0.4,8.59));
#17560=CARTESIAN_POINT('',(0.3,0.4,0.));
#17561=CARTESIAN_POINT('',(0.3,0.4,3.95));
#17562=CARTESIAN_POINT('',(0.3,0.4,0.3));
#17563=CARTESIAN_POINT('',(1.80741729791762,0.4,0.3));
#17564=CARTESIAN_POINT('',(0.,0.4,0.3));
#17565=CARTESIAN_POINT('',(0.,0.4,0.));
#17566=CARTESIAN_POINT('',(0.,0.4,3.95));
#17567=CARTESIAN_POINT('',(-0.5,0.4,3.95));
#17568=CARTESIAN_POINT('',(-0.5,0.4,4.45));
#17569=CARTESIAN_POINT('',(-0.5,0.4,4.45));
#17570=CARTESIAN_POINT('',(-5.28,0.4,4.45));
#17571=CARTESIAN_POINT('',(-5.28,0.4,4.95));
#17572=CARTESIAN_POINT('',(-5.28,0.4,5.45));
#17573=CARTESIAN_POINT('',(-5.28000000000001,0.4,8.59));
#17574=CARTESIAN_POINT('',(-4.1415075766206,0.4,5.66366526147337));
#17575=CARTESIAN_POINT('',(-4.1415075766206,0.4,5.66366526147337));
#17576=CARTESIAN_POINT('',(3.92,0.4,8.8));
#17577=CARTESIAN_POINT('',(3.92,0.4,8.8));
#17578=CARTESIAN_POINT('',(4.02877316146937,0.4,8.52041387848472));
#17579=CARTESIAN_POINT('',(-4.03273441515123,0.4,5.38407913995809));
#17580=CARTESIAN_POINT('',(-4.03273441515123,0.4,5.38407913995809));
#17581=CARTESIAN_POINT('',(-5.28000000000001,0.4,8.59));
#17582=CARTESIAN_POINT('',(-5.28,0.4,5.15));
#17583=CARTESIAN_POINT('',(-5.28,0.4,4.95));
#17584=CARTESIAN_POINT('',(-5.28,0.4,4.75));
#17585=CARTESIAN_POINT('',(-0.5,0.4,4.75));
#17586=CARTESIAN_POINT('',(-0.5,0.4,4.75));
#17587=CARTESIAN_POINT('',(-0.5,0.4,3.95));
#17588=CARTESIAN_POINT('',(0.3,0.,0.));
#17589=CARTESIAN_POINT('',(0.3,0.27,-0.09));
#17590=CARTESIAN_POINT('',(0.3,0.,3.95));
#17591=CARTESIAN_POINT('',(0.3,0.,3.95));
#17592=CARTESIAN_POINT('',(0.3,0.,0.));
#17593=CARTESIAN_POINT('',(0.3,0.,0.3));
#17594=CARTESIAN_POINT('',(0.3,0.09,0.03));
#17595=CARTESIAN_POINT('',(-4.1415075766206,0.,5.66366526147337));
#17596=CARTESIAN_POINT('',(1.80741729791762,0.,0.3));
#17597=CARTESIAN_POINT('',(0.,0.,0.3));
#17598=CARTESIAN_POINT('',(-0.5,0.,3.95));
#17599=CARTESIAN_POINT('',(-0.5,0.,4.75));
#17600=CARTESIAN_POINT('',(-0.5,0.,4.75));
#17601=CARTESIAN_POINT('',(-5.28,0.,4.75));
#17602=CARTESIAN_POINT('',(-5.28,0.,4.95));
#17603=CARTESIAN_POINT('',(-5.28,0.,5.15));
#17604=CARTESIAN_POINT('',(-5.28000000000001,0.,8.59));
#17605=CARTESIAN_POINT('',(-4.03273441515123,0.,5.38407913995809));
#17606=CARTESIAN_POINT('',(-4.03273441515123,0.,5.38407913995809));
#17607=CARTESIAN_POINT('',(4.02877316146937,0.,8.52041387848472));
#17608=CARTESIAN_POINT('',(3.92,0.,8.8));
#17609=CARTESIAN_POINT('',(3.92,0.,8.8));
#17610=CARTESIAN_POINT('',(-4.1415075766206,0.,5.66366526147337));
#17611=CARTESIAN_POINT('',(-4.1415075766206,0.,5.66366526147337));
#17612=CARTESIAN_POINT('',(-5.28000000000001,0.,8.59));
#17613=CARTESIAN_POINT('',(-5.28,0.,5.45));
#17614=CARTESIAN_POINT('',(-5.28,0.,4.95));
#17615=CARTESIAN_POINT('',(-5.28,0.,4.45));
#17616=CARTESIAN_POINT('',(-0.5,0.,4.45));
#17617=CARTESIAN_POINT('',(-0.5,0.,4.45));
#17618=CARTESIAN_POINT('',(-0.5,0.,3.95));
#17619=CARTESIAN_POINT('',(0.,0.,3.95));
#17620=CARTESIAN_POINT('',(0.,0.,0.));
#17621=CARTESIAN_POINT('',(3.92,0.,8.8));
#17622=CARTESIAN_POINT('',(4.02877316146937,0.,8.52041387848472));
#17623=CARTESIAN_POINT('',(3.92,0.,8.8));
#17624=CARTESIAN_POINT('',(-4.1415075766206,0.,5.66366526147337));
#17625=CARTESIAN_POINT('',(-4.1415075766206,0.,5.66366526147337));
#17626=CARTESIAN_POINT('',(-5.28000000000001,0.,8.59));
#17627=CARTESIAN_POINT('',(-5.28,0.,5.45));
#17628=CARTESIAN_POINT('',(-5.28,0.,4.95));
#17629=CARTESIAN_POINT('',(-5.28,0.,4.45));
#17630=CARTESIAN_POINT('',(-0.5,0.,4.45));
#17631=CARTESIAN_POINT('',(-0.5,0.,4.45));
#17632=CARTESIAN_POINT('',(-0.5,0.,3.95));
#17633=CARTESIAN_POINT('',(0.,0.,3.95));
#17634=CARTESIAN_POINT('',(0.,0.,0.));
#17635=CARTESIAN_POINT('',(0.,0.4,0.3));
#17636=CARTESIAN_POINT('',(0.,0.1,0.));
#17637=CARTESIAN_POINT('',(-4.03273441515123,0.,5.38407913995809));
#17638=CARTESIAN_POINT('',(-4.03273441515123,0.,5.38407913995809));
#17639=CARTESIAN_POINT('',(-5.28000000000001,0.,8.59));
#17640=CARTESIAN_POINT('',(-5.28,0.,5.15));
#17641=CARTESIAN_POINT('',(-5.28,0.,4.95));
#17642=CARTESIAN_POINT('',(-5.28,0.,4.75));
#17643=CARTESIAN_POINT('',(-0.5,0.,4.75));
#17644=CARTESIAN_POINT('',(-0.5,0.,4.75));
#17645=CARTESIAN_POINT('',(-0.5,0.,3.95));
#17646=CARTESIAN_POINT('',(1.80741729791762,0.1,0.));
#17647=CARTESIAN_POINT('',(1.80741729791762,0.4,0.3));
#17648=CARTESIAN_POINT('',(-3.31,9.57,-9.485));
#17649=CARTESIAN_POINT('',(0.,0.,0.));
#17650=CARTESIAN_POINT('',(7.15605494767019,-0.1,0.));
#17651=CARTESIAN_POINT('',(0.3,-0.1,0.));
#17652=CARTESIAN_POINT('',(0.,-0.1,0.));
#17653=CARTESIAN_POINT('',(0.3,0.,0.));
#17654=CARTESIAN_POINT('',(0.3,-0.3,0.));
#17655=CARTESIAN_POINT('',(7.15605494767019,-0.3,0.));
#17656=CARTESIAN_POINT('',(0.,-0.3,0.));
#17657=CARTESIAN_POINT('',(0.,0.,0.));
#17658=CARTESIAN_POINT('',(0.,0.,0.));
#17659=CARTESIAN_POINT('',(0.,0.,0.));
#17660=CARTESIAN_POINT('',(0.,0.,3.95));
#17661=CARTESIAN_POINT('',(0.,0.,0.3));
#17662=CARTESIAN_POINT('',(0.,0.,0.3));
#17663=CARTESIAN_POINT('',(0.,-0.3,0.));
#17664=CARTESIAN_POINT('',(0.,-0.4,0.3));
#17665=CARTESIAN_POINT('',(0.,-0.4,0.));
#17666=CARTESIAN_POINT('',(0.,-0.4,3.95));
#17667=CARTESIAN_POINT('',(0.,0.,3.95));
#17668=CARTESIAN_POINT('',(0.,0.,0.));
#17669=CARTESIAN_POINT('',(0.3,0.,0.));
#17670=CARTESIAN_POINT('',(0.3,0.,3.95));
#17671=CARTESIAN_POINT('',(0.3,-6.7762635780344E-18,0.3));
#17672=CARTESIAN_POINT('',(7.15605494767019,0.,0.3));
#17673=CARTESIAN_POINT('',(-0.5,0.,3.95));
#17674=CARTESIAN_POINT('',(-0.5,0.,4.45));
#17675=CARTESIAN_POINT('',(-0.5,0.,4.45));
#17676=CARTESIAN_POINT('',(-3.36,0.,4.45));
#17677=CARTESIAN_POINT('',(-3.36,0.,4.95));
#17678=CARTESIAN_POINT('',(-3.36,0.,5.45000000000001));
#17679=CARTESIAN_POINT('',(-3.36,0.,8.59000000000001));
#17680=CARTESIAN_POINT('',(-2.22150757662059,0.,5.66366526147339));
#17681=CARTESIAN_POINT('',(-2.22150757662059,0.,5.66366526147339));
#17682=CARTESIAN_POINT('',(5.84,0.,8.8));
#17683=CARTESIAN_POINT('',(5.84,0.,8.8));
#17684=CARTESIAN_POINT('',(5.94877316146937,0.,8.52041387848472));
#17685=CARTESIAN_POINT('',(-2.11273441515122,0.,5.38407913995811));
#17686=CARTESIAN_POINT('',(-2.11273441515122,0.,5.3840791399581));
#17687=CARTESIAN_POINT('',(-3.36,0.,8.59000000000001));
#17688=CARTESIAN_POINT('',(-3.36,0.,5.15));
#17689=CARTESIAN_POINT('',(-3.36,0.,4.95));
#17690=CARTESIAN_POINT('',(-3.36,0.,4.75));
#17691=CARTESIAN_POINT('',(-0.5,0.,4.75));
#17692=CARTESIAN_POINT('',(-0.5,0.,4.75));
#17693=CARTESIAN_POINT('',(-0.5,0.,3.95));
#17694=CARTESIAN_POINT('',(0.3,0.,0.));
#17695=CARTESIAN_POINT('',(0.3,-0.09,0.03));
#17696=CARTESIAN_POINT('',(0.3,0.,3.95));
#17697=CARTESIAN_POINT('',(0.3,-0.4,3.95));
#17698=CARTESIAN_POINT('',(0.3,-0.4,0.));
#17699=CARTESIAN_POINT('',(0.3,-0.4,0.3));
#17700=CARTESIAN_POINT('',(0.3,-0.27,-0.0900000000000001));
#17701=CARTESIAN_POINT('',(-2.22150757662059,-0.4,5.66366526147339));
#17702=CARTESIAN_POINT('',(7.15605494767019,-0.4,0.3));
#17703=CARTESIAN_POINT('',(-0.5,-0.4,3.95));
#17704=CARTESIAN_POINT('',(-0.5,-0.4,4.75));
#17705=CARTESIAN_POINT('',(-0.5,-0.4,4.75));
#17706=CARTESIAN_POINT('',(-3.36,-0.4,4.75));
#17707=CARTESIAN_POINT('',(-3.36,-0.4,4.95));
#17708=CARTESIAN_POINT('',(-3.36,-0.4,5.15000000000001));
#17709=CARTESIAN_POINT('',(-3.36,-0.4,8.59000000000001));
#17710=CARTESIAN_POINT('',(-2.11273441515122,-0.4,5.38407913995811));
#17711=CARTESIAN_POINT('',(-2.11273441515122,-0.4,5.38407913995811));
#17712=CARTESIAN_POINT('',(5.94877316146937,-0.4,8.52041387848472));
#17713=CARTESIAN_POINT('',(5.84,-0.4,8.8));
#17714=CARTESIAN_POINT('',(5.84,-0.4,8.8));
#17715=CARTESIAN_POINT('',(-2.22150757662059,-0.4,5.66366526147339));
#17716=CARTESIAN_POINT('',(-2.22150757662059,-0.4,5.66366526147339));
#17717=CARTESIAN_POINT('',(-3.36,-0.4,8.59000000000001));
#17718=CARTESIAN_POINT('',(-3.36,-0.4,5.45000000000001));
#17719=CARTESIAN_POINT('',(-3.36,-0.4,4.95));
#17720=CARTESIAN_POINT('',(-3.36,-0.4,4.45));
#17721=CARTESIAN_POINT('',(-0.5,-0.4,4.45));
#17722=CARTESIAN_POINT('',(-0.5,-0.4,4.45));
#17723=CARTESIAN_POINT('',(-0.5,-0.4,3.95));
#17724=CARTESIAN_POINT('',(5.84,0.,8.8));
#17725=CARTESIAN_POINT('',(5.94877316146937,0.,8.52041387848472));
#17726=CARTESIAN_POINT('',(5.84,0.,8.8));
#17727=CARTESIAN_POINT('',(-2.22150757662059,0.,5.66366526147339));
#17728=CARTESIAN_POINT('',(-2.22150757662059,0.,5.66366526147339));
#17729=CARTESIAN_POINT('',(-3.36,0.,8.59000000000001));
#17730=CARTESIAN_POINT('',(-3.36,0.,5.45000000000001));
#17731=CARTESIAN_POINT('',(-3.36,0.,4.95));
#17732=CARTESIAN_POINT('',(-3.36,0.,4.45));
#17733=CARTESIAN_POINT('',(-0.5,0.,4.45));
#17734=CARTESIAN_POINT('',(-0.5,0.,4.45));
#17735=CARTESIAN_POINT('',(-0.5,0.,3.95));
#17736=CARTESIAN_POINT('',(-2.11273441515122,0.,5.38407913995811));
#17737=CARTESIAN_POINT('',(-2.11273441515122,0.,5.38407913995811));
#17738=CARTESIAN_POINT('',(-3.36,0.,8.59000000000001));
#17739=CARTESIAN_POINT('',(-3.36,0.,5.15000000000001));
#17740=CARTESIAN_POINT('',(-3.36,0.,4.95));
#17741=CARTESIAN_POINT('',(-3.36,0.,4.75));
#17742=CARTESIAN_POINT('',(-0.5,0.,4.75));
#17743=CARTESIAN_POINT('',(-0.5,0.,4.75));
#17744=CARTESIAN_POINT('',(-0.5,0.,3.95));
#17745=CARTESIAN_POINT('',(7.15605494767019,-0.3,0.));
#17746=CARTESIAN_POINT('',(7.15605494767019,0.,0.3));
#17747=CARTESIAN_POINT('',(-2.68571428571428,7.79,-9.485));
#17748=CARTESIAN_POINT('',(-1.28142857142857,9.57,-9.485));
#17749=CARTESIAN_POINT('',(-0.667142857142857,7.79,-9.485));
#17750=CARTESIAN_POINT('',(0.747142857142859,9.57,-9.485));
#17751=CARTESIAN_POINT('',(1.36142857142857,7.79,-9.485));
#17752=CARTESIAN_POINT('',(4.33680868994202E-16,0.9,-3.35416666666666));
#17753=CARTESIAN_POINT('',(4.91,0.9,9.));
#17754=CARTESIAN_POINT('',(4.91,0.9,9.));
#17755=CARTESIAN_POINT('',(6.49,0.9,9.));
#17756=CARTESIAN_POINT('',(4.91,0.9,9.4));
#17757=CARTESIAN_POINT('',(4.91,0.9,9.4));
#17758=CARTESIAN_POINT('',(4.35,0.9,9.4));
#17759=CARTESIAN_POINT('',(6.49,0.9,9.4));
#17760=CARTESIAN_POINT('',(6.49,0.9,9.4));
#17761=CARTESIAN_POINT('',(4.33680868994202E-16,0.9,-3.35416666666666));
#17762=CARTESIAN_POINT('',(-6.49,0.9,9.));
#17763=CARTESIAN_POINT('',(-6.49,0.9,9.));
#17764=CARTESIAN_POINT('',(-4.91,0.9,9.));
#17765=CARTESIAN_POINT('',(-6.49,0.9,9.4));
#17766=CARTESIAN_POINT('',(-6.49,0.9,9.4));
#17767=CARTESIAN_POINT('',(-7.05,0.9,9.4));
#17768=CARTESIAN_POINT('',(-4.91,0.9,9.4));
#17769=CARTESIAN_POINT('',(-4.91,0.9,9.4));
#17770=CARTESIAN_POINT('',(-7.05,0.9,9.4));
#17771=CARTESIAN_POINT('',(-7.05,0.4,9.4));
#17772=CARTESIAN_POINT('',(-7.05,0.4,9.4));
#17773=CARTESIAN_POINT('',(-6.49,0.4,9.4));
#17774=CARTESIAN_POINT('',(-7.05,0.9,9.4));
#17775=CARTESIAN_POINT('',(-7.05,0.,9.4));
#17776=CARTESIAN_POINT('',(-7.05,0.,9.4));
#17777=CARTESIAN_POINT('',(-4.35,0.,9.4));
#17778=CARTESIAN_POINT('',(-4.35,0.9,9.4));
#17779=CARTESIAN_POINT('',(-4.35,0.4,9.4));
#17780=CARTESIAN_POINT('',(-4.35,0.4,9.4));
#17781=CARTESIAN_POINT('',(-4.91,0.4,9.4));
#17782=CARTESIAN_POINT('',(-4.91,0.4,9.4));
#17783=CARTESIAN_POINT('',(-6.49,0.4,9.4));
#17784=CARTESIAN_POINT('',(7.05,0.9,1.72675198679777E-15));
#17785=CARTESIAN_POINT('',(7.05,0.9,1.72675198679777E-15));
#17786=CARTESIAN_POINT('',(7.05,0.4,1.73472347597681E-15));
#17787=CARTESIAN_POINT('',(7.05,0.,1.72675198679777E-15));
#17788=CARTESIAN_POINT('',(7.05,0.4,1.73472347597681E-15));
#17789=CARTESIAN_POINT('',(7.05,0.4,9.4));
#17790=CARTESIAN_POINT('',(7.05,0.9,9.4));
#17791=CARTESIAN_POINT('',(7.05,0.,9.4));
#17792=CARTESIAN_POINT('',(7.05,0.,1.72675198679777E-15));
#17793=CARTESIAN_POINT('',(4.35,0.9,9.4));
#17794=CARTESIAN_POINT('',(4.35,0.4,9.4));
#17795=CARTESIAN_POINT('',(4.35,0.4,9.4));
#17796=CARTESIAN_POINT('',(4.91,0.4,9.4));
#17797=CARTESIAN_POINT('',(4.35,0.9,9.4));
#17798=CARTESIAN_POINT('',(4.35,0.,9.4));
#17799=CARTESIAN_POINT('',(4.35,0.,9.4));
#17800=CARTESIAN_POINT('',(7.05,0.4,9.4));
#17801=CARTESIAN_POINT('',(6.49,0.4,9.4));
#17802=CARTESIAN_POINT('',(6.49,0.4,9.4));
#17803=CARTESIAN_POINT('',(4.91,0.4,9.4));
#17804=CARTESIAN_POINT('',(-4.35,0.9,9.4));
#17805=CARTESIAN_POINT('',(-4.35,0.9,6.05));
#17806=CARTESIAN_POINT('',(-4.35,0.4,6.05));
#17807=CARTESIAN_POINT('',(-4.35,0.,6.05));
#17808=CARTESIAN_POINT('',(-4.35,0.4,0.));
#17809=CARTESIAN_POINT('',(-4.35,0.,9.4));
#17810=CARTESIAN_POINT('',(4.33680868994202E-16,0.9,-3.35416666666666));
#17811=CARTESIAN_POINT('',(-2.225,0.9,5.10000000000001));
#17812=CARTESIAN_POINT('',(-2.225,0.9,5.10000000000001));
#17813=CARTESIAN_POINT('',(-1.475,0.9,5.10000000000001));
#17814=CARTESIAN_POINT('',(-3.925,0.9,5.10000000000002));
#17815=CARTESIAN_POINT('',(-3.925,0.9,5.10000000000002));
#17816=CARTESIAN_POINT('',(-3.925,0.9,3.40000000000002));
#17817=CARTESIAN_POINT('',(-3.925,0.9,3.40000000000002));
#17818=CARTESIAN_POINT('',(-2.225,0.9,3.40000000000002));
#17819=CARTESIAN_POINT('',(-2.225,0.9,3.40000000000002));
#17820=CARTESIAN_POINT('',(-2.225,0.9,3.40000000000002));
#17821=CARTESIAN_POINT('',(-1.475,0.9,3.40000000000002));
#17822=CARTESIAN_POINT('',(-1.475,0.9,3.40000000000002));
#17823=CARTESIAN_POINT('',(1.475,0.9,5.10000000000001));
#17824=CARTESIAN_POINT('',(1.475,0.9,5.10000000000001));
#17825=CARTESIAN_POINT('',(2.225,0.9,5.10000000000002));
#17826=CARTESIAN_POINT('',(1.475,0.9,3.40000000000002));
#17827=CARTESIAN_POINT('',(1.475,0.9,3.40000000000002));
#17828=CARTESIAN_POINT('',(1.475,0.9,3.40000000000002));
#17829=CARTESIAN_POINT('',(2.225,0.9,3.40000000000002));
#17830=CARTESIAN_POINT('',(3.925,0.9,3.40000000000002));
#17831=CARTESIAN_POINT('',(3.925,0.9,3.40000000000002));
#17832=CARTESIAN_POINT('',(3.925,0.9,5.10000000000002));
#17833=CARTESIAN_POINT('',(3.925,0.9,5.10000000000002));
#17834=CARTESIAN_POINT('',(2.225,0.9,5.10000000000002));
#17835=CARTESIAN_POINT('',(4.35,0.9,0.));
#17836=CARTESIAN_POINT('',(4.35,0.9,9.62964972193618E-32));
#17837=CARTESIAN_POINT('',(4.35,0.9,6.05));
#17838=CARTESIAN_POINT('',(1.45,0.9,3.55147571752732E-16));
#17839=CARTESIAN_POINT('',(1.45,0.9,0.));
#17840=CARTESIAN_POINT('',(4.33680868994202E-16,0.9,-3.35416666666666));
#17841=CARTESIAN_POINT('',(-1.45,0.9,0.));
#17842=CARTESIAN_POINT('',(-7.05,0.9,0.));
#17843=CARTESIAN_POINT('',(-4.35,0.9,0.));
#17844=CARTESIAN_POINT('',(-4.35,0.9,0.));
#17845=CARTESIAN_POINT('',(-4.35,0.9,6.05));
#17846=CARTESIAN_POINT('',(-4.35,0.9,6.05));
#17847=CARTESIAN_POINT('',(4.33680868994202E-16,0.9,-3.35416666666666));
#17848=CARTESIAN_POINT('',(6.49,0.9,3.85));
#17849=CARTESIAN_POINT('',(6.49,0.9,3.85));
#17850=CARTESIAN_POINT('',(4.91,0.9,3.85));
#17851=CARTESIAN_POINT('',(6.49,0.9,9.4));
#17852=CARTESIAN_POINT('',(6.49,0.9,1.58959154529326E-15));
#17853=CARTESIAN_POINT('',(1.45,0.9,3.55147571752732E-16));
#17854=CARTESIAN_POINT('',(4.91,0.9,0.));
#17855=CARTESIAN_POINT('',(4.91,0.9,9.4));
#17856=CARTESIAN_POINT('',(4.33680868994202E-16,0.9,-3.35416666666666));
#17857=CARTESIAN_POINT('',(-4.91,0.9,3.85));
#17858=CARTESIAN_POINT('',(-4.91,0.9,3.85));
#17859=CARTESIAN_POINT('',(-6.49,0.9,3.85));
#17860=CARTESIAN_POINT('',(-4.91,0.9,9.4));
#17861=CARTESIAN_POINT('',(-4.91,0.9,0.));
#17862=CARTESIAN_POINT('',(-7.05,0.9,0.));
#17863=CARTESIAN_POINT('',(-6.49,0.9,0.));
#17864=CARTESIAN_POINT('',(-6.49,0.9,9.4));
#17865=CARTESIAN_POINT('',(-7.05,0.9,0.));
#17866=CARTESIAN_POINT('',(-6.49,0.4,0.));
#17867=CARTESIAN_POINT('',(-6.49,0.4,0.));
#17868=CARTESIAN_POINT('',(-7.05,0.4,0.));
#17869=CARTESIAN_POINT('',(-6.49,0.4,0.));
#17870=CARTESIAN_POINT('',(-4.91,0.4,0.));
#17871=CARTESIAN_POINT('',(-4.91,0.4,0.));
#17872=CARTESIAN_POINT('',(-4.91,0.4,0.));
#17873=CARTESIAN_POINT('',(-4.35,0.4,0.));
#17874=CARTESIAN_POINT('',(-4.35,0.4,0.));
#17875=CARTESIAN_POINT('',(-1.45,0.9,0.));
#17876=CARTESIAN_POINT('',(-1.45,0.,0.));
#17877=CARTESIAN_POINT('',(-7.05,0.,0.));
#17878=CARTESIAN_POINT('',(-7.05,0.,0.));
#17879=CARTESIAN_POINT('',(-7.05,0.9,0.));
#17880=CARTESIAN_POINT('',(1.45,0.9,3.55147571752732E-16));
#17881=CARTESIAN_POINT('',(4.91,0.4,8.67361737988404E-16));
#17882=CARTESIAN_POINT('',(4.91,0.4,1.2026031567627E-15));
#17883=CARTESIAN_POINT('',(4.35,0.4,9.62964972193618E-32));
#17884=CARTESIAN_POINT('',(4.91,0.4,0.));
#17885=CARTESIAN_POINT('',(6.49,0.4,1.73472347597681E-15));
#17886=CARTESIAN_POINT('',(6.49,0.4,1.73472347597681E-15));
#17887=CARTESIAN_POINT('',(6.49,0.4,1.73472347597681E-15));
#17888=CARTESIAN_POINT('',(1.45,0.,3.55147571752732E-16));
#17889=CARTESIAN_POINT('',(1.45,0.,0.));
#17890=CARTESIAN_POINT('',(1.45,0.9,0.));
#17891=CARTESIAN_POINT('',(4.35,0.4,9.62964972193618E-32));
#17892=CARTESIAN_POINT('',(-7.05,0.9,9.4));
#17893=CARTESIAN_POINT('',(-7.05,0.4,0.));
#17894=CARTESIAN_POINT('',(-7.05,0.,9.4));
#17895=CARTESIAN_POINT('',(4.33680868994202E-16,0.9,-3.35416666666666));
#17896=CARTESIAN_POINT('',(4.33680868994202E-16,0.,-3.35416666666666));
#17897=CARTESIAN_POINT('',(4.35,0.9,6.05));
#17898=CARTESIAN_POINT('',(4.35,0.4,0.));
#17899=CARTESIAN_POINT('',(4.35,0.4,6.05));
#17900=CARTESIAN_POINT('',(4.35,0.9,6.05));
#17901=CARTESIAN_POINT('',(4.35,0.,6.05));
#17902=CARTESIAN_POINT('',(4.35,0.,6.05));
#17903=CARTESIAN_POINT('',(-4.35,0.9,6.05));
#17904=CARTESIAN_POINT('',(-4.35,0.,6.05));
#17905=CARTESIAN_POINT('',(4.35,0.9,6.05));
#17906=CARTESIAN_POINT('',(-4.35,0.9,6.05));
#17907=CARTESIAN_POINT('',(-2.225,0.9,3.40000000000002));
#17908=CARTESIAN_POINT('',(-2.225,0.,3.40000000000002));
#17909=CARTESIAN_POINT('',(-2.225,0.,3.40000000000002));
#17910=CARTESIAN_POINT('',(-3.925,0.,3.40000000000002));
#17911=CARTESIAN_POINT('',(-2.225,0.9,3.40000000000002));
#17912=CARTESIAN_POINT('',(-3.925,0.9,3.40000000000002));
#17913=CARTESIAN_POINT('',(-3.925,0.9,3.40000000000002));
#17914=CARTESIAN_POINT('',(-3.925,0.,3.40000000000002));
#17915=CARTESIAN_POINT('',(-3.925,0.,5.10000000000002));
#17916=CARTESIAN_POINT('',(-3.925,0.9,5.10000000000002));
#17917=CARTESIAN_POINT('',(-3.925,0.9,5.10000000000002));
#17918=CARTESIAN_POINT('',(-3.925,0.,5.10000000000002));
#17919=CARTESIAN_POINT('',(-2.225,0.,5.10000000000001));
#17920=CARTESIAN_POINT('',(-2.225,0.9,5.10000000000001));
#17921=CARTESIAN_POINT('',(3.925,0.9,3.40000000000002));
#17922=CARTESIAN_POINT('',(3.925,0.,3.40000000000002));
#17923=CARTESIAN_POINT('',(3.925,0.,3.40000000000002));
#17924=CARTESIAN_POINT('',(2.225,0.,3.40000000000002));
#17925=CARTESIAN_POINT('',(3.925,0.9,3.40000000000002));
#17926=CARTESIAN_POINT('',(2.225,0.9,3.40000000000002));
#17927=CARTESIAN_POINT('',(2.225,0.9,3.40000000000002));
#17928=CARTESIAN_POINT('',(2.225,0.,3.40000000000002));
#17929=CARTESIAN_POINT('',(2.225,0.,5.10000000000002));
#17930=CARTESIAN_POINT('',(2.225,0.9,3.40000000000002));
#17931=CARTESIAN_POINT('',(2.225,2.01,3.40000000000002));
#17932=CARTESIAN_POINT('',(2.225,2.01,3.40000000000002));
#17933=CARTESIAN_POINT('',(2.225,2.01,5.10000000000001));
#17934=CARTESIAN_POINT('',(2.225,0.9,5.10000000000001));
#17935=CARTESIAN_POINT('',(2.225,0.9,5.10000000000002));
#17936=CARTESIAN_POINT('',(2.225,0.9,5.10000000000002));
#17937=CARTESIAN_POINT('',(2.225,0.,5.10000000000002));
#17938=CARTESIAN_POINT('',(3.925,0.,5.10000000000002));
#17939=CARTESIAN_POINT('',(3.925,0.9,5.10000000000002));
#17940=CARTESIAN_POINT('',(-2.225,0.9,5.10000000000001));
#17941=CARTESIAN_POINT('',(-2.225,0.,5.10000000000001));
#17942=CARTESIAN_POINT('',(-2.225,2.01,5.10000000000001));
#17943=CARTESIAN_POINT('',(-2.225,2.01,5.10000000000001));
#17944=CARTESIAN_POINT('',(-2.225,2.01,3.40000000000002));
#17945=CARTESIAN_POINT('',(-2.225,2.01,3.40000000000002));
#17946=CARTESIAN_POINT('',(-2.225,2.01,3.40000000000002));
#17947=CARTESIAN_POINT('',(3.925,0.9,5.10000000000002));
#17948=CARTESIAN_POINT('',(3.925,0.,5.10000000000002));
#17949=CARTESIAN_POINT('',(4.33680868994202E-16,0.,-3.35416666666666));
#17950=CARTESIAN_POINT('',(0.,0.4,0.));
#17951=CARTESIAN_POINT('',(4.35,0.4,0.));
#17952=CARTESIAN_POINT('',(4.91,0.4,9.4));
#17953=CARTESIAN_POINT('',(4.35,0.4,0.));
#17954=CARTESIAN_POINT('',(4.91,0.4,9.4));
#17955=CARTESIAN_POINT('',(4.91,2.75,9.));
#17956=CARTESIAN_POINT('',(4.91,2.75,9.));
#17957=CARTESIAN_POINT('',(4.91,2.75,3.85));
#17958=CARTESIAN_POINT('',(4.91,2.75,3.85));
#17959=CARTESIAN_POINT('',(4.91,2.75,3.85));
#17960=CARTESIAN_POINT('',(0.,0.4,0.));
#17961=CARTESIAN_POINT('',(-4.35,0.4,0.));
#17962=CARTESIAN_POINT('',(-4.91,0.4,9.4));
#17963=CARTESIAN_POINT('',(-4.35,0.4,0.));
#17964=CARTESIAN_POINT('',(-4.91,0.4,9.4));
#17965=CARTESIAN_POINT('',(-4.91,2.75,3.85));
#17966=CARTESIAN_POINT('',(-4.91,2.75,3.85));
#17967=CARTESIAN_POINT('',(-4.91,2.75,9.));
#17968=CARTESIAN_POINT('',(-4.91,2.75,9.));
#17969=CARTESIAN_POINT('',(-4.91,2.75,9.));
#17970=CARTESIAN_POINT('',(0.,0.4,0.));
#17971=CARTESIAN_POINT('',(6.49,0.4,9.4));
#17972=CARTESIAN_POINT('',(6.49,0.4,9.4));
#17973=CARTESIAN_POINT('',(6.49,2.75,3.85));
#17974=CARTESIAN_POINT('',(6.49,2.75,3.85));
#17975=CARTESIAN_POINT('',(6.49,2.75,9.));
#17976=CARTESIAN_POINT('',(6.49,2.75,9.));
#17977=CARTESIAN_POINT('',(6.49,2.75,9.));
#17978=CARTESIAN_POINT('',(0.,0.4,0.));
#17979=CARTESIAN_POINT('',(-6.49,0.4,9.4));
#17980=CARTESIAN_POINT('',(-6.49,0.4,9.4));
#17981=CARTESIAN_POINT('',(-6.49,2.75,9.));
#17982=CARTESIAN_POINT('',(-6.49,2.75,9.));
#17983=CARTESIAN_POINT('',(-6.49,2.75,3.85));
#17984=CARTESIAN_POINT('',(-6.49,2.75,3.85));
#17985=CARTESIAN_POINT('',(-6.49,2.75,3.85));
#17986=CARTESIAN_POINT('',(0.,2.75,0.));
#17987=CARTESIAN_POINT('',(-6.49,2.75,9.));
#17988=CARTESIAN_POINT('',(-4.91,2.75,3.85));
#17989=CARTESIAN_POINT('',(-6.49,2.75,9.));
#17990=CARTESIAN_POINT('',(-4.91,2.75,3.85));
#17991=CARTESIAN_POINT('',(0.,2.75,0.));
#17992=CARTESIAN_POINT('',(4.91,2.75,9.));
#17993=CARTESIAN_POINT('',(6.49,2.75,3.85));
#17994=CARTESIAN_POINT('',(6.49,2.75,3.85));
#17995=CARTESIAN_POINT('',(4.91,2.75,9.));
#17996=CARTESIAN_POINT('',(2.475,2.2710151265625,3.40000000000002));
#17997=CARTESIAN_POINT('',(2.475,2.2710151265625,5.10000000000001));
#17998=CARTESIAN_POINT('',(2.475,2.2710151265625,5.10000000000001));
#17999=CARTESIAN_POINT('',(2.225,2.75,5.10000000000001));
#18000=CARTESIAN_POINT('',(2.475,2.2710151265625,3.40000000000002));
#18001=CARTESIAN_POINT('',(2.475,2.2710151265625,3.40000000000002));
#18002=CARTESIAN_POINT('',(2.475,2.2710151265625,3.40000000000002));
#18003=CARTESIAN_POINT('',(2.225,2.75,3.40000000000002));
#18004=CARTESIAN_POINT('',(2.225,2.75,3.40000000000002));
#18005=CARTESIAN_POINT('',(1.95666666666667,2.35,3.40000000000002));
#18006=CARTESIAN_POINT('',(1.95666666666667,2.35,5.10000000000001));
#18007=CARTESIAN_POINT('',(1.475,2.35,5.10000000000001));
#18008=CARTESIAN_POINT('',(1.95666666666667,2.35,3.40000000000002));
#18009=CARTESIAN_POINT('',(1.475,2.35,3.40000000000002));
#18010=CARTESIAN_POINT('',(1.475,2.35,3.40000000000002));
#18011=CARTESIAN_POINT('',(1.475,2.35,3.40000000000002));
#18012=CARTESIAN_POINT('',(1.475,2.35,5.10000000000001));
#18013=CARTESIAN_POINT('',(1.475,2.35,3.40000000000002));
#18014=CARTESIAN_POINT('',(2.225,2.01,3.40000000000002));
#18015=CARTESIAN_POINT('',(2.225,2.01,5.10000000000001));
#18016=CARTESIAN_POINT('',(2.225,2.01,3.40000000000002));
#18017=CARTESIAN_POINT('',(1.95666666666667,2.35,3.40000000000002));
#18018=CARTESIAN_POINT('',(1.95666666666667,2.35,5.10000000000001));
#18019=CARTESIAN_POINT('',(-1.95666666666667,2.35,3.40000000000002));
#18020=CARTESIAN_POINT('',(-1.95666666666667,2.35,5.10000000000001));
#18021=CARTESIAN_POINT('',(-1.475,2.35,5.10000000000001));
#18022=CARTESIAN_POINT('',(-2.225,2.75,5.10000000000001));
#18023=CARTESIAN_POINT('',(-1.475,2.35,3.40000000000002));
#18024=CARTESIAN_POINT('',(-1.475,2.35,3.40000000000002));
#18025=CARTESIAN_POINT('',(-1.95666666666667,2.35,3.40000000000002));
#18026=CARTESIAN_POINT('',(-2.225,2.75,3.40000000000002));
#18027=CARTESIAN_POINT('',(-2.225,2.75,3.40000000000002));
#18028=CARTESIAN_POINT('',(-2.225,2.75,3.40000000000002));
#18029=CARTESIAN_POINT('',(-2.225,2.75,5.10000000000001));
#18030=CARTESIAN_POINT('',(-2.475,2.2710151265625,5.10000000000001));
#18031=CARTESIAN_POINT('',(-2.225,2.75,3.40000000000002));
#18032=CARTESIAN_POINT('',(-2.475,2.2710151265625,3.40000000000002));
#18033=CARTESIAN_POINT('',(-2.475,2.2710151265625,3.40000000000002));
#18034=CARTESIAN_POINT('',(-2.475,2.2710151265625,3.40000000000002));
#18035=CARTESIAN_POINT('',(-2.475,2.2710151265625,5.10000000000001));
#18036=CARTESIAN_POINT('',(-2.475,2.2710151265625,3.40000000000002));
#18037=CARTESIAN_POINT('',(-1.475,0.9,3.40000000000002));
#18038=CARTESIAN_POINT('',(-1.475,0.9,5.10000000000001));
#18039=CARTESIAN_POINT('',(-1.475,0.9,3.40000000000002));
#18040=CARTESIAN_POINT('',(-1.95666666666667,2.35,3.40000000000002));
#18041=CARTESIAN_POINT('',(-1.95666666666667,2.35,5.10000000000001));
#18042=CARTESIAN_POINT('',(0.0558227848101202,15.3,5.51445982379747));
#18043=CARTESIAN_POINT('',(2.77571428571428,9.57,-9.485));
#18044=CARTESIAN_POINT('',(3.39,7.79,-9.485));
#18045=CARTESIAN_POINT('',(-9.796850830579E-17,-1.6,-0.949999999999996));
#18046=CARTESIAN_POINT('',(-5.48011343335514E-17,-0.895,-0.249999999999999));
#18047=CARTESIAN_POINT('',(-5.48011343335515E-17,-0.895000000000002,0.250000000000001));
#18048=CARTESIAN_POINT('',(-5.48011343335514E-17,-0.895,-0.249999999999999));
#18049=CARTESIAN_POINT('',(-5.48011343335515E-17,-0.895000000000002,0.250000000000001));
#18050=CARTESIAN_POINT('',(-8.54162931791108E-17,-1.395,0.250000000000001));
#18051=CARTESIAN_POINT('',(-8.54162931791108E-17,-1.395,0.250000000000001));
#18052=CARTESIAN_POINT('',(-8.54162931791107E-17,-1.395,-0.249999999999999));
#18053=CARTESIAN_POINT('',(-8.54162931791107E-17,-1.395,-0.249999999999999));
#18054=CARTESIAN_POINT('',(-9.796850830579E-17,-1.6,-0.949999999999996));
#18055=CARTESIAN_POINT('',(-8.57224447675662E-17,-1.4,-0.949999999999996));
#18056=CARTESIAN_POINT('',(8.57224447675666E-17,1.4,-0.949999999999997));
#18057=CARTESIAN_POINT('',(0.,-1.4,-0.749999999999996));
#18058=CARTESIAN_POINT('',(-9.796850830579E-17,-1.6,-0.749999999999997));
#18059=CARTESIAN_POINT('',(-9.796850830579E-17,-1.6,0.950000000000004));
#18060=CARTESIAN_POINT('',(-9.796850830579E-17,-1.6,0.750000000000004));
#18061=CARTESIAN_POINT('',(0.,-1.4,0.750000000000004));
#18062=CARTESIAN_POINT('',(-8.57224447675662E-17,-1.4,0.950000000000004));
#18063=CARTESIAN_POINT('',(9.79685083057904E-17,1.6,0.950000000000004));
#18064=CARTESIAN_POINT('',(8.57224447675666E-17,1.4,0.950000000000004));
#18065=CARTESIAN_POINT('',(0.,1.4,0.750000000000004));
#18066=CARTESIAN_POINT('',(9.79685083057904E-17,1.6,0.750000000000004));
#18067=CARTESIAN_POINT('',(9.79685083057904E-17,1.6,-0.949999999999997));
#18068=CARTESIAN_POINT('',(9.79685083057904E-17,1.6,-0.749999999999997));
#18069=CARTESIAN_POINT('',(0.,1.4,-0.749999999999997));
#18070=CARTESIAN_POINT('',(5.48011343335514E-17,0.895000000000001,-0.249999999999999));
#18071=CARTESIAN_POINT('',(5.48011343335514E-17,0.895,0.250000000000001));
#18072=CARTESIAN_POINT('',(5.48011343335514E-17,0.895,-0.249999999999999));
#18073=CARTESIAN_POINT('',(8.54162931791109E-17,1.395,-0.249999999999999));
#18074=CARTESIAN_POINT('',(8.54162931791109E-17,1.395,-0.249999999999999));
#18075=CARTESIAN_POINT('',(8.54162931791108E-17,1.395,0.250000000000001));
#18076=CARTESIAN_POINT('',(8.54162931791108E-17,1.395,0.250000000000001));
#18077=CARTESIAN_POINT('',(5.48011343335514E-17,0.895,0.250000000000001));
#18078=CARTESIAN_POINT('',(4.02,-1.6,0.950000000000004));
#18079=CARTESIAN_POINT('',(4.02,-1.6,-0.749999999999997));
#18080=CARTESIAN_POINT('',(2.42,-1.6,-0.749999999999997));
#18081=CARTESIAN_POINT('',(2.42,-1.6,0.950000000000004));
#18082=CARTESIAN_POINT('',(2.42,-1.6,0.750000000000004));
#18083=CARTESIAN_POINT('',(4.02,-1.6,0.750000000000004));
#18084=CARTESIAN_POINT('',(4.02,-1.6,-0.949999999999996));
#18085=CARTESIAN_POINT('',(2.42,2.79859685772821E-15,-0.949999999999997));
#18086=CARTESIAN_POINT('',(2.42,1.4,-0.949999999999997));
#18087=CARTESIAN_POINT('',(2.42,-1.4,-0.949999999999996));
#18088=CARTESIAN_POINT('',(4.02,-1.4,-0.949999999999996));
#18089=CARTESIAN_POINT('',(4.02,1.4,-0.949999999999997));
#18090=CARTESIAN_POINT('',(4.02,1.6,-0.949999999999997));
#18091=CARTESIAN_POINT('',(2.42,1.6,-0.949999999999997));
#18092=CARTESIAN_POINT('',(2.42,1.6,0.750000000000004));
#18093=CARTESIAN_POINT('',(2.42,1.6,-0.749999999999997));
#18094=CARTESIAN_POINT('',(4.02,1.6,-0.749999999999997));
#18095=CARTESIAN_POINT('',(4.02,1.6,0.750000000000004));
#18096=CARTESIAN_POINT('',(4.02,1.6,0.950000000000004));
#18097=CARTESIAN_POINT('',(2.42,2.77149180341607E-15,0.950000000000004));
#18098=CARTESIAN_POINT('',(2.42,-1.4,0.950000000000004));
#18099=CARTESIAN_POINT('',(2.42,1.4,0.950000000000004));
#18100=CARTESIAN_POINT('',(4.02,1.4,0.950000000000004));
#18101=CARTESIAN_POINT('',(4.02,-1.4,0.950000000000004));
#18102=CARTESIAN_POINT('',(2.42,2.81892564846231E-15,-0.949999999999996));
#18103=CARTESIAN_POINT('',(2.42,2.81892564846231E-15,-0.749999999999997));
#18104=CARTESIAN_POINT('',(2.42,2.81892564846231E-15,0.750000000000004));
#18105=CARTESIAN_POINT('',(4.02,-1.4,0.750000000000004));
#18106=CARTESIAN_POINT('',(2.42,-1.4,0.750000000000004));
#18107=CARTESIAN_POINT('',(2.42,2.81892564846231E-15,0.750000000000004));
#18108=CARTESIAN_POINT('',(2.42,1.4,0.750000000000004));
#18109=CARTESIAN_POINT('',(4.02,1.4,0.750000000000004));
#18110=CARTESIAN_POINT('',(4.02,1.4,-0.749999999999997));
#18111=CARTESIAN_POINT('',(2.42,1.4,-0.749999999999997));
#18112=CARTESIAN_POINT('',(2.42,2.81892564846231E-15,-0.749999999999997));
#18113=CARTESIAN_POINT('',(2.42,-1.4,-0.749999999999996));
#18114=CARTESIAN_POINT('',(4.02,-1.4,-0.749999999999996));
#18115=CARTESIAN_POINT('',(-10.56,0.895,1.63));
#18116=CARTESIAN_POINT('',(-10.56,0.895,13.1));
#18117=CARTESIAN_POINT('',(-10.56,1.24499999999998,13.1));
#18118=CARTESIAN_POINT('',(-10.56,1.04499999999999,13.1));
#18119=CARTESIAN_POINT('',(-10.56,0.894999999999996,12.95));
#18120=CARTESIAN_POINT('',(-10.56,0.895,12.95));
#18121=CARTESIAN_POINT('',(-10.56,0.895,1.63));
#18122=CARTESIAN_POINT('',(-10.56,0.895,1.63));
#18123=CARTESIAN_POINT('',(-10.56,0.895,1.63));
#18124=CARTESIAN_POINT('',(-10.56,1.395,1.63));
#18125=CARTESIAN_POINT('',(-10.56,1.395,1.63));
#18126=CARTESIAN_POINT('',(-10.56,1.395,12.95));
#18127=CARTESIAN_POINT('',(-10.56,1.39499999999998,12.95));
#18128=CARTESIAN_POINT('',(-11.06,1.395,1.63));
#18129=CARTESIAN_POINT('',(-11.06,0.895000000000001,1.63));
#18130=CARTESIAN_POINT('',(-11.06,0.895000000000001,1.63));
#18131=CARTESIAN_POINT('',(-11.06,0.895000000000001,12.95));
#18132=CARTESIAN_POINT('',(-11.06,0.894999999999995,12.95));
#18133=CARTESIAN_POINT('',(-11.06,1.04499999999999,13.1));
#18134=CARTESIAN_POINT('',(-11.06,1.395,13.1));
#18135=CARTESIAN_POINT('',(-11.06,1.24499999999998,13.1));
#18136=CARTESIAN_POINT('',(-11.06,1.39499999999998,12.95));
#18137=CARTESIAN_POINT('',(-11.06,1.395,12.95));
#18138=CARTESIAN_POINT('',(-11.06,1.395,1.63));
#18139=CARTESIAN_POINT('',(-11.06,1.395,1.63));
#18140=CARTESIAN_POINT('',(-11.06,1.395,1.63));
#18141=CARTESIAN_POINT('',(-9.18,0.,1.63));
#18142=CARTESIAN_POINT('',(-9.18,0.895,1.63));
#18143=CARTESIAN_POINT('',(-9.18,0.895,0.25));
#18144=CARTESIAN_POINT('',(-9.18,0.895,0.25));
#18145=CARTESIAN_POINT('',(-9.18,1.395,0.25));
#18146=CARTESIAN_POINT('',(-9.18,1.395,1.63));
#18147=CARTESIAN_POINT('',(-9.18,0.,1.63));
#18148=CARTESIAN_POINT('',(-9.18,1.395,1.63));
#18149=CARTESIAN_POINT('',(-9.18,1.395,-0.25));
#18150=CARTESIAN_POINT('',(-9.18,1.395,-0.25));
#18151=CARTESIAN_POINT('',(-9.18,0.895000000000001,-0.25));
#18152=CARTESIAN_POINT('',(-9.18,0.895000000000001,1.63));
#18153=CARTESIAN_POINT('',(5.48011343335514E-17,0.895,0.250000000000001));
#18154=CARTESIAN_POINT('',(5.48011343335514E-17,0.895,0.250000000000001));
#18155=CARTESIAN_POINT('',(8.54162931791108E-17,1.395,0.250000000000001));
#18156=CARTESIAN_POINT('',(8.54162931791108E-17,1.395,0.250000000000001));
#18157=CARTESIAN_POINT('',(8.51207413639401E-16,1.39499999999998,12.95));
#18158=CARTESIAN_POINT('',(8.54162931791109E-17,1.395,-0.249999999999999));
#18159=CARTESIAN_POINT('',(8.54162931791109E-17,1.395,-0.249999999999999));
#18160=CARTESIAN_POINT('',(5.48011343335514E-17,0.895000000000001,-0.249999999999999));
#18161=CARTESIAN_POINT('',(5.48011343335514E-17,0.895000000000001,-0.249999999999999));
#18162=CARTESIAN_POINT('',(8.50741511504877E-16,0.894999999999995,12.95));
#18163=CARTESIAN_POINT('',(-10.81,1.145,13.1));
#18164=CARTESIAN_POINT('',(-10.81,1.04499999999999,13.1));
#18165=CARTESIAN_POINT('',(-10.81,1.24499999999998,13.1));
#18166=CARTESIAN_POINT('',(-11.06,-1.395,1.63));
#18167=CARTESIAN_POINT('',(-11.06,-1.395,13.1));
#18168=CARTESIAN_POINT('',(-11.06,-1.04500000000004,13.1));
#18169=CARTESIAN_POINT('',(-11.06,-1.24500000000003,13.1));
#18170=CARTESIAN_POINT('',(-11.06,4.51499999999998,7.54000000000005));
#18171=CARTESIAN_POINT('',(-11.06,-0.895,12.95));
#18172=CARTESIAN_POINT('',(-11.06,-0.895,1.63));
#18173=CARTESIAN_POINT('',(-11.06,-0.895,1.63));
#18174=CARTESIAN_POINT('',(-11.06,-1.395,1.63));
#18175=CARTESIAN_POINT('',(-11.06,-1.395,1.63));
#18176=CARTESIAN_POINT('',(-11.06,-1.395,1.63));
#18177=CARTESIAN_POINT('',(-11.06,-1.395,12.95));
#18178=CARTESIAN_POINT('',(-11.06,-7.05500000000002,7.28999999999999));
#18179=CARTESIAN_POINT('',(-10.56,-0.895000000000002,1.63));
#18180=CARTESIAN_POINT('',(-10.56,-0.895000000000002,1.63));
#18181=CARTESIAN_POINT('',(-10.56,-0.895000000000002,1.63));
#18182=CARTESIAN_POINT('',(-10.56,-0.895000000000002,12.95));
#18183=CARTESIAN_POINT('',(-10.56,4.76499999999998,7.29000000000005));
#18184=CARTESIAN_POINT('',(-10.56,-1.04500000000004,13.1));
#18185=CARTESIAN_POINT('',(-10.56,-0.895000000000002,13.1));
#18186=CARTESIAN_POINT('',(-10.56,-1.24500000000003,13.1));
#18187=CARTESIAN_POINT('',(-10.56,-6.80500000000002,7.53999999999999));
#18188=CARTESIAN_POINT('',(-10.56,-1.395,12.95));
#18189=CARTESIAN_POINT('',(-10.56,-1.395,1.63));
#18190=CARTESIAN_POINT('',(-10.56,-1.395,1.63));
#18191=CARTESIAN_POINT('',(-10.56,-0.895000000000002,1.63));
#18192=CARTESIAN_POINT('',(-9.18,0.,1.63));
#18193=CARTESIAN_POINT('',(-9.18,-1.395,1.63));
#18194=CARTESIAN_POINT('',(-9.18,-1.395,-0.25));
#18195=CARTESIAN_POINT('',(-9.18,-0.895,1.63));
#18196=CARTESIAN_POINT('',(-9.18,-0.895,-0.25));
#18197=CARTESIAN_POINT('',(-9.18,-1.395,-0.25));
#18198=CARTESIAN_POINT('',(-9.18,0.,1.63));
#18199=CARTESIAN_POINT('',(-9.18,-0.895000000000002,1.63));
#18200=CARTESIAN_POINT('',(-9.18,-0.895000000000002,0.25));
#18201=CARTESIAN_POINT('',(-9.18,-1.395,1.63));
#18202=CARTESIAN_POINT('',(-9.18,-1.395,0.25));
#18203=CARTESIAN_POINT('',(-9.18,-0.895000000000002,0.25));
#18204=CARTESIAN_POINT('',(-8.54162931791108E-17,-1.395,0.250000000000001));
#18205=CARTESIAN_POINT('',(6.80374827281179E-16,-1.39500000000003,12.95));
#18206=CARTESIAN_POINT('',(-8.54162931791107E-17,-1.395,-0.249999999999999));
#18207=CARTESIAN_POINT('',(-8.54162931791108E-17,-1.395,0.250000000000001));
#18208=CARTESIAN_POINT('',(-8.54162931791107E-17,-1.395,-0.249999999999999));
#18209=CARTESIAN_POINT('',(-5.48011343335514E-17,-0.895,-0.249999999999999));
#18210=CARTESIAN_POINT('',(-5.48011343335514E-17,-0.895,-0.249999999999999));
#18211=CARTESIAN_POINT('',(7.41139242837774E-16,-0.895000000000035,12.95));
#18212=CARTESIAN_POINT('',(-5.48011343335515E-17,-0.895000000000002,0.250000000000001));
#18213=CARTESIAN_POINT('',(-5.48011343335515E-17,-0.895000000000002,0.250000000000001));
#18214=CARTESIAN_POINT('',(-10.81,-1.145,13.1));
#18215=CARTESIAN_POINT('',(-10.81,-1.04500000000004,13.1));
#18216=CARTESIAN_POINT('',(-10.81,-1.24500000000003,13.1));
#18217=CARTESIAN_POINT('',(-10.81,-1.04500000000004,13.1));
#18218=CARTESIAN_POINT('',(-10.81,-1.24500000000003,13.1));
#18219=CARTESIAN_POINT('',(8.50741511504877E-16,0.894999999999995,12.95));
#18220=CARTESIAN_POINT('',(8.51207413639401E-16,1.39499999999998,12.95));
#18221=CARTESIAN_POINT('',(5.76,3.71999999999999,4.515));
#18222=CARTESIAN_POINT('',(-9.796850830579E-17,-1.6,-0.949999999999996));
#18223=CARTESIAN_POINT('',(-5.48011343335514E-17,-0.895,-0.249999999999999));
#18224=CARTESIAN_POINT('',(-5.48011343335515E-17,-0.895000000000002,0.250000000000001));
#18225=CARTESIAN_POINT('',(-5.48011343335514E-17,-0.895,-0.249999999999999));
#18226=CARTESIAN_POINT('',(-5.48011343335515E-17,-0.895000000000002,0.250000000000001));
#18227=CARTESIAN_POINT('',(-8.54162931791108E-17,-1.395,0.250000000000001));
#18228=CARTESIAN_POINT('',(-8.54162931791108E-17,-1.395,0.250000000000001));
#18229=CARTESIAN_POINT('',(-8.54162931791107E-17,-1.395,-0.249999999999999));
#18230=CARTESIAN_POINT('',(-8.54162931791107E-17,-1.395,-0.249999999999999));
#18231=CARTESIAN_POINT('',(-9.796850830579E-17,-1.6,-0.949999999999996));
#18232=CARTESIAN_POINT('',(-8.57224447675662E-17,-1.4,-0.949999999999996));
#18233=CARTESIAN_POINT('',(8.57224447675666E-17,1.4,-0.949999999999997));
#18234=CARTESIAN_POINT('',(0.,-1.4,-0.749999999999996));
#18235=CARTESIAN_POINT('',(-9.796850830579E-17,-1.6,-0.749999999999997));
#18236=CARTESIAN_POINT('',(-9.796850830579E-17,-1.6,0.950000000000004));
#18237=CARTESIAN_POINT('',(-9.796850830579E-17,-1.6,0.750000000000004));
#18238=CARTESIAN_POINT('',(0.,-1.4,0.750000000000004));
#18239=CARTESIAN_POINT('',(-8.57224447675662E-17,-1.4,0.950000000000004));
#18240=CARTESIAN_POINT('',(9.79685083057904E-17,1.6,0.950000000000004));
#18241=CARTESIAN_POINT('',(8.57224447675666E-17,1.4,0.950000000000004));
#18242=CARTESIAN_POINT('',(0.,1.4,0.750000000000004));
#18243=CARTESIAN_POINT('',(9.79685083057904E-17,1.6,0.750000000000004));
#18244=CARTESIAN_POINT('',(9.79685083057904E-17,1.6,-0.949999999999997));
#18245=CARTESIAN_POINT('',(9.79685083057904E-17,1.6,-0.749999999999997));
#18246=CARTESIAN_POINT('',(0.,1.4,-0.749999999999997));
#18247=CARTESIAN_POINT('',(5.48011343335514E-17,0.895000000000001,-0.249999999999999));
#18248=CARTESIAN_POINT('',(5.48011343335514E-17,0.895,0.250000000000001));
#18249=CARTESIAN_POINT('',(5.48011343335514E-17,0.895,-0.249999999999999));
#18250=CARTESIAN_POINT('',(8.54162931791109E-17,1.395,-0.249999999999999));
#18251=CARTESIAN_POINT('',(8.54162931791109E-17,1.395,-0.249999999999999));
#18252=CARTESIAN_POINT('',(8.54162931791108E-17,1.395,0.250000000000001));
#18253=CARTESIAN_POINT('',(8.54162931791108E-17,1.395,0.250000000000001));
#18254=CARTESIAN_POINT('',(5.48011343335514E-17,0.895,0.250000000000001));
#18255=CARTESIAN_POINT('',(4.02,-1.6,0.950000000000004));
#18256=CARTESIAN_POINT('',(4.02,-1.6,-0.749999999999997));
#18257=CARTESIAN_POINT('',(2.42,-1.6,-0.749999999999997));
#18258=CARTESIAN_POINT('',(2.42,-1.6,0.950000000000004));
#18259=CARTESIAN_POINT('',(2.42,-1.6,0.750000000000004));
#18260=CARTESIAN_POINT('',(4.02,-1.6,0.750000000000004));
#18261=CARTESIAN_POINT('',(4.02,-1.6,-0.949999999999996));
#18262=CARTESIAN_POINT('',(2.42,2.79859685772821E-15,-0.949999999999997));
#18263=CARTESIAN_POINT('',(2.42,1.4,-0.949999999999997));
#18264=CARTESIAN_POINT('',(2.42,-1.4,-0.949999999999996));
#18265=CARTESIAN_POINT('',(4.02,-1.4,-0.949999999999996));
#18266=CARTESIAN_POINT('',(4.02,1.4,-0.949999999999997));
#18267=CARTESIAN_POINT('',(4.02,1.6,-0.949999999999997));
#18268=CARTESIAN_POINT('',(2.42,1.6,-0.949999999999997));
#18269=CARTESIAN_POINT('',(2.42,1.6,0.750000000000004));
#18270=CARTESIAN_POINT('',(2.42,1.6,-0.749999999999997));
#18271=CARTESIAN_POINT('',(4.02,1.6,-0.749999999999997));
#18272=CARTESIAN_POINT('',(4.02,1.6,0.750000000000004));
#18273=CARTESIAN_POINT('',(4.02,1.6,0.950000000000004));
#18274=CARTESIAN_POINT('',(2.42,2.77149180341607E-15,0.950000000000004));
#18275=CARTESIAN_POINT('',(2.42,-1.4,0.950000000000004));
#18276=CARTESIAN_POINT('',(2.42,1.4,0.950000000000004));
#18277=CARTESIAN_POINT('',(4.02,1.4,0.950000000000004));
#18278=CARTESIAN_POINT('',(4.02,-1.4,0.950000000000004));
#18279=CARTESIAN_POINT('',(2.42,2.81892564846231E-15,-0.949999999999996));
#18280=CARTESIAN_POINT('',(2.42,2.81892564846231E-15,-0.749999999999997));
#18281=CARTESIAN_POINT('',(2.42,2.81892564846231E-15,0.750000000000004));
#18282=CARTESIAN_POINT('',(4.02,-1.4,0.750000000000004));
#18283=CARTESIAN_POINT('',(2.42,-1.4,0.750000000000004));
#18284=CARTESIAN_POINT('',(2.42,2.81892564846231E-15,0.750000000000004));
#18285=CARTESIAN_POINT('',(2.42,1.4,0.750000000000004));
#18286=CARTESIAN_POINT('',(4.02,1.4,0.750000000000004));
#18287=CARTESIAN_POINT('',(4.02,1.4,-0.749999999999997));
#18288=CARTESIAN_POINT('',(2.42,1.4,-0.749999999999997));
#18289=CARTESIAN_POINT('',(2.42,2.81892564846231E-15,-0.749999999999997));
#18290=CARTESIAN_POINT('',(2.42,-1.4,-0.749999999999996));
#18291=CARTESIAN_POINT('',(4.02,-1.4,-0.749999999999996));
#18292=CARTESIAN_POINT('',(-10.56,0.895,1.63));
#18293=CARTESIAN_POINT('',(-10.56,1.395,1.63));
#18294=CARTESIAN_POINT('',(-10.56,1.395,1.63));
#18295=CARTESIAN_POINT('',(-10.56,1.395,12.95));
#18296=CARTESIAN_POINT('',(-10.56,1.39499999999998,12.95));
#18297=CARTESIAN_POINT('',(-10.56,1.24499999999998,13.1));
#18298=CARTESIAN_POINT('',(-10.56,0.895,13.1));
#18299=CARTESIAN_POINT('',(-10.56,1.04499999999999,13.1));
#18300=CARTESIAN_POINT('',(-10.56,0.894999999999996,12.95));
#18301=CARTESIAN_POINT('',(-10.56,0.895,12.95));
#18302=CARTESIAN_POINT('',(-10.56,0.895,1.63));
#18303=CARTESIAN_POINT('',(-10.56,0.895,1.63));
#18304=CARTESIAN_POINT('',(-10.56,0.895,1.63));
#18305=CARTESIAN_POINT('',(-11.06,1.395,1.63));
#18306=CARTESIAN_POINT('',(-11.06,1.395,13.1));
#18307=CARTESIAN_POINT('',(-11.06,1.04499999999999,13.1));
#18308=CARTESIAN_POINT('',(-11.06,1.24499999999998,13.1));
#18309=CARTESIAN_POINT('',(-11.06,1.39499999999998,12.95));
#18310=CARTESIAN_POINT('',(-11.06,1.395,12.95));
#18311=CARTESIAN_POINT('',(-11.06,1.395,1.63));
#18312=CARTESIAN_POINT('',(-11.06,1.395,1.63));
#18313=CARTESIAN_POINT('',(-11.06,1.395,1.63));
#18314=CARTESIAN_POINT('',(-11.06,0.895000000000001,1.63));
#18315=CARTESIAN_POINT('',(-11.06,0.895000000000001,1.63));
#18316=CARTESIAN_POINT('',(-11.06,0.895000000000001,12.95));
#18317=CARTESIAN_POINT('',(-11.06,0.894999999999995,12.95));
#18318=CARTESIAN_POINT('',(-9.18,0.,1.63));
#18319=CARTESIAN_POINT('',(-9.18,0.895,1.63));
#18320=CARTESIAN_POINT('',(-9.18,0.895,0.25));
#18321=CARTESIAN_POINT('',(-9.18,0.895,0.25));
#18322=CARTESIAN_POINT('',(-9.18,1.395,0.25));
#18323=CARTESIAN_POINT('',(-9.18,1.395,1.63));
#18324=CARTESIAN_POINT('',(-9.18,0.,1.63));
#18325=CARTESIAN_POINT('',(-9.18,1.395,1.63));
#18326=CARTESIAN_POINT('',(-9.18,1.395,-0.25));
#18327=CARTESIAN_POINT('',(-9.18,1.395,-0.25));
#18328=CARTESIAN_POINT('',(-9.18,0.895000000000001,-0.25));
#18329=CARTESIAN_POINT('',(-9.18,0.895000000000001,1.63));
#18330=CARTESIAN_POINT('',(5.48011343335514E-17,0.895,0.250000000000001));
#18331=CARTESIAN_POINT('',(5.48011343335514E-17,0.895,0.250000000000001));
#18332=CARTESIAN_POINT('',(8.54162931791108E-17,1.395,0.250000000000001));
#18333=CARTESIAN_POINT('',(8.54162931791108E-17,1.395,0.250000000000001));
#18334=CARTESIAN_POINT('',(8.51207413639401E-16,1.39499999999998,12.95));
#18335=CARTESIAN_POINT('',(8.54162931791109E-17,1.395,-0.249999999999999));
#18336=CARTESIAN_POINT('',(8.54162931791109E-17,1.395,-0.249999999999999));
#18337=CARTESIAN_POINT('',(5.48011343335514E-17,0.895000000000001,-0.249999999999999));
#18338=CARTESIAN_POINT('',(5.48011343335514E-17,0.895000000000001,-0.249999999999999));
#18339=CARTESIAN_POINT('',(8.50741511504877E-16,0.894999999999995,12.95));
#18340=CARTESIAN_POINT('',(-10.81,1.145,13.1));
#18341=CARTESIAN_POINT('',(-10.81,1.24499999999998,13.1));
#18342=CARTESIAN_POINT('',(-10.81,1.04499999999999,13.1));
#18343=CARTESIAN_POINT('',(-11.06,-1.395,1.63));
#18344=CARTESIAN_POINT('',(-11.06,-1.395,1.63));
#18345=CARTESIAN_POINT('',(-11.06,-1.395,1.63));
#18346=CARTESIAN_POINT('',(-11.06,-1.395,12.95));
#18347=CARTESIAN_POINT('',(-11.06,-7.05500000000002,7.28999999999999));
#18348=CARTESIAN_POINT('',(-11.06,-1.24500000000003,13.1));
#18349=CARTESIAN_POINT('',(-11.06,-1.395,13.1));
#18350=CARTESIAN_POINT('',(-11.06,-1.04500000000004,13.1));
#18351=CARTESIAN_POINT('',(-11.06,4.51499999999998,7.54000000000005));
#18352=CARTESIAN_POINT('',(-11.06,-0.895,12.95));
#18353=CARTESIAN_POINT('',(-11.06,-0.895,1.63));
#18354=CARTESIAN_POINT('',(-11.06,-0.895,1.63));
#18355=CARTESIAN_POINT('',(-11.06,-1.395,1.63));
#18356=CARTESIAN_POINT('',(-10.56,-0.895000000000002,1.63));
#18357=CARTESIAN_POINT('',(-10.56,-0.895000000000002,13.1));
#18358=CARTESIAN_POINT('',(-10.56,-1.24500000000003,13.1));
#18359=CARTESIAN_POINT('',(-10.56,-1.04500000000004,13.1));
#18360=CARTESIAN_POINT('',(-10.56,-6.80500000000002,7.53999999999999));
#18361=CARTESIAN_POINT('',(-10.56,-1.395,12.95));
#18362=CARTESIAN_POINT('',(-10.56,-1.395,1.63));
#18363=CARTESIAN_POINT('',(-10.56,-1.395,1.63));
#18364=CARTESIAN_POINT('',(-10.56,-0.895000000000002,1.63));
#18365=CARTESIAN_POINT('',(-10.56,-0.895000000000002,1.63));
#18366=CARTESIAN_POINT('',(-10.56,-0.895000000000002,1.63));
#18367=CARTESIAN_POINT('',(-10.56,-0.895000000000002,12.95));
#18368=CARTESIAN_POINT('',(-10.56,4.76499999999998,7.29000000000005));
#18369=CARTESIAN_POINT('',(-9.18,0.,1.63));
#18370=CARTESIAN_POINT('',(-9.18,-1.395,1.63));
#18371=CARTESIAN_POINT('',(-9.18,-1.395,-0.25));
#18372=CARTESIAN_POINT('',(-9.18,-0.895,1.63));
#18373=CARTESIAN_POINT('',(-9.18,-0.895,-0.25));
#18374=CARTESIAN_POINT('',(-9.18,-1.395,-0.25));
#18375=CARTESIAN_POINT('',(-9.18,0.,1.63));
#18376=CARTESIAN_POINT('',(-9.18,-0.895000000000002,1.63));
#18377=CARTESIAN_POINT('',(-9.18,-0.895000000000002,0.25));
#18378=CARTESIAN_POINT('',(-9.18,-1.395,1.63));
#18379=CARTESIAN_POINT('',(-9.18,-1.395,0.25));
#18380=CARTESIAN_POINT('',(-9.18,-0.895000000000002,0.25));
#18381=CARTESIAN_POINT('',(-8.54162931791108E-17,-1.395,0.250000000000001));
#18382=CARTESIAN_POINT('',(6.80374827281179E-16,-1.39500000000003,12.95));
#18383=CARTESIAN_POINT('',(-8.54162931791107E-17,-1.395,-0.249999999999999));
#18384=CARTESIAN_POINT('',(-8.54162931791108E-17,-1.395,0.250000000000001));
#18385=CARTESIAN_POINT('',(-8.54162931791107E-17,-1.395,-0.249999999999999));
#18386=CARTESIAN_POINT('',(-5.48011343335514E-17,-0.895,-0.249999999999999));
#18387=CARTESIAN_POINT('',(-5.48011343335514E-17,-0.895,-0.249999999999999));
#18388=CARTESIAN_POINT('',(7.41139242837774E-16,-0.895000000000035,12.95));
#18389=CARTESIAN_POINT('',(-5.48011343335515E-17,-0.895000000000002,0.250000000000001));
#18390=CARTESIAN_POINT('',(-5.48011343335515E-17,-0.895000000000002,0.250000000000001));
#18391=CARTESIAN_POINT('',(-10.81,-1.145,13.1));
#18392=CARTESIAN_POINT('',(-10.81,-1.24500000000003,13.1));
#18393=CARTESIAN_POINT('',(-10.81,-1.04500000000004,13.1));
#18394=CARTESIAN_POINT('',(8.51207413639401E-16,1.39499999999998,12.95));
#18395=CARTESIAN_POINT('',(8.50741511504877E-16,0.894999999999995,12.95));
#18396=CARTESIAN_POINT('',(-10.81,-1.24500000000003,13.1));
#18397=CARTESIAN_POINT('',(-10.81,-1.04500000000004,13.1));
#18398=CARTESIAN_POINT('',(-5.67,3.71999999999999,4.51500000000001));
#18399=MECHANICAL_DESIGN_GEOMETRIC_PRESENTATION_REPRESENTATION('',(#11073,
#11074,#11075,#11076,#11077,#11078,#11079,#11080,#11081,#11082,#11083,#11084,
#11085,#11086,#11087,#11088,#11089,#11090,#11091,#11092,#11093,#11094,#11095,
#11096,#11097,#11098,#11099,#11100,#11101,#11102,#11103,#11104,#11105,#11106,
#11107,#11108,#11109,#11110,#11111,#11112,#11113,#11114,#11115,#11116,#11117,
#11118,#11119,#11120,#11121,#11122,#11123,#11124,#11125,#11126,#11127,#11128,
#11129,#11130,#11131,#11132,#11133,#11134,#11135,#11136,#11137,#11138,#11139,
#11140,#11141,#11142,#11143,#11144,#11145),#18400);
#18400=(
GEOMETRIC_REPRESENTATION_CONTEXT(3)
GLOBAL_UNCERTAINTY_ASSIGNED_CONTEXT((#18408))
GLOBAL_UNIT_ASSIGNED_CONTEXT((#18418,#18417,#18416))
REPRESENTATION_CONTEXT('615108137221R','TOP_LEVEL_ASSEMBLY_PART')
);
#18401=(
GEOMETRIC_REPRESENTATION_CONTEXT(3)
GLOBAL_UNCERTAINTY_ASSIGNED_CONTEXT((#18409))
GLOBAL_UNIT_ASSIGNED_CONTEXT((#18418,#18417,#18416))
REPRESENTATION_CONTEXT('615108137221R_Shielding','COMPONENT_PART')
);
#18402=(
GEOMETRIC_REPRESENTATION_CONTEXT(3)
GLOBAL_UNCERTAINTY_ASSIGNED_CONTEXT((#18410))
GLOBAL_UNIT_ASSIGNED_CONTEXT((#18418,#18417,#18416))
REPRESENTATION_CONTEXT('615108137221R_Housing','COMPONENT_PART')
);
#18403=(
GEOMETRIC_REPRESENTATION_CONTEXT(3)
GLOBAL_UNCERTAINTY_ASSIGNED_CONTEXT((#18411))
GLOBAL_UNIT_ASSIGNED_CONTEXT((#18418,#18417,#18416))
REPRESENTATION_CONTEXT('615108137221R_Pin Longue','COMPONENT_PART')
);
#18404=(
GEOMETRIC_REPRESENTATION_CONTEXT(3)
GLOBAL_UNCERTAINTY_ASSIGNED_CONTEXT((#18412))
GLOBAL_UNIT_ASSIGNED_CONTEXT((#18418,#18417,#18416))
REPRESENTATION_CONTEXT('615108137221R_Pin Short','COMPONENT_PART')
);
#18405=(
GEOMETRIC_REPRESENTATION_CONTEXT(3)
GLOBAL_UNCERTAINTY_ASSIGNED_CONTEXT((#18413))
GLOBAL_UNIT_ASSIGNED_CONTEXT((#18418,#18417,#18416))
REPRESENTATION_CONTEXT('615108137221R_Housing-2','COMPONENT_PART')
);
#18406=(
GEOMETRIC_REPRESENTATION_CONTEXT(3)
GLOBAL_UNCERTAINTY_ASSIGNED_CONTEXT((#18414))
GLOBAL_UNIT_ASSIGNED_CONTEXT((#18418,#18417,#18416))
REPRESENTATION_CONTEXT('615108137221R_Led Green','COMPONENT_PART')
);
#18407=(
GEOMETRIC_REPRESENTATION_CONTEXT(3)
GLOBAL_UNCERTAINTY_ASSIGNED_CONTEXT((#18415))
GLOBAL_UNIT_ASSIGNED_CONTEXT((#18418,#18417,#18416))
REPRESENTATION_CONTEXT('615108137221R_Led Yellow','COMPONENT_PART')
);
#18408=UNCERTAINTY_MEASURE_WITH_UNIT(LENGTH_MEASURE(0.005),#18418,
'DISTANCE_ACCURACY_VALUE','Maximum Tolerance applied to model');
#18409=UNCERTAINTY_MEASURE_WITH_UNIT(LENGTH_MEASURE(0.005),#18418,
'DISTANCE_ACCURACY_VALUE','Maximum Tolerance applied to model');
#18410=UNCERTAINTY_MEASURE_WITH_UNIT(LENGTH_MEASURE(0.005),#18418,
'DISTANCE_ACCURACY_VALUE','Maximum Tolerance applied to model');
#18411=UNCERTAINTY_MEASURE_WITH_UNIT(LENGTH_MEASURE(0.005),#18418,
'DISTANCE_ACCURACY_VALUE','Maximum Tolerance applied to model');
#18412=UNCERTAINTY_MEASURE_WITH_UNIT(LENGTH_MEASURE(0.005),#18418,
'DISTANCE_ACCURACY_VALUE','Maximum Tolerance applied to model');
#18413=UNCERTAINTY_MEASURE_WITH_UNIT(LENGTH_MEASURE(0.005),#18418,
'DISTANCE_ACCURACY_VALUE','Maximum Tolerance applied to model');
#18414=UNCERTAINTY_MEASURE_WITH_UNIT(LENGTH_MEASURE(0.005),#18418,
'DISTANCE_ACCURACY_VALUE','Maximum Tolerance applied to model');
#18415=UNCERTAINTY_MEASURE_WITH_UNIT(LENGTH_MEASURE(0.005),#18418,
'DISTANCE_ACCURACY_VALUE','Maximum Tolerance applied to model');
#18416=(
NAMED_UNIT(*)
SI_UNIT($,.STERADIAN.)
SOLID_ANGLE_UNIT()
);
#18417=(
NAMED_UNIT(*)
PLANE_ANGLE_UNIT()
SI_UNIT($,.RADIAN.)
);
#18418=(
LENGTH_UNIT()
NAMED_UNIT(*)
SI_UNIT(.MILLI.,.METRE.)
);
#18419=PRODUCT_DEFINITION_SHAPE('','',#18440);
#18420=PRODUCT_DEFINITION_SHAPE('','',#18441);
#18421=PRODUCT_DEFINITION_SHAPE(' ','NAUO PRDDFN',#85);
#18422=PRODUCT_DEFINITION_SHAPE('','',#18442);
#18423=PRODUCT_DEFINITION_SHAPE(' ','NAUO PRDDFN',#86);
#18424=PRODUCT_DEFINITION_SHAPE('','',#18443);
#18425=PRODUCT_DEFINITION_SHAPE(' ','NAUO PRDDFN',#87);
#18426=PRODUCT_DEFINITION_SHAPE('','',#18444);
#18427=PRODUCT_DEFINITION_SHAPE(' ','NAUO PRDDFN',#88);
#18428=PRODUCT_DEFINITION_SHAPE(' ','NAUO PRDDFN',#89);
#18429=PRODUCT_DEFINITION_SHAPE(' ','NAUO PRDDFN',#90);
#18430=PRODUCT_DEFINITION_SHAPE(' ','NAUO PRDDFN',#91);
#18431=PRODUCT_DEFINITION_SHAPE(' ','NAUO PRDDFN',#92);
#18432=PRODUCT_DEFINITION_SHAPE('','',#18445);
#18433=PRODUCT_DEFINITION_SHAPE(' ','NAUO PRDDFN',#93);
#18434=PRODUCT_DEFINITION_SHAPE(' ','NAUO PRDDFN',#94);
#18435=PRODUCT_DEFINITION_SHAPE(' ','NAUO PRDDFN',#95);
#18436=PRODUCT_DEFINITION_SHAPE('','',#18446);
#18437=PRODUCT_DEFINITION_SHAPE(' ','NAUO PRDDFN',#96);
#18438=PRODUCT_DEFINITION_SHAPE('','',#18447);
#18439=PRODUCT_DEFINITION_SHAPE(' ','NAUO PRDDFN',#97);
#18440=PRODUCT_DEFINITION('','',#18456,#18448);
#18441=PRODUCT_DEFINITION('','',#18457,#18449);
#18442=PRODUCT_DEFINITION('','',#18458,#18450);
#18443=PRODUCT_DEFINITION('','',#18459,#18451);
#18444=PRODUCT_DEFINITION('','',#18460,#18452);
#18445=PRODUCT_DEFINITION('','',#18461,#18453);
#18446=PRODUCT_DEFINITION('','',#18462,#18454);
#18447=PRODUCT_DEFINITION('','',#18463,#18455);
#18448=PRODUCT_DEFINITION_CONTEXT('',#18497,'design');
#18449=PRODUCT_DEFINITION_CONTEXT('',#18497,'design');
#18450=PRODUCT_DEFINITION_CONTEXT('',#18497,'design');
#18451=PRODUCT_DEFINITION_CONTEXT('',#18497,'design');
#18452=PRODUCT_DEFINITION_CONTEXT('',#18497,'design');
#18453=PRODUCT_DEFINITION_CONTEXT('',#18497,'design');
#18454=PRODUCT_DEFINITION_CONTEXT('',#18497,'design');
#18455=PRODUCT_DEFINITION_CONTEXT('',#18497,'design');
#18456=PRODUCT_DEFINITION_FORMATION_WITH_SPECIFIED_SOURCE('','',#18472,
 .NOT_KNOWN.);
#18457=PRODUCT_DEFINITION_FORMATION_WITH_SPECIFIED_SOURCE('','',#18473,
 .NOT_KNOWN.);
#18458=PRODUCT_DEFINITION_FORMATION_WITH_SPECIFIED_SOURCE('','',#18474,
 .NOT_KNOWN.);
#18459=PRODUCT_DEFINITION_FORMATION_WITH_SPECIFIED_SOURCE('','',#18475,
 .NOT_KNOWN.);
#18460=PRODUCT_DEFINITION_FORMATION_WITH_SPECIFIED_SOURCE('','',#18476,
 .NOT_KNOWN.);
#18461=PRODUCT_DEFINITION_FORMATION_WITH_SPECIFIED_SOURCE('','',#18477,
 .NOT_KNOWN.);
#18462=PRODUCT_DEFINITION_FORMATION_WITH_SPECIFIED_SOURCE('','',#18478,
 .NOT_KNOWN.);
#18463=PRODUCT_DEFINITION_FORMATION_WITH_SPECIFIED_SOURCE('','',#18479,
 .NOT_KNOWN.);
#18464=PRODUCT_RELATED_PRODUCT_CATEGORY('','',(#18472));
#18465=PRODUCT_RELATED_PRODUCT_CATEGORY('','',(#18473));
#18466=PRODUCT_RELATED_PRODUCT_CATEGORY('','',(#18474));
#18467=PRODUCT_RELATED_PRODUCT_CATEGORY('','',(#18475));
#18468=PRODUCT_RELATED_PRODUCT_CATEGORY('','',(#18476));
#18469=PRODUCT_RELATED_PRODUCT_CATEGORY('','',(#18477));
#18470=PRODUCT_RELATED_PRODUCT_CATEGORY('','',(#18478));
#18471=PRODUCT_RELATED_PRODUCT_CATEGORY('','',(#18479));
#18472=PRODUCT('615108137221R','615108137221R','615108137221R',(#18488));
#18473=PRODUCT('615108137221R_Shielding','615108137221R_Shielding',
'615108137221R_Shielding',(#18489));
#18474=PRODUCT('615108137221R_Housing','615108137221R_Housing',
'615108137221R_Housing',(#18490));
#18475=PRODUCT('615108137221R_Pin Longue','615108137221R_Pin Longue',
'615108137221R_Pin Longue',(#18491));
#18476=PRODUCT('615108137221R_Pin Short','615108137221R_Pin Short',
'615108137221R_Pin Short',(#18492));
#18477=PRODUCT('615108137221R_Housing-2','615108137221R_Housing-2',
'615108137221R_Housing-2',(#18493));
#18478=PRODUCT('615108137221R_Led Green','615108137221R_Led Green',
'615108137221R_Led Green',(#18494));
#18479=PRODUCT('615108137221R_Led Yellow','615108137221R_Led Yellow',
'615108137221R_Led Yellow',(#18495));
#18480=PRODUCT_CATEGORY('','');
#18481=PRODUCT_CATEGORY('','');
#18482=PRODUCT_CATEGORY('','');
#18483=PRODUCT_CATEGORY('','');
#18484=PRODUCT_CATEGORY('','');
#18485=PRODUCT_CATEGORY('','');
#18486=PRODUCT_CATEGORY('','');
#18487=PRODUCT_CATEGORY('','');
#18488=PRODUCT_CONTEXT('',#18497,'mechanical');
#18489=PRODUCT_CONTEXT('',#18497,'mechanical');
#18490=PRODUCT_CONTEXT('',#18497,'mechanical');
#18491=PRODUCT_CONTEXT('',#18497,'mechanical');
#18492=PRODUCT_CONTEXT('',#18497,'mechanical');
#18493=PRODUCT_CONTEXT('',#18497,'mechanical');
#18494=PRODUCT_CONTEXT('',#18497,'mechanical');
#18495=PRODUCT_CONTEXT('',#18497,'mechanical');
#18496=APPLICATION_PROTOCOL_DEFINITION('international standard',
'automotive_design',2010,#18497);
#18497=APPLICATION_CONTEXT(
'core data for automotive mechanical design processes');
ENDSEC;
END-ISO-10303-21;
