ISO-10303-21;
HEADER;
FILE_DESCRIPTION(('FreeCAD Model'),'2;1');
FILE_NAME('/var/www/3D/0T/836592.1.1.stp','2020-04-09T12:57:21',(
    'Author'),(''),'Open CASCADE STEP processor 6.9','FreeCAD','Unknown'
  );
FILE_SCHEMA(('AUTOMOTIVE_DESIGN { 1 0 10303 214 1 1 1 1 }'));
ENDSEC;
DATA;
#1 = APPLICATION_PROTOCOL_DEFINITION('international standard',
  'automotive_design',2000,#2);
#2 = APPLICATION_CONTEXT(
  'core data for automotive mechanical design processes');
#3 = SHAPE_DEFINITION_REPRESENTATION(#4,#10);
#4 = PRODUCT_DEFINITION_SHAPE('','',#5);
#5 = PRODUCT_DEFINITION('design','',#6,#9);
#6 = PRODUCT_DEFINITION_FORMATION('','',#7);
#7 = PRODUCT('ASSEMBLY','ASSEMBLY','',(#8));
#8 = PRODUCT_CONTEXT('',#2,'mechanical');
#9 = PRODUCT_DEFINITION_CONTEXT('part definition',#2,'design');
#10 = SHAPE_REPRESENTATION('',(#11,#15,#19),#23);
#11 = AXIS2_PLACEMENT_3D('',#12,#13,#14);
#12 = CARTESIAN_POINT('',(0.,0.,0.));
#13 = DIRECTION('',(0.,0.,1.));
#14 = DIRECTION('',(1.,0.,-0.));
#15 = AXIS2_PLACEMENT_3D('',#16,#17,#18);
#16 = CARTESIAN_POINT('',(0.,0.,0.));
#17 = DIRECTION('',(0.,0.,1.));
#18 = DIRECTION('',(1.,0.,0.));
#19 = AXIS2_PLACEMENT_3D('',#20,#21,#22);
#20 = CARTESIAN_POINT('',(0.,0.,0.));
#21 = DIRECTION('',(0.,0.,1.));
#22 = DIRECTION('',(1.,0.,0.));
#23 = ( GEOMETRIC_REPRESENTATION_CONTEXT(3) 
GLOBAL_UNCERTAINTY_ASSIGNED_CONTEXT((#27)) GLOBAL_UNIT_ASSIGNED_CONTEXT(
(#24,#25,#26)) REPRESENTATION_CONTEXT('Context #1',
  '3D Context with UNIT and UNCERTAINTY') );
#24 = ( LENGTH_UNIT() NAMED_UNIT(*) SI_UNIT(.MILLI.,.METRE.) );
#25 = ( NAMED_UNIT(*) PLANE_ANGLE_UNIT() SI_UNIT($,.RADIAN.) );
#26 = ( NAMED_UNIT(*) SI_UNIT($,.STERADIAN.) SOLID_ANGLE_UNIT() );
#27 = UNCERTAINTY_MEASURE_WITH_UNIT(LENGTH_MEASURE(1.E-07),#24,
  'distance_accuracy_value','confusion accuracy');
#28 = PRODUCT_RELATED_PRODUCT_CATEGORY('part',$,(#7));
#29 = SHAPE_REPRESENTATION('',(#11,#30,#42,#54,#66,#78,#90,#102,#114,
    #126,#138,#150,#162,#174,#186,#198,#210,#222,#234,#246,#258,#270,
    #282,#294,#306,#318,#330,#342,#354,#366,#378,#390,#402,#414,#426,
    #438,#450,#462,#474,#486,#498,#510,#522,#534,#546,#558,#570,#582,
    #594,#606,#618,#630,#642,#654,#666,#678,#690,#702,#714,#726,#738,
    #750,#762,#774,#786,#798,#810,#822,#834,#846,#858,#870,#882,#894,
    #906,#918,#930,#942,#954,#966,#978,#990,#1002,#1014,#1026,#1038,
    #1050,#1062,#1074,#1086,#1098,#1110,#1122,#1134,#1146,#1158,#1170,
    #1182,#1194,#1206,#1218,#1230,#1242,#1254,#1266,#1278,#1290,#1302,
    #1314,#1326,#1338,#1350,#1362,#1374,#1386,#1398,#1410,#1422,#1434,
    #1446,#1458,#1470,#1482,#1494,#1506,#1518,#1530,#1542,#1554,#1566,
    #1578,#1590,#1602,#1614,#1626,#1638,#1650,#1662,#1674,#1686,#1698,
    #1710,#1722,#1734,#1746,#1758,#1770,#1782,#1794,#1806,#1818,#1830,
    #1842,#1854,#1866,#1878,#1890,#1902,#1914,#1926,#1938,#1950,#1962,
    #1974,#1986,#1998,#2010,#2022,#2034,#2046,#2058,#2070,#2082,#2094,
    #2106,#2118,#2130,#2142,#2154,#2166,#2178,#2190,#2202,#2214,#2226,
    #2238,#2250,#2262,#2274,#2286,#2298,#2310,#2322,#2334,#2346,#2358,
    #2370,#2382,#2394,#2406,#2418,#2430,#2442,#2454,#2466,#2478,#2490,
    #2502,#2514,#2526,#2538,#2550,#2562,#2574,#2586,#2598,#2610,#2622,
    #2634,#2646,#2658,#2670,#2682,#2694,#2706,#2718,#2730,#2742,#2754,
    #2766,#2778,#2790,#2802,#2814,#2826,#2838,#2850,#2862,#2874,#2886,
    #2898,#2910,#2922,#2934,#2946,#2958,#2970,#2982,#2994,#3006,#3018,
    #3030,#3042,#3054,#3066,#3078,#3090,#3102,#3114,#3126,#3138,#3150,
    #3162,#3174,#3186,#3198,#3210,#3222,#3234,#3246,#3258,#3270,#3282,
    #3294,#3306,#3318,#3330,#3342,#3354,#3366,#3378,#3390,#3402,#3414,
    #3426,#3438,#3450,#3462,#3474,#3486,#3498,#3510,#3522,#3534,#3546,
    #3558,#3570,#3582,#3594,#3606,#3618,#3630,#3642,#3654,#3666,#3678,
    #3690,#3702,#3714,#3726,#3738,#3750,#3762,#3774,#3786,#3798,#3810,
    #3822,#3834,#3846,#3858,#3870,#3882,#3894,#3906),#3918);
#30 = MANIFOLD_SOLID_BREP('',#31);
#31 = CLOSED_SHELL('',(#32));
#32 = ADVANCED_FACE('',(#33),#37,.T.);
#33 = FACE_BOUND('',#34,.T.);
#34 = VERTEX_LOOP('',#35);
#35 = VERTEX_POINT('',#36);
#36 = CARTESIAN_POINT('',(-6.8,6.8,0.));
#37 = SPHERICAL_SURFACE('',#38,0.225);
#38 = AXIS2_PLACEMENT_3D('',#39,#40,#41);
#39 = CARTESIAN_POINT('',(-6.8,6.8,0.225));
#40 = DIRECTION('',(0.,0.,1.));
#41 = DIRECTION('',(1.,0.,0.));
#42 = MANIFOLD_SOLID_BREP('',#43);
#43 = CLOSED_SHELL('',(#44));
#44 = ADVANCED_FACE('',(#45),#49,.T.);
#45 = FACE_BOUND('',#46,.T.);
#46 = VERTEX_LOOP('',#47);
#47 = VERTEX_POINT('',#48);
#48 = CARTESIAN_POINT('',(-6.8,6.,0.));
#49 = SPHERICAL_SURFACE('',#50,0.225);
#50 = AXIS2_PLACEMENT_3D('',#51,#52,#53);
#51 = CARTESIAN_POINT('',(-6.8,6.,0.225));
#52 = DIRECTION('',(0.,0.,1.));
#53 = DIRECTION('',(1.,0.,0.));
#54 = MANIFOLD_SOLID_BREP('',#55);
#55 = CLOSED_SHELL('',(#56));
#56 = ADVANCED_FACE('',(#57),#61,.T.);
#57 = FACE_BOUND('',#58,.T.);
#58 = VERTEX_LOOP('',#59);
#59 = VERTEX_POINT('',#60);
#60 = CARTESIAN_POINT('',(-6.8,5.2,0.));
#61 = SPHERICAL_SURFACE('',#62,0.225);
#62 = AXIS2_PLACEMENT_3D('',#63,#64,#65);
#63 = CARTESIAN_POINT('',(-6.8,5.2,0.225));
#64 = DIRECTION('',(0.,0.,1.));
#65 = DIRECTION('',(1.,0.,0.));
#66 = MANIFOLD_SOLID_BREP('',#67);
#67 = CLOSED_SHELL('',(#68));
#68 = ADVANCED_FACE('',(#69),#73,.T.);
#69 = FACE_BOUND('',#70,.T.);
#70 = VERTEX_LOOP('',#71);
#71 = VERTEX_POINT('',#72);
#72 = CARTESIAN_POINT('',(-6.8,4.4,0.));
#73 = SPHERICAL_SURFACE('',#74,0.225);
#74 = AXIS2_PLACEMENT_3D('',#75,#76,#77);
#75 = CARTESIAN_POINT('',(-6.8,4.4,0.225));
#76 = DIRECTION('',(0.,0.,1.));
#77 = DIRECTION('',(1.,0.,0.));
#78 = MANIFOLD_SOLID_BREP('',#79);
#79 = CLOSED_SHELL('',(#80));
#80 = ADVANCED_FACE('',(#81),#85,.T.);
#81 = FACE_BOUND('',#82,.T.);
#82 = VERTEX_LOOP('',#83);
#83 = VERTEX_POINT('',#84);
#84 = CARTESIAN_POINT('',(-6.8,3.6,0.));
#85 = SPHERICAL_SURFACE('',#86,0.225);
#86 = AXIS2_PLACEMENT_3D('',#87,#88,#89);
#87 = CARTESIAN_POINT('',(-6.8,3.6,0.225));
#88 = DIRECTION('',(0.,0.,1.));
#89 = DIRECTION('',(1.,0.,0.));
#90 = MANIFOLD_SOLID_BREP('',#91);
#91 = CLOSED_SHELL('',(#92));
#92 = ADVANCED_FACE('',(#93),#97,.T.);
#93 = FACE_BOUND('',#94,.T.);
#94 = VERTEX_LOOP('',#95);
#95 = VERTEX_POINT('',#96);
#96 = CARTESIAN_POINT('',(-6.8,2.8,0.));
#97 = SPHERICAL_SURFACE('',#98,0.225);
#98 = AXIS2_PLACEMENT_3D('',#99,#100,#101);
#99 = CARTESIAN_POINT('',(-6.8,2.8,0.225));
#100 = DIRECTION('',(0.,0.,1.));
#101 = DIRECTION('',(1.,0.,0.));
#102 = MANIFOLD_SOLID_BREP('',#103);
#103 = CLOSED_SHELL('',(#104));
#104 = ADVANCED_FACE('',(#105),#109,.T.);
#105 = FACE_BOUND('',#106,.T.);
#106 = VERTEX_LOOP('',#107);
#107 = VERTEX_POINT('',#108);
#108 = CARTESIAN_POINT('',(-6.8,2.,0.));
#109 = SPHERICAL_SURFACE('',#110,0.225);
#110 = AXIS2_PLACEMENT_3D('',#111,#112,#113);
#111 = CARTESIAN_POINT('',(-6.8,2.,0.225));
#112 = DIRECTION('',(0.,0.,1.));
#113 = DIRECTION('',(1.,0.,0.));
#114 = MANIFOLD_SOLID_BREP('',#115);
#115 = CLOSED_SHELL('',(#116));
#116 = ADVANCED_FACE('',(#117),#121,.T.);
#117 = FACE_BOUND('',#118,.T.);
#118 = VERTEX_LOOP('',#119);
#119 = VERTEX_POINT('',#120);
#120 = CARTESIAN_POINT('',(-6.8,1.2,0.));
#121 = SPHERICAL_SURFACE('',#122,0.225);
#122 = AXIS2_PLACEMENT_3D('',#123,#124,#125);
#123 = CARTESIAN_POINT('',(-6.8,1.2,0.225));
#124 = DIRECTION('',(0.,0.,1.));
#125 = DIRECTION('',(1.,0.,0.));
#126 = MANIFOLD_SOLID_BREP('',#127);
#127 = CLOSED_SHELL('',(#128));
#128 = ADVANCED_FACE('',(#129),#133,.T.);
#129 = FACE_BOUND('',#130,.T.);
#130 = VERTEX_LOOP('',#131);
#131 = VERTEX_POINT('',#132);
#132 = CARTESIAN_POINT('',(-6.8,0.4,0.));
#133 = SPHERICAL_SURFACE('',#134,0.225);
#134 = AXIS2_PLACEMENT_3D('',#135,#136,#137);
#135 = CARTESIAN_POINT('',(-6.8,0.4,0.225));
#136 = DIRECTION('',(0.,0.,1.));
#137 = DIRECTION('',(1.,0.,0.));
#138 = MANIFOLD_SOLID_BREP('',#139);
#139 = CLOSED_SHELL('',(#140));
#140 = ADVANCED_FACE('',(#141),#145,.T.);
#141 = FACE_BOUND('',#142,.T.);
#142 = VERTEX_LOOP('',#143);
#143 = VERTEX_POINT('',#144);
#144 = CARTESIAN_POINT('',(-6.8,-0.4,0.));
#145 = SPHERICAL_SURFACE('',#146,0.225);
#146 = AXIS2_PLACEMENT_3D('',#147,#148,#149);
#147 = CARTESIAN_POINT('',(-6.8,-0.4,0.225));
#148 = DIRECTION('',(0.,0.,1.));
#149 = DIRECTION('',(1.,0.,0.));
#150 = MANIFOLD_SOLID_BREP('',#151);
#151 = CLOSED_SHELL('',(#152));
#152 = ADVANCED_FACE('',(#153),#157,.T.);
#153 = FACE_BOUND('',#154,.T.);
#154 = VERTEX_LOOP('',#155);
#155 = VERTEX_POINT('',#156);
#156 = CARTESIAN_POINT('',(-6.8,-1.2,0.));
#157 = SPHERICAL_SURFACE('',#158,0.225);
#158 = AXIS2_PLACEMENT_3D('',#159,#160,#161);
#159 = CARTESIAN_POINT('',(-6.8,-1.2,0.225));
#160 = DIRECTION('',(0.,0.,1.));
#161 = DIRECTION('',(1.,0.,0.));
#162 = MANIFOLD_SOLID_BREP('',#163);
#163 = CLOSED_SHELL('',(#164));
#164 = ADVANCED_FACE('',(#165),#169,.T.);
#165 = FACE_BOUND('',#166,.T.);
#166 = VERTEX_LOOP('',#167);
#167 = VERTEX_POINT('',#168);
#168 = CARTESIAN_POINT('',(-6.8,-2.,0.));
#169 = SPHERICAL_SURFACE('',#170,0.225);
#170 = AXIS2_PLACEMENT_3D('',#171,#172,#173);
#171 = CARTESIAN_POINT('',(-6.8,-2.,0.225));
#172 = DIRECTION('',(0.,0.,1.));
#173 = DIRECTION('',(1.,0.,0.));
#174 = MANIFOLD_SOLID_BREP('',#175);
#175 = CLOSED_SHELL('',(#176));
#176 = ADVANCED_FACE('',(#177),#181,.T.);
#177 = FACE_BOUND('',#178,.T.);
#178 = VERTEX_LOOP('',#179);
#179 = VERTEX_POINT('',#180);
#180 = CARTESIAN_POINT('',(-6.8,-2.8,0.));
#181 = SPHERICAL_SURFACE('',#182,0.225);
#182 = AXIS2_PLACEMENT_3D('',#183,#184,#185);
#183 = CARTESIAN_POINT('',(-6.8,-2.8,0.225));
#184 = DIRECTION('',(0.,0.,1.));
#185 = DIRECTION('',(1.,0.,0.));
#186 = MANIFOLD_SOLID_BREP('',#187);
#187 = CLOSED_SHELL('',(#188));
#188 = ADVANCED_FACE('',(#189),#193,.T.);
#189 = FACE_BOUND('',#190,.T.);
#190 = VERTEX_LOOP('',#191);
#191 = VERTEX_POINT('',#192);
#192 = CARTESIAN_POINT('',(-6.8,-3.6,0.));
#193 = SPHERICAL_SURFACE('',#194,0.225);
#194 = AXIS2_PLACEMENT_3D('',#195,#196,#197);
#195 = CARTESIAN_POINT('',(-6.8,-3.6,0.225));
#196 = DIRECTION('',(0.,0.,1.));
#197 = DIRECTION('',(1.,0.,0.));
#198 = MANIFOLD_SOLID_BREP('',#199);
#199 = CLOSED_SHELL('',(#200));
#200 = ADVANCED_FACE('',(#201),#205,.T.);
#201 = FACE_BOUND('',#202,.T.);
#202 = VERTEX_LOOP('',#203);
#203 = VERTEX_POINT('',#204);
#204 = CARTESIAN_POINT('',(-6.8,-4.4,0.));
#205 = SPHERICAL_SURFACE('',#206,0.225);
#206 = AXIS2_PLACEMENT_3D('',#207,#208,#209);
#207 = CARTESIAN_POINT('',(-6.8,-4.4,0.225));
#208 = DIRECTION('',(0.,0.,1.));
#209 = DIRECTION('',(1.,0.,0.));
#210 = MANIFOLD_SOLID_BREP('',#211);
#211 = CLOSED_SHELL('',(#212));
#212 = ADVANCED_FACE('',(#213),#217,.T.);
#213 = FACE_BOUND('',#214,.T.);
#214 = VERTEX_LOOP('',#215);
#215 = VERTEX_POINT('',#216);
#216 = CARTESIAN_POINT('',(-6.8,-5.2,0.));
#217 = SPHERICAL_SURFACE('',#218,0.225);
#218 = AXIS2_PLACEMENT_3D('',#219,#220,#221);
#219 = CARTESIAN_POINT('',(-6.8,-5.2,0.225));
#220 = DIRECTION('',(0.,0.,1.));
#221 = DIRECTION('',(1.,0.,0.));
#222 = MANIFOLD_SOLID_BREP('',#223);
#223 = CLOSED_SHELL('',(#224));
#224 = ADVANCED_FACE('',(#225),#229,.T.);
#225 = FACE_BOUND('',#226,.T.);
#226 = VERTEX_LOOP('',#227);
#227 = VERTEX_POINT('',#228);
#228 = CARTESIAN_POINT('',(-6.8,-6.,0.));
#229 = SPHERICAL_SURFACE('',#230,0.225);
#230 = AXIS2_PLACEMENT_3D('',#231,#232,#233);
#231 = CARTESIAN_POINT('',(-6.8,-6.,0.225));
#232 = DIRECTION('',(0.,0.,1.));
#233 = DIRECTION('',(1.,0.,0.));
#234 = MANIFOLD_SOLID_BREP('',#235);
#235 = CLOSED_SHELL('',(#236));
#236 = ADVANCED_FACE('',(#237),#241,.T.);
#237 = FACE_BOUND('',#238,.T.);
#238 = VERTEX_LOOP('',#239);
#239 = VERTEX_POINT('',#240);
#240 = CARTESIAN_POINT('',(-6.8,-6.8,0.));
#241 = SPHERICAL_SURFACE('',#242,0.225);
#242 = AXIS2_PLACEMENT_3D('',#243,#244,#245);
#243 = CARTESIAN_POINT('',(-6.8,-6.8,0.225));
#244 = DIRECTION('',(0.,0.,1.));
#245 = DIRECTION('',(1.,0.,0.));
#246 = MANIFOLD_SOLID_BREP('',#247);
#247 = CLOSED_SHELL('',(#248));
#248 = ADVANCED_FACE('',(#249),#253,.T.);
#249 = FACE_BOUND('',#250,.T.);
#250 = VERTEX_LOOP('',#251);
#251 = VERTEX_POINT('',#252);
#252 = CARTESIAN_POINT('',(-6.,6.8,0.));
#253 = SPHERICAL_SURFACE('',#254,0.225);
#254 = AXIS2_PLACEMENT_3D('',#255,#256,#257);
#255 = CARTESIAN_POINT('',(-6.,6.8,0.225));
#256 = DIRECTION('',(0.,0.,1.));
#257 = DIRECTION('',(1.,0.,0.));
#258 = MANIFOLD_SOLID_BREP('',#259);
#259 = CLOSED_SHELL('',(#260));
#260 = ADVANCED_FACE('',(#261),#265,.T.);
#261 = FACE_BOUND('',#262,.T.);
#262 = VERTEX_LOOP('',#263);
#263 = VERTEX_POINT('',#264);
#264 = CARTESIAN_POINT('',(-6.,6.,0.));
#265 = SPHERICAL_SURFACE('',#266,0.225);
#266 = AXIS2_PLACEMENT_3D('',#267,#268,#269);
#267 = CARTESIAN_POINT('',(-6.,6.,0.225));
#268 = DIRECTION('',(0.,0.,1.));
#269 = DIRECTION('',(1.,0.,0.));
#270 = MANIFOLD_SOLID_BREP('',#271);
#271 = CLOSED_SHELL('',(#272));
#272 = ADVANCED_FACE('',(#273),#277,.T.);
#273 = FACE_BOUND('',#274,.T.);
#274 = VERTEX_LOOP('',#275);
#275 = VERTEX_POINT('',#276);
#276 = CARTESIAN_POINT('',(-6.,5.2,0.));
#277 = SPHERICAL_SURFACE('',#278,0.225);
#278 = AXIS2_PLACEMENT_3D('',#279,#280,#281);
#279 = CARTESIAN_POINT('',(-6.,5.2,0.225));
#280 = DIRECTION('',(0.,0.,1.));
#281 = DIRECTION('',(1.,0.,0.));
#282 = MANIFOLD_SOLID_BREP('',#283);
#283 = CLOSED_SHELL('',(#284));
#284 = ADVANCED_FACE('',(#285),#289,.T.);
#285 = FACE_BOUND('',#286,.T.);
#286 = VERTEX_LOOP('',#287);
#287 = VERTEX_POINT('',#288);
#288 = CARTESIAN_POINT('',(-6.,4.4,0.));
#289 = SPHERICAL_SURFACE('',#290,0.225);
#290 = AXIS2_PLACEMENT_3D('',#291,#292,#293);
#291 = CARTESIAN_POINT('',(-6.,4.4,0.225));
#292 = DIRECTION('',(0.,0.,1.));
#293 = DIRECTION('',(1.,0.,0.));
#294 = MANIFOLD_SOLID_BREP('',#295);
#295 = CLOSED_SHELL('',(#296));
#296 = ADVANCED_FACE('',(#297),#301,.T.);
#297 = FACE_BOUND('',#298,.T.);
#298 = VERTEX_LOOP('',#299);
#299 = VERTEX_POINT('',#300);
#300 = CARTESIAN_POINT('',(-6.,3.6,0.));
#301 = SPHERICAL_SURFACE('',#302,0.225);
#302 = AXIS2_PLACEMENT_3D('',#303,#304,#305);
#303 = CARTESIAN_POINT('',(-6.,3.6,0.225));
#304 = DIRECTION('',(0.,0.,1.));
#305 = DIRECTION('',(1.,0.,0.));
#306 = MANIFOLD_SOLID_BREP('',#307);
#307 = CLOSED_SHELL('',(#308));
#308 = ADVANCED_FACE('',(#309),#313,.T.);
#309 = FACE_BOUND('',#310,.T.);
#310 = VERTEX_LOOP('',#311);
#311 = VERTEX_POINT('',#312);
#312 = CARTESIAN_POINT('',(-6.,2.8,0.));
#313 = SPHERICAL_SURFACE('',#314,0.225);
#314 = AXIS2_PLACEMENT_3D('',#315,#316,#317);
#315 = CARTESIAN_POINT('',(-6.,2.8,0.225));
#316 = DIRECTION('',(0.,0.,1.));
#317 = DIRECTION('',(1.,0.,0.));
#318 = MANIFOLD_SOLID_BREP('',#319);
#319 = CLOSED_SHELL('',(#320));
#320 = ADVANCED_FACE('',(#321),#325,.T.);
#321 = FACE_BOUND('',#322,.T.);
#322 = VERTEX_LOOP('',#323);
#323 = VERTEX_POINT('',#324);
#324 = CARTESIAN_POINT('',(-6.,2.,0.));
#325 = SPHERICAL_SURFACE('',#326,0.225);
#326 = AXIS2_PLACEMENT_3D('',#327,#328,#329);
#327 = CARTESIAN_POINT('',(-6.,2.,0.225));
#328 = DIRECTION('',(0.,0.,1.));
#329 = DIRECTION('',(1.,0.,0.));
#330 = MANIFOLD_SOLID_BREP('',#331);
#331 = CLOSED_SHELL('',(#332));
#332 = ADVANCED_FACE('',(#333),#337,.T.);
#333 = FACE_BOUND('',#334,.T.);
#334 = VERTEX_LOOP('',#335);
#335 = VERTEX_POINT('',#336);
#336 = CARTESIAN_POINT('',(-6.,1.2,0.));
#337 = SPHERICAL_SURFACE('',#338,0.225);
#338 = AXIS2_PLACEMENT_3D('',#339,#340,#341);
#339 = CARTESIAN_POINT('',(-6.,1.2,0.225));
#340 = DIRECTION('',(0.,0.,1.));
#341 = DIRECTION('',(1.,0.,0.));
#342 = MANIFOLD_SOLID_BREP('',#343);
#343 = CLOSED_SHELL('',(#344));
#344 = ADVANCED_FACE('',(#345),#349,.T.);
#345 = FACE_BOUND('',#346,.T.);
#346 = VERTEX_LOOP('',#347);
#347 = VERTEX_POINT('',#348);
#348 = CARTESIAN_POINT('',(-6.,0.4,0.));
#349 = SPHERICAL_SURFACE('',#350,0.225);
#350 = AXIS2_PLACEMENT_3D('',#351,#352,#353);
#351 = CARTESIAN_POINT('',(-6.,0.4,0.225));
#352 = DIRECTION('',(0.,0.,1.));
#353 = DIRECTION('',(1.,0.,0.));
#354 = MANIFOLD_SOLID_BREP('',#355);
#355 = CLOSED_SHELL('',(#356));
#356 = ADVANCED_FACE('',(#357),#361,.T.);
#357 = FACE_BOUND('',#358,.T.);
#358 = VERTEX_LOOP('',#359);
#359 = VERTEX_POINT('',#360);
#360 = CARTESIAN_POINT('',(-6.,-0.4,0.));
#361 = SPHERICAL_SURFACE('',#362,0.225);
#362 = AXIS2_PLACEMENT_3D('',#363,#364,#365);
#363 = CARTESIAN_POINT('',(-6.,-0.4,0.225));
#364 = DIRECTION('',(0.,0.,1.));
#365 = DIRECTION('',(1.,0.,0.));
#366 = MANIFOLD_SOLID_BREP('',#367);
#367 = CLOSED_SHELL('',(#368));
#368 = ADVANCED_FACE('',(#369),#373,.T.);
#369 = FACE_BOUND('',#370,.T.);
#370 = VERTEX_LOOP('',#371);
#371 = VERTEX_POINT('',#372);
#372 = CARTESIAN_POINT('',(-6.,-1.2,0.));
#373 = SPHERICAL_SURFACE('',#374,0.225);
#374 = AXIS2_PLACEMENT_3D('',#375,#376,#377);
#375 = CARTESIAN_POINT('',(-6.,-1.2,0.225));
#376 = DIRECTION('',(0.,0.,1.));
#377 = DIRECTION('',(1.,0.,0.));
#378 = MANIFOLD_SOLID_BREP('',#379);
#379 = CLOSED_SHELL('',(#380));
#380 = ADVANCED_FACE('',(#381),#385,.T.);
#381 = FACE_BOUND('',#382,.T.);
#382 = VERTEX_LOOP('',#383);
#383 = VERTEX_POINT('',#384);
#384 = CARTESIAN_POINT('',(-6.,-2.,0.));
#385 = SPHERICAL_SURFACE('',#386,0.225);
#386 = AXIS2_PLACEMENT_3D('',#387,#388,#389);
#387 = CARTESIAN_POINT('',(-6.,-2.,0.225));
#388 = DIRECTION('',(0.,0.,1.));
#389 = DIRECTION('',(1.,0.,0.));
#390 = MANIFOLD_SOLID_BREP('',#391);
#391 = CLOSED_SHELL('',(#392));
#392 = ADVANCED_FACE('',(#393),#397,.T.);
#393 = FACE_BOUND('',#394,.T.);
#394 = VERTEX_LOOP('',#395);
#395 = VERTEX_POINT('',#396);
#396 = CARTESIAN_POINT('',(-6.,-2.8,0.));
#397 = SPHERICAL_SURFACE('',#398,0.225);
#398 = AXIS2_PLACEMENT_3D('',#399,#400,#401);
#399 = CARTESIAN_POINT('',(-6.,-2.8,0.225));
#400 = DIRECTION('',(0.,0.,1.));
#401 = DIRECTION('',(1.,0.,0.));
#402 = MANIFOLD_SOLID_BREP('',#403);
#403 = CLOSED_SHELL('',(#404));
#404 = ADVANCED_FACE('',(#405),#409,.T.);
#405 = FACE_BOUND('',#406,.T.);
#406 = VERTEX_LOOP('',#407);
#407 = VERTEX_POINT('',#408);
#408 = CARTESIAN_POINT('',(-6.,-3.6,0.));
#409 = SPHERICAL_SURFACE('',#410,0.225);
#410 = AXIS2_PLACEMENT_3D('',#411,#412,#413);
#411 = CARTESIAN_POINT('',(-6.,-3.6,0.225));
#412 = DIRECTION('',(0.,0.,1.));
#413 = DIRECTION('',(1.,0.,0.));
#414 = MANIFOLD_SOLID_BREP('',#415);
#415 = CLOSED_SHELL('',(#416));
#416 = ADVANCED_FACE('',(#417),#421,.T.);
#417 = FACE_BOUND('',#418,.T.);
#418 = VERTEX_LOOP('',#419);
#419 = VERTEX_POINT('',#420);
#420 = CARTESIAN_POINT('',(-6.,-4.4,0.));
#421 = SPHERICAL_SURFACE('',#422,0.225);
#422 = AXIS2_PLACEMENT_3D('',#423,#424,#425);
#423 = CARTESIAN_POINT('',(-6.,-4.4,0.225));
#424 = DIRECTION('',(0.,0.,1.));
#425 = DIRECTION('',(1.,0.,0.));
#426 = MANIFOLD_SOLID_BREP('',#427);
#427 = CLOSED_SHELL('',(#428));
#428 = ADVANCED_FACE('',(#429),#433,.T.);
#429 = FACE_BOUND('',#430,.T.);
#430 = VERTEX_LOOP('',#431);
#431 = VERTEX_POINT('',#432);
#432 = CARTESIAN_POINT('',(-6.,-5.2,0.));
#433 = SPHERICAL_SURFACE('',#434,0.225);
#434 = AXIS2_PLACEMENT_3D('',#435,#436,#437);
#435 = CARTESIAN_POINT('',(-6.,-5.2,0.225));
#436 = DIRECTION('',(0.,0.,1.));
#437 = DIRECTION('',(1.,0.,0.));
#438 = MANIFOLD_SOLID_BREP('',#439);
#439 = CLOSED_SHELL('',(#440));
#440 = ADVANCED_FACE('',(#441),#445,.T.);
#441 = FACE_BOUND('',#442,.T.);
#442 = VERTEX_LOOP('',#443);
#443 = VERTEX_POINT('',#444);
#444 = CARTESIAN_POINT('',(-6.,-6.,0.));
#445 = SPHERICAL_SURFACE('',#446,0.225);
#446 = AXIS2_PLACEMENT_3D('',#447,#448,#449);
#447 = CARTESIAN_POINT('',(-6.,-6.,0.225));
#448 = DIRECTION('',(0.,0.,1.));
#449 = DIRECTION('',(1.,0.,0.));
#450 = MANIFOLD_SOLID_BREP('',#451);
#451 = CLOSED_SHELL('',(#452));
#452 = ADVANCED_FACE('',(#453),#457,.T.);
#453 = FACE_BOUND('',#454,.T.);
#454 = VERTEX_LOOP('',#455);
#455 = VERTEX_POINT('',#456);
#456 = CARTESIAN_POINT('',(-6.,-6.8,0.));
#457 = SPHERICAL_SURFACE('',#458,0.225);
#458 = AXIS2_PLACEMENT_3D('',#459,#460,#461);
#459 = CARTESIAN_POINT('',(-6.,-6.8,0.225));
#460 = DIRECTION('',(0.,0.,1.));
#461 = DIRECTION('',(1.,0.,0.));
#462 = MANIFOLD_SOLID_BREP('',#463);
#463 = CLOSED_SHELL('',(#464));
#464 = ADVANCED_FACE('',(#465),#469,.T.);
#465 = FACE_BOUND('',#466,.T.);
#466 = VERTEX_LOOP('',#467);
#467 = VERTEX_POINT('',#468);
#468 = CARTESIAN_POINT('',(-5.2,6.8,0.));
#469 = SPHERICAL_SURFACE('',#470,0.225);
#470 = AXIS2_PLACEMENT_3D('',#471,#472,#473);
#471 = CARTESIAN_POINT('',(-5.2,6.8,0.225));
#472 = DIRECTION('',(0.,0.,1.));
#473 = DIRECTION('',(1.,0.,0.));
#474 = MANIFOLD_SOLID_BREP('',#475);
#475 = CLOSED_SHELL('',(#476));
#476 = ADVANCED_FACE('',(#477),#481,.T.);
#477 = FACE_BOUND('',#478,.T.);
#478 = VERTEX_LOOP('',#479);
#479 = VERTEX_POINT('',#480);
#480 = CARTESIAN_POINT('',(-5.2,6.,0.));
#481 = SPHERICAL_SURFACE('',#482,0.225);
#482 = AXIS2_PLACEMENT_3D('',#483,#484,#485);
#483 = CARTESIAN_POINT('',(-5.2,6.,0.225));
#484 = DIRECTION('',(0.,0.,1.));
#485 = DIRECTION('',(1.,0.,0.));
#486 = MANIFOLD_SOLID_BREP('',#487);
#487 = CLOSED_SHELL('',(#488));
#488 = ADVANCED_FACE('',(#489),#493,.T.);
#489 = FACE_BOUND('',#490,.T.);
#490 = VERTEX_LOOP('',#491);
#491 = VERTEX_POINT('',#492);
#492 = CARTESIAN_POINT('',(-5.2,5.2,0.));
#493 = SPHERICAL_SURFACE('',#494,0.225);
#494 = AXIS2_PLACEMENT_3D('',#495,#496,#497);
#495 = CARTESIAN_POINT('',(-5.2,5.2,0.225));
#496 = DIRECTION('',(0.,0.,1.));
#497 = DIRECTION('',(1.,0.,0.));
#498 = MANIFOLD_SOLID_BREP('',#499);
#499 = CLOSED_SHELL('',(#500));
#500 = ADVANCED_FACE('',(#501),#505,.T.);
#501 = FACE_BOUND('',#502,.T.);
#502 = VERTEX_LOOP('',#503);
#503 = VERTEX_POINT('',#504);
#504 = CARTESIAN_POINT('',(-5.2,4.4,0.));
#505 = SPHERICAL_SURFACE('',#506,0.225);
#506 = AXIS2_PLACEMENT_3D('',#507,#508,#509);
#507 = CARTESIAN_POINT('',(-5.2,4.4,0.225));
#508 = DIRECTION('',(0.,0.,1.));
#509 = DIRECTION('',(1.,0.,0.));
#510 = MANIFOLD_SOLID_BREP('',#511);
#511 = CLOSED_SHELL('',(#512));
#512 = ADVANCED_FACE('',(#513),#517,.T.);
#513 = FACE_BOUND('',#514,.T.);
#514 = VERTEX_LOOP('',#515);
#515 = VERTEX_POINT('',#516);
#516 = CARTESIAN_POINT('',(-5.2,3.6,0.));
#517 = SPHERICAL_SURFACE('',#518,0.225);
#518 = AXIS2_PLACEMENT_3D('',#519,#520,#521);
#519 = CARTESIAN_POINT('',(-5.2,3.6,0.225));
#520 = DIRECTION('',(0.,0.,1.));
#521 = DIRECTION('',(1.,0.,0.));
#522 = MANIFOLD_SOLID_BREP('',#523);
#523 = CLOSED_SHELL('',(#524));
#524 = ADVANCED_FACE('',(#525),#529,.T.);
#525 = FACE_BOUND('',#526,.T.);
#526 = VERTEX_LOOP('',#527);
#527 = VERTEX_POINT('',#528);
#528 = CARTESIAN_POINT('',(-5.2,2.8,0.));
#529 = SPHERICAL_SURFACE('',#530,0.225);
#530 = AXIS2_PLACEMENT_3D('',#531,#532,#533);
#531 = CARTESIAN_POINT('',(-5.2,2.8,0.225));
#532 = DIRECTION('',(0.,0.,1.));
#533 = DIRECTION('',(1.,0.,0.));
#534 = MANIFOLD_SOLID_BREP('',#535);
#535 = CLOSED_SHELL('',(#536));
#536 = ADVANCED_FACE('',(#537),#541,.T.);
#537 = FACE_BOUND('',#538,.T.);
#538 = VERTEX_LOOP('',#539);
#539 = VERTEX_POINT('',#540);
#540 = CARTESIAN_POINT('',(-5.2,2.,0.));
#541 = SPHERICAL_SURFACE('',#542,0.225);
#542 = AXIS2_PLACEMENT_3D('',#543,#544,#545);
#543 = CARTESIAN_POINT('',(-5.2,2.,0.225));
#544 = DIRECTION('',(0.,0.,1.));
#545 = DIRECTION('',(1.,0.,0.));
#546 = MANIFOLD_SOLID_BREP('',#547);
#547 = CLOSED_SHELL('',(#548));
#548 = ADVANCED_FACE('',(#549),#553,.T.);
#549 = FACE_BOUND('',#550,.T.);
#550 = VERTEX_LOOP('',#551);
#551 = VERTEX_POINT('',#552);
#552 = CARTESIAN_POINT('',(-5.2,1.2,0.));
#553 = SPHERICAL_SURFACE('',#554,0.225);
#554 = AXIS2_PLACEMENT_3D('',#555,#556,#557);
#555 = CARTESIAN_POINT('',(-5.2,1.2,0.225));
#556 = DIRECTION('',(0.,0.,1.));
#557 = DIRECTION('',(1.,0.,0.));
#558 = MANIFOLD_SOLID_BREP('',#559);
#559 = CLOSED_SHELL('',(#560));
#560 = ADVANCED_FACE('',(#561),#565,.T.);
#561 = FACE_BOUND('',#562,.T.);
#562 = VERTEX_LOOP('',#563);
#563 = VERTEX_POINT('',#564);
#564 = CARTESIAN_POINT('',(-5.2,0.4,0.));
#565 = SPHERICAL_SURFACE('',#566,0.225);
#566 = AXIS2_PLACEMENT_3D('',#567,#568,#569);
#567 = CARTESIAN_POINT('',(-5.2,0.4,0.225));
#568 = DIRECTION('',(0.,0.,1.));
#569 = DIRECTION('',(1.,0.,0.));
#570 = MANIFOLD_SOLID_BREP('',#571);
#571 = CLOSED_SHELL('',(#572));
#572 = ADVANCED_FACE('',(#573),#577,.T.);
#573 = FACE_BOUND('',#574,.T.);
#574 = VERTEX_LOOP('',#575);
#575 = VERTEX_POINT('',#576);
#576 = CARTESIAN_POINT('',(-5.2,-0.4,0.));
#577 = SPHERICAL_SURFACE('',#578,0.225);
#578 = AXIS2_PLACEMENT_3D('',#579,#580,#581);
#579 = CARTESIAN_POINT('',(-5.2,-0.4,0.225));
#580 = DIRECTION('',(0.,0.,1.));
#581 = DIRECTION('',(1.,0.,0.));
#582 = MANIFOLD_SOLID_BREP('',#583);
#583 = CLOSED_SHELL('',(#584));
#584 = ADVANCED_FACE('',(#585),#589,.T.);
#585 = FACE_BOUND('',#586,.T.);
#586 = VERTEX_LOOP('',#587);
#587 = VERTEX_POINT('',#588);
#588 = CARTESIAN_POINT('',(-5.2,-1.2,0.));
#589 = SPHERICAL_SURFACE('',#590,0.225);
#590 = AXIS2_PLACEMENT_3D('',#591,#592,#593);
#591 = CARTESIAN_POINT('',(-5.2,-1.2,0.225));
#592 = DIRECTION('',(0.,0.,1.));
#593 = DIRECTION('',(1.,0.,0.));
#594 = MANIFOLD_SOLID_BREP('',#595);
#595 = CLOSED_SHELL('',(#596));
#596 = ADVANCED_FACE('',(#597),#601,.T.);
#597 = FACE_BOUND('',#598,.T.);
#598 = VERTEX_LOOP('',#599);
#599 = VERTEX_POINT('',#600);
#600 = CARTESIAN_POINT('',(-5.2,-2.,0.));
#601 = SPHERICAL_SURFACE('',#602,0.225);
#602 = AXIS2_PLACEMENT_3D('',#603,#604,#605);
#603 = CARTESIAN_POINT('',(-5.2,-2.,0.225));
#604 = DIRECTION('',(0.,0.,1.));
#605 = DIRECTION('',(1.,0.,0.));
#606 = MANIFOLD_SOLID_BREP('',#607);
#607 = CLOSED_SHELL('',(#608));
#608 = ADVANCED_FACE('',(#609),#613,.T.);
#609 = FACE_BOUND('',#610,.T.);
#610 = VERTEX_LOOP('',#611);
#611 = VERTEX_POINT('',#612);
#612 = CARTESIAN_POINT('',(-5.2,-2.8,0.));
#613 = SPHERICAL_SURFACE('',#614,0.225);
#614 = AXIS2_PLACEMENT_3D('',#615,#616,#617);
#615 = CARTESIAN_POINT('',(-5.2,-2.8,0.225));
#616 = DIRECTION('',(0.,0.,1.));
#617 = DIRECTION('',(1.,0.,0.));
#618 = MANIFOLD_SOLID_BREP('',#619);
#619 = CLOSED_SHELL('',(#620));
#620 = ADVANCED_FACE('',(#621),#625,.T.);
#621 = FACE_BOUND('',#622,.T.);
#622 = VERTEX_LOOP('',#623);
#623 = VERTEX_POINT('',#624);
#624 = CARTESIAN_POINT('',(-5.2,-3.6,0.));
#625 = SPHERICAL_SURFACE('',#626,0.225);
#626 = AXIS2_PLACEMENT_3D('',#627,#628,#629);
#627 = CARTESIAN_POINT('',(-5.2,-3.6,0.225));
#628 = DIRECTION('',(0.,0.,1.));
#629 = DIRECTION('',(1.,0.,0.));
#630 = MANIFOLD_SOLID_BREP('',#631);
#631 = CLOSED_SHELL('',(#632));
#632 = ADVANCED_FACE('',(#633),#637,.T.);
#633 = FACE_BOUND('',#634,.T.);
#634 = VERTEX_LOOP('',#635);
#635 = VERTEX_POINT('',#636);
#636 = CARTESIAN_POINT('',(-5.2,-4.4,0.));
#637 = SPHERICAL_SURFACE('',#638,0.225);
#638 = AXIS2_PLACEMENT_3D('',#639,#640,#641);
#639 = CARTESIAN_POINT('',(-5.2,-4.4,0.225));
#640 = DIRECTION('',(0.,0.,1.));
#641 = DIRECTION('',(1.,0.,0.));
#642 = MANIFOLD_SOLID_BREP('',#643);
#643 = CLOSED_SHELL('',(#644));
#644 = ADVANCED_FACE('',(#645),#649,.T.);
#645 = FACE_BOUND('',#646,.T.);
#646 = VERTEX_LOOP('',#647);
#647 = VERTEX_POINT('',#648);
#648 = CARTESIAN_POINT('',(-5.2,-5.2,0.));
#649 = SPHERICAL_SURFACE('',#650,0.225);
#650 = AXIS2_PLACEMENT_3D('',#651,#652,#653);
#651 = CARTESIAN_POINT('',(-5.2,-5.2,0.225));
#652 = DIRECTION('',(0.,0.,1.));
#653 = DIRECTION('',(1.,0.,0.));
#654 = MANIFOLD_SOLID_BREP('',#655);
#655 = CLOSED_SHELL('',(#656));
#656 = ADVANCED_FACE('',(#657),#661,.T.);
#657 = FACE_BOUND('',#658,.T.);
#658 = VERTEX_LOOP('',#659);
#659 = VERTEX_POINT('',#660);
#660 = CARTESIAN_POINT('',(-5.2,-6.,0.));
#661 = SPHERICAL_SURFACE('',#662,0.225);
#662 = AXIS2_PLACEMENT_3D('',#663,#664,#665);
#663 = CARTESIAN_POINT('',(-5.2,-6.,0.225));
#664 = DIRECTION('',(0.,0.,1.));
#665 = DIRECTION('',(1.,0.,0.));
#666 = MANIFOLD_SOLID_BREP('',#667);
#667 = CLOSED_SHELL('',(#668));
#668 = ADVANCED_FACE('',(#669),#673,.T.);
#669 = FACE_BOUND('',#670,.T.);
#670 = VERTEX_LOOP('',#671);
#671 = VERTEX_POINT('',#672);
#672 = CARTESIAN_POINT('',(-5.2,-6.8,0.));
#673 = SPHERICAL_SURFACE('',#674,0.225);
#674 = AXIS2_PLACEMENT_3D('',#675,#676,#677);
#675 = CARTESIAN_POINT('',(-5.2,-6.8,0.225));
#676 = DIRECTION('',(0.,0.,1.));
#677 = DIRECTION('',(1.,0.,0.));
#678 = MANIFOLD_SOLID_BREP('',#679);
#679 = CLOSED_SHELL('',(#680));
#680 = ADVANCED_FACE('',(#681),#685,.T.);
#681 = FACE_BOUND('',#682,.T.);
#682 = VERTEX_LOOP('',#683);
#683 = VERTEX_POINT('',#684);
#684 = CARTESIAN_POINT('',(-4.4,6.8,0.));
#685 = SPHERICAL_SURFACE('',#686,0.225);
#686 = AXIS2_PLACEMENT_3D('',#687,#688,#689);
#687 = CARTESIAN_POINT('',(-4.4,6.8,0.225));
#688 = DIRECTION('',(0.,0.,1.));
#689 = DIRECTION('',(1.,0.,0.));
#690 = MANIFOLD_SOLID_BREP('',#691);
#691 = CLOSED_SHELL('',(#692));
#692 = ADVANCED_FACE('',(#693),#697,.T.);
#693 = FACE_BOUND('',#694,.T.);
#694 = VERTEX_LOOP('',#695);
#695 = VERTEX_POINT('',#696);
#696 = CARTESIAN_POINT('',(-4.4,6.,0.));
#697 = SPHERICAL_SURFACE('',#698,0.225);
#698 = AXIS2_PLACEMENT_3D('',#699,#700,#701);
#699 = CARTESIAN_POINT('',(-4.4,6.,0.225));
#700 = DIRECTION('',(0.,0.,1.));
#701 = DIRECTION('',(1.,0.,0.));
#702 = MANIFOLD_SOLID_BREP('',#703);
#703 = CLOSED_SHELL('',(#704));
#704 = ADVANCED_FACE('',(#705),#709,.T.);
#705 = FACE_BOUND('',#706,.T.);
#706 = VERTEX_LOOP('',#707);
#707 = VERTEX_POINT('',#708);
#708 = CARTESIAN_POINT('',(-4.4,5.2,0.));
#709 = SPHERICAL_SURFACE('',#710,0.225);
#710 = AXIS2_PLACEMENT_3D('',#711,#712,#713);
#711 = CARTESIAN_POINT('',(-4.4,5.2,0.225));
#712 = DIRECTION('',(0.,0.,1.));
#713 = DIRECTION('',(1.,0.,0.));
#714 = MANIFOLD_SOLID_BREP('',#715);
#715 = CLOSED_SHELL('',(#716));
#716 = ADVANCED_FACE('',(#717),#721,.T.);
#717 = FACE_BOUND('',#718,.T.);
#718 = VERTEX_LOOP('',#719);
#719 = VERTEX_POINT('',#720);
#720 = CARTESIAN_POINT('',(-4.4,4.4,0.));
#721 = SPHERICAL_SURFACE('',#722,0.225);
#722 = AXIS2_PLACEMENT_3D('',#723,#724,#725);
#723 = CARTESIAN_POINT('',(-4.4,4.4,0.225));
#724 = DIRECTION('',(0.,0.,1.));
#725 = DIRECTION('',(1.,0.,0.));
#726 = MANIFOLD_SOLID_BREP('',#727);
#727 = CLOSED_SHELL('',(#728));
#728 = ADVANCED_FACE('',(#729),#733,.T.);
#729 = FACE_BOUND('',#730,.T.);
#730 = VERTEX_LOOP('',#731);
#731 = VERTEX_POINT('',#732);
#732 = CARTESIAN_POINT('',(-4.4,3.6,0.));
#733 = SPHERICAL_SURFACE('',#734,0.225);
#734 = AXIS2_PLACEMENT_3D('',#735,#736,#737);
#735 = CARTESIAN_POINT('',(-4.4,3.6,0.225));
#736 = DIRECTION('',(0.,0.,1.));
#737 = DIRECTION('',(1.,0.,0.));
#738 = MANIFOLD_SOLID_BREP('',#739);
#739 = CLOSED_SHELL('',(#740));
#740 = ADVANCED_FACE('',(#741),#745,.T.);
#741 = FACE_BOUND('',#742,.T.);
#742 = VERTEX_LOOP('',#743);
#743 = VERTEX_POINT('',#744);
#744 = CARTESIAN_POINT('',(-4.4,2.8,0.));
#745 = SPHERICAL_SURFACE('',#746,0.225);
#746 = AXIS2_PLACEMENT_3D('',#747,#748,#749);
#747 = CARTESIAN_POINT('',(-4.4,2.8,0.225));
#748 = DIRECTION('',(0.,0.,1.));
#749 = DIRECTION('',(1.,0.,0.));
#750 = MANIFOLD_SOLID_BREP('',#751);
#751 = CLOSED_SHELL('',(#752));
#752 = ADVANCED_FACE('',(#753),#757,.T.);
#753 = FACE_BOUND('',#754,.T.);
#754 = VERTEX_LOOP('',#755);
#755 = VERTEX_POINT('',#756);
#756 = CARTESIAN_POINT('',(-4.4,2.,0.));
#757 = SPHERICAL_SURFACE('',#758,0.225);
#758 = AXIS2_PLACEMENT_3D('',#759,#760,#761);
#759 = CARTESIAN_POINT('',(-4.4,2.,0.225));
#760 = DIRECTION('',(0.,0.,1.));
#761 = DIRECTION('',(1.,0.,0.));
#762 = MANIFOLD_SOLID_BREP('',#763);
#763 = CLOSED_SHELL('',(#764));
#764 = ADVANCED_FACE('',(#765),#769,.T.);
#765 = FACE_BOUND('',#766,.T.);
#766 = VERTEX_LOOP('',#767);
#767 = VERTEX_POINT('',#768);
#768 = CARTESIAN_POINT('',(-4.4,1.2,0.));
#769 = SPHERICAL_SURFACE('',#770,0.225);
#770 = AXIS2_PLACEMENT_3D('',#771,#772,#773);
#771 = CARTESIAN_POINT('',(-4.4,1.2,0.225));
#772 = DIRECTION('',(0.,0.,1.));
#773 = DIRECTION('',(1.,0.,0.));
#774 = MANIFOLD_SOLID_BREP('',#775);
#775 = CLOSED_SHELL('',(#776));
#776 = ADVANCED_FACE('',(#777),#781,.T.);
#777 = FACE_BOUND('',#778,.T.);
#778 = VERTEX_LOOP('',#779);
#779 = VERTEX_POINT('',#780);
#780 = CARTESIAN_POINT('',(-4.4,0.4,0.));
#781 = SPHERICAL_SURFACE('',#782,0.225);
#782 = AXIS2_PLACEMENT_3D('',#783,#784,#785);
#783 = CARTESIAN_POINT('',(-4.4,0.4,0.225));
#784 = DIRECTION('',(0.,0.,1.));
#785 = DIRECTION('',(1.,0.,0.));
#786 = MANIFOLD_SOLID_BREP('',#787);
#787 = CLOSED_SHELL('',(#788));
#788 = ADVANCED_FACE('',(#789),#793,.T.);
#789 = FACE_BOUND('',#790,.T.);
#790 = VERTEX_LOOP('',#791);
#791 = VERTEX_POINT('',#792);
#792 = CARTESIAN_POINT('',(-4.4,-0.4,0.));
#793 = SPHERICAL_SURFACE('',#794,0.225);
#794 = AXIS2_PLACEMENT_3D('',#795,#796,#797);
#795 = CARTESIAN_POINT('',(-4.4,-0.4,0.225));
#796 = DIRECTION('',(0.,0.,1.));
#797 = DIRECTION('',(1.,0.,0.));
#798 = MANIFOLD_SOLID_BREP('',#799);
#799 = CLOSED_SHELL('',(#800));
#800 = ADVANCED_FACE('',(#801),#805,.T.);
#801 = FACE_BOUND('',#802,.T.);
#802 = VERTEX_LOOP('',#803);
#803 = VERTEX_POINT('',#804);
#804 = CARTESIAN_POINT('',(-4.4,-1.2,0.));
#805 = SPHERICAL_SURFACE('',#806,0.225);
#806 = AXIS2_PLACEMENT_3D('',#807,#808,#809);
#807 = CARTESIAN_POINT('',(-4.4,-1.2,0.225));
#808 = DIRECTION('',(0.,0.,1.));
#809 = DIRECTION('',(1.,0.,0.));
#810 = MANIFOLD_SOLID_BREP('',#811);
#811 = CLOSED_SHELL('',(#812));
#812 = ADVANCED_FACE('',(#813),#817,.T.);
#813 = FACE_BOUND('',#814,.T.);
#814 = VERTEX_LOOP('',#815);
#815 = VERTEX_POINT('',#816);
#816 = CARTESIAN_POINT('',(-4.4,-2.,0.));
#817 = SPHERICAL_SURFACE('',#818,0.225);
#818 = AXIS2_PLACEMENT_3D('',#819,#820,#821);
#819 = CARTESIAN_POINT('',(-4.4,-2.,0.225));
#820 = DIRECTION('',(0.,0.,1.));
#821 = DIRECTION('',(1.,0.,0.));
#822 = MANIFOLD_SOLID_BREP('',#823);
#823 = CLOSED_SHELL('',(#824));
#824 = ADVANCED_FACE('',(#825),#829,.T.);
#825 = FACE_BOUND('',#826,.T.);
#826 = VERTEX_LOOP('',#827);
#827 = VERTEX_POINT('',#828);
#828 = CARTESIAN_POINT('',(-4.4,-2.8,0.));
#829 = SPHERICAL_SURFACE('',#830,0.225);
#830 = AXIS2_PLACEMENT_3D('',#831,#832,#833);
#831 = CARTESIAN_POINT('',(-4.4,-2.8,0.225));
#832 = DIRECTION('',(0.,0.,1.));
#833 = DIRECTION('',(1.,0.,0.));
#834 = MANIFOLD_SOLID_BREP('',#835);
#835 = CLOSED_SHELL('',(#836));
#836 = ADVANCED_FACE('',(#837),#841,.T.);
#837 = FACE_BOUND('',#838,.T.);
#838 = VERTEX_LOOP('',#839);
#839 = VERTEX_POINT('',#840);
#840 = CARTESIAN_POINT('',(-4.4,-3.6,0.));
#841 = SPHERICAL_SURFACE('',#842,0.225);
#842 = AXIS2_PLACEMENT_3D('',#843,#844,#845);
#843 = CARTESIAN_POINT('',(-4.4,-3.6,0.225));
#844 = DIRECTION('',(0.,0.,1.));
#845 = DIRECTION('',(1.,0.,0.));
#846 = MANIFOLD_SOLID_BREP('',#847);
#847 = CLOSED_SHELL('',(#848));
#848 = ADVANCED_FACE('',(#849),#853,.T.);
#849 = FACE_BOUND('',#850,.T.);
#850 = VERTEX_LOOP('',#851);
#851 = VERTEX_POINT('',#852);
#852 = CARTESIAN_POINT('',(-4.4,-4.4,0.));
#853 = SPHERICAL_SURFACE('',#854,0.225);
#854 = AXIS2_PLACEMENT_3D('',#855,#856,#857);
#855 = CARTESIAN_POINT('',(-4.4,-4.4,0.225));
#856 = DIRECTION('',(0.,0.,1.));
#857 = DIRECTION('',(1.,0.,0.));
#858 = MANIFOLD_SOLID_BREP('',#859);
#859 = CLOSED_SHELL('',(#860));
#860 = ADVANCED_FACE('',(#861),#865,.T.);
#861 = FACE_BOUND('',#862,.T.);
#862 = VERTEX_LOOP('',#863);
#863 = VERTEX_POINT('',#864);
#864 = CARTESIAN_POINT('',(-4.4,-5.2,0.));
#865 = SPHERICAL_SURFACE('',#866,0.225);
#866 = AXIS2_PLACEMENT_3D('',#867,#868,#869);
#867 = CARTESIAN_POINT('',(-4.4,-5.2,0.225));
#868 = DIRECTION('',(0.,0.,1.));
#869 = DIRECTION('',(1.,0.,0.));
#870 = MANIFOLD_SOLID_BREP('',#871);
#871 = CLOSED_SHELL('',(#872));
#872 = ADVANCED_FACE('',(#873),#877,.T.);
#873 = FACE_BOUND('',#874,.T.);
#874 = VERTEX_LOOP('',#875);
#875 = VERTEX_POINT('',#876);
#876 = CARTESIAN_POINT('',(-4.4,-6.,0.));
#877 = SPHERICAL_SURFACE('',#878,0.225);
#878 = AXIS2_PLACEMENT_3D('',#879,#880,#881);
#879 = CARTESIAN_POINT('',(-4.4,-6.,0.225));
#880 = DIRECTION('',(0.,0.,1.));
#881 = DIRECTION('',(1.,0.,0.));
#882 = MANIFOLD_SOLID_BREP('',#883);
#883 = CLOSED_SHELL('',(#884));
#884 = ADVANCED_FACE('',(#885),#889,.T.);
#885 = FACE_BOUND('',#886,.T.);
#886 = VERTEX_LOOP('',#887);
#887 = VERTEX_POINT('',#888);
#888 = CARTESIAN_POINT('',(-4.4,-6.8,0.));
#889 = SPHERICAL_SURFACE('',#890,0.225);
#890 = AXIS2_PLACEMENT_3D('',#891,#892,#893);
#891 = CARTESIAN_POINT('',(-4.4,-6.8,0.225));
#892 = DIRECTION('',(0.,0.,1.));
#893 = DIRECTION('',(1.,0.,0.));
#894 = MANIFOLD_SOLID_BREP('',#895);
#895 = CLOSED_SHELL('',(#896));
#896 = ADVANCED_FACE('',(#897),#901,.T.);
#897 = FACE_BOUND('',#898,.T.);
#898 = VERTEX_LOOP('',#899);
#899 = VERTEX_POINT('',#900);
#900 = CARTESIAN_POINT('',(-3.6,6.8,0.));
#901 = SPHERICAL_SURFACE('',#902,0.225);
#902 = AXIS2_PLACEMENT_3D('',#903,#904,#905);
#903 = CARTESIAN_POINT('',(-3.6,6.8,0.225));
#904 = DIRECTION('',(0.,0.,1.));
#905 = DIRECTION('',(1.,0.,0.));
#906 = MANIFOLD_SOLID_BREP('',#907);
#907 = CLOSED_SHELL('',(#908));
#908 = ADVANCED_FACE('',(#909),#913,.T.);
#909 = FACE_BOUND('',#910,.T.);
#910 = VERTEX_LOOP('',#911);
#911 = VERTEX_POINT('',#912);
#912 = CARTESIAN_POINT('',(-3.6,6.,0.));
#913 = SPHERICAL_SURFACE('',#914,0.225);
#914 = AXIS2_PLACEMENT_3D('',#915,#916,#917);
#915 = CARTESIAN_POINT('',(-3.6,6.,0.225));
#916 = DIRECTION('',(0.,0.,1.));
#917 = DIRECTION('',(1.,0.,0.));
#918 = MANIFOLD_SOLID_BREP('',#919);
#919 = CLOSED_SHELL('',(#920));
#920 = ADVANCED_FACE('',(#921),#925,.T.);
#921 = FACE_BOUND('',#922,.T.);
#922 = VERTEX_LOOP('',#923);
#923 = VERTEX_POINT('',#924);
#924 = CARTESIAN_POINT('',(-3.6,5.2,0.));
#925 = SPHERICAL_SURFACE('',#926,0.225);
#926 = AXIS2_PLACEMENT_3D('',#927,#928,#929);
#927 = CARTESIAN_POINT('',(-3.6,5.2,0.225));
#928 = DIRECTION('',(0.,0.,1.));
#929 = DIRECTION('',(1.,0.,0.));
#930 = MANIFOLD_SOLID_BREP('',#931);
#931 = CLOSED_SHELL('',(#932));
#932 = ADVANCED_FACE('',(#933),#937,.T.);
#933 = FACE_BOUND('',#934,.T.);
#934 = VERTEX_LOOP('',#935);
#935 = VERTEX_POINT('',#936);
#936 = CARTESIAN_POINT('',(-3.6,4.4,0.));
#937 = SPHERICAL_SURFACE('',#938,0.225);
#938 = AXIS2_PLACEMENT_3D('',#939,#940,#941);
#939 = CARTESIAN_POINT('',(-3.6,4.4,0.225));
#940 = DIRECTION('',(0.,0.,1.));
#941 = DIRECTION('',(1.,0.,0.));
#942 = MANIFOLD_SOLID_BREP('',#943);
#943 = CLOSED_SHELL('',(#944));
#944 = ADVANCED_FACE('',(#945),#949,.T.);
#945 = FACE_BOUND('',#946,.T.);
#946 = VERTEX_LOOP('',#947);
#947 = VERTEX_POINT('',#948);
#948 = CARTESIAN_POINT('',(-3.6,3.6,0.));
#949 = SPHERICAL_SURFACE('',#950,0.225);
#950 = AXIS2_PLACEMENT_3D('',#951,#952,#953);
#951 = CARTESIAN_POINT('',(-3.6,3.6,0.225));
#952 = DIRECTION('',(0.,0.,1.));
#953 = DIRECTION('',(1.,0.,0.));
#954 = MANIFOLD_SOLID_BREP('',#955);
#955 = CLOSED_SHELL('',(#956));
#956 = ADVANCED_FACE('',(#957),#961,.T.);
#957 = FACE_BOUND('',#958,.T.);
#958 = VERTEX_LOOP('',#959);
#959 = VERTEX_POINT('',#960);
#960 = CARTESIAN_POINT('',(-3.6,2.8,0.));
#961 = SPHERICAL_SURFACE('',#962,0.225);
#962 = AXIS2_PLACEMENT_3D('',#963,#964,#965);
#963 = CARTESIAN_POINT('',(-3.6,2.8,0.225));
#964 = DIRECTION('',(0.,0.,1.));
#965 = DIRECTION('',(1.,0.,0.));
#966 = MANIFOLD_SOLID_BREP('',#967);
#967 = CLOSED_SHELL('',(#968));
#968 = ADVANCED_FACE('',(#969),#973,.T.);
#969 = FACE_BOUND('',#970,.T.);
#970 = VERTEX_LOOP('',#971);
#971 = VERTEX_POINT('',#972);
#972 = CARTESIAN_POINT('',(-3.6,2.,0.));
#973 = SPHERICAL_SURFACE('',#974,0.225);
#974 = AXIS2_PLACEMENT_3D('',#975,#976,#977);
#975 = CARTESIAN_POINT('',(-3.6,2.,0.225));
#976 = DIRECTION('',(0.,0.,1.));
#977 = DIRECTION('',(1.,0.,0.));
#978 = MANIFOLD_SOLID_BREP('',#979);
#979 = CLOSED_SHELL('',(#980));
#980 = ADVANCED_FACE('',(#981),#985,.T.);
#981 = FACE_BOUND('',#982,.T.);
#982 = VERTEX_LOOP('',#983);
#983 = VERTEX_POINT('',#984);
#984 = CARTESIAN_POINT('',(-3.6,1.2,0.));
#985 = SPHERICAL_SURFACE('',#986,0.225);
#986 = AXIS2_PLACEMENT_3D('',#987,#988,#989);
#987 = CARTESIAN_POINT('',(-3.6,1.2,0.225));
#988 = DIRECTION('',(0.,0.,1.));
#989 = DIRECTION('',(1.,0.,0.));
#990 = MANIFOLD_SOLID_BREP('',#991);
#991 = CLOSED_SHELL('',(#992));
#992 = ADVANCED_FACE('',(#993),#997,.T.);
#993 = FACE_BOUND('',#994,.T.);
#994 = VERTEX_LOOP('',#995);
#995 = VERTEX_POINT('',#996);
#996 = CARTESIAN_POINT('',(-3.6,0.4,0.));
#997 = SPHERICAL_SURFACE('',#998,0.225);
#998 = AXIS2_PLACEMENT_3D('',#999,#1000,#1001);
#999 = CARTESIAN_POINT('',(-3.6,0.4,0.225));
#1000 = DIRECTION('',(0.,0.,1.));
#1001 = DIRECTION('',(1.,0.,0.));
#1002 = MANIFOLD_SOLID_BREP('',#1003);
#1003 = CLOSED_SHELL('',(#1004));
#1004 = ADVANCED_FACE('',(#1005),#1009,.T.);
#1005 = FACE_BOUND('',#1006,.T.);
#1006 = VERTEX_LOOP('',#1007);
#1007 = VERTEX_POINT('',#1008);
#1008 = CARTESIAN_POINT('',(-3.6,-0.4,0.));
#1009 = SPHERICAL_SURFACE('',#1010,0.225);
#1010 = AXIS2_PLACEMENT_3D('',#1011,#1012,#1013);
#1011 = CARTESIAN_POINT('',(-3.6,-0.4,0.225));
#1012 = DIRECTION('',(0.,0.,1.));
#1013 = DIRECTION('',(1.,0.,0.));
#1014 = MANIFOLD_SOLID_BREP('',#1015);
#1015 = CLOSED_SHELL('',(#1016));
#1016 = ADVANCED_FACE('',(#1017),#1021,.T.);
#1017 = FACE_BOUND('',#1018,.T.);
#1018 = VERTEX_LOOP('',#1019);
#1019 = VERTEX_POINT('',#1020);
#1020 = CARTESIAN_POINT('',(-3.6,-1.2,0.));
#1021 = SPHERICAL_SURFACE('',#1022,0.225);
#1022 = AXIS2_PLACEMENT_3D('',#1023,#1024,#1025);
#1023 = CARTESIAN_POINT('',(-3.6,-1.2,0.225));
#1024 = DIRECTION('',(0.,0.,1.));
#1025 = DIRECTION('',(1.,0.,0.));
#1026 = MANIFOLD_SOLID_BREP('',#1027);
#1027 = CLOSED_SHELL('',(#1028));
#1028 = ADVANCED_FACE('',(#1029),#1033,.T.);
#1029 = FACE_BOUND('',#1030,.T.);
#1030 = VERTEX_LOOP('',#1031);
#1031 = VERTEX_POINT('',#1032);
#1032 = CARTESIAN_POINT('',(-3.6,-2.,0.));
#1033 = SPHERICAL_SURFACE('',#1034,0.225);
#1034 = AXIS2_PLACEMENT_3D('',#1035,#1036,#1037);
#1035 = CARTESIAN_POINT('',(-3.6,-2.,0.225));
#1036 = DIRECTION('',(0.,0.,1.));
#1037 = DIRECTION('',(1.,0.,0.));
#1038 = MANIFOLD_SOLID_BREP('',#1039);
#1039 = CLOSED_SHELL('',(#1040));
#1040 = ADVANCED_FACE('',(#1041),#1045,.T.);
#1041 = FACE_BOUND('',#1042,.T.);
#1042 = VERTEX_LOOP('',#1043);
#1043 = VERTEX_POINT('',#1044);
#1044 = CARTESIAN_POINT('',(-3.6,-2.8,0.));
#1045 = SPHERICAL_SURFACE('',#1046,0.225);
#1046 = AXIS2_PLACEMENT_3D('',#1047,#1048,#1049);
#1047 = CARTESIAN_POINT('',(-3.6,-2.8,0.225));
#1048 = DIRECTION('',(0.,0.,1.));
#1049 = DIRECTION('',(1.,0.,0.));
#1050 = MANIFOLD_SOLID_BREP('',#1051);
#1051 = CLOSED_SHELL('',(#1052));
#1052 = ADVANCED_FACE('',(#1053),#1057,.T.);
#1053 = FACE_BOUND('',#1054,.T.);
#1054 = VERTEX_LOOP('',#1055);
#1055 = VERTEX_POINT('',#1056);
#1056 = CARTESIAN_POINT('',(-3.6,-3.6,0.));
#1057 = SPHERICAL_SURFACE('',#1058,0.225);
#1058 = AXIS2_PLACEMENT_3D('',#1059,#1060,#1061);
#1059 = CARTESIAN_POINT('',(-3.6,-3.6,0.225));
#1060 = DIRECTION('',(0.,0.,1.));
#1061 = DIRECTION('',(1.,0.,0.));
#1062 = MANIFOLD_SOLID_BREP('',#1063);
#1063 = CLOSED_SHELL('',(#1064));
#1064 = ADVANCED_FACE('',(#1065),#1069,.T.);
#1065 = FACE_BOUND('',#1066,.T.);
#1066 = VERTEX_LOOP('',#1067);
#1067 = VERTEX_POINT('',#1068);
#1068 = CARTESIAN_POINT('',(-3.6,-4.4,0.));
#1069 = SPHERICAL_SURFACE('',#1070,0.225);
#1070 = AXIS2_PLACEMENT_3D('',#1071,#1072,#1073);
#1071 = CARTESIAN_POINT('',(-3.6,-4.4,0.225));
#1072 = DIRECTION('',(0.,0.,1.));
#1073 = DIRECTION('',(1.,0.,0.));
#1074 = MANIFOLD_SOLID_BREP('',#1075);
#1075 = CLOSED_SHELL('',(#1076));
#1076 = ADVANCED_FACE('',(#1077),#1081,.T.);
#1077 = FACE_BOUND('',#1078,.T.);
#1078 = VERTEX_LOOP('',#1079);
#1079 = VERTEX_POINT('',#1080);
#1080 = CARTESIAN_POINT('',(-3.6,-5.2,0.));
#1081 = SPHERICAL_SURFACE('',#1082,0.225);
#1082 = AXIS2_PLACEMENT_3D('',#1083,#1084,#1085);
#1083 = CARTESIAN_POINT('',(-3.6,-5.2,0.225));
#1084 = DIRECTION('',(0.,0.,1.));
#1085 = DIRECTION('',(1.,0.,0.));
#1086 = MANIFOLD_SOLID_BREP('',#1087);
#1087 = CLOSED_SHELL('',(#1088));
#1088 = ADVANCED_FACE('',(#1089),#1093,.T.);
#1089 = FACE_BOUND('',#1090,.T.);
#1090 = VERTEX_LOOP('',#1091);
#1091 = VERTEX_POINT('',#1092);
#1092 = CARTESIAN_POINT('',(-3.6,-6.,0.));
#1093 = SPHERICAL_SURFACE('',#1094,0.225);
#1094 = AXIS2_PLACEMENT_3D('',#1095,#1096,#1097);
#1095 = CARTESIAN_POINT('',(-3.6,-6.,0.225));
#1096 = DIRECTION('',(0.,0.,1.));
#1097 = DIRECTION('',(1.,0.,0.));
#1098 = MANIFOLD_SOLID_BREP('',#1099);
#1099 = CLOSED_SHELL('',(#1100));
#1100 = ADVANCED_FACE('',(#1101),#1105,.T.);
#1101 = FACE_BOUND('',#1102,.T.);
#1102 = VERTEX_LOOP('',#1103);
#1103 = VERTEX_POINT('',#1104);
#1104 = CARTESIAN_POINT('',(-3.6,-6.8,0.));
#1105 = SPHERICAL_SURFACE('',#1106,0.225);
#1106 = AXIS2_PLACEMENT_3D('',#1107,#1108,#1109);
#1107 = CARTESIAN_POINT('',(-3.6,-6.8,0.225));
#1108 = DIRECTION('',(0.,0.,1.));
#1109 = DIRECTION('',(1.,0.,0.));
#1110 = MANIFOLD_SOLID_BREP('',#1111);
#1111 = CLOSED_SHELL('',(#1112));
#1112 = ADVANCED_FACE('',(#1113),#1117,.T.);
#1113 = FACE_BOUND('',#1114,.T.);
#1114 = VERTEX_LOOP('',#1115);
#1115 = VERTEX_POINT('',#1116);
#1116 = CARTESIAN_POINT('',(-2.8,6.8,0.));
#1117 = SPHERICAL_SURFACE('',#1118,0.225);
#1118 = AXIS2_PLACEMENT_3D('',#1119,#1120,#1121);
#1119 = CARTESIAN_POINT('',(-2.8,6.8,0.225));
#1120 = DIRECTION('',(0.,0.,1.));
#1121 = DIRECTION('',(1.,0.,0.));
#1122 = MANIFOLD_SOLID_BREP('',#1123);
#1123 = CLOSED_SHELL('',(#1124));
#1124 = ADVANCED_FACE('',(#1125),#1129,.T.);
#1125 = FACE_BOUND('',#1126,.T.);
#1126 = VERTEX_LOOP('',#1127);
#1127 = VERTEX_POINT('',#1128);
#1128 = CARTESIAN_POINT('',(-2.8,6.,0.));
#1129 = SPHERICAL_SURFACE('',#1130,0.225);
#1130 = AXIS2_PLACEMENT_3D('',#1131,#1132,#1133);
#1131 = CARTESIAN_POINT('',(-2.8,6.,0.225));
#1132 = DIRECTION('',(0.,0.,1.));
#1133 = DIRECTION('',(1.,0.,0.));
#1134 = MANIFOLD_SOLID_BREP('',#1135);
#1135 = CLOSED_SHELL('',(#1136));
#1136 = ADVANCED_FACE('',(#1137),#1141,.T.);
#1137 = FACE_BOUND('',#1138,.T.);
#1138 = VERTEX_LOOP('',#1139);
#1139 = VERTEX_POINT('',#1140);
#1140 = CARTESIAN_POINT('',(-2.8,5.2,0.));
#1141 = SPHERICAL_SURFACE('',#1142,0.225);
#1142 = AXIS2_PLACEMENT_3D('',#1143,#1144,#1145);
#1143 = CARTESIAN_POINT('',(-2.8,5.2,0.225));
#1144 = DIRECTION('',(0.,0.,1.));
#1145 = DIRECTION('',(1.,0.,0.));
#1146 = MANIFOLD_SOLID_BREP('',#1147);
#1147 = CLOSED_SHELL('',(#1148));
#1148 = ADVANCED_FACE('',(#1149),#1153,.T.);
#1149 = FACE_BOUND('',#1150,.T.);
#1150 = VERTEX_LOOP('',#1151);
#1151 = VERTEX_POINT('',#1152);
#1152 = CARTESIAN_POINT('',(-2.8,4.4,0.));
#1153 = SPHERICAL_SURFACE('',#1154,0.225);
#1154 = AXIS2_PLACEMENT_3D('',#1155,#1156,#1157);
#1155 = CARTESIAN_POINT('',(-2.8,4.4,0.225));
#1156 = DIRECTION('',(0.,0.,1.));
#1157 = DIRECTION('',(1.,0.,0.));
#1158 = MANIFOLD_SOLID_BREP('',#1159);
#1159 = CLOSED_SHELL('',(#1160));
#1160 = ADVANCED_FACE('',(#1161),#1165,.T.);
#1161 = FACE_BOUND('',#1162,.T.);
#1162 = VERTEX_LOOP('',#1163);
#1163 = VERTEX_POINT('',#1164);
#1164 = CARTESIAN_POINT('',(-2.8,3.6,0.));
#1165 = SPHERICAL_SURFACE('',#1166,0.225);
#1166 = AXIS2_PLACEMENT_3D('',#1167,#1168,#1169);
#1167 = CARTESIAN_POINT('',(-2.8,3.6,0.225));
#1168 = DIRECTION('',(0.,0.,1.));
#1169 = DIRECTION('',(1.,0.,0.));
#1170 = MANIFOLD_SOLID_BREP('',#1171);
#1171 = CLOSED_SHELL('',(#1172));
#1172 = ADVANCED_FACE('',(#1173),#1177,.T.);
#1173 = FACE_BOUND('',#1174,.T.);
#1174 = VERTEX_LOOP('',#1175);
#1175 = VERTEX_POINT('',#1176);
#1176 = CARTESIAN_POINT('',(-2.8,2.8,0.));
#1177 = SPHERICAL_SURFACE('',#1178,0.225);
#1178 = AXIS2_PLACEMENT_3D('',#1179,#1180,#1181);
#1179 = CARTESIAN_POINT('',(-2.8,2.8,0.225));
#1180 = DIRECTION('',(0.,0.,1.));
#1181 = DIRECTION('',(1.,0.,0.));
#1182 = MANIFOLD_SOLID_BREP('',#1183);
#1183 = CLOSED_SHELL('',(#1184));
#1184 = ADVANCED_FACE('',(#1185),#1189,.T.);
#1185 = FACE_BOUND('',#1186,.T.);
#1186 = VERTEX_LOOP('',#1187);
#1187 = VERTEX_POINT('',#1188);
#1188 = CARTESIAN_POINT('',(-2.8,2.,0.));
#1189 = SPHERICAL_SURFACE('',#1190,0.225);
#1190 = AXIS2_PLACEMENT_3D('',#1191,#1192,#1193);
#1191 = CARTESIAN_POINT('',(-2.8,2.,0.225));
#1192 = DIRECTION('',(0.,0.,1.));
#1193 = DIRECTION('',(1.,0.,0.));
#1194 = MANIFOLD_SOLID_BREP('',#1195);
#1195 = CLOSED_SHELL('',(#1196));
#1196 = ADVANCED_FACE('',(#1197),#1201,.T.);
#1197 = FACE_BOUND('',#1198,.T.);
#1198 = VERTEX_LOOP('',#1199);
#1199 = VERTEX_POINT('',#1200);
#1200 = CARTESIAN_POINT('',(-2.8,1.2,0.));
#1201 = SPHERICAL_SURFACE('',#1202,0.225);
#1202 = AXIS2_PLACEMENT_3D('',#1203,#1204,#1205);
#1203 = CARTESIAN_POINT('',(-2.8,1.2,0.225));
#1204 = DIRECTION('',(0.,0.,1.));
#1205 = DIRECTION('',(1.,0.,0.));
#1206 = MANIFOLD_SOLID_BREP('',#1207);
#1207 = CLOSED_SHELL('',(#1208));
#1208 = ADVANCED_FACE('',(#1209),#1213,.T.);
#1209 = FACE_BOUND('',#1210,.T.);
#1210 = VERTEX_LOOP('',#1211);
#1211 = VERTEX_POINT('',#1212);
#1212 = CARTESIAN_POINT('',(-2.8,0.4,0.));
#1213 = SPHERICAL_SURFACE('',#1214,0.225);
#1214 = AXIS2_PLACEMENT_3D('',#1215,#1216,#1217);
#1215 = CARTESIAN_POINT('',(-2.8,0.4,0.225));
#1216 = DIRECTION('',(0.,0.,1.));
#1217 = DIRECTION('',(1.,0.,0.));
#1218 = MANIFOLD_SOLID_BREP('',#1219);
#1219 = CLOSED_SHELL('',(#1220));
#1220 = ADVANCED_FACE('',(#1221),#1225,.T.);
#1221 = FACE_BOUND('',#1222,.T.);
#1222 = VERTEX_LOOP('',#1223);
#1223 = VERTEX_POINT('',#1224);
#1224 = CARTESIAN_POINT('',(-2.8,-0.4,0.));
#1225 = SPHERICAL_SURFACE('',#1226,0.225);
#1226 = AXIS2_PLACEMENT_3D('',#1227,#1228,#1229);
#1227 = CARTESIAN_POINT('',(-2.8,-0.4,0.225));
#1228 = DIRECTION('',(0.,0.,1.));
#1229 = DIRECTION('',(1.,0.,0.));
#1230 = MANIFOLD_SOLID_BREP('',#1231);
#1231 = CLOSED_SHELL('',(#1232));
#1232 = ADVANCED_FACE('',(#1233),#1237,.T.);
#1233 = FACE_BOUND('',#1234,.T.);
#1234 = VERTEX_LOOP('',#1235);
#1235 = VERTEX_POINT('',#1236);
#1236 = CARTESIAN_POINT('',(-2.8,-1.2,0.));
#1237 = SPHERICAL_SURFACE('',#1238,0.225);
#1238 = AXIS2_PLACEMENT_3D('',#1239,#1240,#1241);
#1239 = CARTESIAN_POINT('',(-2.8,-1.2,0.225));
#1240 = DIRECTION('',(0.,0.,1.));
#1241 = DIRECTION('',(1.,0.,0.));
#1242 = MANIFOLD_SOLID_BREP('',#1243);
#1243 = CLOSED_SHELL('',(#1244));
#1244 = ADVANCED_FACE('',(#1245),#1249,.T.);
#1245 = FACE_BOUND('',#1246,.T.);
#1246 = VERTEX_LOOP('',#1247);
#1247 = VERTEX_POINT('',#1248);
#1248 = CARTESIAN_POINT('',(-2.8,-2.,0.));
#1249 = SPHERICAL_SURFACE('',#1250,0.225);
#1250 = AXIS2_PLACEMENT_3D('',#1251,#1252,#1253);
#1251 = CARTESIAN_POINT('',(-2.8,-2.,0.225));
#1252 = DIRECTION('',(0.,0.,1.));
#1253 = DIRECTION('',(1.,0.,0.));
#1254 = MANIFOLD_SOLID_BREP('',#1255);
#1255 = CLOSED_SHELL('',(#1256));
#1256 = ADVANCED_FACE('',(#1257),#1261,.T.);
#1257 = FACE_BOUND('',#1258,.T.);
#1258 = VERTEX_LOOP('',#1259);
#1259 = VERTEX_POINT('',#1260);
#1260 = CARTESIAN_POINT('',(-2.8,-2.8,0.));
#1261 = SPHERICAL_SURFACE('',#1262,0.225);
#1262 = AXIS2_PLACEMENT_3D('',#1263,#1264,#1265);
#1263 = CARTESIAN_POINT('',(-2.8,-2.8,0.225));
#1264 = DIRECTION('',(0.,0.,1.));
#1265 = DIRECTION('',(1.,0.,0.));
#1266 = MANIFOLD_SOLID_BREP('',#1267);
#1267 = CLOSED_SHELL('',(#1268));
#1268 = ADVANCED_FACE('',(#1269),#1273,.T.);
#1269 = FACE_BOUND('',#1270,.T.);
#1270 = VERTEX_LOOP('',#1271);
#1271 = VERTEX_POINT('',#1272);
#1272 = CARTESIAN_POINT('',(-2.8,-3.6,0.));
#1273 = SPHERICAL_SURFACE('',#1274,0.225);
#1274 = AXIS2_PLACEMENT_3D('',#1275,#1276,#1277);
#1275 = CARTESIAN_POINT('',(-2.8,-3.6,0.225));
#1276 = DIRECTION('',(0.,0.,1.));
#1277 = DIRECTION('',(1.,0.,0.));
#1278 = MANIFOLD_SOLID_BREP('',#1279);
#1279 = CLOSED_SHELL('',(#1280));
#1280 = ADVANCED_FACE('',(#1281),#1285,.T.);
#1281 = FACE_BOUND('',#1282,.T.);
#1282 = VERTEX_LOOP('',#1283);
#1283 = VERTEX_POINT('',#1284);
#1284 = CARTESIAN_POINT('',(-2.8,-4.4,0.));
#1285 = SPHERICAL_SURFACE('',#1286,0.225);
#1286 = AXIS2_PLACEMENT_3D('',#1287,#1288,#1289);
#1287 = CARTESIAN_POINT('',(-2.8,-4.4,0.225));
#1288 = DIRECTION('',(0.,0.,1.));
#1289 = DIRECTION('',(1.,0.,0.));
#1290 = MANIFOLD_SOLID_BREP('',#1291);
#1291 = CLOSED_SHELL('',(#1292));
#1292 = ADVANCED_FACE('',(#1293),#1297,.T.);
#1293 = FACE_BOUND('',#1294,.T.);
#1294 = VERTEX_LOOP('',#1295);
#1295 = VERTEX_POINT('',#1296);
#1296 = CARTESIAN_POINT('',(-2.8,-5.2,0.));
#1297 = SPHERICAL_SURFACE('',#1298,0.225);
#1298 = AXIS2_PLACEMENT_3D('',#1299,#1300,#1301);
#1299 = CARTESIAN_POINT('',(-2.8,-5.2,0.225));
#1300 = DIRECTION('',(0.,0.,1.));
#1301 = DIRECTION('',(1.,0.,0.));
#1302 = MANIFOLD_SOLID_BREP('',#1303);
#1303 = CLOSED_SHELL('',(#1304));
#1304 = ADVANCED_FACE('',(#1305),#1309,.T.);
#1305 = FACE_BOUND('',#1306,.T.);
#1306 = VERTEX_LOOP('',#1307);
#1307 = VERTEX_POINT('',#1308);
#1308 = CARTESIAN_POINT('',(-2.8,-6.,0.));
#1309 = SPHERICAL_SURFACE('',#1310,0.225);
#1310 = AXIS2_PLACEMENT_3D('',#1311,#1312,#1313);
#1311 = CARTESIAN_POINT('',(-2.8,-6.,0.225));
#1312 = DIRECTION('',(0.,0.,1.));
#1313 = DIRECTION('',(1.,0.,0.));
#1314 = MANIFOLD_SOLID_BREP('',#1315);
#1315 = CLOSED_SHELL('',(#1316));
#1316 = ADVANCED_FACE('',(#1317),#1321,.T.);
#1317 = FACE_BOUND('',#1318,.T.);
#1318 = VERTEX_LOOP('',#1319);
#1319 = VERTEX_POINT('',#1320);
#1320 = CARTESIAN_POINT('',(-2.8,-6.8,0.));
#1321 = SPHERICAL_SURFACE('',#1322,0.225);
#1322 = AXIS2_PLACEMENT_3D('',#1323,#1324,#1325);
#1323 = CARTESIAN_POINT('',(-2.8,-6.8,0.225));
#1324 = DIRECTION('',(0.,0.,1.));
#1325 = DIRECTION('',(1.,0.,0.));
#1326 = MANIFOLD_SOLID_BREP('',#1327);
#1327 = CLOSED_SHELL('',(#1328));
#1328 = ADVANCED_FACE('',(#1329),#1333,.T.);
#1329 = FACE_BOUND('',#1330,.T.);
#1330 = VERTEX_LOOP('',#1331);
#1331 = VERTEX_POINT('',#1332);
#1332 = CARTESIAN_POINT('',(-2.,6.8,0.));
#1333 = SPHERICAL_SURFACE('',#1334,0.225);
#1334 = AXIS2_PLACEMENT_3D('',#1335,#1336,#1337);
#1335 = CARTESIAN_POINT('',(-2.,6.8,0.225));
#1336 = DIRECTION('',(0.,0.,1.));
#1337 = DIRECTION('',(1.,0.,0.));
#1338 = MANIFOLD_SOLID_BREP('',#1339);
#1339 = CLOSED_SHELL('',(#1340));
#1340 = ADVANCED_FACE('',(#1341),#1345,.T.);
#1341 = FACE_BOUND('',#1342,.T.);
#1342 = VERTEX_LOOP('',#1343);
#1343 = VERTEX_POINT('',#1344);
#1344 = CARTESIAN_POINT('',(-2.,6.,0.));
#1345 = SPHERICAL_SURFACE('',#1346,0.225);
#1346 = AXIS2_PLACEMENT_3D('',#1347,#1348,#1349);
#1347 = CARTESIAN_POINT('',(-2.,6.,0.225));
#1348 = DIRECTION('',(0.,0.,1.));
#1349 = DIRECTION('',(1.,0.,0.));
#1350 = MANIFOLD_SOLID_BREP('',#1351);
#1351 = CLOSED_SHELL('',(#1352));
#1352 = ADVANCED_FACE('',(#1353),#1357,.T.);
#1353 = FACE_BOUND('',#1354,.T.);
#1354 = VERTEX_LOOP('',#1355);
#1355 = VERTEX_POINT('',#1356);
#1356 = CARTESIAN_POINT('',(-2.,5.2,0.));
#1357 = SPHERICAL_SURFACE('',#1358,0.225);
#1358 = AXIS2_PLACEMENT_3D('',#1359,#1360,#1361);
#1359 = CARTESIAN_POINT('',(-2.,5.2,0.225));
#1360 = DIRECTION('',(0.,0.,1.));
#1361 = DIRECTION('',(1.,0.,0.));
#1362 = MANIFOLD_SOLID_BREP('',#1363);
#1363 = CLOSED_SHELL('',(#1364));
#1364 = ADVANCED_FACE('',(#1365),#1369,.T.);
#1365 = FACE_BOUND('',#1366,.T.);
#1366 = VERTEX_LOOP('',#1367);
#1367 = VERTEX_POINT('',#1368);
#1368 = CARTESIAN_POINT('',(-2.,4.4,0.));
#1369 = SPHERICAL_SURFACE('',#1370,0.225);
#1370 = AXIS2_PLACEMENT_3D('',#1371,#1372,#1373);
#1371 = CARTESIAN_POINT('',(-2.,4.4,0.225));
#1372 = DIRECTION('',(0.,0.,1.));
#1373 = DIRECTION('',(1.,0.,0.));
#1374 = MANIFOLD_SOLID_BREP('',#1375);
#1375 = CLOSED_SHELL('',(#1376));
#1376 = ADVANCED_FACE('',(#1377),#1381,.T.);
#1377 = FACE_BOUND('',#1378,.T.);
#1378 = VERTEX_LOOP('',#1379);
#1379 = VERTEX_POINT('',#1380);
#1380 = CARTESIAN_POINT('',(-2.,3.6,0.));
#1381 = SPHERICAL_SURFACE('',#1382,0.225);
#1382 = AXIS2_PLACEMENT_3D('',#1383,#1384,#1385);
#1383 = CARTESIAN_POINT('',(-2.,3.6,0.225));
#1384 = DIRECTION('',(0.,0.,1.));
#1385 = DIRECTION('',(1.,0.,0.));
#1386 = MANIFOLD_SOLID_BREP('',#1387);
#1387 = CLOSED_SHELL('',(#1388));
#1388 = ADVANCED_FACE('',(#1389),#1393,.T.);
#1389 = FACE_BOUND('',#1390,.T.);
#1390 = VERTEX_LOOP('',#1391);
#1391 = VERTEX_POINT('',#1392);
#1392 = CARTESIAN_POINT('',(-2.,2.8,0.));
#1393 = SPHERICAL_SURFACE('',#1394,0.225);
#1394 = AXIS2_PLACEMENT_3D('',#1395,#1396,#1397);
#1395 = CARTESIAN_POINT('',(-2.,2.8,0.225));
#1396 = DIRECTION('',(0.,0.,1.));
#1397 = DIRECTION('',(1.,0.,0.));
#1398 = MANIFOLD_SOLID_BREP('',#1399);
#1399 = CLOSED_SHELL('',(#1400));
#1400 = ADVANCED_FACE('',(#1401),#1405,.T.);
#1401 = FACE_BOUND('',#1402,.T.);
#1402 = VERTEX_LOOP('',#1403);
#1403 = VERTEX_POINT('',#1404);
#1404 = CARTESIAN_POINT('',(-2.,2.,0.));
#1405 = SPHERICAL_SURFACE('',#1406,0.225);
#1406 = AXIS2_PLACEMENT_3D('',#1407,#1408,#1409);
#1407 = CARTESIAN_POINT('',(-2.,2.,0.225));
#1408 = DIRECTION('',(0.,0.,1.));
#1409 = DIRECTION('',(1.,0.,0.));
#1410 = MANIFOLD_SOLID_BREP('',#1411);
#1411 = CLOSED_SHELL('',(#1412));
#1412 = ADVANCED_FACE('',(#1413),#1417,.T.);
#1413 = FACE_BOUND('',#1414,.T.);
#1414 = VERTEX_LOOP('',#1415);
#1415 = VERTEX_POINT('',#1416);
#1416 = CARTESIAN_POINT('',(-2.,1.2,0.));
#1417 = SPHERICAL_SURFACE('',#1418,0.225);
#1418 = AXIS2_PLACEMENT_3D('',#1419,#1420,#1421);
#1419 = CARTESIAN_POINT('',(-2.,1.2,0.225));
#1420 = DIRECTION('',(0.,0.,1.));
#1421 = DIRECTION('',(1.,0.,0.));
#1422 = MANIFOLD_SOLID_BREP('',#1423);
#1423 = CLOSED_SHELL('',(#1424));
#1424 = ADVANCED_FACE('',(#1425),#1429,.T.);
#1425 = FACE_BOUND('',#1426,.T.);
#1426 = VERTEX_LOOP('',#1427);
#1427 = VERTEX_POINT('',#1428);
#1428 = CARTESIAN_POINT('',(-2.,0.4,0.));
#1429 = SPHERICAL_SURFACE('',#1430,0.225);
#1430 = AXIS2_PLACEMENT_3D('',#1431,#1432,#1433);
#1431 = CARTESIAN_POINT('',(-2.,0.4,0.225));
#1432 = DIRECTION('',(0.,0.,1.));
#1433 = DIRECTION('',(1.,0.,0.));
#1434 = MANIFOLD_SOLID_BREP('',#1435);
#1435 = CLOSED_SHELL('',(#1436));
#1436 = ADVANCED_FACE('',(#1437),#1441,.T.);
#1437 = FACE_BOUND('',#1438,.T.);
#1438 = VERTEX_LOOP('',#1439);
#1439 = VERTEX_POINT('',#1440);
#1440 = CARTESIAN_POINT('',(-2.,-0.4,0.));
#1441 = SPHERICAL_SURFACE('',#1442,0.225);
#1442 = AXIS2_PLACEMENT_3D('',#1443,#1444,#1445);
#1443 = CARTESIAN_POINT('',(-2.,-0.4,0.225));
#1444 = DIRECTION('',(0.,0.,1.));
#1445 = DIRECTION('',(1.,0.,0.));
#1446 = MANIFOLD_SOLID_BREP('',#1447);
#1447 = CLOSED_SHELL('',(#1448));
#1448 = ADVANCED_FACE('',(#1449),#1453,.T.);
#1449 = FACE_BOUND('',#1450,.T.);
#1450 = VERTEX_LOOP('',#1451);
#1451 = VERTEX_POINT('',#1452);
#1452 = CARTESIAN_POINT('',(-2.,-1.2,0.));
#1453 = SPHERICAL_SURFACE('',#1454,0.225);
#1454 = AXIS2_PLACEMENT_3D('',#1455,#1456,#1457);
#1455 = CARTESIAN_POINT('',(-2.,-1.2,0.225));
#1456 = DIRECTION('',(0.,0.,1.));
#1457 = DIRECTION('',(1.,0.,0.));
#1458 = MANIFOLD_SOLID_BREP('',#1459);
#1459 = CLOSED_SHELL('',(#1460));
#1460 = ADVANCED_FACE('',(#1461),#1465,.T.);
#1461 = FACE_BOUND('',#1462,.T.);
#1462 = VERTEX_LOOP('',#1463);
#1463 = VERTEX_POINT('',#1464);
#1464 = CARTESIAN_POINT('',(-2.,-2.,0.));
#1465 = SPHERICAL_SURFACE('',#1466,0.225);
#1466 = AXIS2_PLACEMENT_3D('',#1467,#1468,#1469);
#1467 = CARTESIAN_POINT('',(-2.,-2.,0.225));
#1468 = DIRECTION('',(0.,0.,1.));
#1469 = DIRECTION('',(1.,0.,0.));
#1470 = MANIFOLD_SOLID_BREP('',#1471);
#1471 = CLOSED_SHELL('',(#1472));
#1472 = ADVANCED_FACE('',(#1473),#1477,.T.);
#1473 = FACE_BOUND('',#1474,.T.);
#1474 = VERTEX_LOOP('',#1475);
#1475 = VERTEX_POINT('',#1476);
#1476 = CARTESIAN_POINT('',(-2.,-2.8,0.));
#1477 = SPHERICAL_SURFACE('',#1478,0.225);
#1478 = AXIS2_PLACEMENT_3D('',#1479,#1480,#1481);
#1479 = CARTESIAN_POINT('',(-2.,-2.8,0.225));
#1480 = DIRECTION('',(0.,0.,1.));
#1481 = DIRECTION('',(1.,0.,0.));
#1482 = MANIFOLD_SOLID_BREP('',#1483);
#1483 = CLOSED_SHELL('',(#1484));
#1484 = ADVANCED_FACE('',(#1485),#1489,.T.);
#1485 = FACE_BOUND('',#1486,.T.);
#1486 = VERTEX_LOOP('',#1487);
#1487 = VERTEX_POINT('',#1488);
#1488 = CARTESIAN_POINT('',(-2.,-3.6,0.));
#1489 = SPHERICAL_SURFACE('',#1490,0.225);
#1490 = AXIS2_PLACEMENT_3D('',#1491,#1492,#1493);
#1491 = CARTESIAN_POINT('',(-2.,-3.6,0.225));
#1492 = DIRECTION('',(0.,0.,1.));
#1493 = DIRECTION('',(1.,0.,0.));
#1494 = MANIFOLD_SOLID_BREP('',#1495);
#1495 = CLOSED_SHELL('',(#1496));
#1496 = ADVANCED_FACE('',(#1497),#1501,.T.);
#1497 = FACE_BOUND('',#1498,.T.);
#1498 = VERTEX_LOOP('',#1499);
#1499 = VERTEX_POINT('',#1500);
#1500 = CARTESIAN_POINT('',(-2.,-4.4,0.));
#1501 = SPHERICAL_SURFACE('',#1502,0.225);
#1502 = AXIS2_PLACEMENT_3D('',#1503,#1504,#1505);
#1503 = CARTESIAN_POINT('',(-2.,-4.4,0.225));
#1504 = DIRECTION('',(0.,0.,1.));
#1505 = DIRECTION('',(1.,0.,0.));
#1506 = MANIFOLD_SOLID_BREP('',#1507);
#1507 = CLOSED_SHELL('',(#1508));
#1508 = ADVANCED_FACE('',(#1509),#1513,.T.);
#1509 = FACE_BOUND('',#1510,.T.);
#1510 = VERTEX_LOOP('',#1511);
#1511 = VERTEX_POINT('',#1512);
#1512 = CARTESIAN_POINT('',(-2.,-5.2,0.));
#1513 = SPHERICAL_SURFACE('',#1514,0.225);
#1514 = AXIS2_PLACEMENT_3D('',#1515,#1516,#1517);
#1515 = CARTESIAN_POINT('',(-2.,-5.2,0.225));
#1516 = DIRECTION('',(0.,0.,1.));
#1517 = DIRECTION('',(1.,0.,0.));
#1518 = MANIFOLD_SOLID_BREP('',#1519);
#1519 = CLOSED_SHELL('',(#1520));
#1520 = ADVANCED_FACE('',(#1521),#1525,.T.);
#1521 = FACE_BOUND('',#1522,.T.);
#1522 = VERTEX_LOOP('',#1523);
#1523 = VERTEX_POINT('',#1524);
#1524 = CARTESIAN_POINT('',(-2.,-6.,0.));
#1525 = SPHERICAL_SURFACE('',#1526,0.225);
#1526 = AXIS2_PLACEMENT_3D('',#1527,#1528,#1529);
#1527 = CARTESIAN_POINT('',(-2.,-6.,0.225));
#1528 = DIRECTION('',(0.,0.,1.));
#1529 = DIRECTION('',(1.,0.,0.));
#1530 = MANIFOLD_SOLID_BREP('',#1531);
#1531 = CLOSED_SHELL('',(#1532));
#1532 = ADVANCED_FACE('',(#1533),#1537,.T.);
#1533 = FACE_BOUND('',#1534,.T.);
#1534 = VERTEX_LOOP('',#1535);
#1535 = VERTEX_POINT('',#1536);
#1536 = CARTESIAN_POINT('',(-2.,-6.8,0.));
#1537 = SPHERICAL_SURFACE('',#1538,0.225);
#1538 = AXIS2_PLACEMENT_3D('',#1539,#1540,#1541);
#1539 = CARTESIAN_POINT('',(-2.,-6.8,0.225));
#1540 = DIRECTION('',(0.,0.,1.));
#1541 = DIRECTION('',(1.,0.,0.));
#1542 = MANIFOLD_SOLID_BREP('',#1543);
#1543 = CLOSED_SHELL('',(#1544));
#1544 = ADVANCED_FACE('',(#1545),#1549,.T.);
#1545 = FACE_BOUND('',#1546,.T.);
#1546 = VERTEX_LOOP('',#1547);
#1547 = VERTEX_POINT('',#1548);
#1548 = CARTESIAN_POINT('',(-1.2,6.8,0.));
#1549 = SPHERICAL_SURFACE('',#1550,0.225);
#1550 = AXIS2_PLACEMENT_3D('',#1551,#1552,#1553);
#1551 = CARTESIAN_POINT('',(-1.2,6.8,0.225));
#1552 = DIRECTION('',(0.,0.,1.));
#1553 = DIRECTION('',(1.,0.,0.));
#1554 = MANIFOLD_SOLID_BREP('',#1555);
#1555 = CLOSED_SHELL('',(#1556));
#1556 = ADVANCED_FACE('',(#1557),#1561,.T.);
#1557 = FACE_BOUND('',#1558,.T.);
#1558 = VERTEX_LOOP('',#1559);
#1559 = VERTEX_POINT('',#1560);
#1560 = CARTESIAN_POINT('',(-1.2,6.,0.));
#1561 = SPHERICAL_SURFACE('',#1562,0.225);
#1562 = AXIS2_PLACEMENT_3D('',#1563,#1564,#1565);
#1563 = CARTESIAN_POINT('',(-1.2,6.,0.225));
#1564 = DIRECTION('',(0.,0.,1.));
#1565 = DIRECTION('',(1.,0.,0.));
#1566 = MANIFOLD_SOLID_BREP('',#1567);
#1567 = CLOSED_SHELL('',(#1568));
#1568 = ADVANCED_FACE('',(#1569),#1573,.T.);
#1569 = FACE_BOUND('',#1570,.T.);
#1570 = VERTEX_LOOP('',#1571);
#1571 = VERTEX_POINT('',#1572);
#1572 = CARTESIAN_POINT('',(-1.2,5.2,0.));
#1573 = SPHERICAL_SURFACE('',#1574,0.225);
#1574 = AXIS2_PLACEMENT_3D('',#1575,#1576,#1577);
#1575 = CARTESIAN_POINT('',(-1.2,5.2,0.225));
#1576 = DIRECTION('',(0.,0.,1.));
#1577 = DIRECTION('',(1.,0.,0.));
#1578 = MANIFOLD_SOLID_BREP('',#1579);
#1579 = CLOSED_SHELL('',(#1580));
#1580 = ADVANCED_FACE('',(#1581),#1585,.T.);
#1581 = FACE_BOUND('',#1582,.T.);
#1582 = VERTEX_LOOP('',#1583);
#1583 = VERTEX_POINT('',#1584);
#1584 = CARTESIAN_POINT('',(-1.2,4.4,0.));
#1585 = SPHERICAL_SURFACE('',#1586,0.225);
#1586 = AXIS2_PLACEMENT_3D('',#1587,#1588,#1589);
#1587 = CARTESIAN_POINT('',(-1.2,4.4,0.225));
#1588 = DIRECTION('',(0.,0.,1.));
#1589 = DIRECTION('',(1.,0.,0.));
#1590 = MANIFOLD_SOLID_BREP('',#1591);
#1591 = CLOSED_SHELL('',(#1592));
#1592 = ADVANCED_FACE('',(#1593),#1597,.T.);
#1593 = FACE_BOUND('',#1594,.T.);
#1594 = VERTEX_LOOP('',#1595);
#1595 = VERTEX_POINT('',#1596);
#1596 = CARTESIAN_POINT('',(-1.2,3.6,0.));
#1597 = SPHERICAL_SURFACE('',#1598,0.225);
#1598 = AXIS2_PLACEMENT_3D('',#1599,#1600,#1601);
#1599 = CARTESIAN_POINT('',(-1.2,3.6,0.225));
#1600 = DIRECTION('',(0.,0.,1.));
#1601 = DIRECTION('',(1.,0.,0.));
#1602 = MANIFOLD_SOLID_BREP('',#1603);
#1603 = CLOSED_SHELL('',(#1604));
#1604 = ADVANCED_FACE('',(#1605),#1609,.T.);
#1605 = FACE_BOUND('',#1606,.T.);
#1606 = VERTEX_LOOP('',#1607);
#1607 = VERTEX_POINT('',#1608);
#1608 = CARTESIAN_POINT('',(-1.2,2.8,0.));
#1609 = SPHERICAL_SURFACE('',#1610,0.225);
#1610 = AXIS2_PLACEMENT_3D('',#1611,#1612,#1613);
#1611 = CARTESIAN_POINT('',(-1.2,2.8,0.225));
#1612 = DIRECTION('',(0.,0.,1.));
#1613 = DIRECTION('',(1.,0.,0.));
#1614 = MANIFOLD_SOLID_BREP('',#1615);
#1615 = CLOSED_SHELL('',(#1616));
#1616 = ADVANCED_FACE('',(#1617),#1621,.T.);
#1617 = FACE_BOUND('',#1618,.T.);
#1618 = VERTEX_LOOP('',#1619);
#1619 = VERTEX_POINT('',#1620);
#1620 = CARTESIAN_POINT('',(-1.2,2.,0.));
#1621 = SPHERICAL_SURFACE('',#1622,0.225);
#1622 = AXIS2_PLACEMENT_3D('',#1623,#1624,#1625);
#1623 = CARTESIAN_POINT('',(-1.2,2.,0.225));
#1624 = DIRECTION('',(0.,0.,1.));
#1625 = DIRECTION('',(1.,0.,0.));
#1626 = MANIFOLD_SOLID_BREP('',#1627);
#1627 = CLOSED_SHELL('',(#1628));
#1628 = ADVANCED_FACE('',(#1629),#1633,.T.);
#1629 = FACE_BOUND('',#1630,.T.);
#1630 = VERTEX_LOOP('',#1631);
#1631 = VERTEX_POINT('',#1632);
#1632 = CARTESIAN_POINT('',(-1.2,1.2,0.));
#1633 = SPHERICAL_SURFACE('',#1634,0.225);
#1634 = AXIS2_PLACEMENT_3D('',#1635,#1636,#1637);
#1635 = CARTESIAN_POINT('',(-1.2,1.2,0.225));
#1636 = DIRECTION('',(0.,0.,1.));
#1637 = DIRECTION('',(1.,0.,0.));
#1638 = MANIFOLD_SOLID_BREP('',#1639);
#1639 = CLOSED_SHELL('',(#1640));
#1640 = ADVANCED_FACE('',(#1641),#1645,.T.);
#1641 = FACE_BOUND('',#1642,.T.);
#1642 = VERTEX_LOOP('',#1643);
#1643 = VERTEX_POINT('',#1644);
#1644 = CARTESIAN_POINT('',(-1.2,0.4,0.));
#1645 = SPHERICAL_SURFACE('',#1646,0.225);
#1646 = AXIS2_PLACEMENT_3D('',#1647,#1648,#1649);
#1647 = CARTESIAN_POINT('',(-1.2,0.4,0.225));
#1648 = DIRECTION('',(0.,0.,1.));
#1649 = DIRECTION('',(1.,0.,0.));
#1650 = MANIFOLD_SOLID_BREP('',#1651);
#1651 = CLOSED_SHELL('',(#1652));
#1652 = ADVANCED_FACE('',(#1653),#1657,.T.);
#1653 = FACE_BOUND('',#1654,.T.);
#1654 = VERTEX_LOOP('',#1655);
#1655 = VERTEX_POINT('',#1656);
#1656 = CARTESIAN_POINT('',(-1.2,-0.4,0.));
#1657 = SPHERICAL_SURFACE('',#1658,0.225);
#1658 = AXIS2_PLACEMENT_3D('',#1659,#1660,#1661);
#1659 = CARTESIAN_POINT('',(-1.2,-0.4,0.225));
#1660 = DIRECTION('',(0.,0.,1.));
#1661 = DIRECTION('',(1.,0.,0.));
#1662 = MANIFOLD_SOLID_BREP('',#1663);
#1663 = CLOSED_SHELL('',(#1664));
#1664 = ADVANCED_FACE('',(#1665),#1669,.T.);
#1665 = FACE_BOUND('',#1666,.T.);
#1666 = VERTEX_LOOP('',#1667);
#1667 = VERTEX_POINT('',#1668);
#1668 = CARTESIAN_POINT('',(-1.2,-1.2,0.));
#1669 = SPHERICAL_SURFACE('',#1670,0.225);
#1670 = AXIS2_PLACEMENT_3D('',#1671,#1672,#1673);
#1671 = CARTESIAN_POINT('',(-1.2,-1.2,0.225));
#1672 = DIRECTION('',(0.,0.,1.));
#1673 = DIRECTION('',(1.,0.,0.));
#1674 = MANIFOLD_SOLID_BREP('',#1675);
#1675 = CLOSED_SHELL('',(#1676));
#1676 = ADVANCED_FACE('',(#1677),#1681,.T.);
#1677 = FACE_BOUND('',#1678,.T.);
#1678 = VERTEX_LOOP('',#1679);
#1679 = VERTEX_POINT('',#1680);
#1680 = CARTESIAN_POINT('',(-1.2,-2.,0.));
#1681 = SPHERICAL_SURFACE('',#1682,0.225);
#1682 = AXIS2_PLACEMENT_3D('',#1683,#1684,#1685);
#1683 = CARTESIAN_POINT('',(-1.2,-2.,0.225));
#1684 = DIRECTION('',(0.,0.,1.));
#1685 = DIRECTION('',(1.,0.,0.));
#1686 = MANIFOLD_SOLID_BREP('',#1687);
#1687 = CLOSED_SHELL('',(#1688));
#1688 = ADVANCED_FACE('',(#1689),#1693,.T.);
#1689 = FACE_BOUND('',#1690,.T.);
#1690 = VERTEX_LOOP('',#1691);
#1691 = VERTEX_POINT('',#1692);
#1692 = CARTESIAN_POINT('',(-1.2,-2.8,0.));
#1693 = SPHERICAL_SURFACE('',#1694,0.225);
#1694 = AXIS2_PLACEMENT_3D('',#1695,#1696,#1697);
#1695 = CARTESIAN_POINT('',(-1.2,-2.8,0.225));
#1696 = DIRECTION('',(0.,0.,1.));
#1697 = DIRECTION('',(1.,0.,0.));
#1698 = MANIFOLD_SOLID_BREP('',#1699);
#1699 = CLOSED_SHELL('',(#1700));
#1700 = ADVANCED_FACE('',(#1701),#1705,.T.);
#1701 = FACE_BOUND('',#1702,.T.);
#1702 = VERTEX_LOOP('',#1703);
#1703 = VERTEX_POINT('',#1704);
#1704 = CARTESIAN_POINT('',(-1.2,-3.6,0.));
#1705 = SPHERICAL_SURFACE('',#1706,0.225);
#1706 = AXIS2_PLACEMENT_3D('',#1707,#1708,#1709);
#1707 = CARTESIAN_POINT('',(-1.2,-3.6,0.225));
#1708 = DIRECTION('',(0.,0.,1.));
#1709 = DIRECTION('',(1.,0.,0.));
#1710 = MANIFOLD_SOLID_BREP('',#1711);
#1711 = CLOSED_SHELL('',(#1712));
#1712 = ADVANCED_FACE('',(#1713),#1717,.T.);
#1713 = FACE_BOUND('',#1714,.T.);
#1714 = VERTEX_LOOP('',#1715);
#1715 = VERTEX_POINT('',#1716);
#1716 = CARTESIAN_POINT('',(-1.2,-4.4,0.));
#1717 = SPHERICAL_SURFACE('',#1718,0.225);
#1718 = AXIS2_PLACEMENT_3D('',#1719,#1720,#1721);
#1719 = CARTESIAN_POINT('',(-1.2,-4.4,0.225));
#1720 = DIRECTION('',(0.,0.,1.));
#1721 = DIRECTION('',(1.,0.,0.));
#1722 = MANIFOLD_SOLID_BREP('',#1723);
#1723 = CLOSED_SHELL('',(#1724));
#1724 = ADVANCED_FACE('',(#1725),#1729,.T.);
#1725 = FACE_BOUND('',#1726,.T.);
#1726 = VERTEX_LOOP('',#1727);
#1727 = VERTEX_POINT('',#1728);
#1728 = CARTESIAN_POINT('',(-1.2,-5.2,0.));
#1729 = SPHERICAL_SURFACE('',#1730,0.225);
#1730 = AXIS2_PLACEMENT_3D('',#1731,#1732,#1733);
#1731 = CARTESIAN_POINT('',(-1.2,-5.2,0.225));
#1732 = DIRECTION('',(0.,0.,1.));
#1733 = DIRECTION('',(1.,0.,0.));
#1734 = MANIFOLD_SOLID_BREP('',#1735);
#1735 = CLOSED_SHELL('',(#1736));
#1736 = ADVANCED_FACE('',(#1737),#1741,.T.);
#1737 = FACE_BOUND('',#1738,.T.);
#1738 = VERTEX_LOOP('',#1739);
#1739 = VERTEX_POINT('',#1740);
#1740 = CARTESIAN_POINT('',(-1.2,-6.,0.));
#1741 = SPHERICAL_SURFACE('',#1742,0.225);
#1742 = AXIS2_PLACEMENT_3D('',#1743,#1744,#1745);
#1743 = CARTESIAN_POINT('',(-1.2,-6.,0.225));
#1744 = DIRECTION('',(0.,0.,1.));
#1745 = DIRECTION('',(1.,0.,0.));
#1746 = MANIFOLD_SOLID_BREP('',#1747);
#1747 = CLOSED_SHELL('',(#1748));
#1748 = ADVANCED_FACE('',(#1749),#1753,.T.);
#1749 = FACE_BOUND('',#1750,.T.);
#1750 = VERTEX_LOOP('',#1751);
#1751 = VERTEX_POINT('',#1752);
#1752 = CARTESIAN_POINT('',(-1.2,-6.8,0.));
#1753 = SPHERICAL_SURFACE('',#1754,0.225);
#1754 = AXIS2_PLACEMENT_3D('',#1755,#1756,#1757);
#1755 = CARTESIAN_POINT('',(-1.2,-6.8,0.225));
#1756 = DIRECTION('',(0.,0.,1.));
#1757 = DIRECTION('',(1.,0.,0.));
#1758 = MANIFOLD_SOLID_BREP('',#1759);
#1759 = CLOSED_SHELL('',(#1760));
#1760 = ADVANCED_FACE('',(#1761),#1765,.T.);
#1761 = FACE_BOUND('',#1762,.T.);
#1762 = VERTEX_LOOP('',#1763);
#1763 = VERTEX_POINT('',#1764);
#1764 = CARTESIAN_POINT('',(-0.4,6.8,0.));
#1765 = SPHERICAL_SURFACE('',#1766,0.225);
#1766 = AXIS2_PLACEMENT_3D('',#1767,#1768,#1769);
#1767 = CARTESIAN_POINT('',(-0.4,6.8,0.225));
#1768 = DIRECTION('',(0.,0.,1.));
#1769 = DIRECTION('',(1.,0.,0.));
#1770 = MANIFOLD_SOLID_BREP('',#1771);
#1771 = CLOSED_SHELL('',(#1772));
#1772 = ADVANCED_FACE('',(#1773),#1777,.T.);
#1773 = FACE_BOUND('',#1774,.T.);
#1774 = VERTEX_LOOP('',#1775);
#1775 = VERTEX_POINT('',#1776);
#1776 = CARTESIAN_POINT('',(-0.4,6.,0.));
#1777 = SPHERICAL_SURFACE('',#1778,0.225);
#1778 = AXIS2_PLACEMENT_3D('',#1779,#1780,#1781);
#1779 = CARTESIAN_POINT('',(-0.4,6.,0.225));
#1780 = DIRECTION('',(0.,0.,1.));
#1781 = DIRECTION('',(1.,0.,0.));
#1782 = MANIFOLD_SOLID_BREP('',#1783);
#1783 = CLOSED_SHELL('',(#1784));
#1784 = ADVANCED_FACE('',(#1785),#1789,.T.);
#1785 = FACE_BOUND('',#1786,.T.);
#1786 = VERTEX_LOOP('',#1787);
#1787 = VERTEX_POINT('',#1788);
#1788 = CARTESIAN_POINT('',(-0.4,5.2,0.));
#1789 = SPHERICAL_SURFACE('',#1790,0.225);
#1790 = AXIS2_PLACEMENT_3D('',#1791,#1792,#1793);
#1791 = CARTESIAN_POINT('',(-0.4,5.2,0.225));
#1792 = DIRECTION('',(0.,0.,1.));
#1793 = DIRECTION('',(1.,0.,0.));
#1794 = MANIFOLD_SOLID_BREP('',#1795);
#1795 = CLOSED_SHELL('',(#1796));
#1796 = ADVANCED_FACE('',(#1797),#1801,.T.);
#1797 = FACE_BOUND('',#1798,.T.);
#1798 = VERTEX_LOOP('',#1799);
#1799 = VERTEX_POINT('',#1800);
#1800 = CARTESIAN_POINT('',(-0.4,4.4,0.));
#1801 = SPHERICAL_SURFACE('',#1802,0.225);
#1802 = AXIS2_PLACEMENT_3D('',#1803,#1804,#1805);
#1803 = CARTESIAN_POINT('',(-0.4,4.4,0.225));
#1804 = DIRECTION('',(0.,0.,1.));
#1805 = DIRECTION('',(1.,0.,0.));
#1806 = MANIFOLD_SOLID_BREP('',#1807);
#1807 = CLOSED_SHELL('',(#1808));
#1808 = ADVANCED_FACE('',(#1809),#1813,.T.);
#1809 = FACE_BOUND('',#1810,.T.);
#1810 = VERTEX_LOOP('',#1811);
#1811 = VERTEX_POINT('',#1812);
#1812 = CARTESIAN_POINT('',(-0.4,3.6,0.));
#1813 = SPHERICAL_SURFACE('',#1814,0.225);
#1814 = AXIS2_PLACEMENT_3D('',#1815,#1816,#1817);
#1815 = CARTESIAN_POINT('',(-0.4,3.6,0.225));
#1816 = DIRECTION('',(0.,0.,1.));
#1817 = DIRECTION('',(1.,0.,0.));
#1818 = MANIFOLD_SOLID_BREP('',#1819);
#1819 = CLOSED_SHELL('',(#1820));
#1820 = ADVANCED_FACE('',(#1821),#1825,.T.);
#1821 = FACE_BOUND('',#1822,.T.);
#1822 = VERTEX_LOOP('',#1823);
#1823 = VERTEX_POINT('',#1824);
#1824 = CARTESIAN_POINT('',(-0.4,2.8,0.));
#1825 = SPHERICAL_SURFACE('',#1826,0.225);
#1826 = AXIS2_PLACEMENT_3D('',#1827,#1828,#1829);
#1827 = CARTESIAN_POINT('',(-0.4,2.8,0.225));
#1828 = DIRECTION('',(0.,0.,1.));
#1829 = DIRECTION('',(1.,0.,0.));
#1830 = MANIFOLD_SOLID_BREP('',#1831);
#1831 = CLOSED_SHELL('',(#1832));
#1832 = ADVANCED_FACE('',(#1833),#1837,.T.);
#1833 = FACE_BOUND('',#1834,.T.);
#1834 = VERTEX_LOOP('',#1835);
#1835 = VERTEX_POINT('',#1836);
#1836 = CARTESIAN_POINT('',(-0.4,2.,0.));
#1837 = SPHERICAL_SURFACE('',#1838,0.225);
#1838 = AXIS2_PLACEMENT_3D('',#1839,#1840,#1841);
#1839 = CARTESIAN_POINT('',(-0.4,2.,0.225));
#1840 = DIRECTION('',(0.,0.,1.));
#1841 = DIRECTION('',(1.,0.,0.));
#1842 = MANIFOLD_SOLID_BREP('',#1843);
#1843 = CLOSED_SHELL('',(#1844));
#1844 = ADVANCED_FACE('',(#1845),#1849,.T.);
#1845 = FACE_BOUND('',#1846,.T.);
#1846 = VERTEX_LOOP('',#1847);
#1847 = VERTEX_POINT('',#1848);
#1848 = CARTESIAN_POINT('',(-0.4,1.2,0.));
#1849 = SPHERICAL_SURFACE('',#1850,0.225);
#1850 = AXIS2_PLACEMENT_3D('',#1851,#1852,#1853);
#1851 = CARTESIAN_POINT('',(-0.4,1.2,0.225));
#1852 = DIRECTION('',(0.,0.,1.));
#1853 = DIRECTION('',(1.,0.,0.));
#1854 = MANIFOLD_SOLID_BREP('',#1855);
#1855 = CLOSED_SHELL('',(#1856));
#1856 = ADVANCED_FACE('',(#1857),#1861,.T.);
#1857 = FACE_BOUND('',#1858,.T.);
#1858 = VERTEX_LOOP('',#1859);
#1859 = VERTEX_POINT('',#1860);
#1860 = CARTESIAN_POINT('',(-0.4,0.4,0.));
#1861 = SPHERICAL_SURFACE('',#1862,0.225);
#1862 = AXIS2_PLACEMENT_3D('',#1863,#1864,#1865);
#1863 = CARTESIAN_POINT('',(-0.4,0.4,0.225));
#1864 = DIRECTION('',(0.,0.,1.));
#1865 = DIRECTION('',(1.,0.,0.));
#1866 = MANIFOLD_SOLID_BREP('',#1867);
#1867 = CLOSED_SHELL('',(#1868));
#1868 = ADVANCED_FACE('',(#1869),#1873,.T.);
#1869 = FACE_BOUND('',#1870,.T.);
#1870 = VERTEX_LOOP('',#1871);
#1871 = VERTEX_POINT('',#1872);
#1872 = CARTESIAN_POINT('',(-0.4,-0.4,0.));
#1873 = SPHERICAL_SURFACE('',#1874,0.225);
#1874 = AXIS2_PLACEMENT_3D('',#1875,#1876,#1877);
#1875 = CARTESIAN_POINT('',(-0.4,-0.4,0.225));
#1876 = DIRECTION('',(0.,0.,1.));
#1877 = DIRECTION('',(1.,0.,0.));
#1878 = MANIFOLD_SOLID_BREP('',#1879);
#1879 = CLOSED_SHELL('',(#1880));
#1880 = ADVANCED_FACE('',(#1881),#1885,.T.);
#1881 = FACE_BOUND('',#1882,.T.);
#1882 = VERTEX_LOOP('',#1883);
#1883 = VERTEX_POINT('',#1884);
#1884 = CARTESIAN_POINT('',(-0.4,-1.2,0.));
#1885 = SPHERICAL_SURFACE('',#1886,0.225);
#1886 = AXIS2_PLACEMENT_3D('',#1887,#1888,#1889);
#1887 = CARTESIAN_POINT('',(-0.4,-1.2,0.225));
#1888 = DIRECTION('',(0.,0.,1.));
#1889 = DIRECTION('',(1.,0.,0.));
#1890 = MANIFOLD_SOLID_BREP('',#1891);
#1891 = CLOSED_SHELL('',(#1892));
#1892 = ADVANCED_FACE('',(#1893),#1897,.T.);
#1893 = FACE_BOUND('',#1894,.T.);
#1894 = VERTEX_LOOP('',#1895);
#1895 = VERTEX_POINT('',#1896);
#1896 = CARTESIAN_POINT('',(-0.4,-2.,0.));
#1897 = SPHERICAL_SURFACE('',#1898,0.225);
#1898 = AXIS2_PLACEMENT_3D('',#1899,#1900,#1901);
#1899 = CARTESIAN_POINT('',(-0.4,-2.,0.225));
#1900 = DIRECTION('',(0.,0.,1.));
#1901 = DIRECTION('',(1.,0.,0.));
#1902 = MANIFOLD_SOLID_BREP('',#1903);
#1903 = CLOSED_SHELL('',(#1904));
#1904 = ADVANCED_FACE('',(#1905),#1909,.T.);
#1905 = FACE_BOUND('',#1906,.T.);
#1906 = VERTEX_LOOP('',#1907);
#1907 = VERTEX_POINT('',#1908);
#1908 = CARTESIAN_POINT('',(-0.4,-2.8,0.));
#1909 = SPHERICAL_SURFACE('',#1910,0.225);
#1910 = AXIS2_PLACEMENT_3D('',#1911,#1912,#1913);
#1911 = CARTESIAN_POINT('',(-0.4,-2.8,0.225));
#1912 = DIRECTION('',(0.,0.,1.));
#1913 = DIRECTION('',(1.,0.,0.));
#1914 = MANIFOLD_SOLID_BREP('',#1915);
#1915 = CLOSED_SHELL('',(#1916));
#1916 = ADVANCED_FACE('',(#1917),#1921,.T.);
#1917 = FACE_BOUND('',#1918,.T.);
#1918 = VERTEX_LOOP('',#1919);
#1919 = VERTEX_POINT('',#1920);
#1920 = CARTESIAN_POINT('',(-0.4,-3.6,0.));
#1921 = SPHERICAL_SURFACE('',#1922,0.225);
#1922 = AXIS2_PLACEMENT_3D('',#1923,#1924,#1925);
#1923 = CARTESIAN_POINT('',(-0.4,-3.6,0.225));
#1924 = DIRECTION('',(0.,0.,1.));
#1925 = DIRECTION('',(1.,0.,0.));
#1926 = MANIFOLD_SOLID_BREP('',#1927);
#1927 = CLOSED_SHELL('',(#1928));
#1928 = ADVANCED_FACE('',(#1929),#1933,.T.);
#1929 = FACE_BOUND('',#1930,.T.);
#1930 = VERTEX_LOOP('',#1931);
#1931 = VERTEX_POINT('',#1932);
#1932 = CARTESIAN_POINT('',(-0.4,-4.4,0.));
#1933 = SPHERICAL_SURFACE('',#1934,0.225);
#1934 = AXIS2_PLACEMENT_3D('',#1935,#1936,#1937);
#1935 = CARTESIAN_POINT('',(-0.4,-4.4,0.225));
#1936 = DIRECTION('',(0.,0.,1.));
#1937 = DIRECTION('',(1.,0.,0.));
#1938 = MANIFOLD_SOLID_BREP('',#1939);
#1939 = CLOSED_SHELL('',(#1940));
#1940 = ADVANCED_FACE('',(#1941),#1945,.T.);
#1941 = FACE_BOUND('',#1942,.T.);
#1942 = VERTEX_LOOP('',#1943);
#1943 = VERTEX_POINT('',#1944);
#1944 = CARTESIAN_POINT('',(-0.4,-5.2,0.));
#1945 = SPHERICAL_SURFACE('',#1946,0.225);
#1946 = AXIS2_PLACEMENT_3D('',#1947,#1948,#1949);
#1947 = CARTESIAN_POINT('',(-0.4,-5.2,0.225));
#1948 = DIRECTION('',(0.,0.,1.));
#1949 = DIRECTION('',(1.,0.,0.));
#1950 = MANIFOLD_SOLID_BREP('',#1951);
#1951 = CLOSED_SHELL('',(#1952));
#1952 = ADVANCED_FACE('',(#1953),#1957,.T.);
#1953 = FACE_BOUND('',#1954,.T.);
#1954 = VERTEX_LOOP('',#1955);
#1955 = VERTEX_POINT('',#1956);
#1956 = CARTESIAN_POINT('',(-0.4,-6.,0.));
#1957 = SPHERICAL_SURFACE('',#1958,0.225);
#1958 = AXIS2_PLACEMENT_3D('',#1959,#1960,#1961);
#1959 = CARTESIAN_POINT('',(-0.4,-6.,0.225));
#1960 = DIRECTION('',(0.,0.,1.));
#1961 = DIRECTION('',(1.,0.,0.));
#1962 = MANIFOLD_SOLID_BREP('',#1963);
#1963 = CLOSED_SHELL('',(#1964));
#1964 = ADVANCED_FACE('',(#1965),#1969,.T.);
#1965 = FACE_BOUND('',#1966,.T.);
#1966 = VERTEX_LOOP('',#1967);
#1967 = VERTEX_POINT('',#1968);
#1968 = CARTESIAN_POINT('',(-0.4,-6.8,0.));
#1969 = SPHERICAL_SURFACE('',#1970,0.225);
#1970 = AXIS2_PLACEMENT_3D('',#1971,#1972,#1973);
#1971 = CARTESIAN_POINT('',(-0.4,-6.8,0.225));
#1972 = DIRECTION('',(0.,0.,1.));
#1973 = DIRECTION('',(1.,0.,0.));
#1974 = MANIFOLD_SOLID_BREP('',#1975);
#1975 = CLOSED_SHELL('',(#1976));
#1976 = ADVANCED_FACE('',(#1977),#1981,.T.);
#1977 = FACE_BOUND('',#1978,.T.);
#1978 = VERTEX_LOOP('',#1979);
#1979 = VERTEX_POINT('',#1980);
#1980 = CARTESIAN_POINT('',(0.4,6.8,0.));
#1981 = SPHERICAL_SURFACE('',#1982,0.225);
#1982 = AXIS2_PLACEMENT_3D('',#1983,#1984,#1985);
#1983 = CARTESIAN_POINT('',(0.4,6.8,0.225));
#1984 = DIRECTION('',(0.,0.,1.));
#1985 = DIRECTION('',(1.,0.,0.));
#1986 = MANIFOLD_SOLID_BREP('',#1987);
#1987 = CLOSED_SHELL('',(#1988));
#1988 = ADVANCED_FACE('',(#1989),#1993,.T.);
#1989 = FACE_BOUND('',#1990,.T.);
#1990 = VERTEX_LOOP('',#1991);
#1991 = VERTEX_POINT('',#1992);
#1992 = CARTESIAN_POINT('',(0.4,6.,0.));
#1993 = SPHERICAL_SURFACE('',#1994,0.225);
#1994 = AXIS2_PLACEMENT_3D('',#1995,#1996,#1997);
#1995 = CARTESIAN_POINT('',(0.4,6.,0.225));
#1996 = DIRECTION('',(0.,0.,1.));
#1997 = DIRECTION('',(1.,0.,0.));
#1998 = MANIFOLD_SOLID_BREP('',#1999);
#1999 = CLOSED_SHELL('',(#2000));
#2000 = ADVANCED_FACE('',(#2001),#2005,.T.);
#2001 = FACE_BOUND('',#2002,.T.);
#2002 = VERTEX_LOOP('',#2003);
#2003 = VERTEX_POINT('',#2004);
#2004 = CARTESIAN_POINT('',(0.4,5.2,0.));
#2005 = SPHERICAL_SURFACE('',#2006,0.225);
#2006 = AXIS2_PLACEMENT_3D('',#2007,#2008,#2009);
#2007 = CARTESIAN_POINT('',(0.4,5.2,0.225));
#2008 = DIRECTION('',(0.,0.,1.));
#2009 = DIRECTION('',(1.,0.,0.));
#2010 = MANIFOLD_SOLID_BREP('',#2011);
#2011 = CLOSED_SHELL('',(#2012));
#2012 = ADVANCED_FACE('',(#2013),#2017,.T.);
#2013 = FACE_BOUND('',#2014,.T.);
#2014 = VERTEX_LOOP('',#2015);
#2015 = VERTEX_POINT('',#2016);
#2016 = CARTESIAN_POINT('',(0.4,4.4,0.));
#2017 = SPHERICAL_SURFACE('',#2018,0.225);
#2018 = AXIS2_PLACEMENT_3D('',#2019,#2020,#2021);
#2019 = CARTESIAN_POINT('',(0.4,4.4,0.225));
#2020 = DIRECTION('',(0.,0.,1.));
#2021 = DIRECTION('',(1.,0.,0.));
#2022 = MANIFOLD_SOLID_BREP('',#2023);
#2023 = CLOSED_SHELL('',(#2024));
#2024 = ADVANCED_FACE('',(#2025),#2029,.T.);
#2025 = FACE_BOUND('',#2026,.T.);
#2026 = VERTEX_LOOP('',#2027);
#2027 = VERTEX_POINT('',#2028);
#2028 = CARTESIAN_POINT('',(0.4,3.6,0.));
#2029 = SPHERICAL_SURFACE('',#2030,0.225);
#2030 = AXIS2_PLACEMENT_3D('',#2031,#2032,#2033);
#2031 = CARTESIAN_POINT('',(0.4,3.6,0.225));
#2032 = DIRECTION('',(0.,0.,1.));
#2033 = DIRECTION('',(1.,0.,0.));
#2034 = MANIFOLD_SOLID_BREP('',#2035);
#2035 = CLOSED_SHELL('',(#2036));
#2036 = ADVANCED_FACE('',(#2037),#2041,.T.);
#2037 = FACE_BOUND('',#2038,.T.);
#2038 = VERTEX_LOOP('',#2039);
#2039 = VERTEX_POINT('',#2040);
#2040 = CARTESIAN_POINT('',(0.4,2.8,0.));
#2041 = SPHERICAL_SURFACE('',#2042,0.225);
#2042 = AXIS2_PLACEMENT_3D('',#2043,#2044,#2045);
#2043 = CARTESIAN_POINT('',(0.4,2.8,0.225));
#2044 = DIRECTION('',(0.,0.,1.));
#2045 = DIRECTION('',(1.,0.,0.));
#2046 = MANIFOLD_SOLID_BREP('',#2047);
#2047 = CLOSED_SHELL('',(#2048));
#2048 = ADVANCED_FACE('',(#2049),#2053,.T.);
#2049 = FACE_BOUND('',#2050,.T.);
#2050 = VERTEX_LOOP('',#2051);
#2051 = VERTEX_POINT('',#2052);
#2052 = CARTESIAN_POINT('',(0.4,2.,0.));
#2053 = SPHERICAL_SURFACE('',#2054,0.225);
#2054 = AXIS2_PLACEMENT_3D('',#2055,#2056,#2057);
#2055 = CARTESIAN_POINT('',(0.4,2.,0.225));
#2056 = DIRECTION('',(0.,0.,1.));
#2057 = DIRECTION('',(1.,0.,0.));
#2058 = MANIFOLD_SOLID_BREP('',#2059);
#2059 = CLOSED_SHELL('',(#2060));
#2060 = ADVANCED_FACE('',(#2061),#2065,.T.);
#2061 = FACE_BOUND('',#2062,.T.);
#2062 = VERTEX_LOOP('',#2063);
#2063 = VERTEX_POINT('',#2064);
#2064 = CARTESIAN_POINT('',(0.4,1.2,0.));
#2065 = SPHERICAL_SURFACE('',#2066,0.225);
#2066 = AXIS2_PLACEMENT_3D('',#2067,#2068,#2069);
#2067 = CARTESIAN_POINT('',(0.4,1.2,0.225));
#2068 = DIRECTION('',(0.,0.,1.));
#2069 = DIRECTION('',(1.,0.,0.));
#2070 = MANIFOLD_SOLID_BREP('',#2071);
#2071 = CLOSED_SHELL('',(#2072));
#2072 = ADVANCED_FACE('',(#2073),#2077,.T.);
#2073 = FACE_BOUND('',#2074,.T.);
#2074 = VERTEX_LOOP('',#2075);
#2075 = VERTEX_POINT('',#2076);
#2076 = CARTESIAN_POINT('',(0.4,0.4,0.));
#2077 = SPHERICAL_SURFACE('',#2078,0.225);
#2078 = AXIS2_PLACEMENT_3D('',#2079,#2080,#2081);
#2079 = CARTESIAN_POINT('',(0.4,0.4,0.225));
#2080 = DIRECTION('',(0.,0.,1.));
#2081 = DIRECTION('',(1.,0.,0.));
#2082 = MANIFOLD_SOLID_BREP('',#2083);
#2083 = CLOSED_SHELL('',(#2084));
#2084 = ADVANCED_FACE('',(#2085),#2089,.T.);
#2085 = FACE_BOUND('',#2086,.T.);
#2086 = VERTEX_LOOP('',#2087);
#2087 = VERTEX_POINT('',#2088);
#2088 = CARTESIAN_POINT('',(0.4,-0.4,0.));
#2089 = SPHERICAL_SURFACE('',#2090,0.225);
#2090 = AXIS2_PLACEMENT_3D('',#2091,#2092,#2093);
#2091 = CARTESIAN_POINT('',(0.4,-0.4,0.225));
#2092 = DIRECTION('',(0.,0.,1.));
#2093 = DIRECTION('',(1.,0.,0.));
#2094 = MANIFOLD_SOLID_BREP('',#2095);
#2095 = CLOSED_SHELL('',(#2096));
#2096 = ADVANCED_FACE('',(#2097),#2101,.T.);
#2097 = FACE_BOUND('',#2098,.T.);
#2098 = VERTEX_LOOP('',#2099);
#2099 = VERTEX_POINT('',#2100);
#2100 = CARTESIAN_POINT('',(0.4,-1.2,0.));
#2101 = SPHERICAL_SURFACE('',#2102,0.225);
#2102 = AXIS2_PLACEMENT_3D('',#2103,#2104,#2105);
#2103 = CARTESIAN_POINT('',(0.4,-1.2,0.225));
#2104 = DIRECTION('',(0.,0.,1.));
#2105 = DIRECTION('',(1.,0.,0.));
#2106 = MANIFOLD_SOLID_BREP('',#2107);
#2107 = CLOSED_SHELL('',(#2108));
#2108 = ADVANCED_FACE('',(#2109),#2113,.T.);
#2109 = FACE_BOUND('',#2110,.T.);
#2110 = VERTEX_LOOP('',#2111);
#2111 = VERTEX_POINT('',#2112);
#2112 = CARTESIAN_POINT('',(0.4,-2.,0.));
#2113 = SPHERICAL_SURFACE('',#2114,0.225);
#2114 = AXIS2_PLACEMENT_3D('',#2115,#2116,#2117);
#2115 = CARTESIAN_POINT('',(0.4,-2.,0.225));
#2116 = DIRECTION('',(0.,0.,1.));
#2117 = DIRECTION('',(1.,0.,0.));
#2118 = MANIFOLD_SOLID_BREP('',#2119);
#2119 = CLOSED_SHELL('',(#2120));
#2120 = ADVANCED_FACE('',(#2121),#2125,.T.);
#2121 = FACE_BOUND('',#2122,.T.);
#2122 = VERTEX_LOOP('',#2123);
#2123 = VERTEX_POINT('',#2124);
#2124 = CARTESIAN_POINT('',(0.4,-2.8,0.));
#2125 = SPHERICAL_SURFACE('',#2126,0.225);
#2126 = AXIS2_PLACEMENT_3D('',#2127,#2128,#2129);
#2127 = CARTESIAN_POINT('',(0.4,-2.8,0.225));
#2128 = DIRECTION('',(0.,0.,1.));
#2129 = DIRECTION('',(1.,0.,0.));
#2130 = MANIFOLD_SOLID_BREP('',#2131);
#2131 = CLOSED_SHELL('',(#2132));
#2132 = ADVANCED_FACE('',(#2133),#2137,.T.);
#2133 = FACE_BOUND('',#2134,.T.);
#2134 = VERTEX_LOOP('',#2135);
#2135 = VERTEX_POINT('',#2136);
#2136 = CARTESIAN_POINT('',(0.4,-3.6,0.));
#2137 = SPHERICAL_SURFACE('',#2138,0.225);
#2138 = AXIS2_PLACEMENT_3D('',#2139,#2140,#2141);
#2139 = CARTESIAN_POINT('',(0.4,-3.6,0.225));
#2140 = DIRECTION('',(0.,0.,1.));
#2141 = DIRECTION('',(1.,0.,0.));
#2142 = MANIFOLD_SOLID_BREP('',#2143);
#2143 = CLOSED_SHELL('',(#2144));
#2144 = ADVANCED_FACE('',(#2145),#2149,.T.);
#2145 = FACE_BOUND('',#2146,.T.);
#2146 = VERTEX_LOOP('',#2147);
#2147 = VERTEX_POINT('',#2148);
#2148 = CARTESIAN_POINT('',(0.4,-4.4,0.));
#2149 = SPHERICAL_SURFACE('',#2150,0.225);
#2150 = AXIS2_PLACEMENT_3D('',#2151,#2152,#2153);
#2151 = CARTESIAN_POINT('',(0.4,-4.4,0.225));
#2152 = DIRECTION('',(0.,0.,1.));
#2153 = DIRECTION('',(1.,0.,0.));
#2154 = MANIFOLD_SOLID_BREP('',#2155);
#2155 = CLOSED_SHELL('',(#2156));
#2156 = ADVANCED_FACE('',(#2157),#2161,.T.);
#2157 = FACE_BOUND('',#2158,.T.);
#2158 = VERTEX_LOOP('',#2159);
#2159 = VERTEX_POINT('',#2160);
#2160 = CARTESIAN_POINT('',(0.4,-5.2,0.));
#2161 = SPHERICAL_SURFACE('',#2162,0.225);
#2162 = AXIS2_PLACEMENT_3D('',#2163,#2164,#2165);
#2163 = CARTESIAN_POINT('',(0.4,-5.2,0.225));
#2164 = DIRECTION('',(0.,0.,1.));
#2165 = DIRECTION('',(1.,0.,0.));
#2166 = MANIFOLD_SOLID_BREP('',#2167);
#2167 = CLOSED_SHELL('',(#2168));
#2168 = ADVANCED_FACE('',(#2169),#2173,.T.);
#2169 = FACE_BOUND('',#2170,.T.);
#2170 = VERTEX_LOOP('',#2171);
#2171 = VERTEX_POINT('',#2172);
#2172 = CARTESIAN_POINT('',(0.4,-6.,0.));
#2173 = SPHERICAL_SURFACE('',#2174,0.225);
#2174 = AXIS2_PLACEMENT_3D('',#2175,#2176,#2177);
#2175 = CARTESIAN_POINT('',(0.4,-6.,0.225));
#2176 = DIRECTION('',(0.,0.,1.));
#2177 = DIRECTION('',(1.,0.,0.));
#2178 = MANIFOLD_SOLID_BREP('',#2179);
#2179 = CLOSED_SHELL('',(#2180));
#2180 = ADVANCED_FACE('',(#2181),#2185,.T.);
#2181 = FACE_BOUND('',#2182,.T.);
#2182 = VERTEX_LOOP('',#2183);
#2183 = VERTEX_POINT('',#2184);
#2184 = CARTESIAN_POINT('',(0.4,-6.8,0.));
#2185 = SPHERICAL_SURFACE('',#2186,0.225);
#2186 = AXIS2_PLACEMENT_3D('',#2187,#2188,#2189);
#2187 = CARTESIAN_POINT('',(0.4,-6.8,0.225));
#2188 = DIRECTION('',(0.,0.,1.));
#2189 = DIRECTION('',(1.,0.,0.));
#2190 = MANIFOLD_SOLID_BREP('',#2191);
#2191 = CLOSED_SHELL('',(#2192));
#2192 = ADVANCED_FACE('',(#2193),#2197,.T.);
#2193 = FACE_BOUND('',#2194,.T.);
#2194 = VERTEX_LOOP('',#2195);
#2195 = VERTEX_POINT('',#2196);
#2196 = CARTESIAN_POINT('',(1.2,6.8,0.));
#2197 = SPHERICAL_SURFACE('',#2198,0.225);
#2198 = AXIS2_PLACEMENT_3D('',#2199,#2200,#2201);
#2199 = CARTESIAN_POINT('',(1.2,6.8,0.225));
#2200 = DIRECTION('',(0.,0.,1.));
#2201 = DIRECTION('',(1.,0.,0.));
#2202 = MANIFOLD_SOLID_BREP('',#2203);
#2203 = CLOSED_SHELL('',(#2204));
#2204 = ADVANCED_FACE('',(#2205),#2209,.T.);
#2205 = FACE_BOUND('',#2206,.T.);
#2206 = VERTEX_LOOP('',#2207);
#2207 = VERTEX_POINT('',#2208);
#2208 = CARTESIAN_POINT('',(1.2,6.,0.));
#2209 = SPHERICAL_SURFACE('',#2210,0.225);
#2210 = AXIS2_PLACEMENT_3D('',#2211,#2212,#2213);
#2211 = CARTESIAN_POINT('',(1.2,6.,0.225));
#2212 = DIRECTION('',(0.,0.,1.));
#2213 = DIRECTION('',(1.,0.,0.));
#2214 = MANIFOLD_SOLID_BREP('',#2215);
#2215 = CLOSED_SHELL('',(#2216));
#2216 = ADVANCED_FACE('',(#2217),#2221,.T.);
#2217 = FACE_BOUND('',#2218,.T.);
#2218 = VERTEX_LOOP('',#2219);
#2219 = VERTEX_POINT('',#2220);
#2220 = CARTESIAN_POINT('',(1.2,5.2,0.));
#2221 = SPHERICAL_SURFACE('',#2222,0.225);
#2222 = AXIS2_PLACEMENT_3D('',#2223,#2224,#2225);
#2223 = CARTESIAN_POINT('',(1.2,5.2,0.225));
#2224 = DIRECTION('',(0.,0.,1.));
#2225 = DIRECTION('',(1.,0.,0.));
#2226 = MANIFOLD_SOLID_BREP('',#2227);
#2227 = CLOSED_SHELL('',(#2228));
#2228 = ADVANCED_FACE('',(#2229),#2233,.T.);
#2229 = FACE_BOUND('',#2230,.T.);
#2230 = VERTEX_LOOP('',#2231);
#2231 = VERTEX_POINT('',#2232);
#2232 = CARTESIAN_POINT('',(1.2,4.4,0.));
#2233 = SPHERICAL_SURFACE('',#2234,0.225);
#2234 = AXIS2_PLACEMENT_3D('',#2235,#2236,#2237);
#2235 = CARTESIAN_POINT('',(1.2,4.4,0.225));
#2236 = DIRECTION('',(0.,0.,1.));
#2237 = DIRECTION('',(1.,0.,0.));
#2238 = MANIFOLD_SOLID_BREP('',#2239);
#2239 = CLOSED_SHELL('',(#2240));
#2240 = ADVANCED_FACE('',(#2241),#2245,.T.);
#2241 = FACE_BOUND('',#2242,.T.);
#2242 = VERTEX_LOOP('',#2243);
#2243 = VERTEX_POINT('',#2244);
#2244 = CARTESIAN_POINT('',(1.2,3.6,0.));
#2245 = SPHERICAL_SURFACE('',#2246,0.225);
#2246 = AXIS2_PLACEMENT_3D('',#2247,#2248,#2249);
#2247 = CARTESIAN_POINT('',(1.2,3.6,0.225));
#2248 = DIRECTION('',(0.,0.,1.));
#2249 = DIRECTION('',(1.,0.,0.));
#2250 = MANIFOLD_SOLID_BREP('',#2251);
#2251 = CLOSED_SHELL('',(#2252));
#2252 = ADVANCED_FACE('',(#2253),#2257,.T.);
#2253 = FACE_BOUND('',#2254,.T.);
#2254 = VERTEX_LOOP('',#2255);
#2255 = VERTEX_POINT('',#2256);
#2256 = CARTESIAN_POINT('',(1.2,2.8,0.));
#2257 = SPHERICAL_SURFACE('',#2258,0.225);
#2258 = AXIS2_PLACEMENT_3D('',#2259,#2260,#2261);
#2259 = CARTESIAN_POINT('',(1.2,2.8,0.225));
#2260 = DIRECTION('',(0.,0.,1.));
#2261 = DIRECTION('',(1.,0.,0.));
#2262 = MANIFOLD_SOLID_BREP('',#2263);
#2263 = CLOSED_SHELL('',(#2264));
#2264 = ADVANCED_FACE('',(#2265),#2269,.T.);
#2265 = FACE_BOUND('',#2266,.T.);
#2266 = VERTEX_LOOP('',#2267);
#2267 = VERTEX_POINT('',#2268);
#2268 = CARTESIAN_POINT('',(1.2,2.,0.));
#2269 = SPHERICAL_SURFACE('',#2270,0.225);
#2270 = AXIS2_PLACEMENT_3D('',#2271,#2272,#2273);
#2271 = CARTESIAN_POINT('',(1.2,2.,0.225));
#2272 = DIRECTION('',(0.,0.,1.));
#2273 = DIRECTION('',(1.,0.,0.));
#2274 = MANIFOLD_SOLID_BREP('',#2275);
#2275 = CLOSED_SHELL('',(#2276));
#2276 = ADVANCED_FACE('',(#2277),#2281,.T.);
#2277 = FACE_BOUND('',#2278,.T.);
#2278 = VERTEX_LOOP('',#2279);
#2279 = VERTEX_POINT('',#2280);
#2280 = CARTESIAN_POINT('',(1.2,1.2,0.));
#2281 = SPHERICAL_SURFACE('',#2282,0.225);
#2282 = AXIS2_PLACEMENT_3D('',#2283,#2284,#2285);
#2283 = CARTESIAN_POINT('',(1.2,1.2,0.225));
#2284 = DIRECTION('',(0.,0.,1.));
#2285 = DIRECTION('',(1.,0.,0.));
#2286 = MANIFOLD_SOLID_BREP('',#2287);
#2287 = CLOSED_SHELL('',(#2288));
#2288 = ADVANCED_FACE('',(#2289),#2293,.T.);
#2289 = FACE_BOUND('',#2290,.T.);
#2290 = VERTEX_LOOP('',#2291);
#2291 = VERTEX_POINT('',#2292);
#2292 = CARTESIAN_POINT('',(1.2,0.4,0.));
#2293 = SPHERICAL_SURFACE('',#2294,0.225);
#2294 = AXIS2_PLACEMENT_3D('',#2295,#2296,#2297);
#2295 = CARTESIAN_POINT('',(1.2,0.4,0.225));
#2296 = DIRECTION('',(0.,0.,1.));
#2297 = DIRECTION('',(1.,0.,0.));
#2298 = MANIFOLD_SOLID_BREP('',#2299);
#2299 = CLOSED_SHELL('',(#2300));
#2300 = ADVANCED_FACE('',(#2301),#2305,.T.);
#2301 = FACE_BOUND('',#2302,.T.);
#2302 = VERTEX_LOOP('',#2303);
#2303 = VERTEX_POINT('',#2304);
#2304 = CARTESIAN_POINT('',(1.2,-0.4,0.));
#2305 = SPHERICAL_SURFACE('',#2306,0.225);
#2306 = AXIS2_PLACEMENT_3D('',#2307,#2308,#2309);
#2307 = CARTESIAN_POINT('',(1.2,-0.4,0.225));
#2308 = DIRECTION('',(0.,0.,1.));
#2309 = DIRECTION('',(1.,0.,0.));
#2310 = MANIFOLD_SOLID_BREP('',#2311);
#2311 = CLOSED_SHELL('',(#2312));
#2312 = ADVANCED_FACE('',(#2313),#2317,.T.);
#2313 = FACE_BOUND('',#2314,.T.);
#2314 = VERTEX_LOOP('',#2315);
#2315 = VERTEX_POINT('',#2316);
#2316 = CARTESIAN_POINT('',(1.2,-1.2,0.));
#2317 = SPHERICAL_SURFACE('',#2318,0.225);
#2318 = AXIS2_PLACEMENT_3D('',#2319,#2320,#2321);
#2319 = CARTESIAN_POINT('',(1.2,-1.2,0.225));
#2320 = DIRECTION('',(0.,0.,1.));
#2321 = DIRECTION('',(1.,0.,0.));
#2322 = MANIFOLD_SOLID_BREP('',#2323);
#2323 = CLOSED_SHELL('',(#2324));
#2324 = ADVANCED_FACE('',(#2325),#2329,.T.);
#2325 = FACE_BOUND('',#2326,.T.);
#2326 = VERTEX_LOOP('',#2327);
#2327 = VERTEX_POINT('',#2328);
#2328 = CARTESIAN_POINT('',(1.2,-2.,0.));
#2329 = SPHERICAL_SURFACE('',#2330,0.225);
#2330 = AXIS2_PLACEMENT_3D('',#2331,#2332,#2333);
#2331 = CARTESIAN_POINT('',(1.2,-2.,0.225));
#2332 = DIRECTION('',(0.,0.,1.));
#2333 = DIRECTION('',(1.,0.,0.));
#2334 = MANIFOLD_SOLID_BREP('',#2335);
#2335 = CLOSED_SHELL('',(#2336));
#2336 = ADVANCED_FACE('',(#2337),#2341,.T.);
#2337 = FACE_BOUND('',#2338,.T.);
#2338 = VERTEX_LOOP('',#2339);
#2339 = VERTEX_POINT('',#2340);
#2340 = CARTESIAN_POINT('',(1.2,-2.8,0.));
#2341 = SPHERICAL_SURFACE('',#2342,0.225);
#2342 = AXIS2_PLACEMENT_3D('',#2343,#2344,#2345);
#2343 = CARTESIAN_POINT('',(1.2,-2.8,0.225));
#2344 = DIRECTION('',(0.,0.,1.));
#2345 = DIRECTION('',(1.,0.,0.));
#2346 = MANIFOLD_SOLID_BREP('',#2347);
#2347 = CLOSED_SHELL('',(#2348));
#2348 = ADVANCED_FACE('',(#2349),#2353,.T.);
#2349 = FACE_BOUND('',#2350,.T.);
#2350 = VERTEX_LOOP('',#2351);
#2351 = VERTEX_POINT('',#2352);
#2352 = CARTESIAN_POINT('',(1.2,-3.6,0.));
#2353 = SPHERICAL_SURFACE('',#2354,0.225);
#2354 = AXIS2_PLACEMENT_3D('',#2355,#2356,#2357);
#2355 = CARTESIAN_POINT('',(1.2,-3.6,0.225));
#2356 = DIRECTION('',(0.,0.,1.));
#2357 = DIRECTION('',(1.,0.,0.));
#2358 = MANIFOLD_SOLID_BREP('',#2359);
#2359 = CLOSED_SHELL('',(#2360));
#2360 = ADVANCED_FACE('',(#2361),#2365,.T.);
#2361 = FACE_BOUND('',#2362,.T.);
#2362 = VERTEX_LOOP('',#2363);
#2363 = VERTEX_POINT('',#2364);
#2364 = CARTESIAN_POINT('',(1.2,-4.4,0.));
#2365 = SPHERICAL_SURFACE('',#2366,0.225);
#2366 = AXIS2_PLACEMENT_3D('',#2367,#2368,#2369);
#2367 = CARTESIAN_POINT('',(1.2,-4.4,0.225));
#2368 = DIRECTION('',(0.,0.,1.));
#2369 = DIRECTION('',(1.,0.,0.));
#2370 = MANIFOLD_SOLID_BREP('',#2371);
#2371 = CLOSED_SHELL('',(#2372));
#2372 = ADVANCED_FACE('',(#2373),#2377,.T.);
#2373 = FACE_BOUND('',#2374,.T.);
#2374 = VERTEX_LOOP('',#2375);
#2375 = VERTEX_POINT('',#2376);
#2376 = CARTESIAN_POINT('',(1.2,-5.2,0.));
#2377 = SPHERICAL_SURFACE('',#2378,0.225);
#2378 = AXIS2_PLACEMENT_3D('',#2379,#2380,#2381);
#2379 = CARTESIAN_POINT('',(1.2,-5.2,0.225));
#2380 = DIRECTION('',(0.,0.,1.));
#2381 = DIRECTION('',(1.,0.,0.));
#2382 = MANIFOLD_SOLID_BREP('',#2383);
#2383 = CLOSED_SHELL('',(#2384));
#2384 = ADVANCED_FACE('',(#2385),#2389,.T.);
#2385 = FACE_BOUND('',#2386,.T.);
#2386 = VERTEX_LOOP('',#2387);
#2387 = VERTEX_POINT('',#2388);
#2388 = CARTESIAN_POINT('',(1.2,-6.,0.));
#2389 = SPHERICAL_SURFACE('',#2390,0.225);
#2390 = AXIS2_PLACEMENT_3D('',#2391,#2392,#2393);
#2391 = CARTESIAN_POINT('',(1.2,-6.,0.225));
#2392 = DIRECTION('',(0.,0.,1.));
#2393 = DIRECTION('',(1.,0.,0.));
#2394 = MANIFOLD_SOLID_BREP('',#2395);
#2395 = CLOSED_SHELL('',(#2396));
#2396 = ADVANCED_FACE('',(#2397),#2401,.T.);
#2397 = FACE_BOUND('',#2398,.T.);
#2398 = VERTEX_LOOP('',#2399);
#2399 = VERTEX_POINT('',#2400);
#2400 = CARTESIAN_POINT('',(1.2,-6.8,0.));
#2401 = SPHERICAL_SURFACE('',#2402,0.225);
#2402 = AXIS2_PLACEMENT_3D('',#2403,#2404,#2405);
#2403 = CARTESIAN_POINT('',(1.2,-6.8,0.225));
#2404 = DIRECTION('',(0.,0.,1.));
#2405 = DIRECTION('',(1.,0.,0.));
#2406 = MANIFOLD_SOLID_BREP('',#2407);
#2407 = CLOSED_SHELL('',(#2408));
#2408 = ADVANCED_FACE('',(#2409),#2413,.T.);
#2409 = FACE_BOUND('',#2410,.T.);
#2410 = VERTEX_LOOP('',#2411);
#2411 = VERTEX_POINT('',#2412);
#2412 = CARTESIAN_POINT('',(2.,6.8,0.));
#2413 = SPHERICAL_SURFACE('',#2414,0.225);
#2414 = AXIS2_PLACEMENT_3D('',#2415,#2416,#2417);
#2415 = CARTESIAN_POINT('',(2.,6.8,0.225));
#2416 = DIRECTION('',(0.,0.,1.));
#2417 = DIRECTION('',(1.,0.,0.));
#2418 = MANIFOLD_SOLID_BREP('',#2419);
#2419 = CLOSED_SHELL('',(#2420));
#2420 = ADVANCED_FACE('',(#2421),#2425,.T.);
#2421 = FACE_BOUND('',#2422,.T.);
#2422 = VERTEX_LOOP('',#2423);
#2423 = VERTEX_POINT('',#2424);
#2424 = CARTESIAN_POINT('',(2.,6.,0.));
#2425 = SPHERICAL_SURFACE('',#2426,0.225);
#2426 = AXIS2_PLACEMENT_3D('',#2427,#2428,#2429);
#2427 = CARTESIAN_POINT('',(2.,6.,0.225));
#2428 = DIRECTION('',(0.,0.,1.));
#2429 = DIRECTION('',(1.,0.,0.));
#2430 = MANIFOLD_SOLID_BREP('',#2431);
#2431 = CLOSED_SHELL('',(#2432));
#2432 = ADVANCED_FACE('',(#2433),#2437,.T.);
#2433 = FACE_BOUND('',#2434,.T.);
#2434 = VERTEX_LOOP('',#2435);
#2435 = VERTEX_POINT('',#2436);
#2436 = CARTESIAN_POINT('',(2.,5.2,0.));
#2437 = SPHERICAL_SURFACE('',#2438,0.225);
#2438 = AXIS2_PLACEMENT_3D('',#2439,#2440,#2441);
#2439 = CARTESIAN_POINT('',(2.,5.2,0.225));
#2440 = DIRECTION('',(0.,0.,1.));
#2441 = DIRECTION('',(1.,0.,0.));
#2442 = MANIFOLD_SOLID_BREP('',#2443);
#2443 = CLOSED_SHELL('',(#2444));
#2444 = ADVANCED_FACE('',(#2445),#2449,.T.);
#2445 = FACE_BOUND('',#2446,.T.);
#2446 = VERTEX_LOOP('',#2447);
#2447 = VERTEX_POINT('',#2448);
#2448 = CARTESIAN_POINT('',(2.,4.4,0.));
#2449 = SPHERICAL_SURFACE('',#2450,0.225);
#2450 = AXIS2_PLACEMENT_3D('',#2451,#2452,#2453);
#2451 = CARTESIAN_POINT('',(2.,4.4,0.225));
#2452 = DIRECTION('',(0.,0.,1.));
#2453 = DIRECTION('',(1.,0.,0.));
#2454 = MANIFOLD_SOLID_BREP('',#2455);
#2455 = CLOSED_SHELL('',(#2456));
#2456 = ADVANCED_FACE('',(#2457),#2461,.T.);
#2457 = FACE_BOUND('',#2458,.T.);
#2458 = VERTEX_LOOP('',#2459);
#2459 = VERTEX_POINT('',#2460);
#2460 = CARTESIAN_POINT('',(2.,3.6,0.));
#2461 = SPHERICAL_SURFACE('',#2462,0.225);
#2462 = AXIS2_PLACEMENT_3D('',#2463,#2464,#2465);
#2463 = CARTESIAN_POINT('',(2.,3.6,0.225));
#2464 = DIRECTION('',(0.,0.,1.));
#2465 = DIRECTION('',(1.,0.,0.));
#2466 = MANIFOLD_SOLID_BREP('',#2467);
#2467 = CLOSED_SHELL('',(#2468));
#2468 = ADVANCED_FACE('',(#2469),#2473,.T.);
#2469 = FACE_BOUND('',#2470,.T.);
#2470 = VERTEX_LOOP('',#2471);
#2471 = VERTEX_POINT('',#2472);
#2472 = CARTESIAN_POINT('',(2.,2.8,0.));
#2473 = SPHERICAL_SURFACE('',#2474,0.225);
#2474 = AXIS2_PLACEMENT_3D('',#2475,#2476,#2477);
#2475 = CARTESIAN_POINT('',(2.,2.8,0.225));
#2476 = DIRECTION('',(0.,0.,1.));
#2477 = DIRECTION('',(1.,0.,0.));
#2478 = MANIFOLD_SOLID_BREP('',#2479);
#2479 = CLOSED_SHELL('',(#2480));
#2480 = ADVANCED_FACE('',(#2481),#2485,.T.);
#2481 = FACE_BOUND('',#2482,.T.);
#2482 = VERTEX_LOOP('',#2483);
#2483 = VERTEX_POINT('',#2484);
#2484 = CARTESIAN_POINT('',(2.,2.,0.));
#2485 = SPHERICAL_SURFACE('',#2486,0.225);
#2486 = AXIS2_PLACEMENT_3D('',#2487,#2488,#2489);
#2487 = CARTESIAN_POINT('',(2.,2.,0.225));
#2488 = DIRECTION('',(0.,0.,1.));
#2489 = DIRECTION('',(1.,0.,0.));
#2490 = MANIFOLD_SOLID_BREP('',#2491);
#2491 = CLOSED_SHELL('',(#2492));
#2492 = ADVANCED_FACE('',(#2493),#2497,.T.);
#2493 = FACE_BOUND('',#2494,.T.);
#2494 = VERTEX_LOOP('',#2495);
#2495 = VERTEX_POINT('',#2496);
#2496 = CARTESIAN_POINT('',(2.,1.2,0.));
#2497 = SPHERICAL_SURFACE('',#2498,0.225);
#2498 = AXIS2_PLACEMENT_3D('',#2499,#2500,#2501);
#2499 = CARTESIAN_POINT('',(2.,1.2,0.225));
#2500 = DIRECTION('',(0.,0.,1.));
#2501 = DIRECTION('',(1.,0.,0.));
#2502 = MANIFOLD_SOLID_BREP('',#2503);
#2503 = CLOSED_SHELL('',(#2504));
#2504 = ADVANCED_FACE('',(#2505),#2509,.T.);
#2505 = FACE_BOUND('',#2506,.T.);
#2506 = VERTEX_LOOP('',#2507);
#2507 = VERTEX_POINT('',#2508);
#2508 = CARTESIAN_POINT('',(2.,0.4,0.));
#2509 = SPHERICAL_SURFACE('',#2510,0.225);
#2510 = AXIS2_PLACEMENT_3D('',#2511,#2512,#2513);
#2511 = CARTESIAN_POINT('',(2.,0.4,0.225));
#2512 = DIRECTION('',(0.,0.,1.));
#2513 = DIRECTION('',(1.,0.,0.));
#2514 = MANIFOLD_SOLID_BREP('',#2515);
#2515 = CLOSED_SHELL('',(#2516));
#2516 = ADVANCED_FACE('',(#2517),#2521,.T.);
#2517 = FACE_BOUND('',#2518,.T.);
#2518 = VERTEX_LOOP('',#2519);
#2519 = VERTEX_POINT('',#2520);
#2520 = CARTESIAN_POINT('',(2.,-0.4,0.));
#2521 = SPHERICAL_SURFACE('',#2522,0.225);
#2522 = AXIS2_PLACEMENT_3D('',#2523,#2524,#2525);
#2523 = CARTESIAN_POINT('',(2.,-0.4,0.225));
#2524 = DIRECTION('',(0.,0.,1.));
#2525 = DIRECTION('',(1.,0.,0.));
#2526 = MANIFOLD_SOLID_BREP('',#2527);
#2527 = CLOSED_SHELL('',(#2528));
#2528 = ADVANCED_FACE('',(#2529),#2533,.T.);
#2529 = FACE_BOUND('',#2530,.T.);
#2530 = VERTEX_LOOP('',#2531);
#2531 = VERTEX_POINT('',#2532);
#2532 = CARTESIAN_POINT('',(2.,-1.2,0.));
#2533 = SPHERICAL_SURFACE('',#2534,0.225);
#2534 = AXIS2_PLACEMENT_3D('',#2535,#2536,#2537);
#2535 = CARTESIAN_POINT('',(2.,-1.2,0.225));
#2536 = DIRECTION('',(0.,0.,1.));
#2537 = DIRECTION('',(1.,0.,0.));
#2538 = MANIFOLD_SOLID_BREP('',#2539);
#2539 = CLOSED_SHELL('',(#2540));
#2540 = ADVANCED_FACE('',(#2541),#2545,.T.);
#2541 = FACE_BOUND('',#2542,.T.);
#2542 = VERTEX_LOOP('',#2543);
#2543 = VERTEX_POINT('',#2544);
#2544 = CARTESIAN_POINT('',(2.,-2.,0.));
#2545 = SPHERICAL_SURFACE('',#2546,0.225);
#2546 = AXIS2_PLACEMENT_3D('',#2547,#2548,#2549);
#2547 = CARTESIAN_POINT('',(2.,-2.,0.225));
#2548 = DIRECTION('',(0.,0.,1.));
#2549 = DIRECTION('',(1.,0.,0.));
#2550 = MANIFOLD_SOLID_BREP('',#2551);
#2551 = CLOSED_SHELL('',(#2552));
#2552 = ADVANCED_FACE('',(#2553),#2557,.T.);
#2553 = FACE_BOUND('',#2554,.T.);
#2554 = VERTEX_LOOP('',#2555);
#2555 = VERTEX_POINT('',#2556);
#2556 = CARTESIAN_POINT('',(2.,-2.8,0.));
#2557 = SPHERICAL_SURFACE('',#2558,0.225);
#2558 = AXIS2_PLACEMENT_3D('',#2559,#2560,#2561);
#2559 = CARTESIAN_POINT('',(2.,-2.8,0.225));
#2560 = DIRECTION('',(0.,0.,1.));
#2561 = DIRECTION('',(1.,0.,0.));
#2562 = MANIFOLD_SOLID_BREP('',#2563);
#2563 = CLOSED_SHELL('',(#2564));
#2564 = ADVANCED_FACE('',(#2565),#2569,.T.);
#2565 = FACE_BOUND('',#2566,.T.);
#2566 = VERTEX_LOOP('',#2567);
#2567 = VERTEX_POINT('',#2568);
#2568 = CARTESIAN_POINT('',(2.,-3.6,0.));
#2569 = SPHERICAL_SURFACE('',#2570,0.225);
#2570 = AXIS2_PLACEMENT_3D('',#2571,#2572,#2573);
#2571 = CARTESIAN_POINT('',(2.,-3.6,0.225));
#2572 = DIRECTION('',(0.,0.,1.));
#2573 = DIRECTION('',(1.,0.,0.));
#2574 = MANIFOLD_SOLID_BREP('',#2575);
#2575 = CLOSED_SHELL('',(#2576));
#2576 = ADVANCED_FACE('',(#2577),#2581,.T.);
#2577 = FACE_BOUND('',#2578,.T.);
#2578 = VERTEX_LOOP('',#2579);
#2579 = VERTEX_POINT('',#2580);
#2580 = CARTESIAN_POINT('',(2.,-4.4,0.));
#2581 = SPHERICAL_SURFACE('',#2582,0.225);
#2582 = AXIS2_PLACEMENT_3D('',#2583,#2584,#2585);
#2583 = CARTESIAN_POINT('',(2.,-4.4,0.225));
#2584 = DIRECTION('',(0.,0.,1.));
#2585 = DIRECTION('',(1.,0.,0.));
#2586 = MANIFOLD_SOLID_BREP('',#2587);
#2587 = CLOSED_SHELL('',(#2588));
#2588 = ADVANCED_FACE('',(#2589),#2593,.T.);
#2589 = FACE_BOUND('',#2590,.T.);
#2590 = VERTEX_LOOP('',#2591);
#2591 = VERTEX_POINT('',#2592);
#2592 = CARTESIAN_POINT('',(2.,-5.2,0.));
#2593 = SPHERICAL_SURFACE('',#2594,0.225);
#2594 = AXIS2_PLACEMENT_3D('',#2595,#2596,#2597);
#2595 = CARTESIAN_POINT('',(2.,-5.2,0.225));
#2596 = DIRECTION('',(0.,0.,1.));
#2597 = DIRECTION('',(1.,0.,0.));
#2598 = MANIFOLD_SOLID_BREP('',#2599);
#2599 = CLOSED_SHELL('',(#2600));
#2600 = ADVANCED_FACE('',(#2601),#2605,.T.);
#2601 = FACE_BOUND('',#2602,.T.);
#2602 = VERTEX_LOOP('',#2603);
#2603 = VERTEX_POINT('',#2604);
#2604 = CARTESIAN_POINT('',(2.,-6.,0.));
#2605 = SPHERICAL_SURFACE('',#2606,0.225);
#2606 = AXIS2_PLACEMENT_3D('',#2607,#2608,#2609);
#2607 = CARTESIAN_POINT('',(2.,-6.,0.225));
#2608 = DIRECTION('',(0.,0.,1.));
#2609 = DIRECTION('',(1.,0.,0.));
#2610 = MANIFOLD_SOLID_BREP('',#2611);
#2611 = CLOSED_SHELL('',(#2612));
#2612 = ADVANCED_FACE('',(#2613),#2617,.T.);
#2613 = FACE_BOUND('',#2614,.T.);
#2614 = VERTEX_LOOP('',#2615);
#2615 = VERTEX_POINT('',#2616);
#2616 = CARTESIAN_POINT('',(2.,-6.8,0.));
#2617 = SPHERICAL_SURFACE('',#2618,0.225);
#2618 = AXIS2_PLACEMENT_3D('',#2619,#2620,#2621);
#2619 = CARTESIAN_POINT('',(2.,-6.8,0.225));
#2620 = DIRECTION('',(0.,0.,1.));
#2621 = DIRECTION('',(1.,0.,0.));
#2622 = MANIFOLD_SOLID_BREP('',#2623);
#2623 = CLOSED_SHELL('',(#2624));
#2624 = ADVANCED_FACE('',(#2625),#2629,.T.);
#2625 = FACE_BOUND('',#2626,.T.);
#2626 = VERTEX_LOOP('',#2627);
#2627 = VERTEX_POINT('',#2628);
#2628 = CARTESIAN_POINT('',(2.8,6.8,0.));
#2629 = SPHERICAL_SURFACE('',#2630,0.225);
#2630 = AXIS2_PLACEMENT_3D('',#2631,#2632,#2633);
#2631 = CARTESIAN_POINT('',(2.8,6.8,0.225));
#2632 = DIRECTION('',(0.,0.,1.));
#2633 = DIRECTION('',(1.,0.,0.));
#2634 = MANIFOLD_SOLID_BREP('',#2635);
#2635 = CLOSED_SHELL('',(#2636));
#2636 = ADVANCED_FACE('',(#2637),#2641,.T.);
#2637 = FACE_BOUND('',#2638,.T.);
#2638 = VERTEX_LOOP('',#2639);
#2639 = VERTEX_POINT('',#2640);
#2640 = CARTESIAN_POINT('',(2.8,6.,0.));
#2641 = SPHERICAL_SURFACE('',#2642,0.225);
#2642 = AXIS2_PLACEMENT_3D('',#2643,#2644,#2645);
#2643 = CARTESIAN_POINT('',(2.8,6.,0.225));
#2644 = DIRECTION('',(0.,0.,1.));
#2645 = DIRECTION('',(1.,0.,0.));
#2646 = MANIFOLD_SOLID_BREP('',#2647);
#2647 = CLOSED_SHELL('',(#2648));
#2648 = ADVANCED_FACE('',(#2649),#2653,.T.);
#2649 = FACE_BOUND('',#2650,.T.);
#2650 = VERTEX_LOOP('',#2651);
#2651 = VERTEX_POINT('',#2652);
#2652 = CARTESIAN_POINT('',(2.8,5.2,0.));
#2653 = SPHERICAL_SURFACE('',#2654,0.225);
#2654 = AXIS2_PLACEMENT_3D('',#2655,#2656,#2657);
#2655 = CARTESIAN_POINT('',(2.8,5.2,0.225));
#2656 = DIRECTION('',(0.,0.,1.));
#2657 = DIRECTION('',(1.,0.,0.));
#2658 = MANIFOLD_SOLID_BREP('',#2659);
#2659 = CLOSED_SHELL('',(#2660));
#2660 = ADVANCED_FACE('',(#2661),#2665,.T.);
#2661 = FACE_BOUND('',#2662,.T.);
#2662 = VERTEX_LOOP('',#2663);
#2663 = VERTEX_POINT('',#2664);
#2664 = CARTESIAN_POINT('',(2.8,4.4,0.));
#2665 = SPHERICAL_SURFACE('',#2666,0.225);
#2666 = AXIS2_PLACEMENT_3D('',#2667,#2668,#2669);
#2667 = CARTESIAN_POINT('',(2.8,4.4,0.225));
#2668 = DIRECTION('',(0.,0.,1.));
#2669 = DIRECTION('',(1.,0.,0.));
#2670 = MANIFOLD_SOLID_BREP('',#2671);
#2671 = CLOSED_SHELL('',(#2672));
#2672 = ADVANCED_FACE('',(#2673),#2677,.T.);
#2673 = FACE_BOUND('',#2674,.T.);
#2674 = VERTEX_LOOP('',#2675);
#2675 = VERTEX_POINT('',#2676);
#2676 = CARTESIAN_POINT('',(2.8,3.6,0.));
#2677 = SPHERICAL_SURFACE('',#2678,0.225);
#2678 = AXIS2_PLACEMENT_3D('',#2679,#2680,#2681);
#2679 = CARTESIAN_POINT('',(2.8,3.6,0.225));
#2680 = DIRECTION('',(0.,0.,1.));
#2681 = DIRECTION('',(1.,0.,0.));
#2682 = MANIFOLD_SOLID_BREP('',#2683);
#2683 = CLOSED_SHELL('',(#2684));
#2684 = ADVANCED_FACE('',(#2685),#2689,.T.);
#2685 = FACE_BOUND('',#2686,.T.);
#2686 = VERTEX_LOOP('',#2687);
#2687 = VERTEX_POINT('',#2688);
#2688 = CARTESIAN_POINT('',(2.8,2.8,0.));
#2689 = SPHERICAL_SURFACE('',#2690,0.225);
#2690 = AXIS2_PLACEMENT_3D('',#2691,#2692,#2693);
#2691 = CARTESIAN_POINT('',(2.8,2.8,0.225));
#2692 = DIRECTION('',(0.,0.,1.));
#2693 = DIRECTION('',(1.,0.,0.));
#2694 = MANIFOLD_SOLID_BREP('',#2695);
#2695 = CLOSED_SHELL('',(#2696));
#2696 = ADVANCED_FACE('',(#2697),#2701,.T.);
#2697 = FACE_BOUND('',#2698,.T.);
#2698 = VERTEX_LOOP('',#2699);
#2699 = VERTEX_POINT('',#2700);
#2700 = CARTESIAN_POINT('',(2.8,2.,0.));
#2701 = SPHERICAL_SURFACE('',#2702,0.225);
#2702 = AXIS2_PLACEMENT_3D('',#2703,#2704,#2705);
#2703 = CARTESIAN_POINT('',(2.8,2.,0.225));
#2704 = DIRECTION('',(0.,0.,1.));
#2705 = DIRECTION('',(1.,0.,0.));
#2706 = MANIFOLD_SOLID_BREP('',#2707);
#2707 = CLOSED_SHELL('',(#2708));
#2708 = ADVANCED_FACE('',(#2709),#2713,.T.);
#2709 = FACE_BOUND('',#2710,.T.);
#2710 = VERTEX_LOOP('',#2711);
#2711 = VERTEX_POINT('',#2712);
#2712 = CARTESIAN_POINT('',(2.8,1.2,0.));
#2713 = SPHERICAL_SURFACE('',#2714,0.225);
#2714 = AXIS2_PLACEMENT_3D('',#2715,#2716,#2717);
#2715 = CARTESIAN_POINT('',(2.8,1.2,0.225));
#2716 = DIRECTION('',(0.,0.,1.));
#2717 = DIRECTION('',(1.,0.,0.));
#2718 = MANIFOLD_SOLID_BREP('',#2719);
#2719 = CLOSED_SHELL('',(#2720));
#2720 = ADVANCED_FACE('',(#2721),#2725,.T.);
#2721 = FACE_BOUND('',#2722,.T.);
#2722 = VERTEX_LOOP('',#2723);
#2723 = VERTEX_POINT('',#2724);
#2724 = CARTESIAN_POINT('',(2.8,0.4,0.));
#2725 = SPHERICAL_SURFACE('',#2726,0.225);
#2726 = AXIS2_PLACEMENT_3D('',#2727,#2728,#2729);
#2727 = CARTESIAN_POINT('',(2.8,0.4,0.225));
#2728 = DIRECTION('',(0.,0.,1.));
#2729 = DIRECTION('',(1.,0.,0.));
#2730 = MANIFOLD_SOLID_BREP('',#2731);
#2731 = CLOSED_SHELL('',(#2732));
#2732 = ADVANCED_FACE('',(#2733),#2737,.T.);
#2733 = FACE_BOUND('',#2734,.T.);
#2734 = VERTEX_LOOP('',#2735);
#2735 = VERTEX_POINT('',#2736);
#2736 = CARTESIAN_POINT('',(2.8,-0.4,0.));
#2737 = SPHERICAL_SURFACE('',#2738,0.225);
#2738 = AXIS2_PLACEMENT_3D('',#2739,#2740,#2741);
#2739 = CARTESIAN_POINT('',(2.8,-0.4,0.225));
#2740 = DIRECTION('',(0.,0.,1.));
#2741 = DIRECTION('',(1.,0.,0.));
#2742 = MANIFOLD_SOLID_BREP('',#2743);
#2743 = CLOSED_SHELL('',(#2744));
#2744 = ADVANCED_FACE('',(#2745),#2749,.T.);
#2745 = FACE_BOUND('',#2746,.T.);
#2746 = VERTEX_LOOP('',#2747);
#2747 = VERTEX_POINT('',#2748);
#2748 = CARTESIAN_POINT('',(2.8,-1.2,0.));
#2749 = SPHERICAL_SURFACE('',#2750,0.225);
#2750 = AXIS2_PLACEMENT_3D('',#2751,#2752,#2753);
#2751 = CARTESIAN_POINT('',(2.8,-1.2,0.225));
#2752 = DIRECTION('',(0.,0.,1.));
#2753 = DIRECTION('',(1.,0.,0.));
#2754 = MANIFOLD_SOLID_BREP('',#2755);
#2755 = CLOSED_SHELL('',(#2756));
#2756 = ADVANCED_FACE('',(#2757),#2761,.T.);
#2757 = FACE_BOUND('',#2758,.T.);
#2758 = VERTEX_LOOP('',#2759);
#2759 = VERTEX_POINT('',#2760);
#2760 = CARTESIAN_POINT('',(2.8,-2.,0.));
#2761 = SPHERICAL_SURFACE('',#2762,0.225);
#2762 = AXIS2_PLACEMENT_3D('',#2763,#2764,#2765);
#2763 = CARTESIAN_POINT('',(2.8,-2.,0.225));
#2764 = DIRECTION('',(0.,0.,1.));
#2765 = DIRECTION('',(1.,0.,0.));
#2766 = MANIFOLD_SOLID_BREP('',#2767);
#2767 = CLOSED_SHELL('',(#2768));
#2768 = ADVANCED_FACE('',(#2769),#2773,.T.);
#2769 = FACE_BOUND('',#2770,.T.);
#2770 = VERTEX_LOOP('',#2771);
#2771 = VERTEX_POINT('',#2772);
#2772 = CARTESIAN_POINT('',(2.8,-2.8,0.));
#2773 = SPHERICAL_SURFACE('',#2774,0.225);
#2774 = AXIS2_PLACEMENT_3D('',#2775,#2776,#2777);
#2775 = CARTESIAN_POINT('',(2.8,-2.8,0.225));
#2776 = DIRECTION('',(0.,0.,1.));
#2777 = DIRECTION('',(1.,0.,0.));
#2778 = MANIFOLD_SOLID_BREP('',#2779);
#2779 = CLOSED_SHELL('',(#2780));
#2780 = ADVANCED_FACE('',(#2781),#2785,.T.);
#2781 = FACE_BOUND('',#2782,.T.);
#2782 = VERTEX_LOOP('',#2783);
#2783 = VERTEX_POINT('',#2784);
#2784 = CARTESIAN_POINT('',(2.8,-3.6,0.));
#2785 = SPHERICAL_SURFACE('',#2786,0.225);
#2786 = AXIS2_PLACEMENT_3D('',#2787,#2788,#2789);
#2787 = CARTESIAN_POINT('',(2.8,-3.6,0.225));
#2788 = DIRECTION('',(0.,0.,1.));
#2789 = DIRECTION('',(1.,0.,0.));
#2790 = MANIFOLD_SOLID_BREP('',#2791);
#2791 = CLOSED_SHELL('',(#2792));
#2792 = ADVANCED_FACE('',(#2793),#2797,.T.);
#2793 = FACE_BOUND('',#2794,.T.);
#2794 = VERTEX_LOOP('',#2795);
#2795 = VERTEX_POINT('',#2796);
#2796 = CARTESIAN_POINT('',(2.8,-4.4,0.));
#2797 = SPHERICAL_SURFACE('',#2798,0.225);
#2798 = AXIS2_PLACEMENT_3D('',#2799,#2800,#2801);
#2799 = CARTESIAN_POINT('',(2.8,-4.4,0.225));
#2800 = DIRECTION('',(0.,0.,1.));
#2801 = DIRECTION('',(1.,0.,0.));
#2802 = MANIFOLD_SOLID_BREP('',#2803);
#2803 = CLOSED_SHELL('',(#2804));
#2804 = ADVANCED_FACE('',(#2805),#2809,.T.);
#2805 = FACE_BOUND('',#2806,.T.);
#2806 = VERTEX_LOOP('',#2807);
#2807 = VERTEX_POINT('',#2808);
#2808 = CARTESIAN_POINT('',(2.8,-5.2,0.));
#2809 = SPHERICAL_SURFACE('',#2810,0.225);
#2810 = AXIS2_PLACEMENT_3D('',#2811,#2812,#2813);
#2811 = CARTESIAN_POINT('',(2.8,-5.2,0.225));
#2812 = DIRECTION('',(0.,0.,1.));
#2813 = DIRECTION('',(1.,0.,0.));
#2814 = MANIFOLD_SOLID_BREP('',#2815);
#2815 = CLOSED_SHELL('',(#2816));
#2816 = ADVANCED_FACE('',(#2817),#2821,.T.);
#2817 = FACE_BOUND('',#2818,.T.);
#2818 = VERTEX_LOOP('',#2819);
#2819 = VERTEX_POINT('',#2820);
#2820 = CARTESIAN_POINT('',(2.8,-6.,0.));
#2821 = SPHERICAL_SURFACE('',#2822,0.225);
#2822 = AXIS2_PLACEMENT_3D('',#2823,#2824,#2825);
#2823 = CARTESIAN_POINT('',(2.8,-6.,0.225));
#2824 = DIRECTION('',(0.,0.,1.));
#2825 = DIRECTION('',(1.,0.,0.));
#2826 = MANIFOLD_SOLID_BREP('',#2827);
#2827 = CLOSED_SHELL('',(#2828));
#2828 = ADVANCED_FACE('',(#2829),#2833,.T.);
#2829 = FACE_BOUND('',#2830,.T.);
#2830 = VERTEX_LOOP('',#2831);
#2831 = VERTEX_POINT('',#2832);
#2832 = CARTESIAN_POINT('',(2.8,-6.8,0.));
#2833 = SPHERICAL_SURFACE('',#2834,0.225);
#2834 = AXIS2_PLACEMENT_3D('',#2835,#2836,#2837);
#2835 = CARTESIAN_POINT('',(2.8,-6.8,0.225));
#2836 = DIRECTION('',(0.,0.,1.));
#2837 = DIRECTION('',(1.,0.,0.));
#2838 = MANIFOLD_SOLID_BREP('',#2839);
#2839 = CLOSED_SHELL('',(#2840));
#2840 = ADVANCED_FACE('',(#2841),#2845,.T.);
#2841 = FACE_BOUND('',#2842,.T.);
#2842 = VERTEX_LOOP('',#2843);
#2843 = VERTEX_POINT('',#2844);
#2844 = CARTESIAN_POINT('',(3.6,6.8,0.));
#2845 = SPHERICAL_SURFACE('',#2846,0.225);
#2846 = AXIS2_PLACEMENT_3D('',#2847,#2848,#2849);
#2847 = CARTESIAN_POINT('',(3.6,6.8,0.225));
#2848 = DIRECTION('',(0.,0.,1.));
#2849 = DIRECTION('',(1.,0.,0.));
#2850 = MANIFOLD_SOLID_BREP('',#2851);
#2851 = CLOSED_SHELL('',(#2852));
#2852 = ADVANCED_FACE('',(#2853),#2857,.T.);
#2853 = FACE_BOUND('',#2854,.T.);
#2854 = VERTEX_LOOP('',#2855);
#2855 = VERTEX_POINT('',#2856);
#2856 = CARTESIAN_POINT('',(3.6,6.,0.));
#2857 = SPHERICAL_SURFACE('',#2858,0.225);
#2858 = AXIS2_PLACEMENT_3D('',#2859,#2860,#2861);
#2859 = CARTESIAN_POINT('',(3.6,6.,0.225));
#2860 = DIRECTION('',(0.,0.,1.));
#2861 = DIRECTION('',(1.,0.,0.));
#2862 = MANIFOLD_SOLID_BREP('',#2863);
#2863 = CLOSED_SHELL('',(#2864));
#2864 = ADVANCED_FACE('',(#2865),#2869,.T.);
#2865 = FACE_BOUND('',#2866,.T.);
#2866 = VERTEX_LOOP('',#2867);
#2867 = VERTEX_POINT('',#2868);
#2868 = CARTESIAN_POINT('',(3.6,5.2,0.));
#2869 = SPHERICAL_SURFACE('',#2870,0.225);
#2870 = AXIS2_PLACEMENT_3D('',#2871,#2872,#2873);
#2871 = CARTESIAN_POINT('',(3.6,5.2,0.225));
#2872 = DIRECTION('',(0.,0.,1.));
#2873 = DIRECTION('',(1.,0.,0.));
#2874 = MANIFOLD_SOLID_BREP('',#2875);
#2875 = CLOSED_SHELL('',(#2876));
#2876 = ADVANCED_FACE('',(#2877),#2881,.T.);
#2877 = FACE_BOUND('',#2878,.T.);
#2878 = VERTEX_LOOP('',#2879);
#2879 = VERTEX_POINT('',#2880);
#2880 = CARTESIAN_POINT('',(3.6,4.4,0.));
#2881 = SPHERICAL_SURFACE('',#2882,0.225);
#2882 = AXIS2_PLACEMENT_3D('',#2883,#2884,#2885);
#2883 = CARTESIAN_POINT('',(3.6,4.4,0.225));
#2884 = DIRECTION('',(0.,0.,1.));
#2885 = DIRECTION('',(1.,0.,0.));
#2886 = MANIFOLD_SOLID_BREP('',#2887);
#2887 = CLOSED_SHELL('',(#2888));
#2888 = ADVANCED_FACE('',(#2889),#2893,.T.);
#2889 = FACE_BOUND('',#2890,.T.);
#2890 = VERTEX_LOOP('',#2891);
#2891 = VERTEX_POINT('',#2892);
#2892 = CARTESIAN_POINT('',(3.6,3.6,0.));
#2893 = SPHERICAL_SURFACE('',#2894,0.225);
#2894 = AXIS2_PLACEMENT_3D('',#2895,#2896,#2897);
#2895 = CARTESIAN_POINT('',(3.6,3.6,0.225));
#2896 = DIRECTION('',(0.,0.,1.));
#2897 = DIRECTION('',(1.,0.,0.));
#2898 = MANIFOLD_SOLID_BREP('',#2899);
#2899 = CLOSED_SHELL('',(#2900));
#2900 = ADVANCED_FACE('',(#2901),#2905,.T.);
#2901 = FACE_BOUND('',#2902,.T.);
#2902 = VERTEX_LOOP('',#2903);
#2903 = VERTEX_POINT('',#2904);
#2904 = CARTESIAN_POINT('',(3.6,2.8,0.));
#2905 = SPHERICAL_SURFACE('',#2906,0.225);
#2906 = AXIS2_PLACEMENT_3D('',#2907,#2908,#2909);
#2907 = CARTESIAN_POINT('',(3.6,2.8,0.225));
#2908 = DIRECTION('',(0.,0.,1.));
#2909 = DIRECTION('',(1.,0.,0.));
#2910 = MANIFOLD_SOLID_BREP('',#2911);
#2911 = CLOSED_SHELL('',(#2912));
#2912 = ADVANCED_FACE('',(#2913),#2917,.T.);
#2913 = FACE_BOUND('',#2914,.T.);
#2914 = VERTEX_LOOP('',#2915);
#2915 = VERTEX_POINT('',#2916);
#2916 = CARTESIAN_POINT('',(3.6,2.,0.));
#2917 = SPHERICAL_SURFACE('',#2918,0.225);
#2918 = AXIS2_PLACEMENT_3D('',#2919,#2920,#2921);
#2919 = CARTESIAN_POINT('',(3.6,2.,0.225));
#2920 = DIRECTION('',(0.,0.,1.));
#2921 = DIRECTION('',(1.,0.,0.));
#2922 = MANIFOLD_SOLID_BREP('',#2923);
#2923 = CLOSED_SHELL('',(#2924));
#2924 = ADVANCED_FACE('',(#2925),#2929,.T.);
#2925 = FACE_BOUND('',#2926,.T.);
#2926 = VERTEX_LOOP('',#2927);
#2927 = VERTEX_POINT('',#2928);
#2928 = CARTESIAN_POINT('',(3.6,1.2,0.));
#2929 = SPHERICAL_SURFACE('',#2930,0.225);
#2930 = AXIS2_PLACEMENT_3D('',#2931,#2932,#2933);
#2931 = CARTESIAN_POINT('',(3.6,1.2,0.225));
#2932 = DIRECTION('',(0.,0.,1.));
#2933 = DIRECTION('',(1.,0.,0.));
#2934 = MANIFOLD_SOLID_BREP('',#2935);
#2935 = CLOSED_SHELL('',(#2936));
#2936 = ADVANCED_FACE('',(#2937),#2941,.T.);
#2937 = FACE_BOUND('',#2938,.T.);
#2938 = VERTEX_LOOP('',#2939);
#2939 = VERTEX_POINT('',#2940);
#2940 = CARTESIAN_POINT('',(3.6,0.4,0.));
#2941 = SPHERICAL_SURFACE('',#2942,0.225);
#2942 = AXIS2_PLACEMENT_3D('',#2943,#2944,#2945);
#2943 = CARTESIAN_POINT('',(3.6,0.4,0.225));
#2944 = DIRECTION('',(0.,0.,1.));
#2945 = DIRECTION('',(1.,0.,0.));
#2946 = MANIFOLD_SOLID_BREP('',#2947);
#2947 = CLOSED_SHELL('',(#2948));
#2948 = ADVANCED_FACE('',(#2949),#2953,.T.);
#2949 = FACE_BOUND('',#2950,.T.);
#2950 = VERTEX_LOOP('',#2951);
#2951 = VERTEX_POINT('',#2952);
#2952 = CARTESIAN_POINT('',(3.6,-0.4,0.));
#2953 = SPHERICAL_SURFACE('',#2954,0.225);
#2954 = AXIS2_PLACEMENT_3D('',#2955,#2956,#2957);
#2955 = CARTESIAN_POINT('',(3.6,-0.4,0.225));
#2956 = DIRECTION('',(0.,0.,1.));
#2957 = DIRECTION('',(1.,0.,0.));
#2958 = MANIFOLD_SOLID_BREP('',#2959);
#2959 = CLOSED_SHELL('',(#2960));
#2960 = ADVANCED_FACE('',(#2961),#2965,.T.);
#2961 = FACE_BOUND('',#2962,.T.);
#2962 = VERTEX_LOOP('',#2963);
#2963 = VERTEX_POINT('',#2964);
#2964 = CARTESIAN_POINT('',(3.6,-1.2,0.));
#2965 = SPHERICAL_SURFACE('',#2966,0.225);
#2966 = AXIS2_PLACEMENT_3D('',#2967,#2968,#2969);
#2967 = CARTESIAN_POINT('',(3.6,-1.2,0.225));
#2968 = DIRECTION('',(0.,0.,1.));
#2969 = DIRECTION('',(1.,0.,0.));
#2970 = MANIFOLD_SOLID_BREP('',#2971);
#2971 = CLOSED_SHELL('',(#2972));
#2972 = ADVANCED_FACE('',(#2973),#2977,.T.);
#2973 = FACE_BOUND('',#2974,.T.);
#2974 = VERTEX_LOOP('',#2975);
#2975 = VERTEX_POINT('',#2976);
#2976 = CARTESIAN_POINT('',(3.6,-2.,0.));
#2977 = SPHERICAL_SURFACE('',#2978,0.225);
#2978 = AXIS2_PLACEMENT_3D('',#2979,#2980,#2981);
#2979 = CARTESIAN_POINT('',(3.6,-2.,0.225));
#2980 = DIRECTION('',(0.,0.,1.));
#2981 = DIRECTION('',(1.,0.,0.));
#2982 = MANIFOLD_SOLID_BREP('',#2983);
#2983 = CLOSED_SHELL('',(#2984));
#2984 = ADVANCED_FACE('',(#2985),#2989,.T.);
#2985 = FACE_BOUND('',#2986,.T.);
#2986 = VERTEX_LOOP('',#2987);
#2987 = VERTEX_POINT('',#2988);
#2988 = CARTESIAN_POINT('',(3.6,-2.8,0.));
#2989 = SPHERICAL_SURFACE('',#2990,0.225);
#2990 = AXIS2_PLACEMENT_3D('',#2991,#2992,#2993);
#2991 = CARTESIAN_POINT('',(3.6,-2.8,0.225));
#2992 = DIRECTION('',(0.,0.,1.));
#2993 = DIRECTION('',(1.,0.,0.));
#2994 = MANIFOLD_SOLID_BREP('',#2995);
#2995 = CLOSED_SHELL('',(#2996));
#2996 = ADVANCED_FACE('',(#2997),#3001,.T.);
#2997 = FACE_BOUND('',#2998,.T.);
#2998 = VERTEX_LOOP('',#2999);
#2999 = VERTEX_POINT('',#3000);
#3000 = CARTESIAN_POINT('',(3.6,-3.6,0.));
#3001 = SPHERICAL_SURFACE('',#3002,0.225);
#3002 = AXIS2_PLACEMENT_3D('',#3003,#3004,#3005);
#3003 = CARTESIAN_POINT('',(3.6,-3.6,0.225));
#3004 = DIRECTION('',(0.,0.,1.));
#3005 = DIRECTION('',(1.,0.,0.));
#3006 = MANIFOLD_SOLID_BREP('',#3007);
#3007 = CLOSED_SHELL('',(#3008));
#3008 = ADVANCED_FACE('',(#3009),#3013,.T.);
#3009 = FACE_BOUND('',#3010,.T.);
#3010 = VERTEX_LOOP('',#3011);
#3011 = VERTEX_POINT('',#3012);
#3012 = CARTESIAN_POINT('',(3.6,-4.4,0.));
#3013 = SPHERICAL_SURFACE('',#3014,0.225);
#3014 = AXIS2_PLACEMENT_3D('',#3015,#3016,#3017);
#3015 = CARTESIAN_POINT('',(3.6,-4.4,0.225));
#3016 = DIRECTION('',(0.,0.,1.));
#3017 = DIRECTION('',(1.,0.,0.));
#3018 = MANIFOLD_SOLID_BREP('',#3019);
#3019 = CLOSED_SHELL('',(#3020));
#3020 = ADVANCED_FACE('',(#3021),#3025,.T.);
#3021 = FACE_BOUND('',#3022,.T.);
#3022 = VERTEX_LOOP('',#3023);
#3023 = VERTEX_POINT('',#3024);
#3024 = CARTESIAN_POINT('',(3.6,-5.2,0.));
#3025 = SPHERICAL_SURFACE('',#3026,0.225);
#3026 = AXIS2_PLACEMENT_3D('',#3027,#3028,#3029);
#3027 = CARTESIAN_POINT('',(3.6,-5.2,0.225));
#3028 = DIRECTION('',(0.,0.,1.));
#3029 = DIRECTION('',(1.,0.,0.));
#3030 = MANIFOLD_SOLID_BREP('',#3031);
#3031 = CLOSED_SHELL('',(#3032));
#3032 = ADVANCED_FACE('',(#3033),#3037,.T.);
#3033 = FACE_BOUND('',#3034,.T.);
#3034 = VERTEX_LOOP('',#3035);
#3035 = VERTEX_POINT('',#3036);
#3036 = CARTESIAN_POINT('',(3.6,-6.,0.));
#3037 = SPHERICAL_SURFACE('',#3038,0.225);
#3038 = AXIS2_PLACEMENT_3D('',#3039,#3040,#3041);
#3039 = CARTESIAN_POINT('',(3.6,-6.,0.225));
#3040 = DIRECTION('',(0.,0.,1.));
#3041 = DIRECTION('',(1.,0.,0.));
#3042 = MANIFOLD_SOLID_BREP('',#3043);
#3043 = CLOSED_SHELL('',(#3044));
#3044 = ADVANCED_FACE('',(#3045),#3049,.T.);
#3045 = FACE_BOUND('',#3046,.T.);
#3046 = VERTEX_LOOP('',#3047);
#3047 = VERTEX_POINT('',#3048);
#3048 = CARTESIAN_POINT('',(3.6,-6.8,0.));
#3049 = SPHERICAL_SURFACE('',#3050,0.225);
#3050 = AXIS2_PLACEMENT_3D('',#3051,#3052,#3053);
#3051 = CARTESIAN_POINT('',(3.6,-6.8,0.225));
#3052 = DIRECTION('',(0.,0.,1.));
#3053 = DIRECTION('',(1.,0.,0.));
#3054 = MANIFOLD_SOLID_BREP('',#3055);
#3055 = CLOSED_SHELL('',(#3056));
#3056 = ADVANCED_FACE('',(#3057),#3061,.T.);
#3057 = FACE_BOUND('',#3058,.T.);
#3058 = VERTEX_LOOP('',#3059);
#3059 = VERTEX_POINT('',#3060);
#3060 = CARTESIAN_POINT('',(4.4,6.8,0.));
#3061 = SPHERICAL_SURFACE('',#3062,0.225);
#3062 = AXIS2_PLACEMENT_3D('',#3063,#3064,#3065);
#3063 = CARTESIAN_POINT('',(4.4,6.8,0.225));
#3064 = DIRECTION('',(0.,0.,1.));
#3065 = DIRECTION('',(1.,0.,0.));
#3066 = MANIFOLD_SOLID_BREP('',#3067);
#3067 = CLOSED_SHELL('',(#3068));
#3068 = ADVANCED_FACE('',(#3069),#3073,.T.);
#3069 = FACE_BOUND('',#3070,.T.);
#3070 = VERTEX_LOOP('',#3071);
#3071 = VERTEX_POINT('',#3072);
#3072 = CARTESIAN_POINT('',(4.4,6.,0.));
#3073 = SPHERICAL_SURFACE('',#3074,0.225);
#3074 = AXIS2_PLACEMENT_3D('',#3075,#3076,#3077);
#3075 = CARTESIAN_POINT('',(4.4,6.,0.225));
#3076 = DIRECTION('',(0.,0.,1.));
#3077 = DIRECTION('',(1.,0.,0.));
#3078 = MANIFOLD_SOLID_BREP('',#3079);
#3079 = CLOSED_SHELL('',(#3080));
#3080 = ADVANCED_FACE('',(#3081),#3085,.T.);
#3081 = FACE_BOUND('',#3082,.T.);
#3082 = VERTEX_LOOP('',#3083);
#3083 = VERTEX_POINT('',#3084);
#3084 = CARTESIAN_POINT('',(4.4,5.2,0.));
#3085 = SPHERICAL_SURFACE('',#3086,0.225);
#3086 = AXIS2_PLACEMENT_3D('',#3087,#3088,#3089);
#3087 = CARTESIAN_POINT('',(4.4,5.2,0.225));
#3088 = DIRECTION('',(0.,0.,1.));
#3089 = DIRECTION('',(1.,0.,0.));
#3090 = MANIFOLD_SOLID_BREP('',#3091);
#3091 = CLOSED_SHELL('',(#3092));
#3092 = ADVANCED_FACE('',(#3093),#3097,.T.);
#3093 = FACE_BOUND('',#3094,.T.);
#3094 = VERTEX_LOOP('',#3095);
#3095 = VERTEX_POINT('',#3096);
#3096 = CARTESIAN_POINT('',(4.4,4.4,0.));
#3097 = SPHERICAL_SURFACE('',#3098,0.225);
#3098 = AXIS2_PLACEMENT_3D('',#3099,#3100,#3101);
#3099 = CARTESIAN_POINT('',(4.4,4.4,0.225));
#3100 = DIRECTION('',(0.,0.,1.));
#3101 = DIRECTION('',(1.,0.,0.));
#3102 = MANIFOLD_SOLID_BREP('',#3103);
#3103 = CLOSED_SHELL('',(#3104));
#3104 = ADVANCED_FACE('',(#3105),#3109,.T.);
#3105 = FACE_BOUND('',#3106,.T.);
#3106 = VERTEX_LOOP('',#3107);
#3107 = VERTEX_POINT('',#3108);
#3108 = CARTESIAN_POINT('',(4.4,3.6,0.));
#3109 = SPHERICAL_SURFACE('',#3110,0.225);
#3110 = AXIS2_PLACEMENT_3D('',#3111,#3112,#3113);
#3111 = CARTESIAN_POINT('',(4.4,3.6,0.225));
#3112 = DIRECTION('',(0.,0.,1.));
#3113 = DIRECTION('',(1.,0.,0.));
#3114 = MANIFOLD_SOLID_BREP('',#3115);
#3115 = CLOSED_SHELL('',(#3116));
#3116 = ADVANCED_FACE('',(#3117),#3121,.T.);
#3117 = FACE_BOUND('',#3118,.T.);
#3118 = VERTEX_LOOP('',#3119);
#3119 = VERTEX_POINT('',#3120);
#3120 = CARTESIAN_POINT('',(4.4,2.8,0.));
#3121 = SPHERICAL_SURFACE('',#3122,0.225);
#3122 = AXIS2_PLACEMENT_3D('',#3123,#3124,#3125);
#3123 = CARTESIAN_POINT('',(4.4,2.8,0.225));
#3124 = DIRECTION('',(0.,0.,1.));
#3125 = DIRECTION('',(1.,0.,0.));
#3126 = MANIFOLD_SOLID_BREP('',#3127);
#3127 = CLOSED_SHELL('',(#3128));
#3128 = ADVANCED_FACE('',(#3129),#3133,.T.);
#3129 = FACE_BOUND('',#3130,.T.);
#3130 = VERTEX_LOOP('',#3131);
#3131 = VERTEX_POINT('',#3132);
#3132 = CARTESIAN_POINT('',(4.4,2.,0.));
#3133 = SPHERICAL_SURFACE('',#3134,0.225);
#3134 = AXIS2_PLACEMENT_3D('',#3135,#3136,#3137);
#3135 = CARTESIAN_POINT('',(4.4,2.,0.225));
#3136 = DIRECTION('',(0.,0.,1.));
#3137 = DIRECTION('',(1.,0.,0.));
#3138 = MANIFOLD_SOLID_BREP('',#3139);
#3139 = CLOSED_SHELL('',(#3140));
#3140 = ADVANCED_FACE('',(#3141),#3145,.T.);
#3141 = FACE_BOUND('',#3142,.T.);
#3142 = VERTEX_LOOP('',#3143);
#3143 = VERTEX_POINT('',#3144);
#3144 = CARTESIAN_POINT('',(4.4,1.2,0.));
#3145 = SPHERICAL_SURFACE('',#3146,0.225);
#3146 = AXIS2_PLACEMENT_3D('',#3147,#3148,#3149);
#3147 = CARTESIAN_POINT('',(4.4,1.2,0.225));
#3148 = DIRECTION('',(0.,0.,1.));
#3149 = DIRECTION('',(1.,0.,0.));
#3150 = MANIFOLD_SOLID_BREP('',#3151);
#3151 = CLOSED_SHELL('',(#3152));
#3152 = ADVANCED_FACE('',(#3153),#3157,.T.);
#3153 = FACE_BOUND('',#3154,.T.);
#3154 = VERTEX_LOOP('',#3155);
#3155 = VERTEX_POINT('',#3156);
#3156 = CARTESIAN_POINT('',(4.4,0.4,0.));
#3157 = SPHERICAL_SURFACE('',#3158,0.225);
#3158 = AXIS2_PLACEMENT_3D('',#3159,#3160,#3161);
#3159 = CARTESIAN_POINT('',(4.4,0.4,0.225));
#3160 = DIRECTION('',(0.,0.,1.));
#3161 = DIRECTION('',(1.,0.,0.));
#3162 = MANIFOLD_SOLID_BREP('',#3163);
#3163 = CLOSED_SHELL('',(#3164));
#3164 = ADVANCED_FACE('',(#3165),#3169,.T.);
#3165 = FACE_BOUND('',#3166,.T.);
#3166 = VERTEX_LOOP('',#3167);
#3167 = VERTEX_POINT('',#3168);
#3168 = CARTESIAN_POINT('',(4.4,-0.4,0.));
#3169 = SPHERICAL_SURFACE('',#3170,0.225);
#3170 = AXIS2_PLACEMENT_3D('',#3171,#3172,#3173);
#3171 = CARTESIAN_POINT('',(4.4,-0.4,0.225));
#3172 = DIRECTION('',(0.,0.,1.));
#3173 = DIRECTION('',(1.,0.,0.));
#3174 = MANIFOLD_SOLID_BREP('',#3175);
#3175 = CLOSED_SHELL('',(#3176));
#3176 = ADVANCED_FACE('',(#3177),#3181,.T.);
#3177 = FACE_BOUND('',#3178,.T.);
#3178 = VERTEX_LOOP('',#3179);
#3179 = VERTEX_POINT('',#3180);
#3180 = CARTESIAN_POINT('',(4.4,-1.2,0.));
#3181 = SPHERICAL_SURFACE('',#3182,0.225);
#3182 = AXIS2_PLACEMENT_3D('',#3183,#3184,#3185);
#3183 = CARTESIAN_POINT('',(4.4,-1.2,0.225));
#3184 = DIRECTION('',(0.,0.,1.));
#3185 = DIRECTION('',(1.,0.,0.));
#3186 = MANIFOLD_SOLID_BREP('',#3187);
#3187 = CLOSED_SHELL('',(#3188));
#3188 = ADVANCED_FACE('',(#3189),#3193,.T.);
#3189 = FACE_BOUND('',#3190,.T.);
#3190 = VERTEX_LOOP('',#3191);
#3191 = VERTEX_POINT('',#3192);
#3192 = CARTESIAN_POINT('',(4.4,-2.,0.));
#3193 = SPHERICAL_SURFACE('',#3194,0.225);
#3194 = AXIS2_PLACEMENT_3D('',#3195,#3196,#3197);
#3195 = CARTESIAN_POINT('',(4.4,-2.,0.225));
#3196 = DIRECTION('',(0.,0.,1.));
#3197 = DIRECTION('',(1.,0.,0.));
#3198 = MANIFOLD_SOLID_BREP('',#3199);
#3199 = CLOSED_SHELL('',(#3200));
#3200 = ADVANCED_FACE('',(#3201),#3205,.T.);
#3201 = FACE_BOUND('',#3202,.T.);
#3202 = VERTEX_LOOP('',#3203);
#3203 = VERTEX_POINT('',#3204);
#3204 = CARTESIAN_POINT('',(4.4,-2.8,0.));
#3205 = SPHERICAL_SURFACE('',#3206,0.225);
#3206 = AXIS2_PLACEMENT_3D('',#3207,#3208,#3209);
#3207 = CARTESIAN_POINT('',(4.4,-2.8,0.225));
#3208 = DIRECTION('',(0.,0.,1.));
#3209 = DIRECTION('',(1.,0.,0.));
#3210 = MANIFOLD_SOLID_BREP('',#3211);
#3211 = CLOSED_SHELL('',(#3212));
#3212 = ADVANCED_FACE('',(#3213),#3217,.T.);
#3213 = FACE_BOUND('',#3214,.T.);
#3214 = VERTEX_LOOP('',#3215);
#3215 = VERTEX_POINT('',#3216);
#3216 = CARTESIAN_POINT('',(4.4,-3.6,0.));
#3217 = SPHERICAL_SURFACE('',#3218,0.225);
#3218 = AXIS2_PLACEMENT_3D('',#3219,#3220,#3221);
#3219 = CARTESIAN_POINT('',(4.4,-3.6,0.225));
#3220 = DIRECTION('',(0.,0.,1.));
#3221 = DIRECTION('',(1.,0.,0.));
#3222 = MANIFOLD_SOLID_BREP('',#3223);
#3223 = CLOSED_SHELL('',(#3224));
#3224 = ADVANCED_FACE('',(#3225),#3229,.T.);
#3225 = FACE_BOUND('',#3226,.T.);
#3226 = VERTEX_LOOP('',#3227);
#3227 = VERTEX_POINT('',#3228);
#3228 = CARTESIAN_POINT('',(4.4,-4.4,0.));
#3229 = SPHERICAL_SURFACE('',#3230,0.225);
#3230 = AXIS2_PLACEMENT_3D('',#3231,#3232,#3233);
#3231 = CARTESIAN_POINT('',(4.4,-4.4,0.225));
#3232 = DIRECTION('',(0.,0.,1.));
#3233 = DIRECTION('',(1.,0.,0.));
#3234 = MANIFOLD_SOLID_BREP('',#3235);
#3235 = CLOSED_SHELL('',(#3236));
#3236 = ADVANCED_FACE('',(#3237),#3241,.T.);
#3237 = FACE_BOUND('',#3238,.T.);
#3238 = VERTEX_LOOP('',#3239);
#3239 = VERTEX_POINT('',#3240);
#3240 = CARTESIAN_POINT('',(4.4,-5.2,0.));
#3241 = SPHERICAL_SURFACE('',#3242,0.225);
#3242 = AXIS2_PLACEMENT_3D('',#3243,#3244,#3245);
#3243 = CARTESIAN_POINT('',(4.4,-5.2,0.225));
#3244 = DIRECTION('',(0.,0.,1.));
#3245 = DIRECTION('',(1.,0.,0.));
#3246 = MANIFOLD_SOLID_BREP('',#3247);
#3247 = CLOSED_SHELL('',(#3248));
#3248 = ADVANCED_FACE('',(#3249),#3253,.T.);
#3249 = FACE_BOUND('',#3250,.T.);
#3250 = VERTEX_LOOP('',#3251);
#3251 = VERTEX_POINT('',#3252);
#3252 = CARTESIAN_POINT('',(4.4,-6.,0.));
#3253 = SPHERICAL_SURFACE('',#3254,0.225);
#3254 = AXIS2_PLACEMENT_3D('',#3255,#3256,#3257);
#3255 = CARTESIAN_POINT('',(4.4,-6.,0.225));
#3256 = DIRECTION('',(0.,0.,1.));
#3257 = DIRECTION('',(1.,0.,0.));
#3258 = MANIFOLD_SOLID_BREP('',#3259);
#3259 = CLOSED_SHELL('',(#3260));
#3260 = ADVANCED_FACE('',(#3261),#3265,.T.);
#3261 = FACE_BOUND('',#3262,.T.);
#3262 = VERTEX_LOOP('',#3263);
#3263 = VERTEX_POINT('',#3264);
#3264 = CARTESIAN_POINT('',(4.4,-6.8,0.));
#3265 = SPHERICAL_SURFACE('',#3266,0.225);
#3266 = AXIS2_PLACEMENT_3D('',#3267,#3268,#3269);
#3267 = CARTESIAN_POINT('',(4.4,-6.8,0.225));
#3268 = DIRECTION('',(0.,0.,1.));
#3269 = DIRECTION('',(1.,0.,0.));
#3270 = MANIFOLD_SOLID_BREP('',#3271);
#3271 = CLOSED_SHELL('',(#3272));
#3272 = ADVANCED_FACE('',(#3273),#3277,.T.);
#3273 = FACE_BOUND('',#3274,.T.);
#3274 = VERTEX_LOOP('',#3275);
#3275 = VERTEX_POINT('',#3276);
#3276 = CARTESIAN_POINT('',(5.2,6.8,0.));
#3277 = SPHERICAL_SURFACE('',#3278,0.225);
#3278 = AXIS2_PLACEMENT_3D('',#3279,#3280,#3281);
#3279 = CARTESIAN_POINT('',(5.2,6.8,0.225));
#3280 = DIRECTION('',(0.,0.,1.));
#3281 = DIRECTION('',(1.,0.,0.));
#3282 = MANIFOLD_SOLID_BREP('',#3283);
#3283 = CLOSED_SHELL('',(#3284));
#3284 = ADVANCED_FACE('',(#3285),#3289,.T.);
#3285 = FACE_BOUND('',#3286,.T.);
#3286 = VERTEX_LOOP('',#3287);
#3287 = VERTEX_POINT('',#3288);
#3288 = CARTESIAN_POINT('',(5.2,6.,0.));
#3289 = SPHERICAL_SURFACE('',#3290,0.225);
#3290 = AXIS2_PLACEMENT_3D('',#3291,#3292,#3293);
#3291 = CARTESIAN_POINT('',(5.2,6.,0.225));
#3292 = DIRECTION('',(0.,0.,1.));
#3293 = DIRECTION('',(1.,0.,0.));
#3294 = MANIFOLD_SOLID_BREP('',#3295);
#3295 = CLOSED_SHELL('',(#3296));
#3296 = ADVANCED_FACE('',(#3297),#3301,.T.);
#3297 = FACE_BOUND('',#3298,.T.);
#3298 = VERTEX_LOOP('',#3299);
#3299 = VERTEX_POINT('',#3300);
#3300 = CARTESIAN_POINT('',(5.2,5.2,0.));
#3301 = SPHERICAL_SURFACE('',#3302,0.225);
#3302 = AXIS2_PLACEMENT_3D('',#3303,#3304,#3305);
#3303 = CARTESIAN_POINT('',(5.2,5.2,0.225));
#3304 = DIRECTION('',(0.,0.,1.));
#3305 = DIRECTION('',(1.,0.,0.));
#3306 = MANIFOLD_SOLID_BREP('',#3307);
#3307 = CLOSED_SHELL('',(#3308));
#3308 = ADVANCED_FACE('',(#3309),#3313,.T.);
#3309 = FACE_BOUND('',#3310,.T.);
#3310 = VERTEX_LOOP('',#3311);
#3311 = VERTEX_POINT('',#3312);
#3312 = CARTESIAN_POINT('',(5.2,4.4,0.));
#3313 = SPHERICAL_SURFACE('',#3314,0.225);
#3314 = AXIS2_PLACEMENT_3D('',#3315,#3316,#3317);
#3315 = CARTESIAN_POINT('',(5.2,4.4,0.225));
#3316 = DIRECTION('',(0.,0.,1.));
#3317 = DIRECTION('',(1.,0.,0.));
#3318 = MANIFOLD_SOLID_BREP('',#3319);
#3319 = CLOSED_SHELL('',(#3320));
#3320 = ADVANCED_FACE('',(#3321),#3325,.T.);
#3321 = FACE_BOUND('',#3322,.T.);
#3322 = VERTEX_LOOP('',#3323);
#3323 = VERTEX_POINT('',#3324);
#3324 = CARTESIAN_POINT('',(5.2,3.6,0.));
#3325 = SPHERICAL_SURFACE('',#3326,0.225);
#3326 = AXIS2_PLACEMENT_3D('',#3327,#3328,#3329);
#3327 = CARTESIAN_POINT('',(5.2,3.6,0.225));
#3328 = DIRECTION('',(0.,0.,1.));
#3329 = DIRECTION('',(1.,0.,0.));
#3330 = MANIFOLD_SOLID_BREP('',#3331);
#3331 = CLOSED_SHELL('',(#3332));
#3332 = ADVANCED_FACE('',(#3333),#3337,.T.);
#3333 = FACE_BOUND('',#3334,.T.);
#3334 = VERTEX_LOOP('',#3335);
#3335 = VERTEX_POINT('',#3336);
#3336 = CARTESIAN_POINT('',(5.2,2.8,0.));
#3337 = SPHERICAL_SURFACE('',#3338,0.225);
#3338 = AXIS2_PLACEMENT_3D('',#3339,#3340,#3341);
#3339 = CARTESIAN_POINT('',(5.2,2.8,0.225));
#3340 = DIRECTION('',(0.,0.,1.));
#3341 = DIRECTION('',(1.,0.,0.));
#3342 = MANIFOLD_SOLID_BREP('',#3343);
#3343 = CLOSED_SHELL('',(#3344));
#3344 = ADVANCED_FACE('',(#3345),#3349,.T.);
#3345 = FACE_BOUND('',#3346,.T.);
#3346 = VERTEX_LOOP('',#3347);
#3347 = VERTEX_POINT('',#3348);
#3348 = CARTESIAN_POINT('',(5.2,2.,0.));
#3349 = SPHERICAL_SURFACE('',#3350,0.225);
#3350 = AXIS2_PLACEMENT_3D('',#3351,#3352,#3353);
#3351 = CARTESIAN_POINT('',(5.2,2.,0.225));
#3352 = DIRECTION('',(0.,0.,1.));
#3353 = DIRECTION('',(1.,0.,0.));
#3354 = MANIFOLD_SOLID_BREP('',#3355);
#3355 = CLOSED_SHELL('',(#3356));
#3356 = ADVANCED_FACE('',(#3357),#3361,.T.);
#3357 = FACE_BOUND('',#3358,.T.);
#3358 = VERTEX_LOOP('',#3359);
#3359 = VERTEX_POINT('',#3360);
#3360 = CARTESIAN_POINT('',(5.2,1.2,0.));
#3361 = SPHERICAL_SURFACE('',#3362,0.225);
#3362 = AXIS2_PLACEMENT_3D('',#3363,#3364,#3365);
#3363 = CARTESIAN_POINT('',(5.2,1.2,0.225));
#3364 = DIRECTION('',(0.,0.,1.));
#3365 = DIRECTION('',(1.,0.,0.));
#3366 = MANIFOLD_SOLID_BREP('',#3367);
#3367 = CLOSED_SHELL('',(#3368));
#3368 = ADVANCED_FACE('',(#3369),#3373,.T.);
#3369 = FACE_BOUND('',#3370,.T.);
#3370 = VERTEX_LOOP('',#3371);
#3371 = VERTEX_POINT('',#3372);
#3372 = CARTESIAN_POINT('',(5.2,0.4,0.));
#3373 = SPHERICAL_SURFACE('',#3374,0.225);
#3374 = AXIS2_PLACEMENT_3D('',#3375,#3376,#3377);
#3375 = CARTESIAN_POINT('',(5.2,0.4,0.225));
#3376 = DIRECTION('',(0.,0.,1.));
#3377 = DIRECTION('',(1.,0.,0.));
#3378 = MANIFOLD_SOLID_BREP('',#3379);
#3379 = CLOSED_SHELL('',(#3380));
#3380 = ADVANCED_FACE('',(#3381),#3385,.T.);
#3381 = FACE_BOUND('',#3382,.T.);
#3382 = VERTEX_LOOP('',#3383);
#3383 = VERTEX_POINT('',#3384);
#3384 = CARTESIAN_POINT('',(5.2,-0.4,0.));
#3385 = SPHERICAL_SURFACE('',#3386,0.225);
#3386 = AXIS2_PLACEMENT_3D('',#3387,#3388,#3389);
#3387 = CARTESIAN_POINT('',(5.2,-0.4,0.225));
#3388 = DIRECTION('',(0.,0.,1.));
#3389 = DIRECTION('',(1.,0.,0.));
#3390 = MANIFOLD_SOLID_BREP('',#3391);
#3391 = CLOSED_SHELL('',(#3392));
#3392 = ADVANCED_FACE('',(#3393),#3397,.T.);
#3393 = FACE_BOUND('',#3394,.T.);
#3394 = VERTEX_LOOP('',#3395);
#3395 = VERTEX_POINT('',#3396);
#3396 = CARTESIAN_POINT('',(5.2,-1.2,0.));
#3397 = SPHERICAL_SURFACE('',#3398,0.225);
#3398 = AXIS2_PLACEMENT_3D('',#3399,#3400,#3401);
#3399 = CARTESIAN_POINT('',(5.2,-1.2,0.225));
#3400 = DIRECTION('',(0.,0.,1.));
#3401 = DIRECTION('',(1.,0.,0.));
#3402 = MANIFOLD_SOLID_BREP('',#3403);
#3403 = CLOSED_SHELL('',(#3404));
#3404 = ADVANCED_FACE('',(#3405),#3409,.T.);
#3405 = FACE_BOUND('',#3406,.T.);
#3406 = VERTEX_LOOP('',#3407);
#3407 = VERTEX_POINT('',#3408);
#3408 = CARTESIAN_POINT('',(5.2,-2.,0.));
#3409 = SPHERICAL_SURFACE('',#3410,0.225);
#3410 = AXIS2_PLACEMENT_3D('',#3411,#3412,#3413);
#3411 = CARTESIAN_POINT('',(5.2,-2.,0.225));
#3412 = DIRECTION('',(0.,0.,1.));
#3413 = DIRECTION('',(1.,0.,0.));
#3414 = MANIFOLD_SOLID_BREP('',#3415);
#3415 = CLOSED_SHELL('',(#3416));
#3416 = ADVANCED_FACE('',(#3417),#3421,.T.);
#3417 = FACE_BOUND('',#3418,.T.);
#3418 = VERTEX_LOOP('',#3419);
#3419 = VERTEX_POINT('',#3420);
#3420 = CARTESIAN_POINT('',(5.2,-2.8,0.));
#3421 = SPHERICAL_SURFACE('',#3422,0.225);
#3422 = AXIS2_PLACEMENT_3D('',#3423,#3424,#3425);
#3423 = CARTESIAN_POINT('',(5.2,-2.8,0.225));
#3424 = DIRECTION('',(0.,0.,1.));
#3425 = DIRECTION('',(1.,0.,0.));
#3426 = MANIFOLD_SOLID_BREP('',#3427);
#3427 = CLOSED_SHELL('',(#3428));
#3428 = ADVANCED_FACE('',(#3429),#3433,.T.);
#3429 = FACE_BOUND('',#3430,.T.);
#3430 = VERTEX_LOOP('',#3431);
#3431 = VERTEX_POINT('',#3432);
#3432 = CARTESIAN_POINT('',(5.2,-3.6,0.));
#3433 = SPHERICAL_SURFACE('',#3434,0.225);
#3434 = AXIS2_PLACEMENT_3D('',#3435,#3436,#3437);
#3435 = CARTESIAN_POINT('',(5.2,-3.6,0.225));
#3436 = DIRECTION('',(0.,0.,1.));
#3437 = DIRECTION('',(1.,0.,0.));
#3438 = MANIFOLD_SOLID_BREP('',#3439);
#3439 = CLOSED_SHELL('',(#3440));
#3440 = ADVANCED_FACE('',(#3441),#3445,.T.);
#3441 = FACE_BOUND('',#3442,.T.);
#3442 = VERTEX_LOOP('',#3443);
#3443 = VERTEX_POINT('',#3444);
#3444 = CARTESIAN_POINT('',(5.2,-4.4,0.));
#3445 = SPHERICAL_SURFACE('',#3446,0.225);
#3446 = AXIS2_PLACEMENT_3D('',#3447,#3448,#3449);
#3447 = CARTESIAN_POINT('',(5.2,-4.4,0.225));
#3448 = DIRECTION('',(0.,0.,1.));
#3449 = DIRECTION('',(1.,0.,0.));
#3450 = MANIFOLD_SOLID_BREP('',#3451);
#3451 = CLOSED_SHELL('',(#3452));
#3452 = ADVANCED_FACE('',(#3453),#3457,.T.);
#3453 = FACE_BOUND('',#3454,.T.);
#3454 = VERTEX_LOOP('',#3455);
#3455 = VERTEX_POINT('',#3456);
#3456 = CARTESIAN_POINT('',(5.2,-5.2,0.));
#3457 = SPHERICAL_SURFACE('',#3458,0.225);
#3458 = AXIS2_PLACEMENT_3D('',#3459,#3460,#3461);
#3459 = CARTESIAN_POINT('',(5.2,-5.2,0.225));
#3460 = DIRECTION('',(0.,0.,1.));
#3461 = DIRECTION('',(1.,0.,0.));
#3462 = MANIFOLD_SOLID_BREP('',#3463);
#3463 = CLOSED_SHELL('',(#3464));
#3464 = ADVANCED_FACE('',(#3465),#3469,.T.);
#3465 = FACE_BOUND('',#3466,.T.);
#3466 = VERTEX_LOOP('',#3467);
#3467 = VERTEX_POINT('',#3468);
#3468 = CARTESIAN_POINT('',(5.2,-6.,0.));
#3469 = SPHERICAL_SURFACE('',#3470,0.225);
#3470 = AXIS2_PLACEMENT_3D('',#3471,#3472,#3473);
#3471 = CARTESIAN_POINT('',(5.2,-6.,0.225));
#3472 = DIRECTION('',(0.,0.,1.));
#3473 = DIRECTION('',(1.,0.,0.));
#3474 = MANIFOLD_SOLID_BREP('',#3475);
#3475 = CLOSED_SHELL('',(#3476));
#3476 = ADVANCED_FACE('',(#3477),#3481,.T.);
#3477 = FACE_BOUND('',#3478,.T.);
#3478 = VERTEX_LOOP('',#3479);
#3479 = VERTEX_POINT('',#3480);
#3480 = CARTESIAN_POINT('',(5.2,-6.8,0.));
#3481 = SPHERICAL_SURFACE('',#3482,0.225);
#3482 = AXIS2_PLACEMENT_3D('',#3483,#3484,#3485);
#3483 = CARTESIAN_POINT('',(5.2,-6.8,0.225));
#3484 = DIRECTION('',(0.,0.,1.));
#3485 = DIRECTION('',(1.,0.,0.));
#3486 = MANIFOLD_SOLID_BREP('',#3487);
#3487 = CLOSED_SHELL('',(#3488));
#3488 = ADVANCED_FACE('',(#3489),#3493,.T.);
#3489 = FACE_BOUND('',#3490,.T.);
#3490 = VERTEX_LOOP('',#3491);
#3491 = VERTEX_POINT('',#3492);
#3492 = CARTESIAN_POINT('',(6.,6.8,0.));
#3493 = SPHERICAL_SURFACE('',#3494,0.225);
#3494 = AXIS2_PLACEMENT_3D('',#3495,#3496,#3497);
#3495 = CARTESIAN_POINT('',(6.,6.8,0.225));
#3496 = DIRECTION('',(0.,0.,1.));
#3497 = DIRECTION('',(1.,0.,0.));
#3498 = MANIFOLD_SOLID_BREP('',#3499);
#3499 = CLOSED_SHELL('',(#3500));
#3500 = ADVANCED_FACE('',(#3501),#3505,.T.);
#3501 = FACE_BOUND('',#3502,.T.);
#3502 = VERTEX_LOOP('',#3503);
#3503 = VERTEX_POINT('',#3504);
#3504 = CARTESIAN_POINT('',(6.,6.,0.));
#3505 = SPHERICAL_SURFACE('',#3506,0.225);
#3506 = AXIS2_PLACEMENT_3D('',#3507,#3508,#3509);
#3507 = CARTESIAN_POINT('',(6.,6.,0.225));
#3508 = DIRECTION('',(0.,0.,1.));
#3509 = DIRECTION('',(1.,0.,0.));
#3510 = MANIFOLD_SOLID_BREP('',#3511);
#3511 = CLOSED_SHELL('',(#3512));
#3512 = ADVANCED_FACE('',(#3513),#3517,.T.);
#3513 = FACE_BOUND('',#3514,.T.);
#3514 = VERTEX_LOOP('',#3515);
#3515 = VERTEX_POINT('',#3516);
#3516 = CARTESIAN_POINT('',(6.,5.2,0.));
#3517 = SPHERICAL_SURFACE('',#3518,0.225);
#3518 = AXIS2_PLACEMENT_3D('',#3519,#3520,#3521);
#3519 = CARTESIAN_POINT('',(6.,5.2,0.225));
#3520 = DIRECTION('',(0.,0.,1.));
#3521 = DIRECTION('',(1.,0.,0.));
#3522 = MANIFOLD_SOLID_BREP('',#3523);
#3523 = CLOSED_SHELL('',(#3524));
#3524 = ADVANCED_FACE('',(#3525),#3529,.T.);
#3525 = FACE_BOUND('',#3526,.T.);
#3526 = VERTEX_LOOP('',#3527);
#3527 = VERTEX_POINT('',#3528);
#3528 = CARTESIAN_POINT('',(6.,4.4,0.));
#3529 = SPHERICAL_SURFACE('',#3530,0.225);
#3530 = AXIS2_PLACEMENT_3D('',#3531,#3532,#3533);
#3531 = CARTESIAN_POINT('',(6.,4.4,0.225));
#3532 = DIRECTION('',(0.,0.,1.));
#3533 = DIRECTION('',(1.,0.,0.));
#3534 = MANIFOLD_SOLID_BREP('',#3535);
#3535 = CLOSED_SHELL('',(#3536));
#3536 = ADVANCED_FACE('',(#3537),#3541,.T.);
#3537 = FACE_BOUND('',#3538,.T.);
#3538 = VERTEX_LOOP('',#3539);
#3539 = VERTEX_POINT('',#3540);
#3540 = CARTESIAN_POINT('',(6.,3.6,0.));
#3541 = SPHERICAL_SURFACE('',#3542,0.225);
#3542 = AXIS2_PLACEMENT_3D('',#3543,#3544,#3545);
#3543 = CARTESIAN_POINT('',(6.,3.6,0.225));
#3544 = DIRECTION('',(0.,0.,1.));
#3545 = DIRECTION('',(1.,0.,0.));
#3546 = MANIFOLD_SOLID_BREP('',#3547);
#3547 = CLOSED_SHELL('',(#3548));
#3548 = ADVANCED_FACE('',(#3549),#3553,.T.);
#3549 = FACE_BOUND('',#3550,.T.);
#3550 = VERTEX_LOOP('',#3551);
#3551 = VERTEX_POINT('',#3552);
#3552 = CARTESIAN_POINT('',(6.,2.8,0.));
#3553 = SPHERICAL_SURFACE('',#3554,0.225);
#3554 = AXIS2_PLACEMENT_3D('',#3555,#3556,#3557);
#3555 = CARTESIAN_POINT('',(6.,2.8,0.225));
#3556 = DIRECTION('',(0.,0.,1.));
#3557 = DIRECTION('',(1.,0.,0.));
#3558 = MANIFOLD_SOLID_BREP('',#3559);
#3559 = CLOSED_SHELL('',(#3560));
#3560 = ADVANCED_FACE('',(#3561),#3565,.T.);
#3561 = FACE_BOUND('',#3562,.T.);
#3562 = VERTEX_LOOP('',#3563);
#3563 = VERTEX_POINT('',#3564);
#3564 = CARTESIAN_POINT('',(6.,2.,0.));
#3565 = SPHERICAL_SURFACE('',#3566,0.225);
#3566 = AXIS2_PLACEMENT_3D('',#3567,#3568,#3569);
#3567 = CARTESIAN_POINT('',(6.,2.,0.225));
#3568 = DIRECTION('',(0.,0.,1.));
#3569 = DIRECTION('',(1.,0.,0.));
#3570 = MANIFOLD_SOLID_BREP('',#3571);
#3571 = CLOSED_SHELL('',(#3572));
#3572 = ADVANCED_FACE('',(#3573),#3577,.T.);
#3573 = FACE_BOUND('',#3574,.T.);
#3574 = VERTEX_LOOP('',#3575);
#3575 = VERTEX_POINT('',#3576);
#3576 = CARTESIAN_POINT('',(6.,1.2,0.));
#3577 = SPHERICAL_SURFACE('',#3578,0.225);
#3578 = AXIS2_PLACEMENT_3D('',#3579,#3580,#3581);
#3579 = CARTESIAN_POINT('',(6.,1.2,0.225));
#3580 = DIRECTION('',(0.,0.,1.));
#3581 = DIRECTION('',(1.,0.,0.));
#3582 = MANIFOLD_SOLID_BREP('',#3583);
#3583 = CLOSED_SHELL('',(#3584));
#3584 = ADVANCED_FACE('',(#3585),#3589,.T.);
#3585 = FACE_BOUND('',#3586,.T.);
#3586 = VERTEX_LOOP('',#3587);
#3587 = VERTEX_POINT('',#3588);
#3588 = CARTESIAN_POINT('',(6.,0.4,0.));
#3589 = SPHERICAL_SURFACE('',#3590,0.225);
#3590 = AXIS2_PLACEMENT_3D('',#3591,#3592,#3593);
#3591 = CARTESIAN_POINT('',(6.,0.4,0.225));
#3592 = DIRECTION('',(0.,0.,1.));
#3593 = DIRECTION('',(1.,0.,0.));
#3594 = MANIFOLD_SOLID_BREP('',#3595);
#3595 = CLOSED_SHELL('',(#3596));
#3596 = ADVANCED_FACE('',(#3597),#3601,.T.);
#3597 = FACE_BOUND('',#3598,.T.);
#3598 = VERTEX_LOOP('',#3599);
#3599 = VERTEX_POINT('',#3600);
#3600 = CARTESIAN_POINT('',(6.,-0.4,0.));
#3601 = SPHERICAL_SURFACE('',#3602,0.225);
#3602 = AXIS2_PLACEMENT_3D('',#3603,#3604,#3605);
#3603 = CARTESIAN_POINT('',(6.,-0.4,0.225));
#3604 = DIRECTION('',(0.,0.,1.));
#3605 = DIRECTION('',(1.,0.,0.));
#3606 = MANIFOLD_SOLID_BREP('',#3607);
#3607 = CLOSED_SHELL('',(#3608));
#3608 = ADVANCED_FACE('',(#3609),#3613,.T.);
#3609 = FACE_BOUND('',#3610,.T.);
#3610 = VERTEX_LOOP('',#3611);
#3611 = VERTEX_POINT('',#3612);
#3612 = CARTESIAN_POINT('',(6.,-1.2,0.));
#3613 = SPHERICAL_SURFACE('',#3614,0.225);
#3614 = AXIS2_PLACEMENT_3D('',#3615,#3616,#3617);
#3615 = CARTESIAN_POINT('',(6.,-1.2,0.225));
#3616 = DIRECTION('',(0.,0.,1.));
#3617 = DIRECTION('',(1.,0.,0.));
#3618 = MANIFOLD_SOLID_BREP('',#3619);
#3619 = CLOSED_SHELL('',(#3620));
#3620 = ADVANCED_FACE('',(#3621),#3625,.T.);
#3621 = FACE_BOUND('',#3622,.T.);
#3622 = VERTEX_LOOP('',#3623);
#3623 = VERTEX_POINT('',#3624);
#3624 = CARTESIAN_POINT('',(6.,-2.,0.));
#3625 = SPHERICAL_SURFACE('',#3626,0.225);
#3626 = AXIS2_PLACEMENT_3D('',#3627,#3628,#3629);
#3627 = CARTESIAN_POINT('',(6.,-2.,0.225));
#3628 = DIRECTION('',(0.,0.,1.));
#3629 = DIRECTION('',(1.,0.,0.));
#3630 = MANIFOLD_SOLID_BREP('',#3631);
#3631 = CLOSED_SHELL('',(#3632));
#3632 = ADVANCED_FACE('',(#3633),#3637,.T.);
#3633 = FACE_BOUND('',#3634,.T.);
#3634 = VERTEX_LOOP('',#3635);
#3635 = VERTEX_POINT('',#3636);
#3636 = CARTESIAN_POINT('',(6.,-2.8,0.));
#3637 = SPHERICAL_SURFACE('',#3638,0.225);
#3638 = AXIS2_PLACEMENT_3D('',#3639,#3640,#3641);
#3639 = CARTESIAN_POINT('',(6.,-2.8,0.225));
#3640 = DIRECTION('',(0.,0.,1.));
#3641 = DIRECTION('',(1.,0.,0.));
#3642 = MANIFOLD_SOLID_BREP('',#3643);
#3643 = CLOSED_SHELL('',(#3644));
#3644 = ADVANCED_FACE('',(#3645),#3649,.T.);
#3645 = FACE_BOUND('',#3646,.T.);
#3646 = VERTEX_LOOP('',#3647);
#3647 = VERTEX_POINT('',#3648);
#3648 = CARTESIAN_POINT('',(6.,-3.6,0.));
#3649 = SPHERICAL_SURFACE('',#3650,0.225);
#3650 = AXIS2_PLACEMENT_3D('',#3651,#3652,#3653);
#3651 = CARTESIAN_POINT('',(6.,-3.6,0.225));
#3652 = DIRECTION('',(0.,0.,1.));
#3653 = DIRECTION('',(1.,0.,0.));
#3654 = MANIFOLD_SOLID_BREP('',#3655);
#3655 = CLOSED_SHELL('',(#3656));
#3656 = ADVANCED_FACE('',(#3657),#3661,.T.);
#3657 = FACE_BOUND('',#3658,.T.);
#3658 = VERTEX_LOOP('',#3659);
#3659 = VERTEX_POINT('',#3660);
#3660 = CARTESIAN_POINT('',(6.,-4.4,0.));
#3661 = SPHERICAL_SURFACE('',#3662,0.225);
#3662 = AXIS2_PLACEMENT_3D('',#3663,#3664,#3665);
#3663 = CARTESIAN_POINT('',(6.,-4.4,0.225));
#3664 = DIRECTION('',(0.,0.,1.));
#3665 = DIRECTION('',(1.,0.,0.));
#3666 = MANIFOLD_SOLID_BREP('',#3667);
#3667 = CLOSED_SHELL('',(#3668));
#3668 = ADVANCED_FACE('',(#3669),#3673,.T.);
#3669 = FACE_BOUND('',#3670,.T.);
#3670 = VERTEX_LOOP('',#3671);
#3671 = VERTEX_POINT('',#3672);
#3672 = CARTESIAN_POINT('',(6.,-5.2,0.));
#3673 = SPHERICAL_SURFACE('',#3674,0.225);
#3674 = AXIS2_PLACEMENT_3D('',#3675,#3676,#3677);
#3675 = CARTESIAN_POINT('',(6.,-5.2,0.225));
#3676 = DIRECTION('',(0.,0.,1.));
#3677 = DIRECTION('',(1.,0.,0.));
#3678 = MANIFOLD_SOLID_BREP('',#3679);
#3679 = CLOSED_SHELL('',(#3680));
#3680 = ADVANCED_FACE('',(#3681),#3685,.T.);
#3681 = FACE_BOUND('',#3682,.T.);
#3682 = VERTEX_LOOP('',#3683);
#3683 = VERTEX_POINT('',#3684);
#3684 = CARTESIAN_POINT('',(6.,-6.,0.));
#3685 = SPHERICAL_SURFACE('',#3686,0.225);
#3686 = AXIS2_PLACEMENT_3D('',#3687,#3688,#3689);
#3687 = CARTESIAN_POINT('',(6.,-6.,0.225));
#3688 = DIRECTION('',(0.,0.,1.));
#3689 = DIRECTION('',(1.,0.,0.));
#3690 = MANIFOLD_SOLID_BREP('',#3691);
#3691 = CLOSED_SHELL('',(#3692));
#3692 = ADVANCED_FACE('',(#3693),#3697,.T.);
#3693 = FACE_BOUND('',#3694,.T.);
#3694 = VERTEX_LOOP('',#3695);
#3695 = VERTEX_POINT('',#3696);
#3696 = CARTESIAN_POINT('',(6.,-6.8,0.));
#3697 = SPHERICAL_SURFACE('',#3698,0.225);
#3698 = AXIS2_PLACEMENT_3D('',#3699,#3700,#3701);
#3699 = CARTESIAN_POINT('',(6.,-6.8,0.225));
#3700 = DIRECTION('',(0.,0.,1.));
#3701 = DIRECTION('',(1.,0.,0.));
#3702 = MANIFOLD_SOLID_BREP('',#3703);
#3703 = CLOSED_SHELL('',(#3704));
#3704 = ADVANCED_FACE('',(#3705),#3709,.T.);
#3705 = FACE_BOUND('',#3706,.T.);
#3706 = VERTEX_LOOP('',#3707);
#3707 = VERTEX_POINT('',#3708);
#3708 = CARTESIAN_POINT('',(6.8,6.8,0.));
#3709 = SPHERICAL_SURFACE('',#3710,0.225);
#3710 = AXIS2_PLACEMENT_3D('',#3711,#3712,#3713);
#3711 = CARTESIAN_POINT('',(6.8,6.8,0.225));
#3712 = DIRECTION('',(0.,0.,1.));
#3713 = DIRECTION('',(1.,0.,0.));
#3714 = MANIFOLD_SOLID_BREP('',#3715);
#3715 = CLOSED_SHELL('',(#3716));
#3716 = ADVANCED_FACE('',(#3717),#3721,.T.);
#3717 = FACE_BOUND('',#3718,.T.);
#3718 = VERTEX_LOOP('',#3719);
#3719 = VERTEX_POINT('',#3720);
#3720 = CARTESIAN_POINT('',(6.8,6.,0.));
#3721 = SPHERICAL_SURFACE('',#3722,0.225);
#3722 = AXIS2_PLACEMENT_3D('',#3723,#3724,#3725);
#3723 = CARTESIAN_POINT('',(6.8,6.,0.225));
#3724 = DIRECTION('',(0.,0.,1.));
#3725 = DIRECTION('',(1.,0.,0.));
#3726 = MANIFOLD_SOLID_BREP('',#3727);
#3727 = CLOSED_SHELL('',(#3728));
#3728 = ADVANCED_FACE('',(#3729),#3733,.T.);
#3729 = FACE_BOUND('',#3730,.T.);
#3730 = VERTEX_LOOP('',#3731);
#3731 = VERTEX_POINT('',#3732);
#3732 = CARTESIAN_POINT('',(6.8,5.2,0.));
#3733 = SPHERICAL_SURFACE('',#3734,0.225);
#3734 = AXIS2_PLACEMENT_3D('',#3735,#3736,#3737);
#3735 = CARTESIAN_POINT('',(6.8,5.2,0.225));
#3736 = DIRECTION('',(0.,0.,1.));
#3737 = DIRECTION('',(1.,0.,0.));
#3738 = MANIFOLD_SOLID_BREP('',#3739);
#3739 = CLOSED_SHELL('',(#3740));
#3740 = ADVANCED_FACE('',(#3741),#3745,.T.);
#3741 = FACE_BOUND('',#3742,.T.);
#3742 = VERTEX_LOOP('',#3743);
#3743 = VERTEX_POINT('',#3744);
#3744 = CARTESIAN_POINT('',(6.8,4.4,0.));
#3745 = SPHERICAL_SURFACE('',#3746,0.225);
#3746 = AXIS2_PLACEMENT_3D('',#3747,#3748,#3749);
#3747 = CARTESIAN_POINT('',(6.8,4.4,0.225));
#3748 = DIRECTION('',(0.,0.,1.));
#3749 = DIRECTION('',(1.,0.,0.));
#3750 = MANIFOLD_SOLID_BREP('',#3751);
#3751 = CLOSED_SHELL('',(#3752));
#3752 = ADVANCED_FACE('',(#3753),#3757,.T.);
#3753 = FACE_BOUND('',#3754,.T.);
#3754 = VERTEX_LOOP('',#3755);
#3755 = VERTEX_POINT('',#3756);
#3756 = CARTESIAN_POINT('',(6.8,3.6,0.));
#3757 = SPHERICAL_SURFACE('',#3758,0.225);
#3758 = AXIS2_PLACEMENT_3D('',#3759,#3760,#3761);
#3759 = CARTESIAN_POINT('',(6.8,3.6,0.225));
#3760 = DIRECTION('',(0.,0.,1.));
#3761 = DIRECTION('',(1.,0.,0.));
#3762 = MANIFOLD_SOLID_BREP('',#3763);
#3763 = CLOSED_SHELL('',(#3764));
#3764 = ADVANCED_FACE('',(#3765),#3769,.T.);
#3765 = FACE_BOUND('',#3766,.T.);
#3766 = VERTEX_LOOP('',#3767);
#3767 = VERTEX_POINT('',#3768);
#3768 = CARTESIAN_POINT('',(6.8,2.8,0.));
#3769 = SPHERICAL_SURFACE('',#3770,0.225);
#3770 = AXIS2_PLACEMENT_3D('',#3771,#3772,#3773);
#3771 = CARTESIAN_POINT('',(6.8,2.8,0.225));
#3772 = DIRECTION('',(0.,0.,1.));
#3773 = DIRECTION('',(1.,0.,0.));
#3774 = MANIFOLD_SOLID_BREP('',#3775);
#3775 = CLOSED_SHELL('',(#3776));
#3776 = ADVANCED_FACE('',(#3777),#3781,.T.);
#3777 = FACE_BOUND('',#3778,.T.);
#3778 = VERTEX_LOOP('',#3779);
#3779 = VERTEX_POINT('',#3780);
#3780 = CARTESIAN_POINT('',(6.8,2.,0.));
#3781 = SPHERICAL_SURFACE('',#3782,0.225);
#3782 = AXIS2_PLACEMENT_3D('',#3783,#3784,#3785);
#3783 = CARTESIAN_POINT('',(6.8,2.,0.225));
#3784 = DIRECTION('',(0.,0.,1.));
#3785 = DIRECTION('',(1.,0.,0.));
#3786 = MANIFOLD_SOLID_BREP('',#3787);
#3787 = CLOSED_SHELL('',(#3788));
#3788 = ADVANCED_FACE('',(#3789),#3793,.T.);
#3789 = FACE_BOUND('',#3790,.T.);
#3790 = VERTEX_LOOP('',#3791);
#3791 = VERTEX_POINT('',#3792);
#3792 = CARTESIAN_POINT('',(6.8,1.2,0.));
#3793 = SPHERICAL_SURFACE('',#3794,0.225);
#3794 = AXIS2_PLACEMENT_3D('',#3795,#3796,#3797);
#3795 = CARTESIAN_POINT('',(6.8,1.2,0.225));
#3796 = DIRECTION('',(0.,0.,1.));
#3797 = DIRECTION('',(1.,0.,0.));
#3798 = MANIFOLD_SOLID_BREP('',#3799);
#3799 = CLOSED_SHELL('',(#3800));
#3800 = ADVANCED_FACE('',(#3801),#3805,.T.);
#3801 = FACE_BOUND('',#3802,.T.);
#3802 = VERTEX_LOOP('',#3803);
#3803 = VERTEX_POINT('',#3804);
#3804 = CARTESIAN_POINT('',(6.8,0.4,0.));
#3805 = SPHERICAL_SURFACE('',#3806,0.225);
#3806 = AXIS2_PLACEMENT_3D('',#3807,#3808,#3809);
#3807 = CARTESIAN_POINT('',(6.8,0.4,0.225));
#3808 = DIRECTION('',(0.,0.,1.));
#3809 = DIRECTION('',(1.,0.,0.));
#3810 = MANIFOLD_SOLID_BREP('',#3811);
#3811 = CLOSED_SHELL('',(#3812));
#3812 = ADVANCED_FACE('',(#3813),#3817,.T.);
#3813 = FACE_BOUND('',#3814,.T.);
#3814 = VERTEX_LOOP('',#3815);
#3815 = VERTEX_POINT('',#3816);
#3816 = CARTESIAN_POINT('',(6.8,-0.4,0.));
#3817 = SPHERICAL_SURFACE('',#3818,0.225);
#3818 = AXIS2_PLACEMENT_3D('',#3819,#3820,#3821);
#3819 = CARTESIAN_POINT('',(6.8,-0.4,0.225));
#3820 = DIRECTION('',(0.,0.,1.));
#3821 = DIRECTION('',(1.,0.,0.));
#3822 = MANIFOLD_SOLID_BREP('',#3823);
#3823 = CLOSED_SHELL('',(#3824));
#3824 = ADVANCED_FACE('',(#3825),#3829,.T.);
#3825 = FACE_BOUND('',#3826,.T.);
#3826 = VERTEX_LOOP('',#3827);
#3827 = VERTEX_POINT('',#3828);
#3828 = CARTESIAN_POINT('',(6.8,-1.2,0.));
#3829 = SPHERICAL_SURFACE('',#3830,0.225);
#3830 = AXIS2_PLACEMENT_3D('',#3831,#3832,#3833);
#3831 = CARTESIAN_POINT('',(6.8,-1.2,0.225));
#3832 = DIRECTION('',(0.,0.,1.));
#3833 = DIRECTION('',(1.,0.,0.));
#3834 = MANIFOLD_SOLID_BREP('',#3835);
#3835 = CLOSED_SHELL('',(#3836));
#3836 = ADVANCED_FACE('',(#3837),#3841,.T.);
#3837 = FACE_BOUND('',#3838,.T.);
#3838 = VERTEX_LOOP('',#3839);
#3839 = VERTEX_POINT('',#3840);
#3840 = CARTESIAN_POINT('',(6.8,-2.,0.));
#3841 = SPHERICAL_SURFACE('',#3842,0.225);
#3842 = AXIS2_PLACEMENT_3D('',#3843,#3844,#3845);
#3843 = CARTESIAN_POINT('',(6.8,-2.,0.225));
#3844 = DIRECTION('',(0.,0.,1.));
#3845 = DIRECTION('',(1.,0.,0.));
#3846 = MANIFOLD_SOLID_BREP('',#3847);
#3847 = CLOSED_SHELL('',(#3848));
#3848 = ADVANCED_FACE('',(#3849),#3853,.T.);
#3849 = FACE_BOUND('',#3850,.T.);
#3850 = VERTEX_LOOP('',#3851);
#3851 = VERTEX_POINT('',#3852);
#3852 = CARTESIAN_POINT('',(6.8,-2.8,0.));
#3853 = SPHERICAL_SURFACE('',#3854,0.225);
#3854 = AXIS2_PLACEMENT_3D('',#3855,#3856,#3857);
#3855 = CARTESIAN_POINT('',(6.8,-2.8,0.225));
#3856 = DIRECTION('',(0.,0.,1.));
#3857 = DIRECTION('',(1.,0.,0.));
#3858 = MANIFOLD_SOLID_BREP('',#3859);
#3859 = CLOSED_SHELL('',(#3860));
#3860 = ADVANCED_FACE('',(#3861),#3865,.T.);
#3861 = FACE_BOUND('',#3862,.T.);
#3862 = VERTEX_LOOP('',#3863);
#3863 = VERTEX_POINT('',#3864);
#3864 = CARTESIAN_POINT('',(6.8,-3.6,0.));
#3865 = SPHERICAL_SURFACE('',#3866,0.225);
#3866 = AXIS2_PLACEMENT_3D('',#3867,#3868,#3869);
#3867 = CARTESIAN_POINT('',(6.8,-3.6,0.225));
#3868 = DIRECTION('',(0.,0.,1.));
#3869 = DIRECTION('',(1.,0.,0.));
#3870 = MANIFOLD_SOLID_BREP('',#3871);
#3871 = CLOSED_SHELL('',(#3872));
#3872 = ADVANCED_FACE('',(#3873),#3877,.T.);
#3873 = FACE_BOUND('',#3874,.T.);
#3874 = VERTEX_LOOP('',#3875);
#3875 = VERTEX_POINT('',#3876);
#3876 = CARTESIAN_POINT('',(6.8,-4.4,0.));
#3877 = SPHERICAL_SURFACE('',#3878,0.225);
#3878 = AXIS2_PLACEMENT_3D('',#3879,#3880,#3881);
#3879 = CARTESIAN_POINT('',(6.8,-4.4,0.225));
#3880 = DIRECTION('',(0.,0.,1.));
#3881 = DIRECTION('',(1.,0.,0.));
#3882 = MANIFOLD_SOLID_BREP('',#3883);
#3883 = CLOSED_SHELL('',(#3884));
#3884 = ADVANCED_FACE('',(#3885),#3889,.T.);
#3885 = FACE_BOUND('',#3886,.T.);
#3886 = VERTEX_LOOP('',#3887);
#3887 = VERTEX_POINT('',#3888);
#3888 = CARTESIAN_POINT('',(6.8,-5.2,0.));
#3889 = SPHERICAL_SURFACE('',#3890,0.225);
#3890 = AXIS2_PLACEMENT_3D('',#3891,#3892,#3893);
#3891 = CARTESIAN_POINT('',(6.8,-5.2,0.225));
#3892 = DIRECTION('',(0.,0.,1.));
#3893 = DIRECTION('',(1.,0.,0.));
#3894 = MANIFOLD_SOLID_BREP('',#3895);
#3895 = CLOSED_SHELL('',(#3896));
#3896 = ADVANCED_FACE('',(#3897),#3901,.T.);
#3897 = FACE_BOUND('',#3898,.T.);
#3898 = VERTEX_LOOP('',#3899);
#3899 = VERTEX_POINT('',#3900);
#3900 = CARTESIAN_POINT('',(6.8,-6.,0.));
#3901 = SPHERICAL_SURFACE('',#3902,0.225);
#3902 = AXIS2_PLACEMENT_3D('',#3903,#3904,#3905);
#3903 = CARTESIAN_POINT('',(6.8,-6.,0.225));
#3904 = DIRECTION('',(0.,0.,1.));
#3905 = DIRECTION('',(1.,0.,0.));
#3906 = MANIFOLD_SOLID_BREP('',#3907);
#3907 = CLOSED_SHELL('',(#3908));
#3908 = ADVANCED_FACE('',(#3909),#3913,.T.);
#3909 = FACE_BOUND('',#3910,.T.);
#3910 = VERTEX_LOOP('',#3911);
#3911 = VERTEX_POINT('',#3912);
#3912 = CARTESIAN_POINT('',(6.8,-6.8,0.));
#3913 = SPHERICAL_SURFACE('',#3914,0.225);
#3914 = AXIS2_PLACEMENT_3D('',#3915,#3916,#3917);
#3915 = CARTESIAN_POINT('',(6.8,-6.8,0.225));
#3916 = DIRECTION('',(0.,0.,1.));
#3917 = DIRECTION('',(1.,0.,0.));
#3918 = ( GEOMETRIC_REPRESENTATION_CONTEXT(3) 
GLOBAL_UNCERTAINTY_ASSIGNED_CONTEXT((#3922)) 
GLOBAL_UNIT_ASSIGNED_CONTEXT((#3919,#3920,#3921)) REPRESENTATION_CONTEXT
('Context #1','3D Context with UNIT and UNCERTAINTY') );
#3919 = ( LENGTH_UNIT() NAMED_UNIT(*) SI_UNIT(.MILLI.,.METRE.) );
#3920 = ( NAMED_UNIT(*) PLANE_ANGLE_UNIT() SI_UNIT($,.RADIAN.) );
#3921 = ( NAMED_UNIT(*) SI_UNIT($,.STERADIAN.) SOLID_ANGLE_UNIT() );
#3922 = UNCERTAINTY_MEASURE_WITH_UNIT(LENGTH_MEASURE(1.E-07),#3919,
  'distance_accuracy_value','confusion accuracy');
#3923 = SHAPE_DEFINITION_REPRESENTATION(#3924,#29);
#3924 = PRODUCT_DEFINITION_SHAPE('','',#3925);
#3925 = PRODUCT_DEFINITION('design','',#3926,#3929);
#3926 = PRODUCT_DEFINITION_FORMATION('','',#3927);
#3927 = PRODUCT('Array','Array','',(#3928));
#3928 = PRODUCT_CONTEXT('',#2,'mechanical');
#3929 = PRODUCT_DEFINITION_CONTEXT('part definition',#2,'design');
#3930 = CONTEXT_DEPENDENT_SHAPE_REPRESENTATION(#3931,#3933);
#3931 = ( REPRESENTATION_RELATIONSHIP('','',#29,#10) 
REPRESENTATION_RELATIONSHIP_WITH_TRANSFORMATION(#3932) 
SHAPE_REPRESENTATION_RELATIONSHIP() );
#3932 = ITEM_DEFINED_TRANSFORMATION('','',#11,#15);
#3933 = PRODUCT_DEFINITION_SHAPE('Placement','Placement of an item',
  #3934);
#3934 = NEXT_ASSEMBLY_USAGE_OCCURRENCE('1','=>[0:1:1:2]','',#5,#3925,$);
#3935 = PRODUCT_RELATED_PRODUCT_CATEGORY('part',$,(#3927));
#3936 = ADVANCED_BREP_SHAPE_REPRESENTATION('',(#11,#3937),#4357);
#3937 = MANIFOLD_SOLID_BREP('',#3938);
#3938 = CLOSED_SHELL('',(#3939,#4059,#4135,#4215,#4264,#4291,#4298,#4353
    ));
#3939 = ADVANCED_FACE('',(#3940),#3954,.F.);
#3940 = FACE_BOUND('',#3941,.F.);
#3941 = EDGE_LOOP('',(#3942,#3977,#4005,#4033));
#3942 = ORIENTED_EDGE('',*,*,#3943,.F.);
#3943 = EDGE_CURVE('',#3944,#3946,#3948,.T.);
#3944 = VERTEX_POINT('',#3945);
#3945 = CARTESIAN_POINT('',(-7.5,-7.5,0.45));
#3946 = VERTEX_POINT('',#3947);
#3947 = CARTESIAN_POINT('',(-7.5,-7.5,1.5));
#3948 = SURFACE_CURVE('',#3949,(#3953,#3965),.PCURVE_S1.);
#3949 = LINE('',#3950,#3951);
#3950 = CARTESIAN_POINT('',(-7.5,-7.5,0.45));
#3951 = VECTOR('',#3952,1.);
#3952 = DIRECTION('',(0.,0.,1.));
#3953 = PCURVE('',#3954,#3959);
#3954 = PLANE('',#3955);
#3955 = AXIS2_PLACEMENT_3D('',#3956,#3957,#3958);
#3956 = CARTESIAN_POINT('',(-7.5,-7.5,0.45));
#3957 = DIRECTION('',(1.,0.,0.));
#3958 = DIRECTION('',(0.,0.,1.));
#3959 = DEFINITIONAL_REPRESENTATION('',(#3960),#3964);
#3960 = LINE('',#3961,#3962);
#3961 = CARTESIAN_POINT('',(0.,0.));
#3962 = VECTOR('',#3963,1.);
#3963 = DIRECTION('',(1.,0.));
#3964 = ( GEOMETRIC_REPRESENTATION_CONTEXT(2) 
PARAMETRIC_REPRESENTATION_CONTEXT() REPRESENTATION_CONTEXT('2D SPACE',''
  ) );
#3965 = PCURVE('',#3966,#3971);
#3966 = PLANE('',#3967);
#3967 = AXIS2_PLACEMENT_3D('',#3968,#3969,#3970);
#3968 = CARTESIAN_POINT('',(-7.5,-7.5,0.45));
#3969 = DIRECTION('',(0.,1.,0.));
#3970 = DIRECTION('',(0.,0.,1.));
#3971 = DEFINITIONAL_REPRESENTATION('',(#3972),#3976);
#3972 = LINE('',#3973,#3974);
#3973 = CARTESIAN_POINT('',(0.,0.));
#3974 = VECTOR('',#3975,1.);
#3975 = DIRECTION('',(1.,0.));
#3976 = ( GEOMETRIC_REPRESENTATION_CONTEXT(2) 
PARAMETRIC_REPRESENTATION_CONTEXT() REPRESENTATION_CONTEXT('2D SPACE',''
  ) );
#3977 = ORIENTED_EDGE('',*,*,#3978,.T.);
#3978 = EDGE_CURVE('',#3944,#3979,#3981,.T.);
#3979 = VERTEX_POINT('',#3980);
#3980 = CARTESIAN_POINT('',(-7.5,7.5,0.45));
#3981 = SURFACE_CURVE('',#3982,(#3986,#3993),.PCURVE_S1.);
#3982 = LINE('',#3983,#3984);
#3983 = CARTESIAN_POINT('',(-7.5,-7.5,0.45));
#3984 = VECTOR('',#3985,1.);
#3985 = DIRECTION('',(0.,1.,0.));
#3986 = PCURVE('',#3954,#3987);
#3987 = DEFINITIONAL_REPRESENTATION('',(#3988),#3992);
#3988 = LINE('',#3989,#3990);
#3989 = CARTESIAN_POINT('',(0.,0.));
#3990 = VECTOR('',#3991,1.);
#3991 = DIRECTION('',(0.,-1.));
#3992 = ( GEOMETRIC_REPRESENTATION_CONTEXT(2) 
PARAMETRIC_REPRESENTATION_CONTEXT() REPRESENTATION_CONTEXT('2D SPACE',''
  ) );
#3993 = PCURVE('',#3994,#3999);
#3994 = PLANE('',#3995);
#3995 = AXIS2_PLACEMENT_3D('',#3996,#3997,#3998);
#3996 = CARTESIAN_POINT('',(-7.5,-7.5,0.45));
#3997 = DIRECTION('',(0.,0.,1.));
#3998 = DIRECTION('',(1.,0.,0.));
#3999 = DEFINITIONAL_REPRESENTATION('',(#4000),#4004);
#4000 = LINE('',#4001,#4002);
#4001 = CARTESIAN_POINT('',(0.,0.));
#4002 = VECTOR('',#4003,1.);
#4003 = DIRECTION('',(0.,1.));
#4004 = ( GEOMETRIC_REPRESENTATION_CONTEXT(2) 
PARAMETRIC_REPRESENTATION_CONTEXT() REPRESENTATION_CONTEXT('2D SPACE',''
  ) );
#4005 = ORIENTED_EDGE('',*,*,#4006,.T.);
#4006 = EDGE_CURVE('',#3979,#4007,#4009,.T.);
#4007 = VERTEX_POINT('',#4008);
#4008 = CARTESIAN_POINT('',(-7.5,7.5,1.5));
#4009 = SURFACE_CURVE('',#4010,(#4014,#4021),.PCURVE_S1.);
#4010 = LINE('',#4011,#4012);
#4011 = CARTESIAN_POINT('',(-7.5,7.5,0.45));
#4012 = VECTOR('',#4013,1.);
#4013 = DIRECTION('',(0.,0.,1.));
#4014 = PCURVE('',#3954,#4015);
#4015 = DEFINITIONAL_REPRESENTATION('',(#4016),#4020);
#4016 = LINE('',#4017,#4018);
#4017 = CARTESIAN_POINT('',(0.,-15.));
#4018 = VECTOR('',#4019,1.);
#4019 = DIRECTION('',(1.,0.));
#4020 = ( GEOMETRIC_REPRESENTATION_CONTEXT(2) 
PARAMETRIC_REPRESENTATION_CONTEXT() REPRESENTATION_CONTEXT('2D SPACE',''
  ) );
#4021 = PCURVE('',#4022,#4027);
#4022 = PLANE('',#4023);
#4023 = AXIS2_PLACEMENT_3D('',#4024,#4025,#4026);
#4024 = CARTESIAN_POINT('',(-7.5,7.5,0.45));
#4025 = DIRECTION('',(0.,1.,0.));
#4026 = DIRECTION('',(0.,0.,1.));
#4027 = DEFINITIONAL_REPRESENTATION('',(#4028),#4032);
#4028 = LINE('',#4029,#4030);
#4029 = CARTESIAN_POINT('',(0.,0.));
#4030 = VECTOR('',#4031,1.);
#4031 = DIRECTION('',(1.,0.));
#4032 = ( GEOMETRIC_REPRESENTATION_CONTEXT(2) 
PARAMETRIC_REPRESENTATION_CONTEXT() REPRESENTATION_CONTEXT('2D SPACE',''
  ) );
#4033 = ORIENTED_EDGE('',*,*,#4034,.F.);
#4034 = EDGE_CURVE('',#3946,#4007,#4035,.T.);
#4035 = SURFACE_CURVE('',#4036,(#4040,#4047),.PCURVE_S1.);
#4036 = LINE('',#4037,#4038);
#4037 = CARTESIAN_POINT('',(-7.5,-7.5,1.5));
#4038 = VECTOR('',#4039,1.);
#4039 = DIRECTION('',(0.,1.,0.));
#4040 = PCURVE('',#3954,#4041);
#4041 = DEFINITIONAL_REPRESENTATION('',(#4042),#4046);
#4042 = LINE('',#4043,#4044);
#4043 = CARTESIAN_POINT('',(1.05,0.));
#4044 = VECTOR('',#4045,1.);
#4045 = DIRECTION('',(0.,-1.));
#4046 = ( GEOMETRIC_REPRESENTATION_CONTEXT(2) 
PARAMETRIC_REPRESENTATION_CONTEXT() REPRESENTATION_CONTEXT('2D SPACE',''
  ) );
#4047 = PCURVE('',#4048,#4053);
#4048 = PLANE('',#4049);
#4049 = AXIS2_PLACEMENT_3D('',#4050,#4051,#4052);
#4050 = CARTESIAN_POINT('',(-7.5,-7.5,1.5));
#4051 = DIRECTION('',(0.,0.,1.));
#4052 = DIRECTION('',(1.,0.,0.));
#4053 = DEFINITIONAL_REPRESENTATION('',(#4054),#4058);
#4054 = LINE('',#4055,#4056);
#4055 = CARTESIAN_POINT('',(0.,0.));
#4056 = VECTOR('',#4057,1.);
#4057 = DIRECTION('',(0.,1.));
#4058 = ( GEOMETRIC_REPRESENTATION_CONTEXT(2) 
PARAMETRIC_REPRESENTATION_CONTEXT() REPRESENTATION_CONTEXT('2D SPACE',''
  ) );
#4059 = ADVANCED_FACE('',(#4060),#3966,.F.);
#4060 = FACE_BOUND('',#4061,.F.);
#4061 = EDGE_LOOP('',(#4062,#4085,#4086,#4109));
#4062 = ORIENTED_EDGE('',*,*,#4063,.F.);
#4063 = EDGE_CURVE('',#3944,#4064,#4066,.T.);
#4064 = VERTEX_POINT('',#4065);
#4065 = CARTESIAN_POINT('',(7.5,-7.5,0.45));
#4066 = SURFACE_CURVE('',#4067,(#4071,#4078),.PCURVE_S1.);
#4067 = LINE('',#4068,#4069);
#4068 = CARTESIAN_POINT('',(-7.5,-7.5,0.45));
#4069 = VECTOR('',#4070,1.);
#4070 = DIRECTION('',(1.,0.,0.));
#4071 = PCURVE('',#3966,#4072);
#4072 = DEFINITIONAL_REPRESENTATION('',(#4073),#4077);
#4073 = LINE('',#4074,#4075);
#4074 = CARTESIAN_POINT('',(0.,0.));
#4075 = VECTOR('',#4076,1.);
#4076 = DIRECTION('',(0.,1.));
#4077 = ( GEOMETRIC_REPRESENTATION_CONTEXT(2) 
PARAMETRIC_REPRESENTATION_CONTEXT() REPRESENTATION_CONTEXT('2D SPACE',''
  ) );
#4078 = PCURVE('',#3994,#4079);
#4079 = DEFINITIONAL_REPRESENTATION('',(#4080),#4084);
#4080 = LINE('',#4081,#4082);
#4081 = CARTESIAN_POINT('',(0.,0.));
#4082 = VECTOR('',#4083,1.);
#4083 = DIRECTION('',(1.,0.));
#4084 = ( GEOMETRIC_REPRESENTATION_CONTEXT(2) 
PARAMETRIC_REPRESENTATION_CONTEXT() REPRESENTATION_CONTEXT('2D SPACE',''
  ) );
#4085 = ORIENTED_EDGE('',*,*,#3943,.T.);
#4086 = ORIENTED_EDGE('',*,*,#4087,.T.);
#4087 = EDGE_CURVE('',#3946,#4088,#4090,.T.);
#4088 = VERTEX_POINT('',#4089);
#4089 = CARTESIAN_POINT('',(7.5,-7.5,1.5));
#4090 = SURFACE_CURVE('',#4091,(#4095,#4102),.PCURVE_S1.);
#4091 = LINE('',#4092,#4093);
#4092 = CARTESIAN_POINT('',(-7.5,-7.5,1.5));
#4093 = VECTOR('',#4094,1.);
#4094 = DIRECTION('',(1.,0.,0.));
#4095 = PCURVE('',#3966,#4096);
#4096 = DEFINITIONAL_REPRESENTATION('',(#4097),#4101);
#4097 = LINE('',#4098,#4099);
#4098 = CARTESIAN_POINT('',(1.05,0.));
#4099 = VECTOR('',#4100,1.);
#4100 = DIRECTION('',(0.,1.));
#4101 = ( GEOMETRIC_REPRESENTATION_CONTEXT(2) 
PARAMETRIC_REPRESENTATION_CONTEXT() REPRESENTATION_CONTEXT('2D SPACE',''
  ) );
#4102 = PCURVE('',#4048,#4103);
#4103 = DEFINITIONAL_REPRESENTATION('',(#4104),#4108);
#4104 = LINE('',#4105,#4106);
#4105 = CARTESIAN_POINT('',(0.,0.));
#4106 = VECTOR('',#4107,1.);
#4107 = DIRECTION('',(1.,0.));
#4108 = ( GEOMETRIC_REPRESENTATION_CONTEXT(2) 
PARAMETRIC_REPRESENTATION_CONTEXT() REPRESENTATION_CONTEXT('2D SPACE',''
  ) );
#4109 = ORIENTED_EDGE('',*,*,#4110,.F.);
#4110 = EDGE_CURVE('',#4064,#4088,#4111,.T.);
#4111 = SURFACE_CURVE('',#4112,(#4116,#4123),.PCURVE_S1.);
#4112 = LINE('',#4113,#4114);
#4113 = CARTESIAN_POINT('',(7.5,-7.5,0.45));
#4114 = VECTOR('',#4115,1.);
#4115 = DIRECTION('',(0.,0.,1.));
#4116 = PCURVE('',#3966,#4117);
#4117 = DEFINITIONAL_REPRESENTATION('',(#4118),#4122);
#4118 = LINE('',#4119,#4120);
#4119 = CARTESIAN_POINT('',(0.,15.));
#4120 = VECTOR('',#4121,1.);
#4121 = DIRECTION('',(1.,0.));
#4122 = ( GEOMETRIC_REPRESENTATION_CONTEXT(2) 
PARAMETRIC_REPRESENTATION_CONTEXT() REPRESENTATION_CONTEXT('2D SPACE',''
  ) );
#4123 = PCURVE('',#4124,#4129);
#4124 = PLANE('',#4125);
#4125 = AXIS2_PLACEMENT_3D('',#4126,#4127,#4128);
#4126 = CARTESIAN_POINT('',(7.5,-7.5,0.45));
#4127 = DIRECTION('',(1.,0.,0.));
#4128 = DIRECTION('',(0.,0.,1.));
#4129 = DEFINITIONAL_REPRESENTATION('',(#4130),#4134);
#4130 = LINE('',#4131,#4132);
#4131 = CARTESIAN_POINT('',(0.,0.));
#4132 = VECTOR('',#4133,1.);
#4133 = DIRECTION('',(1.,0.));
#4134 = ( GEOMETRIC_REPRESENTATION_CONTEXT(2) 
PARAMETRIC_REPRESENTATION_CONTEXT() REPRESENTATION_CONTEXT('2D SPACE',''
  ) );
#4135 = ADVANCED_FACE('',(#4136,#4184),#4048,.T.);
#4136 = FACE_BOUND('',#4137,.T.);
#4137 = EDGE_LOOP('',(#4138,#4139,#4140,#4163));
#4138 = ORIENTED_EDGE('',*,*,#4034,.F.);
#4139 = ORIENTED_EDGE('',*,*,#4087,.T.);
#4140 = ORIENTED_EDGE('',*,*,#4141,.T.);
#4141 = EDGE_CURVE('',#4088,#4142,#4144,.T.);
#4142 = VERTEX_POINT('',#4143);
#4143 = CARTESIAN_POINT('',(7.5,7.5,1.5));
#4144 = SURFACE_CURVE('',#4145,(#4149,#4156),.PCURVE_S1.);
#4145 = LINE('',#4146,#4147);
#4146 = CARTESIAN_POINT('',(7.5,-7.5,1.5));
#4147 = VECTOR('',#4148,1.);
#4148 = DIRECTION('',(0.,1.,0.));
#4149 = PCURVE('',#4048,#4150);
#4150 = DEFINITIONAL_REPRESENTATION('',(#4151),#4155);
#4151 = LINE('',#4152,#4153);
#4152 = CARTESIAN_POINT('',(15.,0.));
#4153 = VECTOR('',#4154,1.);
#4154 = DIRECTION('',(0.,1.));
#4155 = ( GEOMETRIC_REPRESENTATION_CONTEXT(2) 
PARAMETRIC_REPRESENTATION_CONTEXT() REPRESENTATION_CONTEXT('2D SPACE',''
  ) );
#4156 = PCURVE('',#4124,#4157);
#4157 = DEFINITIONAL_REPRESENTATION('',(#4158),#4162);
#4158 = LINE('',#4159,#4160);
#4159 = CARTESIAN_POINT('',(1.05,0.));
#4160 = VECTOR('',#4161,1.);
#4161 = DIRECTION('',(0.,-1.));
#4162 = ( GEOMETRIC_REPRESENTATION_CONTEXT(2) 
PARAMETRIC_REPRESENTATION_CONTEXT() REPRESENTATION_CONTEXT('2D SPACE',''
  ) );
#4163 = ORIENTED_EDGE('',*,*,#4164,.F.);
#4164 = EDGE_CURVE('',#4007,#4142,#4165,.T.);
#4165 = SURFACE_CURVE('',#4166,(#4170,#4177),.PCURVE_S1.);
#4166 = LINE('',#4167,#4168);
#4167 = CARTESIAN_POINT('',(-7.5,7.5,1.5));
#4168 = VECTOR('',#4169,1.);
#4169 = DIRECTION('',(1.,0.,0.));
#4170 = PCURVE('',#4048,#4171);
#4171 = DEFINITIONAL_REPRESENTATION('',(#4172),#4176);
#4172 = LINE('',#4173,#4174);
#4173 = CARTESIAN_POINT('',(0.,15.));
#4174 = VECTOR('',#4175,1.);
#4175 = DIRECTION('',(1.,0.));
#4176 = ( GEOMETRIC_REPRESENTATION_CONTEXT(2) 
PARAMETRIC_REPRESENTATION_CONTEXT() REPRESENTATION_CONTEXT('2D SPACE',''
  ) );
#4177 = PCURVE('',#4022,#4178);
#4178 = DEFINITIONAL_REPRESENTATION('',(#4179),#4183);
#4179 = LINE('',#4180,#4181);
#4180 = CARTESIAN_POINT('',(1.05,0.));
#4181 = VECTOR('',#4182,1.);
#4182 = DIRECTION('',(0.,1.));
#4183 = ( GEOMETRIC_REPRESENTATION_CONTEXT(2) 
PARAMETRIC_REPRESENTATION_CONTEXT() REPRESENTATION_CONTEXT('2D SPACE',''
  ) );
#4184 = FACE_BOUND('',#4185,.T.);
#4185 = EDGE_LOOP('',(#4186));
#4186 = ORIENTED_EDGE('',*,*,#4187,.F.);
#4187 = EDGE_CURVE('',#4188,#4188,#4190,.T.);
#4188 = VERTEX_POINT('',#4189);
#4189 = CARTESIAN_POINT('',(-4.6875,5.625,1.5));
#4190 = SURFACE_CURVE('',#4191,(#4196,#4203),.PCURVE_S1.);
#4191 = CIRCLE('',#4192,0.9375);
#4192 = AXIS2_PLACEMENT_3D('',#4193,#4194,#4195);
#4193 = CARTESIAN_POINT('',(-5.625,5.625,1.5));
#4194 = DIRECTION('',(0.,0.,1.));
#4195 = DIRECTION('',(1.,0.,0.));
#4196 = PCURVE('',#4048,#4197);
#4197 = DEFINITIONAL_REPRESENTATION('',(#4198),#4202);
#4198 = CIRCLE('',#4199,0.9375);
#4199 = AXIS2_PLACEMENT_2D('',#4200,#4201);
#4200 = CARTESIAN_POINT('',(1.875,13.125));
#4201 = DIRECTION('',(1.,0.));
#4202 = ( GEOMETRIC_REPRESENTATION_CONTEXT(2) 
PARAMETRIC_REPRESENTATION_CONTEXT() REPRESENTATION_CONTEXT('2D SPACE',''
  ) );
#4203 = PCURVE('',#4204,#4209);
#4204 = CYLINDRICAL_SURFACE('',#4205,0.9375);
#4205 = AXIS2_PLACEMENT_3D('',#4206,#4207,#4208);
#4206 = CARTESIAN_POINT('',(-5.625,5.625,1.35));
#4207 = DIRECTION('',(0.,0.,1.));
#4208 = DIRECTION('',(1.,0.,0.));
#4209 = DEFINITIONAL_REPRESENTATION('',(#4210),#4214);
#4210 = LINE('',#4211,#4212);
#4211 = CARTESIAN_POINT('',(0.,0.15));
#4212 = VECTOR('',#4213,1.);
#4213 = DIRECTION('',(1.,0.));
#4214 = ( GEOMETRIC_REPRESENTATION_CONTEXT(2) 
PARAMETRIC_REPRESENTATION_CONTEXT() REPRESENTATION_CONTEXT('2D SPACE',''
  ) );
#4215 = ADVANCED_FACE('',(#4216),#4022,.T.);
#4216 = FACE_BOUND('',#4217,.T.);
#4217 = EDGE_LOOP('',(#4218,#4241,#4242,#4243));
#4218 = ORIENTED_EDGE('',*,*,#4219,.F.);
#4219 = EDGE_CURVE('',#3979,#4220,#4222,.T.);
#4220 = VERTEX_POINT('',#4221);
#4221 = CARTESIAN_POINT('',(7.5,7.5,0.45));
#4222 = SURFACE_CURVE('',#4223,(#4227,#4234),.PCURVE_S1.);
#4223 = LINE('',#4224,#4225);
#4224 = CARTESIAN_POINT('',(-7.5,7.5,0.45));
#4225 = VECTOR('',#4226,1.);
#4226 = DIRECTION('',(1.,0.,0.));
#4227 = PCURVE('',#4022,#4228);
#4228 = DEFINITIONAL_REPRESENTATION('',(#4229),#4233);
#4229 = LINE('',#4230,#4231);
#4230 = CARTESIAN_POINT('',(0.,0.));
#4231 = VECTOR('',#4232,1.);
#4232 = DIRECTION('',(0.,1.));
#4233 = ( GEOMETRIC_REPRESENTATION_CONTEXT(2) 
PARAMETRIC_REPRESENTATION_CONTEXT() REPRESENTATION_CONTEXT('2D SPACE',''
  ) );
#4234 = PCURVE('',#3994,#4235);
#4235 = DEFINITIONAL_REPRESENTATION('',(#4236),#4240);
#4236 = LINE('',#4237,#4238);
#4237 = CARTESIAN_POINT('',(0.,15.));
#4238 = VECTOR('',#4239,1.);
#4239 = DIRECTION('',(1.,0.));
#4240 = ( GEOMETRIC_REPRESENTATION_CONTEXT(2) 
PARAMETRIC_REPRESENTATION_CONTEXT() REPRESENTATION_CONTEXT('2D SPACE',''
  ) );
#4241 = ORIENTED_EDGE('',*,*,#4006,.T.);
#4242 = ORIENTED_EDGE('',*,*,#4164,.T.);
#4243 = ORIENTED_EDGE('',*,*,#4244,.F.);
#4244 = EDGE_CURVE('',#4220,#4142,#4245,.T.);
#4245 = SURFACE_CURVE('',#4246,(#4250,#4257),.PCURVE_S1.);
#4246 = LINE('',#4247,#4248);
#4247 = CARTESIAN_POINT('',(7.5,7.5,0.45));
#4248 = VECTOR('',#4249,1.);
#4249 = DIRECTION('',(0.,0.,1.));
#4250 = PCURVE('',#4022,#4251);
#4251 = DEFINITIONAL_REPRESENTATION('',(#4252),#4256);
#4252 = LINE('',#4253,#4254);
#4253 = CARTESIAN_POINT('',(0.,15.));
#4254 = VECTOR('',#4255,1.);
#4255 = DIRECTION('',(1.,0.));
#4256 = ( GEOMETRIC_REPRESENTATION_CONTEXT(2) 
PARAMETRIC_REPRESENTATION_CONTEXT() REPRESENTATION_CONTEXT('2D SPACE',''
  ) );
#4257 = PCURVE('',#4124,#4258);
#4258 = DEFINITIONAL_REPRESENTATION('',(#4259),#4263);
#4259 = LINE('',#4260,#4261);
#4260 = CARTESIAN_POINT('',(0.,-15.));
#4261 = VECTOR('',#4262,1.);
#4262 = DIRECTION('',(1.,0.));
#4263 = ( GEOMETRIC_REPRESENTATION_CONTEXT(2) 
PARAMETRIC_REPRESENTATION_CONTEXT() REPRESENTATION_CONTEXT('2D SPACE',''
  ) );
#4264 = ADVANCED_FACE('',(#4265),#3994,.F.);
#4265 = FACE_BOUND('',#4266,.F.);
#4266 = EDGE_LOOP('',(#4267,#4268,#4269,#4290));
#4267 = ORIENTED_EDGE('',*,*,#3978,.F.);
#4268 = ORIENTED_EDGE('',*,*,#4063,.T.);
#4269 = ORIENTED_EDGE('',*,*,#4270,.T.);
#4270 = EDGE_CURVE('',#4064,#4220,#4271,.T.);
#4271 = SURFACE_CURVE('',#4272,(#4276,#4283),.PCURVE_S1.);
#4272 = LINE('',#4273,#4274);
#4273 = CARTESIAN_POINT('',(7.5,-7.5,0.45));
#4274 = VECTOR('',#4275,1.);
#4275 = DIRECTION('',(0.,1.,0.));
#4276 = PCURVE('',#3994,#4277);
#4277 = DEFINITIONAL_REPRESENTATION('',(#4278),#4282);
#4278 = LINE('',#4279,#4280);
#4279 = CARTESIAN_POINT('',(15.,0.));
#4280 = VECTOR('',#4281,1.);
#4281 = DIRECTION('',(0.,1.));
#4282 = ( GEOMETRIC_REPRESENTATION_CONTEXT(2) 
PARAMETRIC_REPRESENTATION_CONTEXT() REPRESENTATION_CONTEXT('2D SPACE',''
  ) );
#4283 = PCURVE('',#4124,#4284);
#4284 = DEFINITIONAL_REPRESENTATION('',(#4285),#4289);
#4285 = LINE('',#4286,#4287);
#4286 = CARTESIAN_POINT('',(0.,0.));
#4287 = VECTOR('',#4288,1.);
#4288 = DIRECTION('',(0.,-1.));
#4289 = ( GEOMETRIC_REPRESENTATION_CONTEXT(2) 
PARAMETRIC_REPRESENTATION_CONTEXT() REPRESENTATION_CONTEXT('2D SPACE',''
  ) );
#4290 = ORIENTED_EDGE('',*,*,#4219,.F.);
#4291 = ADVANCED_FACE('',(#4292),#4124,.T.);
#4292 = FACE_BOUND('',#4293,.T.);
#4293 = EDGE_LOOP('',(#4294,#4295,#4296,#4297));
#4294 = ORIENTED_EDGE('',*,*,#4110,.F.);
#4295 = ORIENTED_EDGE('',*,*,#4270,.T.);
#4296 = ORIENTED_EDGE('',*,*,#4244,.T.);
#4297 = ORIENTED_EDGE('',*,*,#4141,.F.);
#4298 = ADVANCED_FACE('',(#4299),#4204,.F.);
#4299 = FACE_BOUND('',#4300,.F.);
#4300 = EDGE_LOOP('',(#4301,#4324,#4325,#4326));
#4301 = ORIENTED_EDGE('',*,*,#4302,.T.);
#4302 = EDGE_CURVE('',#4303,#4188,#4305,.T.);
#4303 = VERTEX_POINT('',#4304);
#4304 = CARTESIAN_POINT('',(-4.6875,5.625,1.35));
#4305 = SEAM_CURVE('',#4306,(#4310,#4317),.PCURVE_S1.);
#4306 = LINE('',#4307,#4308);
#4307 = CARTESIAN_POINT('',(-4.6875,5.625,1.35));
#4308 = VECTOR('',#4309,1.);
#4309 = DIRECTION('',(0.,0.,1.));
#4310 = PCURVE('',#4204,#4311);
#4311 = DEFINITIONAL_REPRESENTATION('',(#4312),#4316);
#4312 = LINE('',#4313,#4314);
#4313 = CARTESIAN_POINT('',(6.28318530718,-0.));
#4314 = VECTOR('',#4315,1.);
#4315 = DIRECTION('',(0.,1.));
#4316 = ( GEOMETRIC_REPRESENTATION_CONTEXT(2) 
PARAMETRIC_REPRESENTATION_CONTEXT() REPRESENTATION_CONTEXT('2D SPACE',''
  ) );
#4317 = PCURVE('',#4204,#4318);
#4318 = DEFINITIONAL_REPRESENTATION('',(#4319),#4323);
#4319 = LINE('',#4320,#4321);
#4320 = CARTESIAN_POINT('',(0.,-0.));
#4321 = VECTOR('',#4322,1.);
#4322 = DIRECTION('',(0.,1.));
#4323 = ( GEOMETRIC_REPRESENTATION_CONTEXT(2) 
PARAMETRIC_REPRESENTATION_CONTEXT() REPRESENTATION_CONTEXT('2D SPACE',''
  ) );
#4324 = ORIENTED_EDGE('',*,*,#4187,.F.);
#4325 = ORIENTED_EDGE('',*,*,#4302,.F.);
#4326 = ORIENTED_EDGE('',*,*,#4327,.T.);
#4327 = EDGE_CURVE('',#4303,#4303,#4328,.T.);
#4328 = SURFACE_CURVE('',#4329,(#4334,#4341),.PCURVE_S1.);
#4329 = CIRCLE('',#4330,0.9375);
#4330 = AXIS2_PLACEMENT_3D('',#4331,#4332,#4333);
#4331 = CARTESIAN_POINT('',(-5.625,5.625,1.35));
#4332 = DIRECTION('',(0.,0.,1.));
#4333 = DIRECTION('',(1.,0.,0.));
#4334 = PCURVE('',#4204,#4335);
#4335 = DEFINITIONAL_REPRESENTATION('',(#4336),#4340);
#4336 = LINE('',#4337,#4338);
#4337 = CARTESIAN_POINT('',(0.,0.));
#4338 = VECTOR('',#4339,1.);
#4339 = DIRECTION('',(1.,0.));
#4340 = ( GEOMETRIC_REPRESENTATION_CONTEXT(2) 
PARAMETRIC_REPRESENTATION_CONTEXT() REPRESENTATION_CONTEXT('2D SPACE',''
  ) );
#4341 = PCURVE('',#4342,#4347);
#4342 = PLANE('',#4343);
#4343 = AXIS2_PLACEMENT_3D('',#4344,#4345,#4346);
#4344 = CARTESIAN_POINT('',(-5.625,5.625,1.35));
#4345 = DIRECTION('',(0.,0.,1.));
#4346 = DIRECTION('',(1.,0.,0.));
#4347 = DEFINITIONAL_REPRESENTATION('',(#4348),#4352);
#4348 = CIRCLE('',#4349,0.9375);
#4349 = AXIS2_PLACEMENT_2D('',#4350,#4351);
#4350 = CARTESIAN_POINT('',(0.,0.));
#4351 = DIRECTION('',(1.,0.));
#4352 = ( GEOMETRIC_REPRESENTATION_CONTEXT(2) 
PARAMETRIC_REPRESENTATION_CONTEXT() REPRESENTATION_CONTEXT('2D SPACE',''
  ) );
#4353 = ADVANCED_FACE('',(#4354),#4342,.T.);
#4354 = FACE_BOUND('',#4355,.F.);
#4355 = EDGE_LOOP('',(#4356));
#4356 = ORIENTED_EDGE('',*,*,#4327,.F.);
#4357 = ( GEOMETRIC_REPRESENTATION_CONTEXT(3) 
GLOBAL_UNCERTAINTY_ASSIGNED_CONTEXT((#4361)) 
GLOBAL_UNIT_ASSIGNED_CONTEXT((#4358,#4359,#4360)) REPRESENTATION_CONTEXT
('Context #1','3D Context with UNIT and UNCERTAINTY') );
#4358 = ( LENGTH_UNIT() NAMED_UNIT(*) SI_UNIT(.MILLI.,.METRE.) );
#4359 = ( NAMED_UNIT(*) PLANE_ANGLE_UNIT() SI_UNIT($,.RADIAN.) );
#4360 = ( NAMED_UNIT(*) SI_UNIT($,.STERADIAN.) SOLID_ANGLE_UNIT() );
#4361 = UNCERTAINTY_MEASURE_WITH_UNIT(LENGTH_MEASURE(1.E-07),#4358,
  'distance_accuracy_value','confusion accuracy');
#4362 = SHAPE_DEFINITION_REPRESENTATION(#4363,#3936);
#4363 = PRODUCT_DEFINITION_SHAPE('','',#4364);
#4364 = PRODUCT_DEFINITION('design','',#4365,#4368);
#4365 = PRODUCT_DEFINITION_FORMATION('','',#4366);
#4366 = PRODUCT('Body','Body','',(#4367));
#4367 = PRODUCT_CONTEXT('',#2,'mechanical');
#4368 = PRODUCT_DEFINITION_CONTEXT('part definition',#2,'design');
#4369 = CONTEXT_DEPENDENT_SHAPE_REPRESENTATION(#4370,#4372);
#4370 = ( REPRESENTATION_RELATIONSHIP('','',#3936,#10) 
REPRESENTATION_RELATIONSHIP_WITH_TRANSFORMATION(#4371) 
SHAPE_REPRESENTATION_RELATIONSHIP() );
#4371 = ITEM_DEFINED_TRANSFORMATION('','',#11,#19);
#4372 = PRODUCT_DEFINITION_SHAPE('Placement','Placement of an item',
  #4373);
#4373 = NEXT_ASSEMBLY_USAGE_OCCURRENCE('2','=>[0:1:1:3]','',#5,#4364,$);
#4374 = PRODUCT_RELATED_PRODUCT_CATEGORY('part',$,(#4366));
#4375 = MECHANICAL_DESIGN_GEOMETRIC_PRESENTATION_REPRESENTATION('',(
    #4376,#4386,#4395,#4404,#4413,#4422,#4431,#4440,#4449,#4458,#4467,
    #4476,#4485,#4494,#4503,#4512,#4521,#4530,#4539,#4548,#4557,#4566,
    #4575,#4584,#4593,#4602,#4611,#4620,#4629,#4638,#4647,#4656,#4665,
    #4674,#4683,#4692,#4701,#4710,#4719,#4728,#4737,#4746,#4755,#4764,
    #4773,#4782,#4791,#4800,#4809,#4818,#4827,#4836,#4845,#4854,#4863,
    #4872,#4881,#4890,#4899,#4908,#4917,#4926,#4935,#4944,#4953,#4962,
    #4971,#4980,#4989,#4998,#5007,#5016,#5025,#5034,#5043,#5052,#5061,
    #5070,#5079,#5088,#5097,#5106,#5115,#5124,#5133,#5142,#5151,#5160,
    #5169,#5178,#5187,#5196,#5205,#5214,#5223,#5232,#5241,#5250,#5259,
    #5268,#5277,#5286,#5295,#5304,#5313,#5322,#5331,#5340,#5349,#5358,
    #5367,#5376,#5385,#5394,#5403,#5412,#5421,#5430,#5439,#5448,#5457,
    #5466,#5475,#5484,#5493,#5502,#5511,#5520,#5529,#5538,#5547,#5556,
    #5565,#5574,#5583,#5592,#5601,#5610,#5619,#5628,#5637,#5646,#5655,
    #5664,#5673,#5682,#5691,#5700,#5709,#5718,#5727,#5736,#5745,#5754,
    #5763,#5772,#5781,#5790,#5799,#5808,#5817,#5826,#5835,#5844,#5853,
    #5862,#5871,#5880,#5889,#5898,#5907,#5916,#5925,#5934,#5943,#5952,
    #5961,#5970,#5979,#5988,#5997,#6006,#6015,#6024,#6033,#6042,#6051,
    #6060,#6069,#6078,#6087,#6096,#6105,#6114,#6123,#6132,#6141,#6150,
    #6159,#6168,#6177,#6186,#6195,#6204,#6213,#6222,#6231,#6240,#6249,
    #6258,#6267,#6276,#6285,#6294,#6303,#6312,#6321,#6330,#6339,#6348,
    #6357,#6366,#6375,#6384,#6393,#6402,#6411,#6420,#6429,#6438,#6447,
    #6456,#6465,#6474,#6483,#6492,#6501,#6510,#6519,#6528,#6537,#6546,
    #6555,#6564,#6573,#6582,#6591,#6600,#6609,#6618,#6627,#6636,#6645,
    #6654,#6663,#6672,#6681,#6690,#6699,#6708,#6717,#6726,#6735,#6744,
    #6753,#6762,#6771,#6780,#6789,#6798,#6807,#6816,#6825,#6834,#6843,
    #6852,#6861,#6870,#6879,#6888,#6897,#6906,#6915,#6924,#6933,#6942,
    #6951,#6960,#6969,#6978,#6987,#6996,#7005,#7014,#7023,#7032,#7041,
    #7050,#7059,#7068,#7077,#7086,#7095,#7104,#7113,#7122,#7131,#7140,
    #7149,#7158,#7167,#7176,#7185,#7194,#7203,#7212,#7221,#7230,#7239,
    #7248,#7257,#7266,#7275,#7284),#3918);
#4376 = STYLED_ITEM('color',(#4377),#30);
#4377 = PRESENTATION_STYLE_ASSIGNMENT((#4378,#4384));
#4378 = SURFACE_STYLE_USAGE(.BOTH.,#4379);
#4379 = SURFACE_SIDE_STYLE('',(#4380));
#4380 = SURFACE_STYLE_FILL_AREA(#4381);
#4381 = FILL_AREA_STYLE('',(#4382));
#4382 = FILL_AREA_STYLE_COLOUR('',#4383);
#4383 = COLOUR_RGB('',0.73400002718,0.773000001907,0.79699999094);
#4384 = CURVE_STYLE('',#4385,POSITIVE_LENGTH_MEASURE(0.1),#4383);
#4385 = DRAUGHTING_PRE_DEFINED_CURVE_FONT('continuous');
#4386 = STYLED_ITEM('color',(#4387),#42);
#4387 = PRESENTATION_STYLE_ASSIGNMENT((#4388,#4393));
#4388 = SURFACE_STYLE_USAGE(.BOTH.,#4389);
#4389 = SURFACE_SIDE_STYLE('',(#4390));
#4390 = SURFACE_STYLE_FILL_AREA(#4391);
#4391 = FILL_AREA_STYLE('',(#4392));
#4392 = FILL_AREA_STYLE_COLOUR('',#4383);
#4393 = CURVE_STYLE('',#4394,POSITIVE_LENGTH_MEASURE(0.1),#4383);
#4394 = DRAUGHTING_PRE_DEFINED_CURVE_FONT('continuous');
#4395 = STYLED_ITEM('color',(#4396),#54);
#4396 = PRESENTATION_STYLE_ASSIGNMENT((#4397,#4402));
#4397 = SURFACE_STYLE_USAGE(.BOTH.,#4398);
#4398 = SURFACE_SIDE_STYLE('',(#4399));
#4399 = SURFACE_STYLE_FILL_AREA(#4400);
#4400 = FILL_AREA_STYLE('',(#4401));
#4401 = FILL_AREA_STYLE_COLOUR('',#4383);
#4402 = CURVE_STYLE('',#4403,POSITIVE_LENGTH_MEASURE(0.1),#4383);
#4403 = DRAUGHTING_PRE_DEFINED_CURVE_FONT('continuous');
#4404 = STYLED_ITEM('color',(#4405),#66);
#4405 = PRESENTATION_STYLE_ASSIGNMENT((#4406,#4411));
#4406 = SURFACE_STYLE_USAGE(.BOTH.,#4407);
#4407 = SURFACE_SIDE_STYLE('',(#4408));
#4408 = SURFACE_STYLE_FILL_AREA(#4409);
#4409 = FILL_AREA_STYLE('',(#4410));
#4410 = FILL_AREA_STYLE_COLOUR('',#4383);
#4411 = CURVE_STYLE('',#4412,POSITIVE_LENGTH_MEASURE(0.1),#4383);
#4412 = DRAUGHTING_PRE_DEFINED_CURVE_FONT('continuous');
#4413 = STYLED_ITEM('color',(#4414),#78);
#4414 = PRESENTATION_STYLE_ASSIGNMENT((#4415,#4420));
#4415 = SURFACE_STYLE_USAGE(.BOTH.,#4416);
#4416 = SURFACE_SIDE_STYLE('',(#4417));
#4417 = SURFACE_STYLE_FILL_AREA(#4418);
#4418 = FILL_AREA_STYLE('',(#4419));
#4419 = FILL_AREA_STYLE_COLOUR('',#4383);
#4420 = CURVE_STYLE('',#4421,POSITIVE_LENGTH_MEASURE(0.1),#4383);
#4421 = DRAUGHTING_PRE_DEFINED_CURVE_FONT('continuous');
#4422 = STYLED_ITEM('color',(#4423),#90);
#4423 = PRESENTATION_STYLE_ASSIGNMENT((#4424,#4429));
#4424 = SURFACE_STYLE_USAGE(.BOTH.,#4425);
#4425 = SURFACE_SIDE_STYLE('',(#4426));
#4426 = SURFACE_STYLE_FILL_AREA(#4427);
#4427 = FILL_AREA_STYLE('',(#4428));
#4428 = FILL_AREA_STYLE_COLOUR('',#4383);
#4429 = CURVE_STYLE('',#4430,POSITIVE_LENGTH_MEASURE(0.1),#4383);
#4430 = DRAUGHTING_PRE_DEFINED_CURVE_FONT('continuous');
#4431 = STYLED_ITEM('color',(#4432),#102);
#4432 = PRESENTATION_STYLE_ASSIGNMENT((#4433,#4438));
#4433 = SURFACE_STYLE_USAGE(.BOTH.,#4434);
#4434 = SURFACE_SIDE_STYLE('',(#4435));
#4435 = SURFACE_STYLE_FILL_AREA(#4436);
#4436 = FILL_AREA_STYLE('',(#4437));
#4437 = FILL_AREA_STYLE_COLOUR('',#4383);
#4438 = CURVE_STYLE('',#4439,POSITIVE_LENGTH_MEASURE(0.1),#4383);
#4439 = DRAUGHTING_PRE_DEFINED_CURVE_FONT('continuous');
#4440 = STYLED_ITEM('color',(#4441),#114);
#4441 = PRESENTATION_STYLE_ASSIGNMENT((#4442,#4447));
#4442 = SURFACE_STYLE_USAGE(.BOTH.,#4443);
#4443 = SURFACE_SIDE_STYLE('',(#4444));
#4444 = SURFACE_STYLE_FILL_AREA(#4445);
#4445 = FILL_AREA_STYLE('',(#4446));
#4446 = FILL_AREA_STYLE_COLOUR('',#4383);
#4447 = CURVE_STYLE('',#4448,POSITIVE_LENGTH_MEASURE(0.1),#4383);
#4448 = DRAUGHTING_PRE_DEFINED_CURVE_FONT('continuous');
#4449 = STYLED_ITEM('color',(#4450),#126);
#4450 = PRESENTATION_STYLE_ASSIGNMENT((#4451,#4456));
#4451 = SURFACE_STYLE_USAGE(.BOTH.,#4452);
#4452 = SURFACE_SIDE_STYLE('',(#4453));
#4453 = SURFACE_STYLE_FILL_AREA(#4454);
#4454 = FILL_AREA_STYLE('',(#4455));
#4455 = FILL_AREA_STYLE_COLOUR('',#4383);
#4456 = CURVE_STYLE('',#4457,POSITIVE_LENGTH_MEASURE(0.1),#4383);
#4457 = DRAUGHTING_PRE_DEFINED_CURVE_FONT('continuous');
#4458 = STYLED_ITEM('color',(#4459),#138);
#4459 = PRESENTATION_STYLE_ASSIGNMENT((#4460,#4465));
#4460 = SURFACE_STYLE_USAGE(.BOTH.,#4461);
#4461 = SURFACE_SIDE_STYLE('',(#4462));
#4462 = SURFACE_STYLE_FILL_AREA(#4463);
#4463 = FILL_AREA_STYLE('',(#4464));
#4464 = FILL_AREA_STYLE_COLOUR('',#4383);
#4465 = CURVE_STYLE('',#4466,POSITIVE_LENGTH_MEASURE(0.1),#4383);
#4466 = DRAUGHTING_PRE_DEFINED_CURVE_FONT('continuous');
#4467 = STYLED_ITEM('color',(#4468),#150);
#4468 = PRESENTATION_STYLE_ASSIGNMENT((#4469,#4474));
#4469 = SURFACE_STYLE_USAGE(.BOTH.,#4470);
#4470 = SURFACE_SIDE_STYLE('',(#4471));
#4471 = SURFACE_STYLE_FILL_AREA(#4472);
#4472 = FILL_AREA_STYLE('',(#4473));
#4473 = FILL_AREA_STYLE_COLOUR('',#4383);
#4474 = CURVE_STYLE('',#4475,POSITIVE_LENGTH_MEASURE(0.1),#4383);
#4475 = DRAUGHTING_PRE_DEFINED_CURVE_FONT('continuous');
#4476 = STYLED_ITEM('color',(#4477),#162);
#4477 = PRESENTATION_STYLE_ASSIGNMENT((#4478,#4483));
#4478 = SURFACE_STYLE_USAGE(.BOTH.,#4479);
#4479 = SURFACE_SIDE_STYLE('',(#4480));
#4480 = SURFACE_STYLE_FILL_AREA(#4481);
#4481 = FILL_AREA_STYLE('',(#4482));
#4482 = FILL_AREA_STYLE_COLOUR('',#4383);
#4483 = CURVE_STYLE('',#4484,POSITIVE_LENGTH_MEASURE(0.1),#4383);
#4484 = DRAUGHTING_PRE_DEFINED_CURVE_FONT('continuous');
#4485 = STYLED_ITEM('color',(#4486),#174);
#4486 = PRESENTATION_STYLE_ASSIGNMENT((#4487,#4492));
#4487 = SURFACE_STYLE_USAGE(.BOTH.,#4488);
#4488 = SURFACE_SIDE_STYLE('',(#4489));
#4489 = SURFACE_STYLE_FILL_AREA(#4490);
#4490 = FILL_AREA_STYLE('',(#4491));
#4491 = FILL_AREA_STYLE_COLOUR('',#4383);
#4492 = CURVE_STYLE('',#4493,POSITIVE_LENGTH_MEASURE(0.1),#4383);
#4493 = DRAUGHTING_PRE_DEFINED_CURVE_FONT('continuous');
#4494 = STYLED_ITEM('color',(#4495),#186);
#4495 = PRESENTATION_STYLE_ASSIGNMENT((#4496,#4501));
#4496 = SURFACE_STYLE_USAGE(.BOTH.,#4497);
#4497 = SURFACE_SIDE_STYLE('',(#4498));
#4498 = SURFACE_STYLE_FILL_AREA(#4499);
#4499 = FILL_AREA_STYLE('',(#4500));
#4500 = FILL_AREA_STYLE_COLOUR('',#4383);
#4501 = CURVE_STYLE('',#4502,POSITIVE_LENGTH_MEASURE(0.1),#4383);
#4502 = DRAUGHTING_PRE_DEFINED_CURVE_FONT('continuous');
#4503 = STYLED_ITEM('color',(#4504),#198);
#4504 = PRESENTATION_STYLE_ASSIGNMENT((#4505,#4510));
#4505 = SURFACE_STYLE_USAGE(.BOTH.,#4506);
#4506 = SURFACE_SIDE_STYLE('',(#4507));
#4507 = SURFACE_STYLE_FILL_AREA(#4508);
#4508 = FILL_AREA_STYLE('',(#4509));
#4509 = FILL_AREA_STYLE_COLOUR('',#4383);
#4510 = CURVE_STYLE('',#4511,POSITIVE_LENGTH_MEASURE(0.1),#4383);
#4511 = DRAUGHTING_PRE_DEFINED_CURVE_FONT('continuous');
#4512 = STYLED_ITEM('color',(#4513),#210);
#4513 = PRESENTATION_STYLE_ASSIGNMENT((#4514,#4519));
#4514 = SURFACE_STYLE_USAGE(.BOTH.,#4515);
#4515 = SURFACE_SIDE_STYLE('',(#4516));
#4516 = SURFACE_STYLE_FILL_AREA(#4517);
#4517 = FILL_AREA_STYLE('',(#4518));
#4518 = FILL_AREA_STYLE_COLOUR('',#4383);
#4519 = CURVE_STYLE('',#4520,POSITIVE_LENGTH_MEASURE(0.1),#4383);
#4520 = DRAUGHTING_PRE_DEFINED_CURVE_FONT('continuous');
#4521 = STYLED_ITEM('color',(#4522),#222);
#4522 = PRESENTATION_STYLE_ASSIGNMENT((#4523,#4528));
#4523 = SURFACE_STYLE_USAGE(.BOTH.,#4524);
#4524 = SURFACE_SIDE_STYLE('',(#4525));
#4525 = SURFACE_STYLE_FILL_AREA(#4526);
#4526 = FILL_AREA_STYLE('',(#4527));
#4527 = FILL_AREA_STYLE_COLOUR('',#4383);
#4528 = CURVE_STYLE('',#4529,POSITIVE_LENGTH_MEASURE(0.1),#4383);
#4529 = DRAUGHTING_PRE_DEFINED_CURVE_FONT('continuous');
#4530 = STYLED_ITEM('color',(#4531),#234);
#4531 = PRESENTATION_STYLE_ASSIGNMENT((#4532,#4537));
#4532 = SURFACE_STYLE_USAGE(.BOTH.,#4533);
#4533 = SURFACE_SIDE_STYLE('',(#4534));
#4534 = SURFACE_STYLE_FILL_AREA(#4535);
#4535 = FILL_AREA_STYLE('',(#4536));
#4536 = FILL_AREA_STYLE_COLOUR('',#4383);
#4537 = CURVE_STYLE('',#4538,POSITIVE_LENGTH_MEASURE(0.1),#4383);
#4538 = DRAUGHTING_PRE_DEFINED_CURVE_FONT('continuous');
#4539 = STYLED_ITEM('color',(#4540),#246);
#4540 = PRESENTATION_STYLE_ASSIGNMENT((#4541,#4546));
#4541 = SURFACE_STYLE_USAGE(.BOTH.,#4542);
#4542 = SURFACE_SIDE_STYLE('',(#4543));
#4543 = SURFACE_STYLE_FILL_AREA(#4544);
#4544 = FILL_AREA_STYLE('',(#4545));
#4545 = FILL_AREA_STYLE_COLOUR('',#4383);
#4546 = CURVE_STYLE('',#4547,POSITIVE_LENGTH_MEASURE(0.1),#4383);
#4547 = DRAUGHTING_PRE_DEFINED_CURVE_FONT('continuous');
#4548 = STYLED_ITEM('color',(#4549),#258);
#4549 = PRESENTATION_STYLE_ASSIGNMENT((#4550,#4555));
#4550 = SURFACE_STYLE_USAGE(.BOTH.,#4551);
#4551 = SURFACE_SIDE_STYLE('',(#4552));
#4552 = SURFACE_STYLE_FILL_AREA(#4553);
#4553 = FILL_AREA_STYLE('',(#4554));
#4554 = FILL_AREA_STYLE_COLOUR('',#4383);
#4555 = CURVE_STYLE('',#4556,POSITIVE_LENGTH_MEASURE(0.1),#4383);
#4556 = DRAUGHTING_PRE_DEFINED_CURVE_FONT('continuous');
#4557 = STYLED_ITEM('color',(#4558),#270);
#4558 = PRESENTATION_STYLE_ASSIGNMENT((#4559,#4564));
#4559 = SURFACE_STYLE_USAGE(.BOTH.,#4560);
#4560 = SURFACE_SIDE_STYLE('',(#4561));
#4561 = SURFACE_STYLE_FILL_AREA(#4562);
#4562 = FILL_AREA_STYLE('',(#4563));
#4563 = FILL_AREA_STYLE_COLOUR('',#4383);
#4564 = CURVE_STYLE('',#4565,POSITIVE_LENGTH_MEASURE(0.1),#4383);
#4565 = DRAUGHTING_PRE_DEFINED_CURVE_FONT('continuous');
#4566 = STYLED_ITEM('color',(#4567),#282);
#4567 = PRESENTATION_STYLE_ASSIGNMENT((#4568,#4573));
#4568 = SURFACE_STYLE_USAGE(.BOTH.,#4569);
#4569 = SURFACE_SIDE_STYLE('',(#4570));
#4570 = SURFACE_STYLE_FILL_AREA(#4571);
#4571 = FILL_AREA_STYLE('',(#4572));
#4572 = FILL_AREA_STYLE_COLOUR('',#4383);
#4573 = CURVE_STYLE('',#4574,POSITIVE_LENGTH_MEASURE(0.1),#4383);
#4574 = DRAUGHTING_PRE_DEFINED_CURVE_FONT('continuous');
#4575 = STYLED_ITEM('color',(#4576),#294);
#4576 = PRESENTATION_STYLE_ASSIGNMENT((#4577,#4582));
#4577 = SURFACE_STYLE_USAGE(.BOTH.,#4578);
#4578 = SURFACE_SIDE_STYLE('',(#4579));
#4579 = SURFACE_STYLE_FILL_AREA(#4580);
#4580 = FILL_AREA_STYLE('',(#4581));
#4581 = FILL_AREA_STYLE_COLOUR('',#4383);
#4582 = CURVE_STYLE('',#4583,POSITIVE_LENGTH_MEASURE(0.1),#4383);
#4583 = DRAUGHTING_PRE_DEFINED_CURVE_FONT('continuous');
#4584 = STYLED_ITEM('color',(#4585),#306);
#4585 = PRESENTATION_STYLE_ASSIGNMENT((#4586,#4591));
#4586 = SURFACE_STYLE_USAGE(.BOTH.,#4587);
#4587 = SURFACE_SIDE_STYLE('',(#4588));
#4588 = SURFACE_STYLE_FILL_AREA(#4589);
#4589 = FILL_AREA_STYLE('',(#4590));
#4590 = FILL_AREA_STYLE_COLOUR('',#4383);
#4591 = CURVE_STYLE('',#4592,POSITIVE_LENGTH_MEASURE(0.1),#4383);
#4592 = DRAUGHTING_PRE_DEFINED_CURVE_FONT('continuous');
#4593 = STYLED_ITEM('color',(#4594),#318);
#4594 = PRESENTATION_STYLE_ASSIGNMENT((#4595,#4600));
#4595 = SURFACE_STYLE_USAGE(.BOTH.,#4596);
#4596 = SURFACE_SIDE_STYLE('',(#4597));
#4597 = SURFACE_STYLE_FILL_AREA(#4598);
#4598 = FILL_AREA_STYLE('',(#4599));
#4599 = FILL_AREA_STYLE_COLOUR('',#4383);
#4600 = CURVE_STYLE('',#4601,POSITIVE_LENGTH_MEASURE(0.1),#4383);
#4601 = DRAUGHTING_PRE_DEFINED_CURVE_FONT('continuous');
#4602 = STYLED_ITEM('color',(#4603),#330);
#4603 = PRESENTATION_STYLE_ASSIGNMENT((#4604,#4609));
#4604 = SURFACE_STYLE_USAGE(.BOTH.,#4605);
#4605 = SURFACE_SIDE_STYLE('',(#4606));
#4606 = SURFACE_STYLE_FILL_AREA(#4607);
#4607 = FILL_AREA_STYLE('',(#4608));
#4608 = FILL_AREA_STYLE_COLOUR('',#4383);
#4609 = CURVE_STYLE('',#4610,POSITIVE_LENGTH_MEASURE(0.1),#4383);
#4610 = DRAUGHTING_PRE_DEFINED_CURVE_FONT('continuous');
#4611 = STYLED_ITEM('color',(#4612),#342);
#4612 = PRESENTATION_STYLE_ASSIGNMENT((#4613,#4618));
#4613 = SURFACE_STYLE_USAGE(.BOTH.,#4614);
#4614 = SURFACE_SIDE_STYLE('',(#4615));
#4615 = SURFACE_STYLE_FILL_AREA(#4616);
#4616 = FILL_AREA_STYLE('',(#4617));
#4617 = FILL_AREA_STYLE_COLOUR('',#4383);
#4618 = CURVE_STYLE('',#4619,POSITIVE_LENGTH_MEASURE(0.1),#4383);
#4619 = DRAUGHTING_PRE_DEFINED_CURVE_FONT('continuous');
#4620 = STYLED_ITEM('color',(#4621),#354);
#4621 = PRESENTATION_STYLE_ASSIGNMENT((#4622,#4627));
#4622 = SURFACE_STYLE_USAGE(.BOTH.,#4623);
#4623 = SURFACE_SIDE_STYLE('',(#4624));
#4624 = SURFACE_STYLE_FILL_AREA(#4625);
#4625 = FILL_AREA_STYLE('',(#4626));
#4626 = FILL_AREA_STYLE_COLOUR('',#4383);
#4627 = CURVE_STYLE('',#4628,POSITIVE_LENGTH_MEASURE(0.1),#4383);
#4628 = DRAUGHTING_PRE_DEFINED_CURVE_FONT('continuous');
#4629 = STYLED_ITEM('color',(#4630),#366);
#4630 = PRESENTATION_STYLE_ASSIGNMENT((#4631,#4636));
#4631 = SURFACE_STYLE_USAGE(.BOTH.,#4632);
#4632 = SURFACE_SIDE_STYLE('',(#4633));
#4633 = SURFACE_STYLE_FILL_AREA(#4634);
#4634 = FILL_AREA_STYLE('',(#4635));
#4635 = FILL_AREA_STYLE_COLOUR('',#4383);
#4636 = CURVE_STYLE('',#4637,POSITIVE_LENGTH_MEASURE(0.1),#4383);
#4637 = DRAUGHTING_PRE_DEFINED_CURVE_FONT('continuous');
#4638 = STYLED_ITEM('color',(#4639),#378);
#4639 = PRESENTATION_STYLE_ASSIGNMENT((#4640,#4645));
#4640 = SURFACE_STYLE_USAGE(.BOTH.,#4641);
#4641 = SURFACE_SIDE_STYLE('',(#4642));
#4642 = SURFACE_STYLE_FILL_AREA(#4643);
#4643 = FILL_AREA_STYLE('',(#4644));
#4644 = FILL_AREA_STYLE_COLOUR('',#4383);
#4645 = CURVE_STYLE('',#4646,POSITIVE_LENGTH_MEASURE(0.1),#4383);
#4646 = DRAUGHTING_PRE_DEFINED_CURVE_FONT('continuous');
#4647 = STYLED_ITEM('color',(#4648),#390);
#4648 = PRESENTATION_STYLE_ASSIGNMENT((#4649,#4654));
#4649 = SURFACE_STYLE_USAGE(.BOTH.,#4650);
#4650 = SURFACE_SIDE_STYLE('',(#4651));
#4651 = SURFACE_STYLE_FILL_AREA(#4652);
#4652 = FILL_AREA_STYLE('',(#4653));
#4653 = FILL_AREA_STYLE_COLOUR('',#4383);
#4654 = CURVE_STYLE('',#4655,POSITIVE_LENGTH_MEASURE(0.1),#4383);
#4655 = DRAUGHTING_PRE_DEFINED_CURVE_FONT('continuous');
#4656 = STYLED_ITEM('color',(#4657),#402);
#4657 = PRESENTATION_STYLE_ASSIGNMENT((#4658,#4663));
#4658 = SURFACE_STYLE_USAGE(.BOTH.,#4659);
#4659 = SURFACE_SIDE_STYLE('',(#4660));
#4660 = SURFACE_STYLE_FILL_AREA(#4661);
#4661 = FILL_AREA_STYLE('',(#4662));
#4662 = FILL_AREA_STYLE_COLOUR('',#4383);
#4663 = CURVE_STYLE('',#4664,POSITIVE_LENGTH_MEASURE(0.1),#4383);
#4664 = DRAUGHTING_PRE_DEFINED_CURVE_FONT('continuous');
#4665 = STYLED_ITEM('color',(#4666),#414);
#4666 = PRESENTATION_STYLE_ASSIGNMENT((#4667,#4672));
#4667 = SURFACE_STYLE_USAGE(.BOTH.,#4668);
#4668 = SURFACE_SIDE_STYLE('',(#4669));
#4669 = SURFACE_STYLE_FILL_AREA(#4670);
#4670 = FILL_AREA_STYLE('',(#4671));
#4671 = FILL_AREA_STYLE_COLOUR('',#4383);
#4672 = CURVE_STYLE('',#4673,POSITIVE_LENGTH_MEASURE(0.1),#4383);
#4673 = DRAUGHTING_PRE_DEFINED_CURVE_FONT('continuous');
#4674 = STYLED_ITEM('color',(#4675),#426);
#4675 = PRESENTATION_STYLE_ASSIGNMENT((#4676,#4681));
#4676 = SURFACE_STYLE_USAGE(.BOTH.,#4677);
#4677 = SURFACE_SIDE_STYLE('',(#4678));
#4678 = SURFACE_STYLE_FILL_AREA(#4679);
#4679 = FILL_AREA_STYLE('',(#4680));
#4680 = FILL_AREA_STYLE_COLOUR('',#4383);
#4681 = CURVE_STYLE('',#4682,POSITIVE_LENGTH_MEASURE(0.1),#4383);
#4682 = DRAUGHTING_PRE_DEFINED_CURVE_FONT('continuous');
#4683 = STYLED_ITEM('color',(#4684),#438);
#4684 = PRESENTATION_STYLE_ASSIGNMENT((#4685,#4690));
#4685 = SURFACE_STYLE_USAGE(.BOTH.,#4686);
#4686 = SURFACE_SIDE_STYLE('',(#4687));
#4687 = SURFACE_STYLE_FILL_AREA(#4688);
#4688 = FILL_AREA_STYLE('',(#4689));
#4689 = FILL_AREA_STYLE_COLOUR('',#4383);
#4690 = CURVE_STYLE('',#4691,POSITIVE_LENGTH_MEASURE(0.1),#4383);
#4691 = DRAUGHTING_PRE_DEFINED_CURVE_FONT('continuous');
#4692 = STYLED_ITEM('color',(#4693),#450);
#4693 = PRESENTATION_STYLE_ASSIGNMENT((#4694,#4699));
#4694 = SURFACE_STYLE_USAGE(.BOTH.,#4695);
#4695 = SURFACE_SIDE_STYLE('',(#4696));
#4696 = SURFACE_STYLE_FILL_AREA(#4697);
#4697 = FILL_AREA_STYLE('',(#4698));
#4698 = FILL_AREA_STYLE_COLOUR('',#4383);
#4699 = CURVE_STYLE('',#4700,POSITIVE_LENGTH_MEASURE(0.1),#4383);
#4700 = DRAUGHTING_PRE_DEFINED_CURVE_FONT('continuous');
#4701 = STYLED_ITEM('color',(#4702),#462);
#4702 = PRESENTATION_STYLE_ASSIGNMENT((#4703,#4708));
#4703 = SURFACE_STYLE_USAGE(.BOTH.,#4704);
#4704 = SURFACE_SIDE_STYLE('',(#4705));
#4705 = SURFACE_STYLE_FILL_AREA(#4706);
#4706 = FILL_AREA_STYLE('',(#4707));
#4707 = FILL_AREA_STYLE_COLOUR('',#4383);
#4708 = CURVE_STYLE('',#4709,POSITIVE_LENGTH_MEASURE(0.1),#4383);
#4709 = DRAUGHTING_PRE_DEFINED_CURVE_FONT('continuous');
#4710 = STYLED_ITEM('color',(#4711),#474);
#4711 = PRESENTATION_STYLE_ASSIGNMENT((#4712,#4717));
#4712 = SURFACE_STYLE_USAGE(.BOTH.,#4713);
#4713 = SURFACE_SIDE_STYLE('',(#4714));
#4714 = SURFACE_STYLE_FILL_AREA(#4715);
#4715 = FILL_AREA_STYLE('',(#4716));
#4716 = FILL_AREA_STYLE_COLOUR('',#4383);
#4717 = CURVE_STYLE('',#4718,POSITIVE_LENGTH_MEASURE(0.1),#4383);
#4718 = DRAUGHTING_PRE_DEFINED_CURVE_FONT('continuous');
#4719 = STYLED_ITEM('color',(#4720),#486);
#4720 = PRESENTATION_STYLE_ASSIGNMENT((#4721,#4726));
#4721 = SURFACE_STYLE_USAGE(.BOTH.,#4722);
#4722 = SURFACE_SIDE_STYLE('',(#4723));
#4723 = SURFACE_STYLE_FILL_AREA(#4724);
#4724 = FILL_AREA_STYLE('',(#4725));
#4725 = FILL_AREA_STYLE_COLOUR('',#4383);
#4726 = CURVE_STYLE('',#4727,POSITIVE_LENGTH_MEASURE(0.1),#4383);
#4727 = DRAUGHTING_PRE_DEFINED_CURVE_FONT('continuous');
#4728 = STYLED_ITEM('color',(#4729),#498);
#4729 = PRESENTATION_STYLE_ASSIGNMENT((#4730,#4735));
#4730 = SURFACE_STYLE_USAGE(.BOTH.,#4731);
#4731 = SURFACE_SIDE_STYLE('',(#4732));
#4732 = SURFACE_STYLE_FILL_AREA(#4733);
#4733 = FILL_AREA_STYLE('',(#4734));
#4734 = FILL_AREA_STYLE_COLOUR('',#4383);
#4735 = CURVE_STYLE('',#4736,POSITIVE_LENGTH_MEASURE(0.1),#4383);
#4736 = DRAUGHTING_PRE_DEFINED_CURVE_FONT('continuous');
#4737 = STYLED_ITEM('color',(#4738),#510);
#4738 = PRESENTATION_STYLE_ASSIGNMENT((#4739,#4744));
#4739 = SURFACE_STYLE_USAGE(.BOTH.,#4740);
#4740 = SURFACE_SIDE_STYLE('',(#4741));
#4741 = SURFACE_STYLE_FILL_AREA(#4742);
#4742 = FILL_AREA_STYLE('',(#4743));
#4743 = FILL_AREA_STYLE_COLOUR('',#4383);
#4744 = CURVE_STYLE('',#4745,POSITIVE_LENGTH_MEASURE(0.1),#4383);
#4745 = DRAUGHTING_PRE_DEFINED_CURVE_FONT('continuous');
#4746 = STYLED_ITEM('color',(#4747),#522);
#4747 = PRESENTATION_STYLE_ASSIGNMENT((#4748,#4753));
#4748 = SURFACE_STYLE_USAGE(.BOTH.,#4749);
#4749 = SURFACE_SIDE_STYLE('',(#4750));
#4750 = SURFACE_STYLE_FILL_AREA(#4751);
#4751 = FILL_AREA_STYLE('',(#4752));
#4752 = FILL_AREA_STYLE_COLOUR('',#4383);
#4753 = CURVE_STYLE('',#4754,POSITIVE_LENGTH_MEASURE(0.1),#4383);
#4754 = DRAUGHTING_PRE_DEFINED_CURVE_FONT('continuous');
#4755 = STYLED_ITEM('color',(#4756),#534);
#4756 = PRESENTATION_STYLE_ASSIGNMENT((#4757,#4762));
#4757 = SURFACE_STYLE_USAGE(.BOTH.,#4758);
#4758 = SURFACE_SIDE_STYLE('',(#4759));
#4759 = SURFACE_STYLE_FILL_AREA(#4760);
#4760 = FILL_AREA_STYLE('',(#4761));
#4761 = FILL_AREA_STYLE_COLOUR('',#4383);
#4762 = CURVE_STYLE('',#4763,POSITIVE_LENGTH_MEASURE(0.1),#4383);
#4763 = DRAUGHTING_PRE_DEFINED_CURVE_FONT('continuous');
#4764 = STYLED_ITEM('color',(#4765),#546);
#4765 = PRESENTATION_STYLE_ASSIGNMENT((#4766,#4771));
#4766 = SURFACE_STYLE_USAGE(.BOTH.,#4767);
#4767 = SURFACE_SIDE_STYLE('',(#4768));
#4768 = SURFACE_STYLE_FILL_AREA(#4769);
#4769 = FILL_AREA_STYLE('',(#4770));
#4770 = FILL_AREA_STYLE_COLOUR('',#4383);
#4771 = CURVE_STYLE('',#4772,POSITIVE_LENGTH_MEASURE(0.1),#4383);
#4772 = DRAUGHTING_PRE_DEFINED_CURVE_FONT('continuous');
#4773 = STYLED_ITEM('color',(#4774),#558);
#4774 = PRESENTATION_STYLE_ASSIGNMENT((#4775,#4780));
#4775 = SURFACE_STYLE_USAGE(.BOTH.,#4776);
#4776 = SURFACE_SIDE_STYLE('',(#4777));
#4777 = SURFACE_STYLE_FILL_AREA(#4778);
#4778 = FILL_AREA_STYLE('',(#4779));
#4779 = FILL_AREA_STYLE_COLOUR('',#4383);
#4780 = CURVE_STYLE('',#4781,POSITIVE_LENGTH_MEASURE(0.1),#4383);
#4781 = DRAUGHTING_PRE_DEFINED_CURVE_FONT('continuous');
#4782 = STYLED_ITEM('color',(#4783),#570);
#4783 = PRESENTATION_STYLE_ASSIGNMENT((#4784,#4789));
#4784 = SURFACE_STYLE_USAGE(.BOTH.,#4785);
#4785 = SURFACE_SIDE_STYLE('',(#4786));
#4786 = SURFACE_STYLE_FILL_AREA(#4787);
#4787 = FILL_AREA_STYLE('',(#4788));
#4788 = FILL_AREA_STYLE_COLOUR('',#4383);
#4789 = CURVE_STYLE('',#4790,POSITIVE_LENGTH_MEASURE(0.1),#4383);
#4790 = DRAUGHTING_PRE_DEFINED_CURVE_FONT('continuous');
#4791 = STYLED_ITEM('color',(#4792),#582);
#4792 = PRESENTATION_STYLE_ASSIGNMENT((#4793,#4798));
#4793 = SURFACE_STYLE_USAGE(.BOTH.,#4794);
#4794 = SURFACE_SIDE_STYLE('',(#4795));
#4795 = SURFACE_STYLE_FILL_AREA(#4796);
#4796 = FILL_AREA_STYLE('',(#4797));
#4797 = FILL_AREA_STYLE_COLOUR('',#4383);
#4798 = CURVE_STYLE('',#4799,POSITIVE_LENGTH_MEASURE(0.1),#4383);
#4799 = DRAUGHTING_PRE_DEFINED_CURVE_FONT('continuous');
#4800 = STYLED_ITEM('color',(#4801),#594);
#4801 = PRESENTATION_STYLE_ASSIGNMENT((#4802,#4807));
#4802 = SURFACE_STYLE_USAGE(.BOTH.,#4803);
#4803 = SURFACE_SIDE_STYLE('',(#4804));
#4804 = SURFACE_STYLE_FILL_AREA(#4805);
#4805 = FILL_AREA_STYLE('',(#4806));
#4806 = FILL_AREA_STYLE_COLOUR('',#4383);
#4807 = CURVE_STYLE('',#4808,POSITIVE_LENGTH_MEASURE(0.1),#4383);
#4808 = DRAUGHTING_PRE_DEFINED_CURVE_FONT('continuous');
#4809 = STYLED_ITEM('color',(#4810),#606);
#4810 = PRESENTATION_STYLE_ASSIGNMENT((#4811,#4816));
#4811 = SURFACE_STYLE_USAGE(.BOTH.,#4812);
#4812 = SURFACE_SIDE_STYLE('',(#4813));
#4813 = SURFACE_STYLE_FILL_AREA(#4814);
#4814 = FILL_AREA_STYLE('',(#4815));
#4815 = FILL_AREA_STYLE_COLOUR('',#4383);
#4816 = CURVE_STYLE('',#4817,POSITIVE_LENGTH_MEASURE(0.1),#4383);
#4817 = DRAUGHTING_PRE_DEFINED_CURVE_FONT('continuous');
#4818 = STYLED_ITEM('color',(#4819),#618);
#4819 = PRESENTATION_STYLE_ASSIGNMENT((#4820,#4825));
#4820 = SURFACE_STYLE_USAGE(.BOTH.,#4821);
#4821 = SURFACE_SIDE_STYLE('',(#4822));
#4822 = SURFACE_STYLE_FILL_AREA(#4823);
#4823 = FILL_AREA_STYLE('',(#4824));
#4824 = FILL_AREA_STYLE_COLOUR('',#4383);
#4825 = CURVE_STYLE('',#4826,POSITIVE_LENGTH_MEASURE(0.1),#4383);
#4826 = DRAUGHTING_PRE_DEFINED_CURVE_FONT('continuous');
#4827 = STYLED_ITEM('color',(#4828),#630);
#4828 = PRESENTATION_STYLE_ASSIGNMENT((#4829,#4834));
#4829 = SURFACE_STYLE_USAGE(.BOTH.,#4830);
#4830 = SURFACE_SIDE_STYLE('',(#4831));
#4831 = SURFACE_STYLE_FILL_AREA(#4832);
#4832 = FILL_AREA_STYLE('',(#4833));
#4833 = FILL_AREA_STYLE_COLOUR('',#4383);
#4834 = CURVE_STYLE('',#4835,POSITIVE_LENGTH_MEASURE(0.1),#4383);
#4835 = DRAUGHTING_PRE_DEFINED_CURVE_FONT('continuous');
#4836 = STYLED_ITEM('color',(#4837),#642);
#4837 = PRESENTATION_STYLE_ASSIGNMENT((#4838,#4843));
#4838 = SURFACE_STYLE_USAGE(.BOTH.,#4839);
#4839 = SURFACE_SIDE_STYLE('',(#4840));
#4840 = SURFACE_STYLE_FILL_AREA(#4841);
#4841 = FILL_AREA_STYLE('',(#4842));
#4842 = FILL_AREA_STYLE_COLOUR('',#4383);
#4843 = CURVE_STYLE('',#4844,POSITIVE_LENGTH_MEASURE(0.1),#4383);
#4844 = DRAUGHTING_PRE_DEFINED_CURVE_FONT('continuous');
#4845 = STYLED_ITEM('color',(#4846),#654);
#4846 = PRESENTATION_STYLE_ASSIGNMENT((#4847,#4852));
#4847 = SURFACE_STYLE_USAGE(.BOTH.,#4848);
#4848 = SURFACE_SIDE_STYLE('',(#4849));
#4849 = SURFACE_STYLE_FILL_AREA(#4850);
#4850 = FILL_AREA_STYLE('',(#4851));
#4851 = FILL_AREA_STYLE_COLOUR('',#4383);
#4852 = CURVE_STYLE('',#4853,POSITIVE_LENGTH_MEASURE(0.1),#4383);
#4853 = DRAUGHTING_PRE_DEFINED_CURVE_FONT('continuous');
#4854 = STYLED_ITEM('color',(#4855),#666);
#4855 = PRESENTATION_STYLE_ASSIGNMENT((#4856,#4861));
#4856 = SURFACE_STYLE_USAGE(.BOTH.,#4857);
#4857 = SURFACE_SIDE_STYLE('',(#4858));
#4858 = SURFACE_STYLE_FILL_AREA(#4859);
#4859 = FILL_AREA_STYLE('',(#4860));
#4860 = FILL_AREA_STYLE_COLOUR('',#4383);
#4861 = CURVE_STYLE('',#4862,POSITIVE_LENGTH_MEASURE(0.1),#4383);
#4862 = DRAUGHTING_PRE_DEFINED_CURVE_FONT('continuous');
#4863 = STYLED_ITEM('color',(#4864),#678);
#4864 = PRESENTATION_STYLE_ASSIGNMENT((#4865,#4870));
#4865 = SURFACE_STYLE_USAGE(.BOTH.,#4866);
#4866 = SURFACE_SIDE_STYLE('',(#4867));
#4867 = SURFACE_STYLE_FILL_AREA(#4868);
#4868 = FILL_AREA_STYLE('',(#4869));
#4869 = FILL_AREA_STYLE_COLOUR('',#4383);
#4870 = CURVE_STYLE('',#4871,POSITIVE_LENGTH_MEASURE(0.1),#4383);
#4871 = DRAUGHTING_PRE_DEFINED_CURVE_FONT('continuous');
#4872 = STYLED_ITEM('color',(#4873),#690);
#4873 = PRESENTATION_STYLE_ASSIGNMENT((#4874,#4879));
#4874 = SURFACE_STYLE_USAGE(.BOTH.,#4875);
#4875 = SURFACE_SIDE_STYLE('',(#4876));
#4876 = SURFACE_STYLE_FILL_AREA(#4877);
#4877 = FILL_AREA_STYLE('',(#4878));
#4878 = FILL_AREA_STYLE_COLOUR('',#4383);
#4879 = CURVE_STYLE('',#4880,POSITIVE_LENGTH_MEASURE(0.1),#4383);
#4880 = DRAUGHTING_PRE_DEFINED_CURVE_FONT('continuous');
#4881 = STYLED_ITEM('color',(#4882),#702);
#4882 = PRESENTATION_STYLE_ASSIGNMENT((#4883,#4888));
#4883 = SURFACE_STYLE_USAGE(.BOTH.,#4884);
#4884 = SURFACE_SIDE_STYLE('',(#4885));
#4885 = SURFACE_STYLE_FILL_AREA(#4886);
#4886 = FILL_AREA_STYLE('',(#4887));
#4887 = FILL_AREA_STYLE_COLOUR('',#4383);
#4888 = CURVE_STYLE('',#4889,POSITIVE_LENGTH_MEASURE(0.1),#4383);
#4889 = DRAUGHTING_PRE_DEFINED_CURVE_FONT('continuous');
#4890 = STYLED_ITEM('color',(#4891),#714);
#4891 = PRESENTATION_STYLE_ASSIGNMENT((#4892,#4897));
#4892 = SURFACE_STYLE_USAGE(.BOTH.,#4893);
#4893 = SURFACE_SIDE_STYLE('',(#4894));
#4894 = SURFACE_STYLE_FILL_AREA(#4895);
#4895 = FILL_AREA_STYLE('',(#4896));
#4896 = FILL_AREA_STYLE_COLOUR('',#4383);
#4897 = CURVE_STYLE('',#4898,POSITIVE_LENGTH_MEASURE(0.1),#4383);
#4898 = DRAUGHTING_PRE_DEFINED_CURVE_FONT('continuous');
#4899 = STYLED_ITEM('color',(#4900),#726);
#4900 = PRESENTATION_STYLE_ASSIGNMENT((#4901,#4906));
#4901 = SURFACE_STYLE_USAGE(.BOTH.,#4902);
#4902 = SURFACE_SIDE_STYLE('',(#4903));
#4903 = SURFACE_STYLE_FILL_AREA(#4904);
#4904 = FILL_AREA_STYLE('',(#4905));
#4905 = FILL_AREA_STYLE_COLOUR('',#4383);
#4906 = CURVE_STYLE('',#4907,POSITIVE_LENGTH_MEASURE(0.1),#4383);
#4907 = DRAUGHTING_PRE_DEFINED_CURVE_FONT('continuous');
#4908 = STYLED_ITEM('color',(#4909),#738);
#4909 = PRESENTATION_STYLE_ASSIGNMENT((#4910,#4915));
#4910 = SURFACE_STYLE_USAGE(.BOTH.,#4911);
#4911 = SURFACE_SIDE_STYLE('',(#4912));
#4912 = SURFACE_STYLE_FILL_AREA(#4913);
#4913 = FILL_AREA_STYLE('',(#4914));
#4914 = FILL_AREA_STYLE_COLOUR('',#4383);
#4915 = CURVE_STYLE('',#4916,POSITIVE_LENGTH_MEASURE(0.1),#4383);
#4916 = DRAUGHTING_PRE_DEFINED_CURVE_FONT('continuous');
#4917 = STYLED_ITEM('color',(#4918),#750);
#4918 = PRESENTATION_STYLE_ASSIGNMENT((#4919,#4924));
#4919 = SURFACE_STYLE_USAGE(.BOTH.,#4920);
#4920 = SURFACE_SIDE_STYLE('',(#4921));
#4921 = SURFACE_STYLE_FILL_AREA(#4922);
#4922 = FILL_AREA_STYLE('',(#4923));
#4923 = FILL_AREA_STYLE_COLOUR('',#4383);
#4924 = CURVE_STYLE('',#4925,POSITIVE_LENGTH_MEASURE(0.1),#4383);
#4925 = DRAUGHTING_PRE_DEFINED_CURVE_FONT('continuous');
#4926 = STYLED_ITEM('color',(#4927),#762);
#4927 = PRESENTATION_STYLE_ASSIGNMENT((#4928,#4933));
#4928 = SURFACE_STYLE_USAGE(.BOTH.,#4929);
#4929 = SURFACE_SIDE_STYLE('',(#4930));
#4930 = SURFACE_STYLE_FILL_AREA(#4931);
#4931 = FILL_AREA_STYLE('',(#4932));
#4932 = FILL_AREA_STYLE_COLOUR('',#4383);
#4933 = CURVE_STYLE('',#4934,POSITIVE_LENGTH_MEASURE(0.1),#4383);
#4934 = DRAUGHTING_PRE_DEFINED_CURVE_FONT('continuous');
#4935 = STYLED_ITEM('color',(#4936),#774);
#4936 = PRESENTATION_STYLE_ASSIGNMENT((#4937,#4942));
#4937 = SURFACE_STYLE_USAGE(.BOTH.,#4938);
#4938 = SURFACE_SIDE_STYLE('',(#4939));
#4939 = SURFACE_STYLE_FILL_AREA(#4940);
#4940 = FILL_AREA_STYLE('',(#4941));
#4941 = FILL_AREA_STYLE_COLOUR('',#4383);
#4942 = CURVE_STYLE('',#4943,POSITIVE_LENGTH_MEASURE(0.1),#4383);
#4943 = DRAUGHTING_PRE_DEFINED_CURVE_FONT('continuous');
#4944 = STYLED_ITEM('color',(#4945),#786);
#4945 = PRESENTATION_STYLE_ASSIGNMENT((#4946,#4951));
#4946 = SURFACE_STYLE_USAGE(.BOTH.,#4947);
#4947 = SURFACE_SIDE_STYLE('',(#4948));
#4948 = SURFACE_STYLE_FILL_AREA(#4949);
#4949 = FILL_AREA_STYLE('',(#4950));
#4950 = FILL_AREA_STYLE_COLOUR('',#4383);
#4951 = CURVE_STYLE('',#4952,POSITIVE_LENGTH_MEASURE(0.1),#4383);
#4952 = DRAUGHTING_PRE_DEFINED_CURVE_FONT('continuous');
#4953 = STYLED_ITEM('color',(#4954),#798);
#4954 = PRESENTATION_STYLE_ASSIGNMENT((#4955,#4960));
#4955 = SURFACE_STYLE_USAGE(.BOTH.,#4956);
#4956 = SURFACE_SIDE_STYLE('',(#4957));
#4957 = SURFACE_STYLE_FILL_AREA(#4958);
#4958 = FILL_AREA_STYLE('',(#4959));
#4959 = FILL_AREA_STYLE_COLOUR('',#4383);
#4960 = CURVE_STYLE('',#4961,POSITIVE_LENGTH_MEASURE(0.1),#4383);
#4961 = DRAUGHTING_PRE_DEFINED_CURVE_FONT('continuous');
#4962 = STYLED_ITEM('color',(#4963),#810);
#4963 = PRESENTATION_STYLE_ASSIGNMENT((#4964,#4969));
#4964 = SURFACE_STYLE_USAGE(.BOTH.,#4965);
#4965 = SURFACE_SIDE_STYLE('',(#4966));
#4966 = SURFACE_STYLE_FILL_AREA(#4967);
#4967 = FILL_AREA_STYLE('',(#4968));
#4968 = FILL_AREA_STYLE_COLOUR('',#4383);
#4969 = CURVE_STYLE('',#4970,POSITIVE_LENGTH_MEASURE(0.1),#4383);
#4970 = DRAUGHTING_PRE_DEFINED_CURVE_FONT('continuous');
#4971 = STYLED_ITEM('color',(#4972),#822);
#4972 = PRESENTATION_STYLE_ASSIGNMENT((#4973,#4978));
#4973 = SURFACE_STYLE_USAGE(.BOTH.,#4974);
#4974 = SURFACE_SIDE_STYLE('',(#4975));
#4975 = SURFACE_STYLE_FILL_AREA(#4976);
#4976 = FILL_AREA_STYLE('',(#4977));
#4977 = FILL_AREA_STYLE_COLOUR('',#4383);
#4978 = CURVE_STYLE('',#4979,POSITIVE_LENGTH_MEASURE(0.1),#4383);
#4979 = DRAUGHTING_PRE_DEFINED_CURVE_FONT('continuous');
#4980 = STYLED_ITEM('color',(#4981),#834);
#4981 = PRESENTATION_STYLE_ASSIGNMENT((#4982,#4987));
#4982 = SURFACE_STYLE_USAGE(.BOTH.,#4983);
#4983 = SURFACE_SIDE_STYLE('',(#4984));
#4984 = SURFACE_STYLE_FILL_AREA(#4985);
#4985 = FILL_AREA_STYLE('',(#4986));
#4986 = FILL_AREA_STYLE_COLOUR('',#4383);
#4987 = CURVE_STYLE('',#4988,POSITIVE_LENGTH_MEASURE(0.1),#4383);
#4988 = DRAUGHTING_PRE_DEFINED_CURVE_FONT('continuous');
#4989 = STYLED_ITEM('color',(#4990),#846);
#4990 = PRESENTATION_STYLE_ASSIGNMENT((#4991,#4996));
#4991 = SURFACE_STYLE_USAGE(.BOTH.,#4992);
#4992 = SURFACE_SIDE_STYLE('',(#4993));
#4993 = SURFACE_STYLE_FILL_AREA(#4994);
#4994 = FILL_AREA_STYLE('',(#4995));
#4995 = FILL_AREA_STYLE_COLOUR('',#4383);
#4996 = CURVE_STYLE('',#4997,POSITIVE_LENGTH_MEASURE(0.1),#4383);
#4997 = DRAUGHTING_PRE_DEFINED_CURVE_FONT('continuous');
#4998 = STYLED_ITEM('color',(#4999),#858);
#4999 = PRESENTATION_STYLE_ASSIGNMENT((#5000,#5005));
#5000 = SURFACE_STYLE_USAGE(.BOTH.,#5001);
#5001 = SURFACE_SIDE_STYLE('',(#5002));
#5002 = SURFACE_STYLE_FILL_AREA(#5003);
#5003 = FILL_AREA_STYLE('',(#5004));
#5004 = FILL_AREA_STYLE_COLOUR('',#4383);
#5005 = CURVE_STYLE('',#5006,POSITIVE_LENGTH_MEASURE(0.1),#4383);
#5006 = DRAUGHTING_PRE_DEFINED_CURVE_FONT('continuous');
#5007 = STYLED_ITEM('color',(#5008),#870);
#5008 = PRESENTATION_STYLE_ASSIGNMENT((#5009,#5014));
#5009 = SURFACE_STYLE_USAGE(.BOTH.,#5010);
#5010 = SURFACE_SIDE_STYLE('',(#5011));
#5011 = SURFACE_STYLE_FILL_AREA(#5012);
#5012 = FILL_AREA_STYLE('',(#5013));
#5013 = FILL_AREA_STYLE_COLOUR('',#4383);
#5014 = CURVE_STYLE('',#5015,POSITIVE_LENGTH_MEASURE(0.1),#4383);
#5015 = DRAUGHTING_PRE_DEFINED_CURVE_FONT('continuous');
#5016 = STYLED_ITEM('color',(#5017),#882);
#5017 = PRESENTATION_STYLE_ASSIGNMENT((#5018,#5023));
#5018 = SURFACE_STYLE_USAGE(.BOTH.,#5019);
#5019 = SURFACE_SIDE_STYLE('',(#5020));
#5020 = SURFACE_STYLE_FILL_AREA(#5021);
#5021 = FILL_AREA_STYLE('',(#5022));
#5022 = FILL_AREA_STYLE_COLOUR('',#4383);
#5023 = CURVE_STYLE('',#5024,POSITIVE_LENGTH_MEASURE(0.1),#4383);
#5024 = DRAUGHTING_PRE_DEFINED_CURVE_FONT('continuous');
#5025 = STYLED_ITEM('color',(#5026),#894);
#5026 = PRESENTATION_STYLE_ASSIGNMENT((#5027,#5032));
#5027 = SURFACE_STYLE_USAGE(.BOTH.,#5028);
#5028 = SURFACE_SIDE_STYLE('',(#5029));
#5029 = SURFACE_STYLE_FILL_AREA(#5030);
#5030 = FILL_AREA_STYLE('',(#5031));
#5031 = FILL_AREA_STYLE_COLOUR('',#4383);
#5032 = CURVE_STYLE('',#5033,POSITIVE_LENGTH_MEASURE(0.1),#4383);
#5033 = DRAUGHTING_PRE_DEFINED_CURVE_FONT('continuous');
#5034 = STYLED_ITEM('color',(#5035),#906);
#5035 = PRESENTATION_STYLE_ASSIGNMENT((#5036,#5041));
#5036 = SURFACE_STYLE_USAGE(.BOTH.,#5037);
#5037 = SURFACE_SIDE_STYLE('',(#5038));
#5038 = SURFACE_STYLE_FILL_AREA(#5039);
#5039 = FILL_AREA_STYLE('',(#5040));
#5040 = FILL_AREA_STYLE_COLOUR('',#4383);
#5041 = CURVE_STYLE('',#5042,POSITIVE_LENGTH_MEASURE(0.1),#4383);
#5042 = DRAUGHTING_PRE_DEFINED_CURVE_FONT('continuous');
#5043 = STYLED_ITEM('color',(#5044),#918);
#5044 = PRESENTATION_STYLE_ASSIGNMENT((#5045,#5050));
#5045 = SURFACE_STYLE_USAGE(.BOTH.,#5046);
#5046 = SURFACE_SIDE_STYLE('',(#5047));
#5047 = SURFACE_STYLE_FILL_AREA(#5048);
#5048 = FILL_AREA_STYLE('',(#5049));
#5049 = FILL_AREA_STYLE_COLOUR('',#4383);
#5050 = CURVE_STYLE('',#5051,POSITIVE_LENGTH_MEASURE(0.1),#4383);
#5051 = DRAUGHTING_PRE_DEFINED_CURVE_FONT('continuous');
#5052 = STYLED_ITEM('color',(#5053),#930);
#5053 = PRESENTATION_STYLE_ASSIGNMENT((#5054,#5059));
#5054 = SURFACE_STYLE_USAGE(.BOTH.,#5055);
#5055 = SURFACE_SIDE_STYLE('',(#5056));
#5056 = SURFACE_STYLE_FILL_AREA(#5057);
#5057 = FILL_AREA_STYLE('',(#5058));
#5058 = FILL_AREA_STYLE_COLOUR('',#4383);
#5059 = CURVE_STYLE('',#5060,POSITIVE_LENGTH_MEASURE(0.1),#4383);
#5060 = DRAUGHTING_PRE_DEFINED_CURVE_FONT('continuous');
#5061 = STYLED_ITEM('color',(#5062),#942);
#5062 = PRESENTATION_STYLE_ASSIGNMENT((#5063,#5068));
#5063 = SURFACE_STYLE_USAGE(.BOTH.,#5064);
#5064 = SURFACE_SIDE_STYLE('',(#5065));
#5065 = SURFACE_STYLE_FILL_AREA(#5066);
#5066 = FILL_AREA_STYLE('',(#5067));
#5067 = FILL_AREA_STYLE_COLOUR('',#4383);
#5068 = CURVE_STYLE('',#5069,POSITIVE_LENGTH_MEASURE(0.1),#4383);
#5069 = DRAUGHTING_PRE_DEFINED_CURVE_FONT('continuous');
#5070 = STYLED_ITEM('color',(#5071),#954);
#5071 = PRESENTATION_STYLE_ASSIGNMENT((#5072,#5077));
#5072 = SURFACE_STYLE_USAGE(.BOTH.,#5073);
#5073 = SURFACE_SIDE_STYLE('',(#5074));
#5074 = SURFACE_STYLE_FILL_AREA(#5075);
#5075 = FILL_AREA_STYLE('',(#5076));
#5076 = FILL_AREA_STYLE_COLOUR('',#4383);
#5077 = CURVE_STYLE('',#5078,POSITIVE_LENGTH_MEASURE(0.1),#4383);
#5078 = DRAUGHTING_PRE_DEFINED_CURVE_FONT('continuous');
#5079 = STYLED_ITEM('color',(#5080),#966);
#5080 = PRESENTATION_STYLE_ASSIGNMENT((#5081,#5086));
#5081 = SURFACE_STYLE_USAGE(.BOTH.,#5082);
#5082 = SURFACE_SIDE_STYLE('',(#5083));
#5083 = SURFACE_STYLE_FILL_AREA(#5084);
#5084 = FILL_AREA_STYLE('',(#5085));
#5085 = FILL_AREA_STYLE_COLOUR('',#4383);
#5086 = CURVE_STYLE('',#5087,POSITIVE_LENGTH_MEASURE(0.1),#4383);
#5087 = DRAUGHTING_PRE_DEFINED_CURVE_FONT('continuous');
#5088 = STYLED_ITEM('color',(#5089),#978);
#5089 = PRESENTATION_STYLE_ASSIGNMENT((#5090,#5095));
#5090 = SURFACE_STYLE_USAGE(.BOTH.,#5091);
#5091 = SURFACE_SIDE_STYLE('',(#5092));
#5092 = SURFACE_STYLE_FILL_AREA(#5093);
#5093 = FILL_AREA_STYLE('',(#5094));
#5094 = FILL_AREA_STYLE_COLOUR('',#4383);
#5095 = CURVE_STYLE('',#5096,POSITIVE_LENGTH_MEASURE(0.1),#4383);
#5096 = DRAUGHTING_PRE_DEFINED_CURVE_FONT('continuous');
#5097 = STYLED_ITEM('color',(#5098),#990);
#5098 = PRESENTATION_STYLE_ASSIGNMENT((#5099,#5104));
#5099 = SURFACE_STYLE_USAGE(.BOTH.,#5100);
#5100 = SURFACE_SIDE_STYLE('',(#5101));
#5101 = SURFACE_STYLE_FILL_AREA(#5102);
#5102 = FILL_AREA_STYLE('',(#5103));
#5103 = FILL_AREA_STYLE_COLOUR('',#4383);
#5104 = CURVE_STYLE('',#5105,POSITIVE_LENGTH_MEASURE(0.1),#4383);
#5105 = DRAUGHTING_PRE_DEFINED_CURVE_FONT('continuous');
#5106 = STYLED_ITEM('color',(#5107),#1002);
#5107 = PRESENTATION_STYLE_ASSIGNMENT((#5108,#5113));
#5108 = SURFACE_STYLE_USAGE(.BOTH.,#5109);
#5109 = SURFACE_SIDE_STYLE('',(#5110));
#5110 = SURFACE_STYLE_FILL_AREA(#5111);
#5111 = FILL_AREA_STYLE('',(#5112));
#5112 = FILL_AREA_STYLE_COLOUR('',#4383);
#5113 = CURVE_STYLE('',#5114,POSITIVE_LENGTH_MEASURE(0.1),#4383);
#5114 = DRAUGHTING_PRE_DEFINED_CURVE_FONT('continuous');
#5115 = STYLED_ITEM('color',(#5116),#1014);
#5116 = PRESENTATION_STYLE_ASSIGNMENT((#5117,#5122));
#5117 = SURFACE_STYLE_USAGE(.BOTH.,#5118);
#5118 = SURFACE_SIDE_STYLE('',(#5119));
#5119 = SURFACE_STYLE_FILL_AREA(#5120);
#5120 = FILL_AREA_STYLE('',(#5121));
#5121 = FILL_AREA_STYLE_COLOUR('',#4383);
#5122 = CURVE_STYLE('',#5123,POSITIVE_LENGTH_MEASURE(0.1),#4383);
#5123 = DRAUGHTING_PRE_DEFINED_CURVE_FONT('continuous');
#5124 = STYLED_ITEM('color',(#5125),#1026);
#5125 = PRESENTATION_STYLE_ASSIGNMENT((#5126,#5131));
#5126 = SURFACE_STYLE_USAGE(.BOTH.,#5127);
#5127 = SURFACE_SIDE_STYLE('',(#5128));
#5128 = SURFACE_STYLE_FILL_AREA(#5129);
#5129 = FILL_AREA_STYLE('',(#5130));
#5130 = FILL_AREA_STYLE_COLOUR('',#4383);
#5131 = CURVE_STYLE('',#5132,POSITIVE_LENGTH_MEASURE(0.1),#4383);
#5132 = DRAUGHTING_PRE_DEFINED_CURVE_FONT('continuous');
#5133 = STYLED_ITEM('color',(#5134),#1038);
#5134 = PRESENTATION_STYLE_ASSIGNMENT((#5135,#5140));
#5135 = SURFACE_STYLE_USAGE(.BOTH.,#5136);
#5136 = SURFACE_SIDE_STYLE('',(#5137));
#5137 = SURFACE_STYLE_FILL_AREA(#5138);
#5138 = FILL_AREA_STYLE('',(#5139));
#5139 = FILL_AREA_STYLE_COLOUR('',#4383);
#5140 = CURVE_STYLE('',#5141,POSITIVE_LENGTH_MEASURE(0.1),#4383);
#5141 = DRAUGHTING_PRE_DEFINED_CURVE_FONT('continuous');
#5142 = STYLED_ITEM('color',(#5143),#1050);
#5143 = PRESENTATION_STYLE_ASSIGNMENT((#5144,#5149));
#5144 = SURFACE_STYLE_USAGE(.BOTH.,#5145);
#5145 = SURFACE_SIDE_STYLE('',(#5146));
#5146 = SURFACE_STYLE_FILL_AREA(#5147);
#5147 = FILL_AREA_STYLE('',(#5148));
#5148 = FILL_AREA_STYLE_COLOUR('',#4383);
#5149 = CURVE_STYLE('',#5150,POSITIVE_LENGTH_MEASURE(0.1),#4383);
#5150 = DRAUGHTING_PRE_DEFINED_CURVE_FONT('continuous');
#5151 = STYLED_ITEM('color',(#5152),#1062);
#5152 = PRESENTATION_STYLE_ASSIGNMENT((#5153,#5158));
#5153 = SURFACE_STYLE_USAGE(.BOTH.,#5154);
#5154 = SURFACE_SIDE_STYLE('',(#5155));
#5155 = SURFACE_STYLE_FILL_AREA(#5156);
#5156 = FILL_AREA_STYLE('',(#5157));
#5157 = FILL_AREA_STYLE_COLOUR('',#4383);
#5158 = CURVE_STYLE('',#5159,POSITIVE_LENGTH_MEASURE(0.1),#4383);
#5159 = DRAUGHTING_PRE_DEFINED_CURVE_FONT('continuous');
#5160 = STYLED_ITEM('color',(#5161),#1074);
#5161 = PRESENTATION_STYLE_ASSIGNMENT((#5162,#5167));
#5162 = SURFACE_STYLE_USAGE(.BOTH.,#5163);
#5163 = SURFACE_SIDE_STYLE('',(#5164));
#5164 = SURFACE_STYLE_FILL_AREA(#5165);
#5165 = FILL_AREA_STYLE('',(#5166));
#5166 = FILL_AREA_STYLE_COLOUR('',#4383);
#5167 = CURVE_STYLE('',#5168,POSITIVE_LENGTH_MEASURE(0.1),#4383);
#5168 = DRAUGHTING_PRE_DEFINED_CURVE_FONT('continuous');
#5169 = STYLED_ITEM('color',(#5170),#1086);
#5170 = PRESENTATION_STYLE_ASSIGNMENT((#5171,#5176));
#5171 = SURFACE_STYLE_USAGE(.BOTH.,#5172);
#5172 = SURFACE_SIDE_STYLE('',(#5173));
#5173 = SURFACE_STYLE_FILL_AREA(#5174);
#5174 = FILL_AREA_STYLE('',(#5175));
#5175 = FILL_AREA_STYLE_COLOUR('',#4383);
#5176 = CURVE_STYLE('',#5177,POSITIVE_LENGTH_MEASURE(0.1),#4383);
#5177 = DRAUGHTING_PRE_DEFINED_CURVE_FONT('continuous');
#5178 = STYLED_ITEM('color',(#5179),#1098);
#5179 = PRESENTATION_STYLE_ASSIGNMENT((#5180,#5185));
#5180 = SURFACE_STYLE_USAGE(.BOTH.,#5181);
#5181 = SURFACE_SIDE_STYLE('',(#5182));
#5182 = SURFACE_STYLE_FILL_AREA(#5183);
#5183 = FILL_AREA_STYLE('',(#5184));
#5184 = FILL_AREA_STYLE_COLOUR('',#4383);
#5185 = CURVE_STYLE('',#5186,POSITIVE_LENGTH_MEASURE(0.1),#4383);
#5186 = DRAUGHTING_PRE_DEFINED_CURVE_FONT('continuous');
#5187 = STYLED_ITEM('color',(#5188),#1110);
#5188 = PRESENTATION_STYLE_ASSIGNMENT((#5189,#5194));
#5189 = SURFACE_STYLE_USAGE(.BOTH.,#5190);
#5190 = SURFACE_SIDE_STYLE('',(#5191));
#5191 = SURFACE_STYLE_FILL_AREA(#5192);
#5192 = FILL_AREA_STYLE('',(#5193));
#5193 = FILL_AREA_STYLE_COLOUR('',#4383);
#5194 = CURVE_STYLE('',#5195,POSITIVE_LENGTH_MEASURE(0.1),#4383);
#5195 = DRAUGHTING_PRE_DEFINED_CURVE_FONT('continuous');
#5196 = STYLED_ITEM('color',(#5197),#1122);
#5197 = PRESENTATION_STYLE_ASSIGNMENT((#5198,#5203));
#5198 = SURFACE_STYLE_USAGE(.BOTH.,#5199);
#5199 = SURFACE_SIDE_STYLE('',(#5200));
#5200 = SURFACE_STYLE_FILL_AREA(#5201);
#5201 = FILL_AREA_STYLE('',(#5202));
#5202 = FILL_AREA_STYLE_COLOUR('',#4383);
#5203 = CURVE_STYLE('',#5204,POSITIVE_LENGTH_MEASURE(0.1),#4383);
#5204 = DRAUGHTING_PRE_DEFINED_CURVE_FONT('continuous');
#5205 = STYLED_ITEM('color',(#5206),#1134);
#5206 = PRESENTATION_STYLE_ASSIGNMENT((#5207,#5212));
#5207 = SURFACE_STYLE_USAGE(.BOTH.,#5208);
#5208 = SURFACE_SIDE_STYLE('',(#5209));
#5209 = SURFACE_STYLE_FILL_AREA(#5210);
#5210 = FILL_AREA_STYLE('',(#5211));
#5211 = FILL_AREA_STYLE_COLOUR('',#4383);
#5212 = CURVE_STYLE('',#5213,POSITIVE_LENGTH_MEASURE(0.1),#4383);
#5213 = DRAUGHTING_PRE_DEFINED_CURVE_FONT('continuous');
#5214 = STYLED_ITEM('color',(#5215),#1146);
#5215 = PRESENTATION_STYLE_ASSIGNMENT((#5216,#5221));
#5216 = SURFACE_STYLE_USAGE(.BOTH.,#5217);
#5217 = SURFACE_SIDE_STYLE('',(#5218));
#5218 = SURFACE_STYLE_FILL_AREA(#5219);
#5219 = FILL_AREA_STYLE('',(#5220));
#5220 = FILL_AREA_STYLE_COLOUR('',#4383);
#5221 = CURVE_STYLE('',#5222,POSITIVE_LENGTH_MEASURE(0.1),#4383);
#5222 = DRAUGHTING_PRE_DEFINED_CURVE_FONT('continuous');
#5223 = STYLED_ITEM('color',(#5224),#1158);
#5224 = PRESENTATION_STYLE_ASSIGNMENT((#5225,#5230));
#5225 = SURFACE_STYLE_USAGE(.BOTH.,#5226);
#5226 = SURFACE_SIDE_STYLE('',(#5227));
#5227 = SURFACE_STYLE_FILL_AREA(#5228);
#5228 = FILL_AREA_STYLE('',(#5229));
#5229 = FILL_AREA_STYLE_COLOUR('',#4383);
#5230 = CURVE_STYLE('',#5231,POSITIVE_LENGTH_MEASURE(0.1),#4383);
#5231 = DRAUGHTING_PRE_DEFINED_CURVE_FONT('continuous');
#5232 = STYLED_ITEM('color',(#5233),#1170);
#5233 = PRESENTATION_STYLE_ASSIGNMENT((#5234,#5239));
#5234 = SURFACE_STYLE_USAGE(.BOTH.,#5235);
#5235 = SURFACE_SIDE_STYLE('',(#5236));
#5236 = SURFACE_STYLE_FILL_AREA(#5237);
#5237 = FILL_AREA_STYLE('',(#5238));
#5238 = FILL_AREA_STYLE_COLOUR('',#4383);
#5239 = CURVE_STYLE('',#5240,POSITIVE_LENGTH_MEASURE(0.1),#4383);
#5240 = DRAUGHTING_PRE_DEFINED_CURVE_FONT('continuous');
#5241 = STYLED_ITEM('color',(#5242),#1182);
#5242 = PRESENTATION_STYLE_ASSIGNMENT((#5243,#5248));
#5243 = SURFACE_STYLE_USAGE(.BOTH.,#5244);
#5244 = SURFACE_SIDE_STYLE('',(#5245));
#5245 = SURFACE_STYLE_FILL_AREA(#5246);
#5246 = FILL_AREA_STYLE('',(#5247));
#5247 = FILL_AREA_STYLE_COLOUR('',#4383);
#5248 = CURVE_STYLE('',#5249,POSITIVE_LENGTH_MEASURE(0.1),#4383);
#5249 = DRAUGHTING_PRE_DEFINED_CURVE_FONT('continuous');
#5250 = STYLED_ITEM('color',(#5251),#1194);
#5251 = PRESENTATION_STYLE_ASSIGNMENT((#5252,#5257));
#5252 = SURFACE_STYLE_USAGE(.BOTH.,#5253);
#5253 = SURFACE_SIDE_STYLE('',(#5254));
#5254 = SURFACE_STYLE_FILL_AREA(#5255);
#5255 = FILL_AREA_STYLE('',(#5256));
#5256 = FILL_AREA_STYLE_COLOUR('',#4383);
#5257 = CURVE_STYLE('',#5258,POSITIVE_LENGTH_MEASURE(0.1),#4383);
#5258 = DRAUGHTING_PRE_DEFINED_CURVE_FONT('continuous');
#5259 = STYLED_ITEM('color',(#5260),#1206);
#5260 = PRESENTATION_STYLE_ASSIGNMENT((#5261,#5266));
#5261 = SURFACE_STYLE_USAGE(.BOTH.,#5262);
#5262 = SURFACE_SIDE_STYLE('',(#5263));
#5263 = SURFACE_STYLE_FILL_AREA(#5264);
#5264 = FILL_AREA_STYLE('',(#5265));
#5265 = FILL_AREA_STYLE_COLOUR('',#4383);
#5266 = CURVE_STYLE('',#5267,POSITIVE_LENGTH_MEASURE(0.1),#4383);
#5267 = DRAUGHTING_PRE_DEFINED_CURVE_FONT('continuous');
#5268 = STYLED_ITEM('color',(#5269),#1218);
#5269 = PRESENTATION_STYLE_ASSIGNMENT((#5270,#5275));
#5270 = SURFACE_STYLE_USAGE(.BOTH.,#5271);
#5271 = SURFACE_SIDE_STYLE('',(#5272));
#5272 = SURFACE_STYLE_FILL_AREA(#5273);
#5273 = FILL_AREA_STYLE('',(#5274));
#5274 = FILL_AREA_STYLE_COLOUR('',#4383);
#5275 = CURVE_STYLE('',#5276,POSITIVE_LENGTH_MEASURE(0.1),#4383);
#5276 = DRAUGHTING_PRE_DEFINED_CURVE_FONT('continuous');
#5277 = STYLED_ITEM('color',(#5278),#1230);
#5278 = PRESENTATION_STYLE_ASSIGNMENT((#5279,#5284));
#5279 = SURFACE_STYLE_USAGE(.BOTH.,#5280);
#5280 = SURFACE_SIDE_STYLE('',(#5281));
#5281 = SURFACE_STYLE_FILL_AREA(#5282);
#5282 = FILL_AREA_STYLE('',(#5283));
#5283 = FILL_AREA_STYLE_COLOUR('',#4383);
#5284 = CURVE_STYLE('',#5285,POSITIVE_LENGTH_MEASURE(0.1),#4383);
#5285 = DRAUGHTING_PRE_DEFINED_CURVE_FONT('continuous');
#5286 = STYLED_ITEM('color',(#5287),#1242);
#5287 = PRESENTATION_STYLE_ASSIGNMENT((#5288,#5293));
#5288 = SURFACE_STYLE_USAGE(.BOTH.,#5289);
#5289 = SURFACE_SIDE_STYLE('',(#5290));
#5290 = SURFACE_STYLE_FILL_AREA(#5291);
#5291 = FILL_AREA_STYLE('',(#5292));
#5292 = FILL_AREA_STYLE_COLOUR('',#4383);
#5293 = CURVE_STYLE('',#5294,POSITIVE_LENGTH_MEASURE(0.1),#4383);
#5294 = DRAUGHTING_PRE_DEFINED_CURVE_FONT('continuous');
#5295 = STYLED_ITEM('color',(#5296),#1254);
#5296 = PRESENTATION_STYLE_ASSIGNMENT((#5297,#5302));
#5297 = SURFACE_STYLE_USAGE(.BOTH.,#5298);
#5298 = SURFACE_SIDE_STYLE('',(#5299));
#5299 = SURFACE_STYLE_FILL_AREA(#5300);
#5300 = FILL_AREA_STYLE('',(#5301));
#5301 = FILL_AREA_STYLE_COLOUR('',#4383);
#5302 = CURVE_STYLE('',#5303,POSITIVE_LENGTH_MEASURE(0.1),#4383);
#5303 = DRAUGHTING_PRE_DEFINED_CURVE_FONT('continuous');
#5304 = STYLED_ITEM('color',(#5305),#1266);
#5305 = PRESENTATION_STYLE_ASSIGNMENT((#5306,#5311));
#5306 = SURFACE_STYLE_USAGE(.BOTH.,#5307);
#5307 = SURFACE_SIDE_STYLE('',(#5308));
#5308 = SURFACE_STYLE_FILL_AREA(#5309);
#5309 = FILL_AREA_STYLE('',(#5310));
#5310 = FILL_AREA_STYLE_COLOUR('',#4383);
#5311 = CURVE_STYLE('',#5312,POSITIVE_LENGTH_MEASURE(0.1),#4383);
#5312 = DRAUGHTING_PRE_DEFINED_CURVE_FONT('continuous');
#5313 = STYLED_ITEM('color',(#5314),#1278);
#5314 = PRESENTATION_STYLE_ASSIGNMENT((#5315,#5320));
#5315 = SURFACE_STYLE_USAGE(.BOTH.,#5316);
#5316 = SURFACE_SIDE_STYLE('',(#5317));
#5317 = SURFACE_STYLE_FILL_AREA(#5318);
#5318 = FILL_AREA_STYLE('',(#5319));
#5319 = FILL_AREA_STYLE_COLOUR('',#4383);
#5320 = CURVE_STYLE('',#5321,POSITIVE_LENGTH_MEASURE(0.1),#4383);
#5321 = DRAUGHTING_PRE_DEFINED_CURVE_FONT('continuous');
#5322 = STYLED_ITEM('color',(#5323),#1290);
#5323 = PRESENTATION_STYLE_ASSIGNMENT((#5324,#5329));
#5324 = SURFACE_STYLE_USAGE(.BOTH.,#5325);
#5325 = SURFACE_SIDE_STYLE('',(#5326));
#5326 = SURFACE_STYLE_FILL_AREA(#5327);
#5327 = FILL_AREA_STYLE('',(#5328));
#5328 = FILL_AREA_STYLE_COLOUR('',#4383);
#5329 = CURVE_STYLE('',#5330,POSITIVE_LENGTH_MEASURE(0.1),#4383);
#5330 = DRAUGHTING_PRE_DEFINED_CURVE_FONT('continuous');
#5331 = STYLED_ITEM('color',(#5332),#1302);
#5332 = PRESENTATION_STYLE_ASSIGNMENT((#5333,#5338));
#5333 = SURFACE_STYLE_USAGE(.BOTH.,#5334);
#5334 = SURFACE_SIDE_STYLE('',(#5335));
#5335 = SURFACE_STYLE_FILL_AREA(#5336);
#5336 = FILL_AREA_STYLE('',(#5337));
#5337 = FILL_AREA_STYLE_COLOUR('',#4383);
#5338 = CURVE_STYLE('',#5339,POSITIVE_LENGTH_MEASURE(0.1),#4383);
#5339 = DRAUGHTING_PRE_DEFINED_CURVE_FONT('continuous');
#5340 = STYLED_ITEM('color',(#5341),#1314);
#5341 = PRESENTATION_STYLE_ASSIGNMENT((#5342,#5347));
#5342 = SURFACE_STYLE_USAGE(.BOTH.,#5343);
#5343 = SURFACE_SIDE_STYLE('',(#5344));
#5344 = SURFACE_STYLE_FILL_AREA(#5345);
#5345 = FILL_AREA_STYLE('',(#5346));
#5346 = FILL_AREA_STYLE_COLOUR('',#4383);
#5347 = CURVE_STYLE('',#5348,POSITIVE_LENGTH_MEASURE(0.1),#4383);
#5348 = DRAUGHTING_PRE_DEFINED_CURVE_FONT('continuous');
#5349 = STYLED_ITEM('color',(#5350),#1326);
#5350 = PRESENTATION_STYLE_ASSIGNMENT((#5351,#5356));
#5351 = SURFACE_STYLE_USAGE(.BOTH.,#5352);
#5352 = SURFACE_SIDE_STYLE('',(#5353));
#5353 = SURFACE_STYLE_FILL_AREA(#5354);
#5354 = FILL_AREA_STYLE('',(#5355));
#5355 = FILL_AREA_STYLE_COLOUR('',#4383);
#5356 = CURVE_STYLE('',#5357,POSITIVE_LENGTH_MEASURE(0.1),#4383);
#5357 = DRAUGHTING_PRE_DEFINED_CURVE_FONT('continuous');
#5358 = STYLED_ITEM('color',(#5359),#1338);
#5359 = PRESENTATION_STYLE_ASSIGNMENT((#5360,#5365));
#5360 = SURFACE_STYLE_USAGE(.BOTH.,#5361);
#5361 = SURFACE_SIDE_STYLE('',(#5362));
#5362 = SURFACE_STYLE_FILL_AREA(#5363);
#5363 = FILL_AREA_STYLE('',(#5364));
#5364 = FILL_AREA_STYLE_COLOUR('',#4383);
#5365 = CURVE_STYLE('',#5366,POSITIVE_LENGTH_MEASURE(0.1),#4383);
#5366 = DRAUGHTING_PRE_DEFINED_CURVE_FONT('continuous');
#5367 = STYLED_ITEM('color',(#5368),#1350);
#5368 = PRESENTATION_STYLE_ASSIGNMENT((#5369,#5374));
#5369 = SURFACE_STYLE_USAGE(.BOTH.,#5370);
#5370 = SURFACE_SIDE_STYLE('',(#5371));
#5371 = SURFACE_STYLE_FILL_AREA(#5372);
#5372 = FILL_AREA_STYLE('',(#5373));
#5373 = FILL_AREA_STYLE_COLOUR('',#4383);
#5374 = CURVE_STYLE('',#5375,POSITIVE_LENGTH_MEASURE(0.1),#4383);
#5375 = DRAUGHTING_PRE_DEFINED_CURVE_FONT('continuous');
#5376 = STYLED_ITEM('color',(#5377),#1362);
#5377 = PRESENTATION_STYLE_ASSIGNMENT((#5378,#5383));
#5378 = SURFACE_STYLE_USAGE(.BOTH.,#5379);
#5379 = SURFACE_SIDE_STYLE('',(#5380));
#5380 = SURFACE_STYLE_FILL_AREA(#5381);
#5381 = FILL_AREA_STYLE('',(#5382));
#5382 = FILL_AREA_STYLE_COLOUR('',#4383);
#5383 = CURVE_STYLE('',#5384,POSITIVE_LENGTH_MEASURE(0.1),#4383);
#5384 = DRAUGHTING_PRE_DEFINED_CURVE_FONT('continuous');
#5385 = STYLED_ITEM('color',(#5386),#1374);
#5386 = PRESENTATION_STYLE_ASSIGNMENT((#5387,#5392));
#5387 = SURFACE_STYLE_USAGE(.BOTH.,#5388);
#5388 = SURFACE_SIDE_STYLE('',(#5389));
#5389 = SURFACE_STYLE_FILL_AREA(#5390);
#5390 = FILL_AREA_STYLE('',(#5391));
#5391 = FILL_AREA_STYLE_COLOUR('',#4383);
#5392 = CURVE_STYLE('',#5393,POSITIVE_LENGTH_MEASURE(0.1),#4383);
#5393 = DRAUGHTING_PRE_DEFINED_CURVE_FONT('continuous');
#5394 = STYLED_ITEM('color',(#5395),#1386);
#5395 = PRESENTATION_STYLE_ASSIGNMENT((#5396,#5401));
#5396 = SURFACE_STYLE_USAGE(.BOTH.,#5397);
#5397 = SURFACE_SIDE_STYLE('',(#5398));
#5398 = SURFACE_STYLE_FILL_AREA(#5399);
#5399 = FILL_AREA_STYLE('',(#5400));
#5400 = FILL_AREA_STYLE_COLOUR('',#4383);
#5401 = CURVE_STYLE('',#5402,POSITIVE_LENGTH_MEASURE(0.1),#4383);
#5402 = DRAUGHTING_PRE_DEFINED_CURVE_FONT('continuous');
#5403 = STYLED_ITEM('color',(#5404),#1398);
#5404 = PRESENTATION_STYLE_ASSIGNMENT((#5405,#5410));
#5405 = SURFACE_STYLE_USAGE(.BOTH.,#5406);
#5406 = SURFACE_SIDE_STYLE('',(#5407));
#5407 = SURFACE_STYLE_FILL_AREA(#5408);
#5408 = FILL_AREA_STYLE('',(#5409));
#5409 = FILL_AREA_STYLE_COLOUR('',#4383);
#5410 = CURVE_STYLE('',#5411,POSITIVE_LENGTH_MEASURE(0.1),#4383);
#5411 = DRAUGHTING_PRE_DEFINED_CURVE_FONT('continuous');
#5412 = STYLED_ITEM('color',(#5413),#1410);
#5413 = PRESENTATION_STYLE_ASSIGNMENT((#5414,#5419));
#5414 = SURFACE_STYLE_USAGE(.BOTH.,#5415);
#5415 = SURFACE_SIDE_STYLE('',(#5416));
#5416 = SURFACE_STYLE_FILL_AREA(#5417);
#5417 = FILL_AREA_STYLE('',(#5418));
#5418 = FILL_AREA_STYLE_COLOUR('',#4383);
#5419 = CURVE_STYLE('',#5420,POSITIVE_LENGTH_MEASURE(0.1),#4383);
#5420 = DRAUGHTING_PRE_DEFINED_CURVE_FONT('continuous');
#5421 = STYLED_ITEM('color',(#5422),#1422);
#5422 = PRESENTATION_STYLE_ASSIGNMENT((#5423,#5428));
#5423 = SURFACE_STYLE_USAGE(.BOTH.,#5424);
#5424 = SURFACE_SIDE_STYLE('',(#5425));
#5425 = SURFACE_STYLE_FILL_AREA(#5426);
#5426 = FILL_AREA_STYLE('',(#5427));
#5427 = FILL_AREA_STYLE_COLOUR('',#4383);
#5428 = CURVE_STYLE('',#5429,POSITIVE_LENGTH_MEASURE(0.1),#4383);
#5429 = DRAUGHTING_PRE_DEFINED_CURVE_FONT('continuous');
#5430 = STYLED_ITEM('color',(#5431),#1434);
#5431 = PRESENTATION_STYLE_ASSIGNMENT((#5432,#5437));
#5432 = SURFACE_STYLE_USAGE(.BOTH.,#5433);
#5433 = SURFACE_SIDE_STYLE('',(#5434));
#5434 = SURFACE_STYLE_FILL_AREA(#5435);
#5435 = FILL_AREA_STYLE('',(#5436));
#5436 = FILL_AREA_STYLE_COLOUR('',#4383);
#5437 = CURVE_STYLE('',#5438,POSITIVE_LENGTH_MEASURE(0.1),#4383);
#5438 = DRAUGHTING_PRE_DEFINED_CURVE_FONT('continuous');
#5439 = STYLED_ITEM('color',(#5440),#1446);
#5440 = PRESENTATION_STYLE_ASSIGNMENT((#5441,#5446));
#5441 = SURFACE_STYLE_USAGE(.BOTH.,#5442);
#5442 = SURFACE_SIDE_STYLE('',(#5443));
#5443 = SURFACE_STYLE_FILL_AREA(#5444);
#5444 = FILL_AREA_STYLE('',(#5445));
#5445 = FILL_AREA_STYLE_COLOUR('',#4383);
#5446 = CURVE_STYLE('',#5447,POSITIVE_LENGTH_MEASURE(0.1),#4383);
#5447 = DRAUGHTING_PRE_DEFINED_CURVE_FONT('continuous');
#5448 = STYLED_ITEM('color',(#5449),#1458);
#5449 = PRESENTATION_STYLE_ASSIGNMENT((#5450,#5455));
#5450 = SURFACE_STYLE_USAGE(.BOTH.,#5451);
#5451 = SURFACE_SIDE_STYLE('',(#5452));
#5452 = SURFACE_STYLE_FILL_AREA(#5453);
#5453 = FILL_AREA_STYLE('',(#5454));
#5454 = FILL_AREA_STYLE_COLOUR('',#4383);
#5455 = CURVE_STYLE('',#5456,POSITIVE_LENGTH_MEASURE(0.1),#4383);
#5456 = DRAUGHTING_PRE_DEFINED_CURVE_FONT('continuous');
#5457 = STYLED_ITEM('color',(#5458),#1470);
#5458 = PRESENTATION_STYLE_ASSIGNMENT((#5459,#5464));
#5459 = SURFACE_STYLE_USAGE(.BOTH.,#5460);
#5460 = SURFACE_SIDE_STYLE('',(#5461));
#5461 = SURFACE_STYLE_FILL_AREA(#5462);
#5462 = FILL_AREA_STYLE('',(#5463));
#5463 = FILL_AREA_STYLE_COLOUR('',#4383);
#5464 = CURVE_STYLE('',#5465,POSITIVE_LENGTH_MEASURE(0.1),#4383);
#5465 = DRAUGHTING_PRE_DEFINED_CURVE_FONT('continuous');
#5466 = STYLED_ITEM('color',(#5467),#1482);
#5467 = PRESENTATION_STYLE_ASSIGNMENT((#5468,#5473));
#5468 = SURFACE_STYLE_USAGE(.BOTH.,#5469);
#5469 = SURFACE_SIDE_STYLE('',(#5470));
#5470 = SURFACE_STYLE_FILL_AREA(#5471);
#5471 = FILL_AREA_STYLE('',(#5472));
#5472 = FILL_AREA_STYLE_COLOUR('',#4383);
#5473 = CURVE_STYLE('',#5474,POSITIVE_LENGTH_MEASURE(0.1),#4383);
#5474 = DRAUGHTING_PRE_DEFINED_CURVE_FONT('continuous');
#5475 = STYLED_ITEM('color',(#5476),#1494);
#5476 = PRESENTATION_STYLE_ASSIGNMENT((#5477,#5482));
#5477 = SURFACE_STYLE_USAGE(.BOTH.,#5478);
#5478 = SURFACE_SIDE_STYLE('',(#5479));
#5479 = SURFACE_STYLE_FILL_AREA(#5480);
#5480 = FILL_AREA_STYLE('',(#5481));
#5481 = FILL_AREA_STYLE_COLOUR('',#4383);
#5482 = CURVE_STYLE('',#5483,POSITIVE_LENGTH_MEASURE(0.1),#4383);
#5483 = DRAUGHTING_PRE_DEFINED_CURVE_FONT('continuous');
#5484 = STYLED_ITEM('color',(#5485),#1506);
#5485 = PRESENTATION_STYLE_ASSIGNMENT((#5486,#5491));
#5486 = SURFACE_STYLE_USAGE(.BOTH.,#5487);
#5487 = SURFACE_SIDE_STYLE('',(#5488));
#5488 = SURFACE_STYLE_FILL_AREA(#5489);
#5489 = FILL_AREA_STYLE('',(#5490));
#5490 = FILL_AREA_STYLE_COLOUR('',#4383);
#5491 = CURVE_STYLE('',#5492,POSITIVE_LENGTH_MEASURE(0.1),#4383);
#5492 = DRAUGHTING_PRE_DEFINED_CURVE_FONT('continuous');
#5493 = STYLED_ITEM('color',(#5494),#1518);
#5494 = PRESENTATION_STYLE_ASSIGNMENT((#5495,#5500));
#5495 = SURFACE_STYLE_USAGE(.BOTH.,#5496);
#5496 = SURFACE_SIDE_STYLE('',(#5497));
#5497 = SURFACE_STYLE_FILL_AREA(#5498);
#5498 = FILL_AREA_STYLE('',(#5499));
#5499 = FILL_AREA_STYLE_COLOUR('',#4383);
#5500 = CURVE_STYLE('',#5501,POSITIVE_LENGTH_MEASURE(0.1),#4383);
#5501 = DRAUGHTING_PRE_DEFINED_CURVE_FONT('continuous');
#5502 = STYLED_ITEM('color',(#5503),#1530);
#5503 = PRESENTATION_STYLE_ASSIGNMENT((#5504,#5509));
#5504 = SURFACE_STYLE_USAGE(.BOTH.,#5505);
#5505 = SURFACE_SIDE_STYLE('',(#5506));
#5506 = SURFACE_STYLE_FILL_AREA(#5507);
#5507 = FILL_AREA_STYLE('',(#5508));
#5508 = FILL_AREA_STYLE_COLOUR('',#4383);
#5509 = CURVE_STYLE('',#5510,POSITIVE_LENGTH_MEASURE(0.1),#4383);
#5510 = DRAUGHTING_PRE_DEFINED_CURVE_FONT('continuous');
#5511 = STYLED_ITEM('color',(#5512),#1542);
#5512 = PRESENTATION_STYLE_ASSIGNMENT((#5513,#5518));
#5513 = SURFACE_STYLE_USAGE(.BOTH.,#5514);
#5514 = SURFACE_SIDE_STYLE('',(#5515));
#5515 = SURFACE_STYLE_FILL_AREA(#5516);
#5516 = FILL_AREA_STYLE('',(#5517));
#5517 = FILL_AREA_STYLE_COLOUR('',#4383);
#5518 = CURVE_STYLE('',#5519,POSITIVE_LENGTH_MEASURE(0.1),#4383);
#5519 = DRAUGHTING_PRE_DEFINED_CURVE_FONT('continuous');
#5520 = STYLED_ITEM('color',(#5521),#1554);
#5521 = PRESENTATION_STYLE_ASSIGNMENT((#5522,#5527));
#5522 = SURFACE_STYLE_USAGE(.BOTH.,#5523);
#5523 = SURFACE_SIDE_STYLE('',(#5524));
#5524 = SURFACE_STYLE_FILL_AREA(#5525);
#5525 = FILL_AREA_STYLE('',(#5526));
#5526 = FILL_AREA_STYLE_COLOUR('',#4383);
#5527 = CURVE_STYLE('',#5528,POSITIVE_LENGTH_MEASURE(0.1),#4383);
#5528 = DRAUGHTING_PRE_DEFINED_CURVE_FONT('continuous');
#5529 = STYLED_ITEM('color',(#5530),#1566);
#5530 = PRESENTATION_STYLE_ASSIGNMENT((#5531,#5536));
#5531 = SURFACE_STYLE_USAGE(.BOTH.,#5532);
#5532 = SURFACE_SIDE_STYLE('',(#5533));
#5533 = SURFACE_STYLE_FILL_AREA(#5534);
#5534 = FILL_AREA_STYLE('',(#5535));
#5535 = FILL_AREA_STYLE_COLOUR('',#4383);
#5536 = CURVE_STYLE('',#5537,POSITIVE_LENGTH_MEASURE(0.1),#4383);
#5537 = DRAUGHTING_PRE_DEFINED_CURVE_FONT('continuous');
#5538 = STYLED_ITEM('color',(#5539),#1578);
#5539 = PRESENTATION_STYLE_ASSIGNMENT((#5540,#5545));
#5540 = SURFACE_STYLE_USAGE(.BOTH.,#5541);
#5541 = SURFACE_SIDE_STYLE('',(#5542));
#5542 = SURFACE_STYLE_FILL_AREA(#5543);
#5543 = FILL_AREA_STYLE('',(#5544));
#5544 = FILL_AREA_STYLE_COLOUR('',#4383);
#5545 = CURVE_STYLE('',#5546,POSITIVE_LENGTH_MEASURE(0.1),#4383);
#5546 = DRAUGHTING_PRE_DEFINED_CURVE_FONT('continuous');
#5547 = STYLED_ITEM('color',(#5548),#1590);
#5548 = PRESENTATION_STYLE_ASSIGNMENT((#5549,#5554));
#5549 = SURFACE_STYLE_USAGE(.BOTH.,#5550);
#5550 = SURFACE_SIDE_STYLE('',(#5551));
#5551 = SURFACE_STYLE_FILL_AREA(#5552);
#5552 = FILL_AREA_STYLE('',(#5553));
#5553 = FILL_AREA_STYLE_COLOUR('',#4383);
#5554 = CURVE_STYLE('',#5555,POSITIVE_LENGTH_MEASURE(0.1),#4383);
#5555 = DRAUGHTING_PRE_DEFINED_CURVE_FONT('continuous');
#5556 = STYLED_ITEM('color',(#5557),#1602);
#5557 = PRESENTATION_STYLE_ASSIGNMENT((#5558,#5563));
#5558 = SURFACE_STYLE_USAGE(.BOTH.,#5559);
#5559 = SURFACE_SIDE_STYLE('',(#5560));
#5560 = SURFACE_STYLE_FILL_AREA(#5561);
#5561 = FILL_AREA_STYLE('',(#5562));
#5562 = FILL_AREA_STYLE_COLOUR('',#4383);
#5563 = CURVE_STYLE('',#5564,POSITIVE_LENGTH_MEASURE(0.1),#4383);
#5564 = DRAUGHTING_PRE_DEFINED_CURVE_FONT('continuous');
#5565 = STYLED_ITEM('color',(#5566),#1614);
#5566 = PRESENTATION_STYLE_ASSIGNMENT((#5567,#5572));
#5567 = SURFACE_STYLE_USAGE(.BOTH.,#5568);
#5568 = SURFACE_SIDE_STYLE('',(#5569));
#5569 = SURFACE_STYLE_FILL_AREA(#5570);
#5570 = FILL_AREA_STYLE('',(#5571));
#5571 = FILL_AREA_STYLE_COLOUR('',#4383);
#5572 = CURVE_STYLE('',#5573,POSITIVE_LENGTH_MEASURE(0.1),#4383);
#5573 = DRAUGHTING_PRE_DEFINED_CURVE_FONT('continuous');
#5574 = STYLED_ITEM('color',(#5575),#1626);
#5575 = PRESENTATION_STYLE_ASSIGNMENT((#5576,#5581));
#5576 = SURFACE_STYLE_USAGE(.BOTH.,#5577);
#5577 = SURFACE_SIDE_STYLE('',(#5578));
#5578 = SURFACE_STYLE_FILL_AREA(#5579);
#5579 = FILL_AREA_STYLE('',(#5580));
#5580 = FILL_AREA_STYLE_COLOUR('',#4383);
#5581 = CURVE_STYLE('',#5582,POSITIVE_LENGTH_MEASURE(0.1),#4383);
#5582 = DRAUGHTING_PRE_DEFINED_CURVE_FONT('continuous');
#5583 = STYLED_ITEM('color',(#5584),#1638);
#5584 = PRESENTATION_STYLE_ASSIGNMENT((#5585,#5590));
#5585 = SURFACE_STYLE_USAGE(.BOTH.,#5586);
#5586 = SURFACE_SIDE_STYLE('',(#5587));
#5587 = SURFACE_STYLE_FILL_AREA(#5588);
#5588 = FILL_AREA_STYLE('',(#5589));
#5589 = FILL_AREA_STYLE_COLOUR('',#4383);
#5590 = CURVE_STYLE('',#5591,POSITIVE_LENGTH_MEASURE(0.1),#4383);
#5591 = DRAUGHTING_PRE_DEFINED_CURVE_FONT('continuous');
#5592 = STYLED_ITEM('color',(#5593),#1650);
#5593 = PRESENTATION_STYLE_ASSIGNMENT((#5594,#5599));
#5594 = SURFACE_STYLE_USAGE(.BOTH.,#5595);
#5595 = SURFACE_SIDE_STYLE('',(#5596));
#5596 = SURFACE_STYLE_FILL_AREA(#5597);
#5597 = FILL_AREA_STYLE('',(#5598));
#5598 = FILL_AREA_STYLE_COLOUR('',#4383);
#5599 = CURVE_STYLE('',#5600,POSITIVE_LENGTH_MEASURE(0.1),#4383);
#5600 = DRAUGHTING_PRE_DEFINED_CURVE_FONT('continuous');
#5601 = STYLED_ITEM('color',(#5602),#1662);
#5602 = PRESENTATION_STYLE_ASSIGNMENT((#5603,#5608));
#5603 = SURFACE_STYLE_USAGE(.BOTH.,#5604);
#5604 = SURFACE_SIDE_STYLE('',(#5605));
#5605 = SURFACE_STYLE_FILL_AREA(#5606);
#5606 = FILL_AREA_STYLE('',(#5607));
#5607 = FILL_AREA_STYLE_COLOUR('',#4383);
#5608 = CURVE_STYLE('',#5609,POSITIVE_LENGTH_MEASURE(0.1),#4383);
#5609 = DRAUGHTING_PRE_DEFINED_CURVE_FONT('continuous');
#5610 = STYLED_ITEM('color',(#5611),#1674);
#5611 = PRESENTATION_STYLE_ASSIGNMENT((#5612,#5617));
#5612 = SURFACE_STYLE_USAGE(.BOTH.,#5613);
#5613 = SURFACE_SIDE_STYLE('',(#5614));
#5614 = SURFACE_STYLE_FILL_AREA(#5615);
#5615 = FILL_AREA_STYLE('',(#5616));
#5616 = FILL_AREA_STYLE_COLOUR('',#4383);
#5617 = CURVE_STYLE('',#5618,POSITIVE_LENGTH_MEASURE(0.1),#4383);
#5618 = DRAUGHTING_PRE_DEFINED_CURVE_FONT('continuous');
#5619 = STYLED_ITEM('color',(#5620),#1686);
#5620 = PRESENTATION_STYLE_ASSIGNMENT((#5621,#5626));
#5621 = SURFACE_STYLE_USAGE(.BOTH.,#5622);
#5622 = SURFACE_SIDE_STYLE('',(#5623));
#5623 = SURFACE_STYLE_FILL_AREA(#5624);
#5624 = FILL_AREA_STYLE('',(#5625));
#5625 = FILL_AREA_STYLE_COLOUR('',#4383);
#5626 = CURVE_STYLE('',#5627,POSITIVE_LENGTH_MEASURE(0.1),#4383);
#5627 = DRAUGHTING_PRE_DEFINED_CURVE_FONT('continuous');
#5628 = STYLED_ITEM('color',(#5629),#1698);
#5629 = PRESENTATION_STYLE_ASSIGNMENT((#5630,#5635));
#5630 = SURFACE_STYLE_USAGE(.BOTH.,#5631);
#5631 = SURFACE_SIDE_STYLE('',(#5632));
#5632 = SURFACE_STYLE_FILL_AREA(#5633);
#5633 = FILL_AREA_STYLE('',(#5634));
#5634 = FILL_AREA_STYLE_COLOUR('',#4383);
#5635 = CURVE_STYLE('',#5636,POSITIVE_LENGTH_MEASURE(0.1),#4383);
#5636 = DRAUGHTING_PRE_DEFINED_CURVE_FONT('continuous');
#5637 = STYLED_ITEM('color',(#5638),#1710);
#5638 = PRESENTATION_STYLE_ASSIGNMENT((#5639,#5644));
#5639 = SURFACE_STYLE_USAGE(.BOTH.,#5640);
#5640 = SURFACE_SIDE_STYLE('',(#5641));
#5641 = SURFACE_STYLE_FILL_AREA(#5642);
#5642 = FILL_AREA_STYLE('',(#5643));
#5643 = FILL_AREA_STYLE_COLOUR('',#4383);
#5644 = CURVE_STYLE('',#5645,POSITIVE_LENGTH_MEASURE(0.1),#4383);
#5645 = DRAUGHTING_PRE_DEFINED_CURVE_FONT('continuous');
#5646 = STYLED_ITEM('color',(#5647),#1722);
#5647 = PRESENTATION_STYLE_ASSIGNMENT((#5648,#5653));
#5648 = SURFACE_STYLE_USAGE(.BOTH.,#5649);
#5649 = SURFACE_SIDE_STYLE('',(#5650));
#5650 = SURFACE_STYLE_FILL_AREA(#5651);
#5651 = FILL_AREA_STYLE('',(#5652));
#5652 = FILL_AREA_STYLE_COLOUR('',#4383);
#5653 = CURVE_STYLE('',#5654,POSITIVE_LENGTH_MEASURE(0.1),#4383);
#5654 = DRAUGHTING_PRE_DEFINED_CURVE_FONT('continuous');
#5655 = STYLED_ITEM('color',(#5656),#1734);
#5656 = PRESENTATION_STYLE_ASSIGNMENT((#5657,#5662));
#5657 = SURFACE_STYLE_USAGE(.BOTH.,#5658);
#5658 = SURFACE_SIDE_STYLE('',(#5659));
#5659 = SURFACE_STYLE_FILL_AREA(#5660);
#5660 = FILL_AREA_STYLE('',(#5661));
#5661 = FILL_AREA_STYLE_COLOUR('',#4383);
#5662 = CURVE_STYLE('',#5663,POSITIVE_LENGTH_MEASURE(0.1),#4383);
#5663 = DRAUGHTING_PRE_DEFINED_CURVE_FONT('continuous');
#5664 = STYLED_ITEM('color',(#5665),#1746);
#5665 = PRESENTATION_STYLE_ASSIGNMENT((#5666,#5671));
#5666 = SURFACE_STYLE_USAGE(.BOTH.,#5667);
#5667 = SURFACE_SIDE_STYLE('',(#5668));
#5668 = SURFACE_STYLE_FILL_AREA(#5669);
#5669 = FILL_AREA_STYLE('',(#5670));
#5670 = FILL_AREA_STYLE_COLOUR('',#4383);
#5671 = CURVE_STYLE('',#5672,POSITIVE_LENGTH_MEASURE(0.1),#4383);
#5672 = DRAUGHTING_PRE_DEFINED_CURVE_FONT('continuous');
#5673 = STYLED_ITEM('color',(#5674),#1758);
#5674 = PRESENTATION_STYLE_ASSIGNMENT((#5675,#5680));
#5675 = SURFACE_STYLE_USAGE(.BOTH.,#5676);
#5676 = SURFACE_SIDE_STYLE('',(#5677));
#5677 = SURFACE_STYLE_FILL_AREA(#5678);
#5678 = FILL_AREA_STYLE('',(#5679));
#5679 = FILL_AREA_STYLE_COLOUR('',#4383);
#5680 = CURVE_STYLE('',#5681,POSITIVE_LENGTH_MEASURE(0.1),#4383);
#5681 = DRAUGHTING_PRE_DEFINED_CURVE_FONT('continuous');
#5682 = STYLED_ITEM('color',(#5683),#1770);
#5683 = PRESENTATION_STYLE_ASSIGNMENT((#5684,#5689));
#5684 = SURFACE_STYLE_USAGE(.BOTH.,#5685);
#5685 = SURFACE_SIDE_STYLE('',(#5686));
#5686 = SURFACE_STYLE_FILL_AREA(#5687);
#5687 = FILL_AREA_STYLE('',(#5688));
#5688 = FILL_AREA_STYLE_COLOUR('',#4383);
#5689 = CURVE_STYLE('',#5690,POSITIVE_LENGTH_MEASURE(0.1),#4383);
#5690 = DRAUGHTING_PRE_DEFINED_CURVE_FONT('continuous');
#5691 = STYLED_ITEM('color',(#5692),#1782);
#5692 = PRESENTATION_STYLE_ASSIGNMENT((#5693,#5698));
#5693 = SURFACE_STYLE_USAGE(.BOTH.,#5694);
#5694 = SURFACE_SIDE_STYLE('',(#5695));
#5695 = SURFACE_STYLE_FILL_AREA(#5696);
#5696 = FILL_AREA_STYLE('',(#5697));
#5697 = FILL_AREA_STYLE_COLOUR('',#4383);
#5698 = CURVE_STYLE('',#5699,POSITIVE_LENGTH_MEASURE(0.1),#4383);
#5699 = DRAUGHTING_PRE_DEFINED_CURVE_FONT('continuous');
#5700 = STYLED_ITEM('color',(#5701),#1794);
#5701 = PRESENTATION_STYLE_ASSIGNMENT((#5702,#5707));
#5702 = SURFACE_STYLE_USAGE(.BOTH.,#5703);
#5703 = SURFACE_SIDE_STYLE('',(#5704));
#5704 = SURFACE_STYLE_FILL_AREA(#5705);
#5705 = FILL_AREA_STYLE('',(#5706));
#5706 = FILL_AREA_STYLE_COLOUR('',#4383);
#5707 = CURVE_STYLE('',#5708,POSITIVE_LENGTH_MEASURE(0.1),#4383);
#5708 = DRAUGHTING_PRE_DEFINED_CURVE_FONT('continuous');
#5709 = STYLED_ITEM('color',(#5710),#1806);
#5710 = PRESENTATION_STYLE_ASSIGNMENT((#5711,#5716));
#5711 = SURFACE_STYLE_USAGE(.BOTH.,#5712);
#5712 = SURFACE_SIDE_STYLE('',(#5713));
#5713 = SURFACE_STYLE_FILL_AREA(#5714);
#5714 = FILL_AREA_STYLE('',(#5715));
#5715 = FILL_AREA_STYLE_COLOUR('',#4383);
#5716 = CURVE_STYLE('',#5717,POSITIVE_LENGTH_MEASURE(0.1),#4383);
#5717 = DRAUGHTING_PRE_DEFINED_CURVE_FONT('continuous');
#5718 = STYLED_ITEM('color',(#5719),#1818);
#5719 = PRESENTATION_STYLE_ASSIGNMENT((#5720,#5725));
#5720 = SURFACE_STYLE_USAGE(.BOTH.,#5721);
#5721 = SURFACE_SIDE_STYLE('',(#5722));
#5722 = SURFACE_STYLE_FILL_AREA(#5723);
#5723 = FILL_AREA_STYLE('',(#5724));
#5724 = FILL_AREA_STYLE_COLOUR('',#4383);
#5725 = CURVE_STYLE('',#5726,POSITIVE_LENGTH_MEASURE(0.1),#4383);
#5726 = DRAUGHTING_PRE_DEFINED_CURVE_FONT('continuous');
#5727 = STYLED_ITEM('color',(#5728),#1830);
#5728 = PRESENTATION_STYLE_ASSIGNMENT((#5729,#5734));
#5729 = SURFACE_STYLE_USAGE(.BOTH.,#5730);
#5730 = SURFACE_SIDE_STYLE('',(#5731));
#5731 = SURFACE_STYLE_FILL_AREA(#5732);
#5732 = FILL_AREA_STYLE('',(#5733));
#5733 = FILL_AREA_STYLE_COLOUR('',#4383);
#5734 = CURVE_STYLE('',#5735,POSITIVE_LENGTH_MEASURE(0.1),#4383);
#5735 = DRAUGHTING_PRE_DEFINED_CURVE_FONT('continuous');
#5736 = STYLED_ITEM('color',(#5737),#1842);
#5737 = PRESENTATION_STYLE_ASSIGNMENT((#5738,#5743));
#5738 = SURFACE_STYLE_USAGE(.BOTH.,#5739);
#5739 = SURFACE_SIDE_STYLE('',(#5740));
#5740 = SURFACE_STYLE_FILL_AREA(#5741);
#5741 = FILL_AREA_STYLE('',(#5742));
#5742 = FILL_AREA_STYLE_COLOUR('',#4383);
#5743 = CURVE_STYLE('',#5744,POSITIVE_LENGTH_MEASURE(0.1),#4383);
#5744 = DRAUGHTING_PRE_DEFINED_CURVE_FONT('continuous');
#5745 = STYLED_ITEM('color',(#5746),#1854);
#5746 = PRESENTATION_STYLE_ASSIGNMENT((#5747,#5752));
#5747 = SURFACE_STYLE_USAGE(.BOTH.,#5748);
#5748 = SURFACE_SIDE_STYLE('',(#5749));
#5749 = SURFACE_STYLE_FILL_AREA(#5750);
#5750 = FILL_AREA_STYLE('',(#5751));
#5751 = FILL_AREA_STYLE_COLOUR('',#4383);
#5752 = CURVE_STYLE('',#5753,POSITIVE_LENGTH_MEASURE(0.1),#4383);
#5753 = DRAUGHTING_PRE_DEFINED_CURVE_FONT('continuous');
#5754 = STYLED_ITEM('color',(#5755),#1866);
#5755 = PRESENTATION_STYLE_ASSIGNMENT((#5756,#5761));
#5756 = SURFACE_STYLE_USAGE(.BOTH.,#5757);
#5757 = SURFACE_SIDE_STYLE('',(#5758));
#5758 = SURFACE_STYLE_FILL_AREA(#5759);
#5759 = FILL_AREA_STYLE('',(#5760));
#5760 = FILL_AREA_STYLE_COLOUR('',#4383);
#5761 = CURVE_STYLE('',#5762,POSITIVE_LENGTH_MEASURE(0.1),#4383);
#5762 = DRAUGHTING_PRE_DEFINED_CURVE_FONT('continuous');
#5763 = STYLED_ITEM('color',(#5764),#1878);
#5764 = PRESENTATION_STYLE_ASSIGNMENT((#5765,#5770));
#5765 = SURFACE_STYLE_USAGE(.BOTH.,#5766);
#5766 = SURFACE_SIDE_STYLE('',(#5767));
#5767 = SURFACE_STYLE_FILL_AREA(#5768);
#5768 = FILL_AREA_STYLE('',(#5769));
#5769 = FILL_AREA_STYLE_COLOUR('',#4383);
#5770 = CURVE_STYLE('',#5771,POSITIVE_LENGTH_MEASURE(0.1),#4383);
#5771 = DRAUGHTING_PRE_DEFINED_CURVE_FONT('continuous');
#5772 = STYLED_ITEM('color',(#5773),#1890);
#5773 = PRESENTATION_STYLE_ASSIGNMENT((#5774,#5779));
#5774 = SURFACE_STYLE_USAGE(.BOTH.,#5775);
#5775 = SURFACE_SIDE_STYLE('',(#5776));
#5776 = SURFACE_STYLE_FILL_AREA(#5777);
#5777 = FILL_AREA_STYLE('',(#5778));
#5778 = FILL_AREA_STYLE_COLOUR('',#4383);
#5779 = CURVE_STYLE('',#5780,POSITIVE_LENGTH_MEASURE(0.1),#4383);
#5780 = DRAUGHTING_PRE_DEFINED_CURVE_FONT('continuous');
#5781 = STYLED_ITEM('color',(#5782),#1902);
#5782 = PRESENTATION_STYLE_ASSIGNMENT((#5783,#5788));
#5783 = SURFACE_STYLE_USAGE(.BOTH.,#5784);
#5784 = SURFACE_SIDE_STYLE('',(#5785));
#5785 = SURFACE_STYLE_FILL_AREA(#5786);
#5786 = FILL_AREA_STYLE('',(#5787));
#5787 = FILL_AREA_STYLE_COLOUR('',#4383);
#5788 = CURVE_STYLE('',#5789,POSITIVE_LENGTH_MEASURE(0.1),#4383);
#5789 = DRAUGHTING_PRE_DEFINED_CURVE_FONT('continuous');
#5790 = STYLED_ITEM('color',(#5791),#1914);
#5791 = PRESENTATION_STYLE_ASSIGNMENT((#5792,#5797));
#5792 = SURFACE_STYLE_USAGE(.BOTH.,#5793);
#5793 = SURFACE_SIDE_STYLE('',(#5794));
#5794 = SURFACE_STYLE_FILL_AREA(#5795);
#5795 = FILL_AREA_STYLE('',(#5796));
#5796 = FILL_AREA_STYLE_COLOUR('',#4383);
#5797 = CURVE_STYLE('',#5798,POSITIVE_LENGTH_MEASURE(0.1),#4383);
#5798 = DRAUGHTING_PRE_DEFINED_CURVE_FONT('continuous');
#5799 = STYLED_ITEM('color',(#5800),#1926);
#5800 = PRESENTATION_STYLE_ASSIGNMENT((#5801,#5806));
#5801 = SURFACE_STYLE_USAGE(.BOTH.,#5802);
#5802 = SURFACE_SIDE_STYLE('',(#5803));
#5803 = SURFACE_STYLE_FILL_AREA(#5804);
#5804 = FILL_AREA_STYLE('',(#5805));
#5805 = FILL_AREA_STYLE_COLOUR('',#4383);
#5806 = CURVE_STYLE('',#5807,POSITIVE_LENGTH_MEASURE(0.1),#4383);
#5807 = DRAUGHTING_PRE_DEFINED_CURVE_FONT('continuous');
#5808 = STYLED_ITEM('color',(#5809),#1938);
#5809 = PRESENTATION_STYLE_ASSIGNMENT((#5810,#5815));
#5810 = SURFACE_STYLE_USAGE(.BOTH.,#5811);
#5811 = SURFACE_SIDE_STYLE('',(#5812));
#5812 = SURFACE_STYLE_FILL_AREA(#5813);
#5813 = FILL_AREA_STYLE('',(#5814));
#5814 = FILL_AREA_STYLE_COLOUR('',#4383);
#5815 = CURVE_STYLE('',#5816,POSITIVE_LENGTH_MEASURE(0.1),#4383);
#5816 = DRAUGHTING_PRE_DEFINED_CURVE_FONT('continuous');
#5817 = STYLED_ITEM('color',(#5818),#1950);
#5818 = PRESENTATION_STYLE_ASSIGNMENT((#5819,#5824));
#5819 = SURFACE_STYLE_USAGE(.BOTH.,#5820);
#5820 = SURFACE_SIDE_STYLE('',(#5821));
#5821 = SURFACE_STYLE_FILL_AREA(#5822);
#5822 = FILL_AREA_STYLE('',(#5823));
#5823 = FILL_AREA_STYLE_COLOUR('',#4383);
#5824 = CURVE_STYLE('',#5825,POSITIVE_LENGTH_MEASURE(0.1),#4383);
#5825 = DRAUGHTING_PRE_DEFINED_CURVE_FONT('continuous');
#5826 = STYLED_ITEM('color',(#5827),#1962);
#5827 = PRESENTATION_STYLE_ASSIGNMENT((#5828,#5833));
#5828 = SURFACE_STYLE_USAGE(.BOTH.,#5829);
#5829 = SURFACE_SIDE_STYLE('',(#5830));
#5830 = SURFACE_STYLE_FILL_AREA(#5831);
#5831 = FILL_AREA_STYLE('',(#5832));
#5832 = FILL_AREA_STYLE_COLOUR('',#4383);
#5833 = CURVE_STYLE('',#5834,POSITIVE_LENGTH_MEASURE(0.1),#4383);
#5834 = DRAUGHTING_PRE_DEFINED_CURVE_FONT('continuous');
#5835 = STYLED_ITEM('color',(#5836),#1974);
#5836 = PRESENTATION_STYLE_ASSIGNMENT((#5837,#5842));
#5837 = SURFACE_STYLE_USAGE(.BOTH.,#5838);
#5838 = SURFACE_SIDE_STYLE('',(#5839));
#5839 = SURFACE_STYLE_FILL_AREA(#5840);
#5840 = FILL_AREA_STYLE('',(#5841));
#5841 = FILL_AREA_STYLE_COLOUR('',#4383);
#5842 = CURVE_STYLE('',#5843,POSITIVE_LENGTH_MEASURE(0.1),#4383);
#5843 = DRAUGHTING_PRE_DEFINED_CURVE_FONT('continuous');
#5844 = STYLED_ITEM('color',(#5845),#1986);
#5845 = PRESENTATION_STYLE_ASSIGNMENT((#5846,#5851));
#5846 = SURFACE_STYLE_USAGE(.BOTH.,#5847);
#5847 = SURFACE_SIDE_STYLE('',(#5848));
#5848 = SURFACE_STYLE_FILL_AREA(#5849);
#5849 = FILL_AREA_STYLE('',(#5850));
#5850 = FILL_AREA_STYLE_COLOUR('',#4383);
#5851 = CURVE_STYLE('',#5852,POSITIVE_LENGTH_MEASURE(0.1),#4383);
#5852 = DRAUGHTING_PRE_DEFINED_CURVE_FONT('continuous');
#5853 = STYLED_ITEM('color',(#5854),#1998);
#5854 = PRESENTATION_STYLE_ASSIGNMENT((#5855,#5860));
#5855 = SURFACE_STYLE_USAGE(.BOTH.,#5856);
#5856 = SURFACE_SIDE_STYLE('',(#5857));
#5857 = SURFACE_STYLE_FILL_AREA(#5858);
#5858 = FILL_AREA_STYLE('',(#5859));
#5859 = FILL_AREA_STYLE_COLOUR('',#4383);
#5860 = CURVE_STYLE('',#5861,POSITIVE_LENGTH_MEASURE(0.1),#4383);
#5861 = DRAUGHTING_PRE_DEFINED_CURVE_FONT('continuous');
#5862 = STYLED_ITEM('color',(#5863),#2010);
#5863 = PRESENTATION_STYLE_ASSIGNMENT((#5864,#5869));
#5864 = SURFACE_STYLE_USAGE(.BOTH.,#5865);
#5865 = SURFACE_SIDE_STYLE('',(#5866));
#5866 = SURFACE_STYLE_FILL_AREA(#5867);
#5867 = FILL_AREA_STYLE('',(#5868));
#5868 = FILL_AREA_STYLE_COLOUR('',#4383);
#5869 = CURVE_STYLE('',#5870,POSITIVE_LENGTH_MEASURE(0.1),#4383);
#5870 = DRAUGHTING_PRE_DEFINED_CURVE_FONT('continuous');
#5871 = STYLED_ITEM('color',(#5872),#2022);
#5872 = PRESENTATION_STYLE_ASSIGNMENT((#5873,#5878));
#5873 = SURFACE_STYLE_USAGE(.BOTH.,#5874);
#5874 = SURFACE_SIDE_STYLE('',(#5875));
#5875 = SURFACE_STYLE_FILL_AREA(#5876);
#5876 = FILL_AREA_STYLE('',(#5877));
#5877 = FILL_AREA_STYLE_COLOUR('',#4383);
#5878 = CURVE_STYLE('',#5879,POSITIVE_LENGTH_MEASURE(0.1),#4383);
#5879 = DRAUGHTING_PRE_DEFINED_CURVE_FONT('continuous');
#5880 = STYLED_ITEM('color',(#5881),#2034);
#5881 = PRESENTATION_STYLE_ASSIGNMENT((#5882,#5887));
#5882 = SURFACE_STYLE_USAGE(.BOTH.,#5883);
#5883 = SURFACE_SIDE_STYLE('',(#5884));
#5884 = SURFACE_STYLE_FILL_AREA(#5885);
#5885 = FILL_AREA_STYLE('',(#5886));
#5886 = FILL_AREA_STYLE_COLOUR('',#4383);
#5887 = CURVE_STYLE('',#5888,POSITIVE_LENGTH_MEASURE(0.1),#4383);
#5888 = DRAUGHTING_PRE_DEFINED_CURVE_FONT('continuous');
#5889 = STYLED_ITEM('color',(#5890),#2046);
#5890 = PRESENTATION_STYLE_ASSIGNMENT((#5891,#5896));
#5891 = SURFACE_STYLE_USAGE(.BOTH.,#5892);
#5892 = SURFACE_SIDE_STYLE('',(#5893));
#5893 = SURFACE_STYLE_FILL_AREA(#5894);
#5894 = FILL_AREA_STYLE('',(#5895));
#5895 = FILL_AREA_STYLE_COLOUR('',#4383);
#5896 = CURVE_STYLE('',#5897,POSITIVE_LENGTH_MEASURE(0.1),#4383);
#5897 = DRAUGHTING_PRE_DEFINED_CURVE_FONT('continuous');
#5898 = STYLED_ITEM('color',(#5899),#2058);
#5899 = PRESENTATION_STYLE_ASSIGNMENT((#5900,#5905));
#5900 = SURFACE_STYLE_USAGE(.BOTH.,#5901);
#5901 = SURFACE_SIDE_STYLE('',(#5902));
#5902 = SURFACE_STYLE_FILL_AREA(#5903);
#5903 = FILL_AREA_STYLE('',(#5904));
#5904 = FILL_AREA_STYLE_COLOUR('',#4383);
#5905 = CURVE_STYLE('',#5906,POSITIVE_LENGTH_MEASURE(0.1),#4383);
#5906 = DRAUGHTING_PRE_DEFINED_CURVE_FONT('continuous');
#5907 = STYLED_ITEM('color',(#5908),#2070);
#5908 = PRESENTATION_STYLE_ASSIGNMENT((#5909,#5914));
#5909 = SURFACE_STYLE_USAGE(.BOTH.,#5910);
#5910 = SURFACE_SIDE_STYLE('',(#5911));
#5911 = SURFACE_STYLE_FILL_AREA(#5912);
#5912 = FILL_AREA_STYLE('',(#5913));
#5913 = FILL_AREA_STYLE_COLOUR('',#4383);
#5914 = CURVE_STYLE('',#5915,POSITIVE_LENGTH_MEASURE(0.1),#4383);
#5915 = DRAUGHTING_PRE_DEFINED_CURVE_FONT('continuous');
#5916 = STYLED_ITEM('color',(#5917),#2082);
#5917 = PRESENTATION_STYLE_ASSIGNMENT((#5918,#5923));
#5918 = SURFACE_STYLE_USAGE(.BOTH.,#5919);
#5919 = SURFACE_SIDE_STYLE('',(#5920));
#5920 = SURFACE_STYLE_FILL_AREA(#5921);
#5921 = FILL_AREA_STYLE('',(#5922));
#5922 = FILL_AREA_STYLE_COLOUR('',#4383);
#5923 = CURVE_STYLE('',#5924,POSITIVE_LENGTH_MEASURE(0.1),#4383);
#5924 = DRAUGHTING_PRE_DEFINED_CURVE_FONT('continuous');
#5925 = STYLED_ITEM('color',(#5926),#2094);
#5926 = PRESENTATION_STYLE_ASSIGNMENT((#5927,#5932));
#5927 = SURFACE_STYLE_USAGE(.BOTH.,#5928);
#5928 = SURFACE_SIDE_STYLE('',(#5929));
#5929 = SURFACE_STYLE_FILL_AREA(#5930);
#5930 = FILL_AREA_STYLE('',(#5931));
#5931 = FILL_AREA_STYLE_COLOUR('',#4383);
#5932 = CURVE_STYLE('',#5933,POSITIVE_LENGTH_MEASURE(0.1),#4383);
#5933 = DRAUGHTING_PRE_DEFINED_CURVE_FONT('continuous');
#5934 = STYLED_ITEM('color',(#5935),#2106);
#5935 = PRESENTATION_STYLE_ASSIGNMENT((#5936,#5941));
#5936 = SURFACE_STYLE_USAGE(.BOTH.,#5937);
#5937 = SURFACE_SIDE_STYLE('',(#5938));
#5938 = SURFACE_STYLE_FILL_AREA(#5939);
#5939 = FILL_AREA_STYLE('',(#5940));
#5940 = FILL_AREA_STYLE_COLOUR('',#4383);
#5941 = CURVE_STYLE('',#5942,POSITIVE_LENGTH_MEASURE(0.1),#4383);
#5942 = DRAUGHTING_PRE_DEFINED_CURVE_FONT('continuous');
#5943 = STYLED_ITEM('color',(#5944),#2118);
#5944 = PRESENTATION_STYLE_ASSIGNMENT((#5945,#5950));
#5945 = SURFACE_STYLE_USAGE(.BOTH.,#5946);
#5946 = SURFACE_SIDE_STYLE('',(#5947));
#5947 = SURFACE_STYLE_FILL_AREA(#5948);
#5948 = FILL_AREA_STYLE('',(#5949));
#5949 = FILL_AREA_STYLE_COLOUR('',#4383);
#5950 = CURVE_STYLE('',#5951,POSITIVE_LENGTH_MEASURE(0.1),#4383);
#5951 = DRAUGHTING_PRE_DEFINED_CURVE_FONT('continuous');
#5952 = STYLED_ITEM('color',(#5953),#2130);
#5953 = PRESENTATION_STYLE_ASSIGNMENT((#5954,#5959));
#5954 = SURFACE_STYLE_USAGE(.BOTH.,#5955);
#5955 = SURFACE_SIDE_STYLE('',(#5956));
#5956 = SURFACE_STYLE_FILL_AREA(#5957);
#5957 = FILL_AREA_STYLE('',(#5958));
#5958 = FILL_AREA_STYLE_COLOUR('',#4383);
#5959 = CURVE_STYLE('',#5960,POSITIVE_LENGTH_MEASURE(0.1),#4383);
#5960 = DRAUGHTING_PRE_DEFINED_CURVE_FONT('continuous');
#5961 = STYLED_ITEM('color',(#5962),#2142);
#5962 = PRESENTATION_STYLE_ASSIGNMENT((#5963,#5968));
#5963 = SURFACE_STYLE_USAGE(.BOTH.,#5964);
#5964 = SURFACE_SIDE_STYLE('',(#5965));
#5965 = SURFACE_STYLE_FILL_AREA(#5966);
#5966 = FILL_AREA_STYLE('',(#5967));
#5967 = FILL_AREA_STYLE_COLOUR('',#4383);
#5968 = CURVE_STYLE('',#5969,POSITIVE_LENGTH_MEASURE(0.1),#4383);
#5969 = DRAUGHTING_PRE_DEFINED_CURVE_FONT('continuous');
#5970 = STYLED_ITEM('color',(#5971),#2154);
#5971 = PRESENTATION_STYLE_ASSIGNMENT((#5972,#5977));
#5972 = SURFACE_STYLE_USAGE(.BOTH.,#5973);
#5973 = SURFACE_SIDE_STYLE('',(#5974));
#5974 = SURFACE_STYLE_FILL_AREA(#5975);
#5975 = FILL_AREA_STYLE('',(#5976));
#5976 = FILL_AREA_STYLE_COLOUR('',#4383);
#5977 = CURVE_STYLE('',#5978,POSITIVE_LENGTH_MEASURE(0.1),#4383);
#5978 = DRAUGHTING_PRE_DEFINED_CURVE_FONT('continuous');
#5979 = STYLED_ITEM('color',(#5980),#2166);
#5980 = PRESENTATION_STYLE_ASSIGNMENT((#5981,#5986));
#5981 = SURFACE_STYLE_USAGE(.BOTH.,#5982);
#5982 = SURFACE_SIDE_STYLE('',(#5983));
#5983 = SURFACE_STYLE_FILL_AREA(#5984);
#5984 = FILL_AREA_STYLE('',(#5985));
#5985 = FILL_AREA_STYLE_COLOUR('',#4383);
#5986 = CURVE_STYLE('',#5987,POSITIVE_LENGTH_MEASURE(0.1),#4383);
#5987 = DRAUGHTING_PRE_DEFINED_CURVE_FONT('continuous');
#5988 = STYLED_ITEM('color',(#5989),#2178);
#5989 = PRESENTATION_STYLE_ASSIGNMENT((#5990,#5995));
#5990 = SURFACE_STYLE_USAGE(.BOTH.,#5991);
#5991 = SURFACE_SIDE_STYLE('',(#5992));
#5992 = SURFACE_STYLE_FILL_AREA(#5993);
#5993 = FILL_AREA_STYLE('',(#5994));
#5994 = FILL_AREA_STYLE_COLOUR('',#4383);
#5995 = CURVE_STYLE('',#5996,POSITIVE_LENGTH_MEASURE(0.1),#4383);
#5996 = DRAUGHTING_PRE_DEFINED_CURVE_FONT('continuous');
#5997 = STYLED_ITEM('color',(#5998),#2190);
#5998 = PRESENTATION_STYLE_ASSIGNMENT((#5999,#6004));
#5999 = SURFACE_STYLE_USAGE(.BOTH.,#6000);
#6000 = SURFACE_SIDE_STYLE('',(#6001));
#6001 = SURFACE_STYLE_FILL_AREA(#6002);
#6002 = FILL_AREA_STYLE('',(#6003));
#6003 = FILL_AREA_STYLE_COLOUR('',#4383);
#6004 = CURVE_STYLE('',#6005,POSITIVE_LENGTH_MEASURE(0.1),#4383);
#6005 = DRAUGHTING_PRE_DEFINED_CURVE_FONT('continuous');
#6006 = STYLED_ITEM('color',(#6007),#2202);
#6007 = PRESENTATION_STYLE_ASSIGNMENT((#6008,#6013));
#6008 = SURFACE_STYLE_USAGE(.BOTH.,#6009);
#6009 = SURFACE_SIDE_STYLE('',(#6010));
#6010 = SURFACE_STYLE_FILL_AREA(#6011);
#6011 = FILL_AREA_STYLE('',(#6012));
#6012 = FILL_AREA_STYLE_COLOUR('',#4383);
#6013 = CURVE_STYLE('',#6014,POSITIVE_LENGTH_MEASURE(0.1),#4383);
#6014 = DRAUGHTING_PRE_DEFINED_CURVE_FONT('continuous');
#6015 = STYLED_ITEM('color',(#6016),#2214);
#6016 = PRESENTATION_STYLE_ASSIGNMENT((#6017,#6022));
#6017 = SURFACE_STYLE_USAGE(.BOTH.,#6018);
#6018 = SURFACE_SIDE_STYLE('',(#6019));
#6019 = SURFACE_STYLE_FILL_AREA(#6020);
#6020 = FILL_AREA_STYLE('',(#6021));
#6021 = FILL_AREA_STYLE_COLOUR('',#4383);
#6022 = CURVE_STYLE('',#6023,POSITIVE_LENGTH_MEASURE(0.1),#4383);
#6023 = DRAUGHTING_PRE_DEFINED_CURVE_FONT('continuous');
#6024 = STYLED_ITEM('color',(#6025),#2226);
#6025 = PRESENTATION_STYLE_ASSIGNMENT((#6026,#6031));
#6026 = SURFACE_STYLE_USAGE(.BOTH.,#6027);
#6027 = SURFACE_SIDE_STYLE('',(#6028));
#6028 = SURFACE_STYLE_FILL_AREA(#6029);
#6029 = FILL_AREA_STYLE('',(#6030));
#6030 = FILL_AREA_STYLE_COLOUR('',#4383);
#6031 = CURVE_STYLE('',#6032,POSITIVE_LENGTH_MEASURE(0.1),#4383);
#6032 = DRAUGHTING_PRE_DEFINED_CURVE_FONT('continuous');
#6033 = STYLED_ITEM('color',(#6034),#2238);
#6034 = PRESENTATION_STYLE_ASSIGNMENT((#6035,#6040));
#6035 = SURFACE_STYLE_USAGE(.BOTH.,#6036);
#6036 = SURFACE_SIDE_STYLE('',(#6037));
#6037 = SURFACE_STYLE_FILL_AREA(#6038);
#6038 = FILL_AREA_STYLE('',(#6039));
#6039 = FILL_AREA_STYLE_COLOUR('',#4383);
#6040 = CURVE_STYLE('',#6041,POSITIVE_LENGTH_MEASURE(0.1),#4383);
#6041 = DRAUGHTING_PRE_DEFINED_CURVE_FONT('continuous');
#6042 = STYLED_ITEM('color',(#6043),#2250);
#6043 = PRESENTATION_STYLE_ASSIGNMENT((#6044,#6049));
#6044 = SURFACE_STYLE_USAGE(.BOTH.,#6045);
#6045 = SURFACE_SIDE_STYLE('',(#6046));
#6046 = SURFACE_STYLE_FILL_AREA(#6047);
#6047 = FILL_AREA_STYLE('',(#6048));
#6048 = FILL_AREA_STYLE_COLOUR('',#4383);
#6049 = CURVE_STYLE('',#6050,POSITIVE_LENGTH_MEASURE(0.1),#4383);
#6050 = DRAUGHTING_PRE_DEFINED_CURVE_FONT('continuous');
#6051 = STYLED_ITEM('color',(#6052),#2262);
#6052 = PRESENTATION_STYLE_ASSIGNMENT((#6053,#6058));
#6053 = SURFACE_STYLE_USAGE(.BOTH.,#6054);
#6054 = SURFACE_SIDE_STYLE('',(#6055));
#6055 = SURFACE_STYLE_FILL_AREA(#6056);
#6056 = FILL_AREA_STYLE('',(#6057));
#6057 = FILL_AREA_STYLE_COLOUR('',#4383);
#6058 = CURVE_STYLE('',#6059,POSITIVE_LENGTH_MEASURE(0.1),#4383);
#6059 = DRAUGHTING_PRE_DEFINED_CURVE_FONT('continuous');
#6060 = STYLED_ITEM('color',(#6061),#2274);
#6061 = PRESENTATION_STYLE_ASSIGNMENT((#6062,#6067));
#6062 = SURFACE_STYLE_USAGE(.BOTH.,#6063);
#6063 = SURFACE_SIDE_STYLE('',(#6064));
#6064 = SURFACE_STYLE_FILL_AREA(#6065);
#6065 = FILL_AREA_STYLE('',(#6066));
#6066 = FILL_AREA_STYLE_COLOUR('',#4383);
#6067 = CURVE_STYLE('',#6068,POSITIVE_LENGTH_MEASURE(0.1),#4383);
#6068 = DRAUGHTING_PRE_DEFINED_CURVE_FONT('continuous');
#6069 = STYLED_ITEM('color',(#6070),#2286);
#6070 = PRESENTATION_STYLE_ASSIGNMENT((#6071,#6076));
#6071 = SURFACE_STYLE_USAGE(.BOTH.,#6072);
#6072 = SURFACE_SIDE_STYLE('',(#6073));
#6073 = SURFACE_STYLE_FILL_AREA(#6074);
#6074 = FILL_AREA_STYLE('',(#6075));
#6075 = FILL_AREA_STYLE_COLOUR('',#4383);
#6076 = CURVE_STYLE('',#6077,POSITIVE_LENGTH_MEASURE(0.1),#4383);
#6077 = DRAUGHTING_PRE_DEFINED_CURVE_FONT('continuous');
#6078 = STYLED_ITEM('color',(#6079),#2298);
#6079 = PRESENTATION_STYLE_ASSIGNMENT((#6080,#6085));
#6080 = SURFACE_STYLE_USAGE(.BOTH.,#6081);
#6081 = SURFACE_SIDE_STYLE('',(#6082));
#6082 = SURFACE_STYLE_FILL_AREA(#6083);
#6083 = FILL_AREA_STYLE('',(#6084));
#6084 = FILL_AREA_STYLE_COLOUR('',#4383);
#6085 = CURVE_STYLE('',#6086,POSITIVE_LENGTH_MEASURE(0.1),#4383);
#6086 = DRAUGHTING_PRE_DEFINED_CURVE_FONT('continuous');
#6087 = STYLED_ITEM('color',(#6088),#2310);
#6088 = PRESENTATION_STYLE_ASSIGNMENT((#6089,#6094));
#6089 = SURFACE_STYLE_USAGE(.BOTH.,#6090);
#6090 = SURFACE_SIDE_STYLE('',(#6091));
#6091 = SURFACE_STYLE_FILL_AREA(#6092);
#6092 = FILL_AREA_STYLE('',(#6093));
#6093 = FILL_AREA_STYLE_COLOUR('',#4383);
#6094 = CURVE_STYLE('',#6095,POSITIVE_LENGTH_MEASURE(0.1),#4383);
#6095 = DRAUGHTING_PRE_DEFINED_CURVE_FONT('continuous');
#6096 = STYLED_ITEM('color',(#6097),#2322);
#6097 = PRESENTATION_STYLE_ASSIGNMENT((#6098,#6103));
#6098 = SURFACE_STYLE_USAGE(.BOTH.,#6099);
#6099 = SURFACE_SIDE_STYLE('',(#6100));
#6100 = SURFACE_STYLE_FILL_AREA(#6101);
#6101 = FILL_AREA_STYLE('',(#6102));
#6102 = FILL_AREA_STYLE_COLOUR('',#4383);
#6103 = CURVE_STYLE('',#6104,POSITIVE_LENGTH_MEASURE(0.1),#4383);
#6104 = DRAUGHTING_PRE_DEFINED_CURVE_FONT('continuous');
#6105 = STYLED_ITEM('color',(#6106),#2334);
#6106 = PRESENTATION_STYLE_ASSIGNMENT((#6107,#6112));
#6107 = SURFACE_STYLE_USAGE(.BOTH.,#6108);
#6108 = SURFACE_SIDE_STYLE('',(#6109));
#6109 = SURFACE_STYLE_FILL_AREA(#6110);
#6110 = FILL_AREA_STYLE('',(#6111));
#6111 = FILL_AREA_STYLE_COLOUR('',#4383);
#6112 = CURVE_STYLE('',#6113,POSITIVE_LENGTH_MEASURE(0.1),#4383);
#6113 = DRAUGHTING_PRE_DEFINED_CURVE_FONT('continuous');
#6114 = STYLED_ITEM('color',(#6115),#2346);
#6115 = PRESENTATION_STYLE_ASSIGNMENT((#6116,#6121));
#6116 = SURFACE_STYLE_USAGE(.BOTH.,#6117);
#6117 = SURFACE_SIDE_STYLE('',(#6118));
#6118 = SURFACE_STYLE_FILL_AREA(#6119);
#6119 = FILL_AREA_STYLE('',(#6120));
#6120 = FILL_AREA_STYLE_COLOUR('',#4383);
#6121 = CURVE_STYLE('',#6122,POSITIVE_LENGTH_MEASURE(0.1),#4383);
#6122 = DRAUGHTING_PRE_DEFINED_CURVE_FONT('continuous');
#6123 = STYLED_ITEM('color',(#6124),#2358);
#6124 = PRESENTATION_STYLE_ASSIGNMENT((#6125,#6130));
#6125 = SURFACE_STYLE_USAGE(.BOTH.,#6126);
#6126 = SURFACE_SIDE_STYLE('',(#6127));
#6127 = SURFACE_STYLE_FILL_AREA(#6128);
#6128 = FILL_AREA_STYLE('',(#6129));
#6129 = FILL_AREA_STYLE_COLOUR('',#4383);
#6130 = CURVE_STYLE('',#6131,POSITIVE_LENGTH_MEASURE(0.1),#4383);
#6131 = DRAUGHTING_PRE_DEFINED_CURVE_FONT('continuous');
#6132 = STYLED_ITEM('color',(#6133),#2370);
#6133 = PRESENTATION_STYLE_ASSIGNMENT((#6134,#6139));
#6134 = SURFACE_STYLE_USAGE(.BOTH.,#6135);
#6135 = SURFACE_SIDE_STYLE('',(#6136));
#6136 = SURFACE_STYLE_FILL_AREA(#6137);
#6137 = FILL_AREA_STYLE('',(#6138));
#6138 = FILL_AREA_STYLE_COLOUR('',#4383);
#6139 = CURVE_STYLE('',#6140,POSITIVE_LENGTH_MEASURE(0.1),#4383);
#6140 = DRAUGHTING_PRE_DEFINED_CURVE_FONT('continuous');
#6141 = STYLED_ITEM('color',(#6142),#2382);
#6142 = PRESENTATION_STYLE_ASSIGNMENT((#6143,#6148));
#6143 = SURFACE_STYLE_USAGE(.BOTH.,#6144);
#6144 = SURFACE_SIDE_STYLE('',(#6145));
#6145 = SURFACE_STYLE_FILL_AREA(#6146);
#6146 = FILL_AREA_STYLE('',(#6147));
#6147 = FILL_AREA_STYLE_COLOUR('',#4383);
#6148 = CURVE_STYLE('',#6149,POSITIVE_LENGTH_MEASURE(0.1),#4383);
#6149 = DRAUGHTING_PRE_DEFINED_CURVE_FONT('continuous');
#6150 = STYLED_ITEM('color',(#6151),#2394);
#6151 = PRESENTATION_STYLE_ASSIGNMENT((#6152,#6157));
#6152 = SURFACE_STYLE_USAGE(.BOTH.,#6153);
#6153 = SURFACE_SIDE_STYLE('',(#6154));
#6154 = SURFACE_STYLE_FILL_AREA(#6155);
#6155 = FILL_AREA_STYLE('',(#6156));
#6156 = FILL_AREA_STYLE_COLOUR('',#4383);
#6157 = CURVE_STYLE('',#6158,POSITIVE_LENGTH_MEASURE(0.1),#4383);
#6158 = DRAUGHTING_PRE_DEFINED_CURVE_FONT('continuous');
#6159 = STYLED_ITEM('color',(#6160),#2406);
#6160 = PRESENTATION_STYLE_ASSIGNMENT((#6161,#6166));
#6161 = SURFACE_STYLE_USAGE(.BOTH.,#6162);
#6162 = SURFACE_SIDE_STYLE('',(#6163));
#6163 = SURFACE_STYLE_FILL_AREA(#6164);
#6164 = FILL_AREA_STYLE('',(#6165));
#6165 = FILL_AREA_STYLE_COLOUR('',#4383);
#6166 = CURVE_STYLE('',#6167,POSITIVE_LENGTH_MEASURE(0.1),#4383);
#6167 = DRAUGHTING_PRE_DEFINED_CURVE_FONT('continuous');
#6168 = STYLED_ITEM('color',(#6169),#2418);
#6169 = PRESENTATION_STYLE_ASSIGNMENT((#6170,#6175));
#6170 = SURFACE_STYLE_USAGE(.BOTH.,#6171);
#6171 = SURFACE_SIDE_STYLE('',(#6172));
#6172 = SURFACE_STYLE_FILL_AREA(#6173);
#6173 = FILL_AREA_STYLE('',(#6174));
#6174 = FILL_AREA_STYLE_COLOUR('',#4383);
#6175 = CURVE_STYLE('',#6176,POSITIVE_LENGTH_MEASURE(0.1),#4383);
#6176 = DRAUGHTING_PRE_DEFINED_CURVE_FONT('continuous');
#6177 = STYLED_ITEM('color',(#6178),#2430);
#6178 = PRESENTATION_STYLE_ASSIGNMENT((#6179,#6184));
#6179 = SURFACE_STYLE_USAGE(.BOTH.,#6180);
#6180 = SURFACE_SIDE_STYLE('',(#6181));
#6181 = SURFACE_STYLE_FILL_AREA(#6182);
#6182 = FILL_AREA_STYLE('',(#6183));
#6183 = FILL_AREA_STYLE_COLOUR('',#4383);
#6184 = CURVE_STYLE('',#6185,POSITIVE_LENGTH_MEASURE(0.1),#4383);
#6185 = DRAUGHTING_PRE_DEFINED_CURVE_FONT('continuous');
#6186 = STYLED_ITEM('color',(#6187),#2442);
#6187 = PRESENTATION_STYLE_ASSIGNMENT((#6188,#6193));
#6188 = SURFACE_STYLE_USAGE(.BOTH.,#6189);
#6189 = SURFACE_SIDE_STYLE('',(#6190));
#6190 = SURFACE_STYLE_FILL_AREA(#6191);
#6191 = FILL_AREA_STYLE('',(#6192));
#6192 = FILL_AREA_STYLE_COLOUR('',#4383);
#6193 = CURVE_STYLE('',#6194,POSITIVE_LENGTH_MEASURE(0.1),#4383);
#6194 = DRAUGHTING_PRE_DEFINED_CURVE_FONT('continuous');
#6195 = STYLED_ITEM('color',(#6196),#2454);
#6196 = PRESENTATION_STYLE_ASSIGNMENT((#6197,#6202));
#6197 = SURFACE_STYLE_USAGE(.BOTH.,#6198);
#6198 = SURFACE_SIDE_STYLE('',(#6199));
#6199 = SURFACE_STYLE_FILL_AREA(#6200);
#6200 = FILL_AREA_STYLE('',(#6201));
#6201 = FILL_AREA_STYLE_COLOUR('',#4383);
#6202 = CURVE_STYLE('',#6203,POSITIVE_LENGTH_MEASURE(0.1),#4383);
#6203 = DRAUGHTING_PRE_DEFINED_CURVE_FONT('continuous');
#6204 = STYLED_ITEM('color',(#6205),#2466);
#6205 = PRESENTATION_STYLE_ASSIGNMENT((#6206,#6211));
#6206 = SURFACE_STYLE_USAGE(.BOTH.,#6207);
#6207 = SURFACE_SIDE_STYLE('',(#6208));
#6208 = SURFACE_STYLE_FILL_AREA(#6209);
#6209 = FILL_AREA_STYLE('',(#6210));
#6210 = FILL_AREA_STYLE_COLOUR('',#4383);
#6211 = CURVE_STYLE('',#6212,POSITIVE_LENGTH_MEASURE(0.1),#4383);
#6212 = DRAUGHTING_PRE_DEFINED_CURVE_FONT('continuous');
#6213 = STYLED_ITEM('color',(#6214),#2478);
#6214 = PRESENTATION_STYLE_ASSIGNMENT((#6215,#6220));
#6215 = SURFACE_STYLE_USAGE(.BOTH.,#6216);
#6216 = SURFACE_SIDE_STYLE('',(#6217));
#6217 = SURFACE_STYLE_FILL_AREA(#6218);
#6218 = FILL_AREA_STYLE('',(#6219));
#6219 = FILL_AREA_STYLE_COLOUR('',#4383);
#6220 = CURVE_STYLE('',#6221,POSITIVE_LENGTH_MEASURE(0.1),#4383);
#6221 = DRAUGHTING_PRE_DEFINED_CURVE_FONT('continuous');
#6222 = STYLED_ITEM('color',(#6223),#2490);
#6223 = PRESENTATION_STYLE_ASSIGNMENT((#6224,#6229));
#6224 = SURFACE_STYLE_USAGE(.BOTH.,#6225);
#6225 = SURFACE_SIDE_STYLE('',(#6226));
#6226 = SURFACE_STYLE_FILL_AREA(#6227);
#6227 = FILL_AREA_STYLE('',(#6228));
#6228 = FILL_AREA_STYLE_COLOUR('',#4383);
#6229 = CURVE_STYLE('',#6230,POSITIVE_LENGTH_MEASURE(0.1),#4383);
#6230 = DRAUGHTING_PRE_DEFINED_CURVE_FONT('continuous');
#6231 = STYLED_ITEM('color',(#6232),#2502);
#6232 = PRESENTATION_STYLE_ASSIGNMENT((#6233,#6238));
#6233 = SURFACE_STYLE_USAGE(.BOTH.,#6234);
#6234 = SURFACE_SIDE_STYLE('',(#6235));
#6235 = SURFACE_STYLE_FILL_AREA(#6236);
#6236 = FILL_AREA_STYLE('',(#6237));
#6237 = FILL_AREA_STYLE_COLOUR('',#4383);
#6238 = CURVE_STYLE('',#6239,POSITIVE_LENGTH_MEASURE(0.1),#4383);
#6239 = DRAUGHTING_PRE_DEFINED_CURVE_FONT('continuous');
#6240 = STYLED_ITEM('color',(#6241),#2514);
#6241 = PRESENTATION_STYLE_ASSIGNMENT((#6242,#6247));
#6242 = SURFACE_STYLE_USAGE(.BOTH.,#6243);
#6243 = SURFACE_SIDE_STYLE('',(#6244));
#6244 = SURFACE_STYLE_FILL_AREA(#6245);
#6245 = FILL_AREA_STYLE('',(#6246));
#6246 = FILL_AREA_STYLE_COLOUR('',#4383);
#6247 = CURVE_STYLE('',#6248,POSITIVE_LENGTH_MEASURE(0.1),#4383);
#6248 = DRAUGHTING_PRE_DEFINED_CURVE_FONT('continuous');
#6249 = STYLED_ITEM('color',(#6250),#2526);
#6250 = PRESENTATION_STYLE_ASSIGNMENT((#6251,#6256));
#6251 = SURFACE_STYLE_USAGE(.BOTH.,#6252);
#6252 = SURFACE_SIDE_STYLE('',(#6253));
#6253 = SURFACE_STYLE_FILL_AREA(#6254);
#6254 = FILL_AREA_STYLE('',(#6255));
#6255 = FILL_AREA_STYLE_COLOUR('',#4383);
#6256 = CURVE_STYLE('',#6257,POSITIVE_LENGTH_MEASURE(0.1),#4383);
#6257 = DRAUGHTING_PRE_DEFINED_CURVE_FONT('continuous');
#6258 = STYLED_ITEM('color',(#6259),#2538);
#6259 = PRESENTATION_STYLE_ASSIGNMENT((#6260,#6265));
#6260 = SURFACE_STYLE_USAGE(.BOTH.,#6261);
#6261 = SURFACE_SIDE_STYLE('',(#6262));
#6262 = SURFACE_STYLE_FILL_AREA(#6263);
#6263 = FILL_AREA_STYLE('',(#6264));
#6264 = FILL_AREA_STYLE_COLOUR('',#4383);
#6265 = CURVE_STYLE('',#6266,POSITIVE_LENGTH_MEASURE(0.1),#4383);
#6266 = DRAUGHTING_PRE_DEFINED_CURVE_FONT('continuous');
#6267 = STYLED_ITEM('color',(#6268),#2550);
#6268 = PRESENTATION_STYLE_ASSIGNMENT((#6269,#6274));
#6269 = SURFACE_STYLE_USAGE(.BOTH.,#6270);
#6270 = SURFACE_SIDE_STYLE('',(#6271));
#6271 = SURFACE_STYLE_FILL_AREA(#6272);
#6272 = FILL_AREA_STYLE('',(#6273));
#6273 = FILL_AREA_STYLE_COLOUR('',#4383);
#6274 = CURVE_STYLE('',#6275,POSITIVE_LENGTH_MEASURE(0.1),#4383);
#6275 = DRAUGHTING_PRE_DEFINED_CURVE_FONT('continuous');
#6276 = STYLED_ITEM('color',(#6277),#2562);
#6277 = PRESENTATION_STYLE_ASSIGNMENT((#6278,#6283));
#6278 = SURFACE_STYLE_USAGE(.BOTH.,#6279);
#6279 = SURFACE_SIDE_STYLE('',(#6280));
#6280 = SURFACE_STYLE_FILL_AREA(#6281);
#6281 = FILL_AREA_STYLE('',(#6282));
#6282 = FILL_AREA_STYLE_COLOUR('',#4383);
#6283 = CURVE_STYLE('',#6284,POSITIVE_LENGTH_MEASURE(0.1),#4383);
#6284 = DRAUGHTING_PRE_DEFINED_CURVE_FONT('continuous');
#6285 = STYLED_ITEM('color',(#6286),#2574);
#6286 = PRESENTATION_STYLE_ASSIGNMENT((#6287,#6292));
#6287 = SURFACE_STYLE_USAGE(.BOTH.,#6288);
#6288 = SURFACE_SIDE_STYLE('',(#6289));
#6289 = SURFACE_STYLE_FILL_AREA(#6290);
#6290 = FILL_AREA_STYLE('',(#6291));
#6291 = FILL_AREA_STYLE_COLOUR('',#4383);
#6292 = CURVE_STYLE('',#6293,POSITIVE_LENGTH_MEASURE(0.1),#4383);
#6293 = DRAUGHTING_PRE_DEFINED_CURVE_FONT('continuous');
#6294 = STYLED_ITEM('color',(#6295),#2586);
#6295 = PRESENTATION_STYLE_ASSIGNMENT((#6296,#6301));
#6296 = SURFACE_STYLE_USAGE(.BOTH.,#6297);
#6297 = SURFACE_SIDE_STYLE('',(#6298));
#6298 = SURFACE_STYLE_FILL_AREA(#6299);
#6299 = FILL_AREA_STYLE('',(#6300));
#6300 = FILL_AREA_STYLE_COLOUR('',#4383);
#6301 = CURVE_STYLE('',#6302,POSITIVE_LENGTH_MEASURE(0.1),#4383);
#6302 = DRAUGHTING_PRE_DEFINED_CURVE_FONT('continuous');
#6303 = STYLED_ITEM('color',(#6304),#2598);
#6304 = PRESENTATION_STYLE_ASSIGNMENT((#6305,#6310));
#6305 = SURFACE_STYLE_USAGE(.BOTH.,#6306);
#6306 = SURFACE_SIDE_STYLE('',(#6307));
#6307 = SURFACE_STYLE_FILL_AREA(#6308);
#6308 = FILL_AREA_STYLE('',(#6309));
#6309 = FILL_AREA_STYLE_COLOUR('',#4383);
#6310 = CURVE_STYLE('',#6311,POSITIVE_LENGTH_MEASURE(0.1),#4383);
#6311 = DRAUGHTING_PRE_DEFINED_CURVE_FONT('continuous');
#6312 = STYLED_ITEM('color',(#6313),#2610);
#6313 = PRESENTATION_STYLE_ASSIGNMENT((#6314,#6319));
#6314 = SURFACE_STYLE_USAGE(.BOTH.,#6315);
#6315 = SURFACE_SIDE_STYLE('',(#6316));
#6316 = SURFACE_STYLE_FILL_AREA(#6317);
#6317 = FILL_AREA_STYLE('',(#6318));
#6318 = FILL_AREA_STYLE_COLOUR('',#4383);
#6319 = CURVE_STYLE('',#6320,POSITIVE_LENGTH_MEASURE(0.1),#4383);
#6320 = DRAUGHTING_PRE_DEFINED_CURVE_FONT('continuous');
#6321 = STYLED_ITEM('color',(#6322),#2622);
#6322 = PRESENTATION_STYLE_ASSIGNMENT((#6323,#6328));
#6323 = SURFACE_STYLE_USAGE(.BOTH.,#6324);
#6324 = SURFACE_SIDE_STYLE('',(#6325));
#6325 = SURFACE_STYLE_FILL_AREA(#6326);
#6326 = FILL_AREA_STYLE('',(#6327));
#6327 = FILL_AREA_STYLE_COLOUR('',#4383);
#6328 = CURVE_STYLE('',#6329,POSITIVE_LENGTH_MEASURE(0.1),#4383);
#6329 = DRAUGHTING_PRE_DEFINED_CURVE_FONT('continuous');
#6330 = STYLED_ITEM('color',(#6331),#2634);
#6331 = PRESENTATION_STYLE_ASSIGNMENT((#6332,#6337));
#6332 = SURFACE_STYLE_USAGE(.BOTH.,#6333);
#6333 = SURFACE_SIDE_STYLE('',(#6334));
#6334 = SURFACE_STYLE_FILL_AREA(#6335);
#6335 = FILL_AREA_STYLE('',(#6336));
#6336 = FILL_AREA_STYLE_COLOUR('',#4383);
#6337 = CURVE_STYLE('',#6338,POSITIVE_LENGTH_MEASURE(0.1),#4383);
#6338 = DRAUGHTING_PRE_DEFINED_CURVE_FONT('continuous');
#6339 = STYLED_ITEM('color',(#6340),#2646);
#6340 = PRESENTATION_STYLE_ASSIGNMENT((#6341,#6346));
#6341 = SURFACE_STYLE_USAGE(.BOTH.,#6342);
#6342 = SURFACE_SIDE_STYLE('',(#6343));
#6343 = SURFACE_STYLE_FILL_AREA(#6344);
#6344 = FILL_AREA_STYLE('',(#6345));
#6345 = FILL_AREA_STYLE_COLOUR('',#4383);
#6346 = CURVE_STYLE('',#6347,POSITIVE_LENGTH_MEASURE(0.1),#4383);
#6347 = DRAUGHTING_PRE_DEFINED_CURVE_FONT('continuous');
#6348 = STYLED_ITEM('color',(#6349),#2658);
#6349 = PRESENTATION_STYLE_ASSIGNMENT((#6350,#6355));
#6350 = SURFACE_STYLE_USAGE(.BOTH.,#6351);
#6351 = SURFACE_SIDE_STYLE('',(#6352));
#6352 = SURFACE_STYLE_FILL_AREA(#6353);
#6353 = FILL_AREA_STYLE('',(#6354));
#6354 = FILL_AREA_STYLE_COLOUR('',#4383);
#6355 = CURVE_STYLE('',#6356,POSITIVE_LENGTH_MEASURE(0.1),#4383);
#6356 = DRAUGHTING_PRE_DEFINED_CURVE_FONT('continuous');
#6357 = STYLED_ITEM('color',(#6358),#2670);
#6358 = PRESENTATION_STYLE_ASSIGNMENT((#6359,#6364));
#6359 = SURFACE_STYLE_USAGE(.BOTH.,#6360);
#6360 = SURFACE_SIDE_STYLE('',(#6361));
#6361 = SURFACE_STYLE_FILL_AREA(#6362);
#6362 = FILL_AREA_STYLE('',(#6363));
#6363 = FILL_AREA_STYLE_COLOUR('',#4383);
#6364 = CURVE_STYLE('',#6365,POSITIVE_LENGTH_MEASURE(0.1),#4383);
#6365 = DRAUGHTING_PRE_DEFINED_CURVE_FONT('continuous');
#6366 = STYLED_ITEM('color',(#6367),#2682);
#6367 = PRESENTATION_STYLE_ASSIGNMENT((#6368,#6373));
#6368 = SURFACE_STYLE_USAGE(.BOTH.,#6369);
#6369 = SURFACE_SIDE_STYLE('',(#6370));
#6370 = SURFACE_STYLE_FILL_AREA(#6371);
#6371 = FILL_AREA_STYLE('',(#6372));
#6372 = FILL_AREA_STYLE_COLOUR('',#4383);
#6373 = CURVE_STYLE('',#6374,POSITIVE_LENGTH_MEASURE(0.1),#4383);
#6374 = DRAUGHTING_PRE_DEFINED_CURVE_FONT('continuous');
#6375 = STYLED_ITEM('color',(#6376),#2694);
#6376 = PRESENTATION_STYLE_ASSIGNMENT((#6377,#6382));
#6377 = SURFACE_STYLE_USAGE(.BOTH.,#6378);
#6378 = SURFACE_SIDE_STYLE('',(#6379));
#6379 = SURFACE_STYLE_FILL_AREA(#6380);
#6380 = FILL_AREA_STYLE('',(#6381));
#6381 = FILL_AREA_STYLE_COLOUR('',#4383);
#6382 = CURVE_STYLE('',#6383,POSITIVE_LENGTH_MEASURE(0.1),#4383);
#6383 = DRAUGHTING_PRE_DEFINED_CURVE_FONT('continuous');
#6384 = STYLED_ITEM('color',(#6385),#2706);
#6385 = PRESENTATION_STYLE_ASSIGNMENT((#6386,#6391));
#6386 = SURFACE_STYLE_USAGE(.BOTH.,#6387);
#6387 = SURFACE_SIDE_STYLE('',(#6388));
#6388 = SURFACE_STYLE_FILL_AREA(#6389);
#6389 = FILL_AREA_STYLE('',(#6390));
#6390 = FILL_AREA_STYLE_COLOUR('',#4383);
#6391 = CURVE_STYLE('',#6392,POSITIVE_LENGTH_MEASURE(0.1),#4383);
#6392 = DRAUGHTING_PRE_DEFINED_CURVE_FONT('continuous');
#6393 = STYLED_ITEM('color',(#6394),#2718);
#6394 = PRESENTATION_STYLE_ASSIGNMENT((#6395,#6400));
#6395 = SURFACE_STYLE_USAGE(.BOTH.,#6396);
#6396 = SURFACE_SIDE_STYLE('',(#6397));
#6397 = SURFACE_STYLE_FILL_AREA(#6398);
#6398 = FILL_AREA_STYLE('',(#6399));
#6399 = FILL_AREA_STYLE_COLOUR('',#4383);
#6400 = CURVE_STYLE('',#6401,POSITIVE_LENGTH_MEASURE(0.1),#4383);
#6401 = DRAUGHTING_PRE_DEFINED_CURVE_FONT('continuous');
#6402 = STYLED_ITEM('color',(#6403),#2730);
#6403 = PRESENTATION_STYLE_ASSIGNMENT((#6404,#6409));
#6404 = SURFACE_STYLE_USAGE(.BOTH.,#6405);
#6405 = SURFACE_SIDE_STYLE('',(#6406));
#6406 = SURFACE_STYLE_FILL_AREA(#6407);
#6407 = FILL_AREA_STYLE('',(#6408));
#6408 = FILL_AREA_STYLE_COLOUR('',#4383);
#6409 = CURVE_STYLE('',#6410,POSITIVE_LENGTH_MEASURE(0.1),#4383);
#6410 = DRAUGHTING_PRE_DEFINED_CURVE_FONT('continuous');
#6411 = STYLED_ITEM('color',(#6412),#2742);
#6412 = PRESENTATION_STYLE_ASSIGNMENT((#6413,#6418));
#6413 = SURFACE_STYLE_USAGE(.BOTH.,#6414);
#6414 = SURFACE_SIDE_STYLE('',(#6415));
#6415 = SURFACE_STYLE_FILL_AREA(#6416);
#6416 = FILL_AREA_STYLE('',(#6417));
#6417 = FILL_AREA_STYLE_COLOUR('',#4383);
#6418 = CURVE_STYLE('',#6419,POSITIVE_LENGTH_MEASURE(0.1),#4383);
#6419 = DRAUGHTING_PRE_DEFINED_CURVE_FONT('continuous');
#6420 = STYLED_ITEM('color',(#6421),#2754);
#6421 = PRESENTATION_STYLE_ASSIGNMENT((#6422,#6427));
#6422 = SURFACE_STYLE_USAGE(.BOTH.,#6423);
#6423 = SURFACE_SIDE_STYLE('',(#6424));
#6424 = SURFACE_STYLE_FILL_AREA(#6425);
#6425 = FILL_AREA_STYLE('',(#6426));
#6426 = FILL_AREA_STYLE_COLOUR('',#4383);
#6427 = CURVE_STYLE('',#6428,POSITIVE_LENGTH_MEASURE(0.1),#4383);
#6428 = DRAUGHTING_PRE_DEFINED_CURVE_FONT('continuous');
#6429 = STYLED_ITEM('color',(#6430),#2766);
#6430 = PRESENTATION_STYLE_ASSIGNMENT((#6431,#6436));
#6431 = SURFACE_STYLE_USAGE(.BOTH.,#6432);
#6432 = SURFACE_SIDE_STYLE('',(#6433));
#6433 = SURFACE_STYLE_FILL_AREA(#6434);
#6434 = FILL_AREA_STYLE('',(#6435));
#6435 = FILL_AREA_STYLE_COLOUR('',#4383);
#6436 = CURVE_STYLE('',#6437,POSITIVE_LENGTH_MEASURE(0.1),#4383);
#6437 = DRAUGHTING_PRE_DEFINED_CURVE_FONT('continuous');
#6438 = STYLED_ITEM('color',(#6439),#2778);
#6439 = PRESENTATION_STYLE_ASSIGNMENT((#6440,#6445));
#6440 = SURFACE_STYLE_USAGE(.BOTH.,#6441);
#6441 = SURFACE_SIDE_STYLE('',(#6442));
#6442 = SURFACE_STYLE_FILL_AREA(#6443);
#6443 = FILL_AREA_STYLE('',(#6444));
#6444 = FILL_AREA_STYLE_COLOUR('',#4383);
#6445 = CURVE_STYLE('',#6446,POSITIVE_LENGTH_MEASURE(0.1),#4383);
#6446 = DRAUGHTING_PRE_DEFINED_CURVE_FONT('continuous');
#6447 = STYLED_ITEM('color',(#6448),#2790);
#6448 = PRESENTATION_STYLE_ASSIGNMENT((#6449,#6454));
#6449 = SURFACE_STYLE_USAGE(.BOTH.,#6450);
#6450 = SURFACE_SIDE_STYLE('',(#6451));
#6451 = SURFACE_STYLE_FILL_AREA(#6452);
#6452 = FILL_AREA_STYLE('',(#6453));
#6453 = FILL_AREA_STYLE_COLOUR('',#4383);
#6454 = CURVE_STYLE('',#6455,POSITIVE_LENGTH_MEASURE(0.1),#4383);
#6455 = DRAUGHTING_PRE_DEFINED_CURVE_FONT('continuous');
#6456 = STYLED_ITEM('color',(#6457),#2802);
#6457 = PRESENTATION_STYLE_ASSIGNMENT((#6458,#6463));
#6458 = SURFACE_STYLE_USAGE(.BOTH.,#6459);
#6459 = SURFACE_SIDE_STYLE('',(#6460));
#6460 = SURFACE_STYLE_FILL_AREA(#6461);
#6461 = FILL_AREA_STYLE('',(#6462));
#6462 = FILL_AREA_STYLE_COLOUR('',#4383);
#6463 = CURVE_STYLE('',#6464,POSITIVE_LENGTH_MEASURE(0.1),#4383);
#6464 = DRAUGHTING_PRE_DEFINED_CURVE_FONT('continuous');
#6465 = STYLED_ITEM('color',(#6466),#2814);
#6466 = PRESENTATION_STYLE_ASSIGNMENT((#6467,#6472));
#6467 = SURFACE_STYLE_USAGE(.BOTH.,#6468);
#6468 = SURFACE_SIDE_STYLE('',(#6469));
#6469 = SURFACE_STYLE_FILL_AREA(#6470);
#6470 = FILL_AREA_STYLE('',(#6471));
#6471 = FILL_AREA_STYLE_COLOUR('',#4383);
#6472 = CURVE_STYLE('',#6473,POSITIVE_LENGTH_MEASURE(0.1),#4383);
#6473 = DRAUGHTING_PRE_DEFINED_CURVE_FONT('continuous');
#6474 = STYLED_ITEM('color',(#6475),#2826);
#6475 = PRESENTATION_STYLE_ASSIGNMENT((#6476,#6481));
#6476 = SURFACE_STYLE_USAGE(.BOTH.,#6477);
#6477 = SURFACE_SIDE_STYLE('',(#6478));
#6478 = SURFACE_STYLE_FILL_AREA(#6479);
#6479 = FILL_AREA_STYLE('',(#6480));
#6480 = FILL_AREA_STYLE_COLOUR('',#4383);
#6481 = CURVE_STYLE('',#6482,POSITIVE_LENGTH_MEASURE(0.1),#4383);
#6482 = DRAUGHTING_PRE_DEFINED_CURVE_FONT('continuous');
#6483 = STYLED_ITEM('color',(#6484),#2838);
#6484 = PRESENTATION_STYLE_ASSIGNMENT((#6485,#6490));
#6485 = SURFACE_STYLE_USAGE(.BOTH.,#6486);
#6486 = SURFACE_SIDE_STYLE('',(#6487));
#6487 = SURFACE_STYLE_FILL_AREA(#6488);
#6488 = FILL_AREA_STYLE('',(#6489));
#6489 = FILL_AREA_STYLE_COLOUR('',#4383);
#6490 = CURVE_STYLE('',#6491,POSITIVE_LENGTH_MEASURE(0.1),#4383);
#6491 = DRAUGHTING_PRE_DEFINED_CURVE_FONT('continuous');
#6492 = STYLED_ITEM('color',(#6493),#2850);
#6493 = PRESENTATION_STYLE_ASSIGNMENT((#6494,#6499));
#6494 = SURFACE_STYLE_USAGE(.BOTH.,#6495);
#6495 = SURFACE_SIDE_STYLE('',(#6496));
#6496 = SURFACE_STYLE_FILL_AREA(#6497);
#6497 = FILL_AREA_STYLE('',(#6498));
#6498 = FILL_AREA_STYLE_COLOUR('',#4383);
#6499 = CURVE_STYLE('',#6500,POSITIVE_LENGTH_MEASURE(0.1),#4383);
#6500 = DRAUGHTING_PRE_DEFINED_CURVE_FONT('continuous');
#6501 = STYLED_ITEM('color',(#6502),#2862);
#6502 = PRESENTATION_STYLE_ASSIGNMENT((#6503,#6508));
#6503 = SURFACE_STYLE_USAGE(.BOTH.,#6504);
#6504 = SURFACE_SIDE_STYLE('',(#6505));
#6505 = SURFACE_STYLE_FILL_AREA(#6506);
#6506 = FILL_AREA_STYLE('',(#6507));
#6507 = FILL_AREA_STYLE_COLOUR('',#4383);
#6508 = CURVE_STYLE('',#6509,POSITIVE_LENGTH_MEASURE(0.1),#4383);
#6509 = DRAUGHTING_PRE_DEFINED_CURVE_FONT('continuous');
#6510 = STYLED_ITEM('color',(#6511),#2874);
#6511 = PRESENTATION_STYLE_ASSIGNMENT((#6512,#6517));
#6512 = SURFACE_STYLE_USAGE(.BOTH.,#6513);
#6513 = SURFACE_SIDE_STYLE('',(#6514));
#6514 = SURFACE_STYLE_FILL_AREA(#6515);
#6515 = FILL_AREA_STYLE('',(#6516));
#6516 = FILL_AREA_STYLE_COLOUR('',#4383);
#6517 = CURVE_STYLE('',#6518,POSITIVE_LENGTH_MEASURE(0.1),#4383);
#6518 = DRAUGHTING_PRE_DEFINED_CURVE_FONT('continuous');
#6519 = STYLED_ITEM('color',(#6520),#2886);
#6520 = PRESENTATION_STYLE_ASSIGNMENT((#6521,#6526));
#6521 = SURFACE_STYLE_USAGE(.BOTH.,#6522);
#6522 = SURFACE_SIDE_STYLE('',(#6523));
#6523 = SURFACE_STYLE_FILL_AREA(#6524);
#6524 = FILL_AREA_STYLE('',(#6525));
#6525 = FILL_AREA_STYLE_COLOUR('',#4383);
#6526 = CURVE_STYLE('',#6527,POSITIVE_LENGTH_MEASURE(0.1),#4383);
#6527 = DRAUGHTING_PRE_DEFINED_CURVE_FONT('continuous');
#6528 = STYLED_ITEM('color',(#6529),#2898);
#6529 = PRESENTATION_STYLE_ASSIGNMENT((#6530,#6535));
#6530 = SURFACE_STYLE_USAGE(.BOTH.,#6531);
#6531 = SURFACE_SIDE_STYLE('',(#6532));
#6532 = SURFACE_STYLE_FILL_AREA(#6533);
#6533 = FILL_AREA_STYLE('',(#6534));
#6534 = FILL_AREA_STYLE_COLOUR('',#4383);
#6535 = CURVE_STYLE('',#6536,POSITIVE_LENGTH_MEASURE(0.1),#4383);
#6536 = DRAUGHTING_PRE_DEFINED_CURVE_FONT('continuous');
#6537 = STYLED_ITEM('color',(#6538),#2910);
#6538 = PRESENTATION_STYLE_ASSIGNMENT((#6539,#6544));
#6539 = SURFACE_STYLE_USAGE(.BOTH.,#6540);
#6540 = SURFACE_SIDE_STYLE('',(#6541));
#6541 = SURFACE_STYLE_FILL_AREA(#6542);
#6542 = FILL_AREA_STYLE('',(#6543));
#6543 = FILL_AREA_STYLE_COLOUR('',#4383);
#6544 = CURVE_STYLE('',#6545,POSITIVE_LENGTH_MEASURE(0.1),#4383);
#6545 = DRAUGHTING_PRE_DEFINED_CURVE_FONT('continuous');
#6546 = STYLED_ITEM('color',(#6547),#2922);
#6547 = PRESENTATION_STYLE_ASSIGNMENT((#6548,#6553));
#6548 = SURFACE_STYLE_USAGE(.BOTH.,#6549);
#6549 = SURFACE_SIDE_STYLE('',(#6550));
#6550 = SURFACE_STYLE_FILL_AREA(#6551);
#6551 = FILL_AREA_STYLE('',(#6552));
#6552 = FILL_AREA_STYLE_COLOUR('',#4383);
#6553 = CURVE_STYLE('',#6554,POSITIVE_LENGTH_MEASURE(0.1),#4383);
#6554 = DRAUGHTING_PRE_DEFINED_CURVE_FONT('continuous');
#6555 = STYLED_ITEM('color',(#6556),#2934);
#6556 = PRESENTATION_STYLE_ASSIGNMENT((#6557,#6562));
#6557 = SURFACE_STYLE_USAGE(.BOTH.,#6558);
#6558 = SURFACE_SIDE_STYLE('',(#6559));
#6559 = SURFACE_STYLE_FILL_AREA(#6560);
#6560 = FILL_AREA_STYLE('',(#6561));
#6561 = FILL_AREA_STYLE_COLOUR('',#4383);
#6562 = CURVE_STYLE('',#6563,POSITIVE_LENGTH_MEASURE(0.1),#4383);
#6563 = DRAUGHTING_PRE_DEFINED_CURVE_FONT('continuous');
#6564 = STYLED_ITEM('color',(#6565),#2946);
#6565 = PRESENTATION_STYLE_ASSIGNMENT((#6566,#6571));
#6566 = SURFACE_STYLE_USAGE(.BOTH.,#6567);
#6567 = SURFACE_SIDE_STYLE('',(#6568));
#6568 = SURFACE_STYLE_FILL_AREA(#6569);
#6569 = FILL_AREA_STYLE('',(#6570));
#6570 = FILL_AREA_STYLE_COLOUR('',#4383);
#6571 = CURVE_STYLE('',#6572,POSITIVE_LENGTH_MEASURE(0.1),#4383);
#6572 = DRAUGHTING_PRE_DEFINED_CURVE_FONT('continuous');
#6573 = STYLED_ITEM('color',(#6574),#2958);
#6574 = PRESENTATION_STYLE_ASSIGNMENT((#6575,#6580));
#6575 = SURFACE_STYLE_USAGE(.BOTH.,#6576);
#6576 = SURFACE_SIDE_STYLE('',(#6577));
#6577 = SURFACE_STYLE_FILL_AREA(#6578);
#6578 = FILL_AREA_STYLE('',(#6579));
#6579 = FILL_AREA_STYLE_COLOUR('',#4383);
#6580 = CURVE_STYLE('',#6581,POSITIVE_LENGTH_MEASURE(0.1),#4383);
#6581 = DRAUGHTING_PRE_DEFINED_CURVE_FONT('continuous');
#6582 = STYLED_ITEM('color',(#6583),#2970);
#6583 = PRESENTATION_STYLE_ASSIGNMENT((#6584,#6589));
#6584 = SURFACE_STYLE_USAGE(.BOTH.,#6585);
#6585 = SURFACE_SIDE_STYLE('',(#6586));
#6586 = SURFACE_STYLE_FILL_AREA(#6587);
#6587 = FILL_AREA_STYLE('',(#6588));
#6588 = FILL_AREA_STYLE_COLOUR('',#4383);
#6589 = CURVE_STYLE('',#6590,POSITIVE_LENGTH_MEASURE(0.1),#4383);
#6590 = DRAUGHTING_PRE_DEFINED_CURVE_FONT('continuous');
#6591 = STYLED_ITEM('color',(#6592),#2982);
#6592 = PRESENTATION_STYLE_ASSIGNMENT((#6593,#6598));
#6593 = SURFACE_STYLE_USAGE(.BOTH.,#6594);
#6594 = SURFACE_SIDE_STYLE('',(#6595));
#6595 = SURFACE_STYLE_FILL_AREA(#6596);
#6596 = FILL_AREA_STYLE('',(#6597));
#6597 = FILL_AREA_STYLE_COLOUR('',#4383);
#6598 = CURVE_STYLE('',#6599,POSITIVE_LENGTH_MEASURE(0.1),#4383);
#6599 = DRAUGHTING_PRE_DEFINED_CURVE_FONT('continuous');
#6600 = STYLED_ITEM('color',(#6601),#2994);
#6601 = PRESENTATION_STYLE_ASSIGNMENT((#6602,#6607));
#6602 = SURFACE_STYLE_USAGE(.BOTH.,#6603);
#6603 = SURFACE_SIDE_STYLE('',(#6604));
#6604 = SURFACE_STYLE_FILL_AREA(#6605);
#6605 = FILL_AREA_STYLE('',(#6606));
#6606 = FILL_AREA_STYLE_COLOUR('',#4383);
#6607 = CURVE_STYLE('',#6608,POSITIVE_LENGTH_MEASURE(0.1),#4383);
#6608 = DRAUGHTING_PRE_DEFINED_CURVE_FONT('continuous');
#6609 = STYLED_ITEM('color',(#6610),#3006);
#6610 = PRESENTATION_STYLE_ASSIGNMENT((#6611,#6616));
#6611 = SURFACE_STYLE_USAGE(.BOTH.,#6612);
#6612 = SURFACE_SIDE_STYLE('',(#6613));
#6613 = SURFACE_STYLE_FILL_AREA(#6614);
#6614 = FILL_AREA_STYLE('',(#6615));
#6615 = FILL_AREA_STYLE_COLOUR('',#4383);
#6616 = CURVE_STYLE('',#6617,POSITIVE_LENGTH_MEASURE(0.1),#4383);
#6617 = DRAUGHTING_PRE_DEFINED_CURVE_FONT('continuous');
#6618 = STYLED_ITEM('color',(#6619),#3018);
#6619 = PRESENTATION_STYLE_ASSIGNMENT((#6620,#6625));
#6620 = SURFACE_STYLE_USAGE(.BOTH.,#6621);
#6621 = SURFACE_SIDE_STYLE('',(#6622));
#6622 = SURFACE_STYLE_FILL_AREA(#6623);
#6623 = FILL_AREA_STYLE('',(#6624));
#6624 = FILL_AREA_STYLE_COLOUR('',#4383);
#6625 = CURVE_STYLE('',#6626,POSITIVE_LENGTH_MEASURE(0.1),#4383);
#6626 = DRAUGHTING_PRE_DEFINED_CURVE_FONT('continuous');
#6627 = STYLED_ITEM('color',(#6628),#3030);
#6628 = PRESENTATION_STYLE_ASSIGNMENT((#6629,#6634));
#6629 = SURFACE_STYLE_USAGE(.BOTH.,#6630);
#6630 = SURFACE_SIDE_STYLE('',(#6631));
#6631 = SURFACE_STYLE_FILL_AREA(#6632);
#6632 = FILL_AREA_STYLE('',(#6633));
#6633 = FILL_AREA_STYLE_COLOUR('',#4383);
#6634 = CURVE_STYLE('',#6635,POSITIVE_LENGTH_MEASURE(0.1),#4383);
#6635 = DRAUGHTING_PRE_DEFINED_CURVE_FONT('continuous');
#6636 = STYLED_ITEM('color',(#6637),#3042);
#6637 = PRESENTATION_STYLE_ASSIGNMENT((#6638,#6643));
#6638 = SURFACE_STYLE_USAGE(.BOTH.,#6639);
#6639 = SURFACE_SIDE_STYLE('',(#6640));
#6640 = SURFACE_STYLE_FILL_AREA(#6641);
#6641 = FILL_AREA_STYLE('',(#6642));
#6642 = FILL_AREA_STYLE_COLOUR('',#4383);
#6643 = CURVE_STYLE('',#6644,POSITIVE_LENGTH_MEASURE(0.1),#4383);
#6644 = DRAUGHTING_PRE_DEFINED_CURVE_FONT('continuous');
#6645 = STYLED_ITEM('color',(#6646),#3054);
#6646 = PRESENTATION_STYLE_ASSIGNMENT((#6647,#6652));
#6647 = SURFACE_STYLE_USAGE(.BOTH.,#6648);
#6648 = SURFACE_SIDE_STYLE('',(#6649));
#6649 = SURFACE_STYLE_FILL_AREA(#6650);
#6650 = FILL_AREA_STYLE('',(#6651));
#6651 = FILL_AREA_STYLE_COLOUR('',#4383);
#6652 = CURVE_STYLE('',#6653,POSITIVE_LENGTH_MEASURE(0.1),#4383);
#6653 = DRAUGHTING_PRE_DEFINED_CURVE_FONT('continuous');
#6654 = STYLED_ITEM('color',(#6655),#3066);
#6655 = PRESENTATION_STYLE_ASSIGNMENT((#6656,#6661));
#6656 = SURFACE_STYLE_USAGE(.BOTH.,#6657);
#6657 = SURFACE_SIDE_STYLE('',(#6658));
#6658 = SURFACE_STYLE_FILL_AREA(#6659);
#6659 = FILL_AREA_STYLE('',(#6660));
#6660 = FILL_AREA_STYLE_COLOUR('',#4383);
#6661 = CURVE_STYLE('',#6662,POSITIVE_LENGTH_MEASURE(0.1),#4383);
#6662 = DRAUGHTING_PRE_DEFINED_CURVE_FONT('continuous');
#6663 = STYLED_ITEM('color',(#6664),#3078);
#6664 = PRESENTATION_STYLE_ASSIGNMENT((#6665,#6670));
#6665 = SURFACE_STYLE_USAGE(.BOTH.,#6666);
#6666 = SURFACE_SIDE_STYLE('',(#6667));
#6667 = SURFACE_STYLE_FILL_AREA(#6668);
#6668 = FILL_AREA_STYLE('',(#6669));
#6669 = FILL_AREA_STYLE_COLOUR('',#4383);
#6670 = CURVE_STYLE('',#6671,POSITIVE_LENGTH_MEASURE(0.1),#4383);
#6671 = DRAUGHTING_PRE_DEFINED_CURVE_FONT('continuous');
#6672 = STYLED_ITEM('color',(#6673),#3090);
#6673 = PRESENTATION_STYLE_ASSIGNMENT((#6674,#6679));
#6674 = SURFACE_STYLE_USAGE(.BOTH.,#6675);
#6675 = SURFACE_SIDE_STYLE('',(#6676));
#6676 = SURFACE_STYLE_FILL_AREA(#6677);
#6677 = FILL_AREA_STYLE('',(#6678));
#6678 = FILL_AREA_STYLE_COLOUR('',#4383);
#6679 = CURVE_STYLE('',#6680,POSITIVE_LENGTH_MEASURE(0.1),#4383);
#6680 = DRAUGHTING_PRE_DEFINED_CURVE_FONT('continuous');
#6681 = STYLED_ITEM('color',(#6682),#3102);
#6682 = PRESENTATION_STYLE_ASSIGNMENT((#6683,#6688));
#6683 = SURFACE_STYLE_USAGE(.BOTH.,#6684);
#6684 = SURFACE_SIDE_STYLE('',(#6685));
#6685 = SURFACE_STYLE_FILL_AREA(#6686);
#6686 = FILL_AREA_STYLE('',(#6687));
#6687 = FILL_AREA_STYLE_COLOUR('',#4383);
#6688 = CURVE_STYLE('',#6689,POSITIVE_LENGTH_MEASURE(0.1),#4383);
#6689 = DRAUGHTING_PRE_DEFINED_CURVE_FONT('continuous');
#6690 = STYLED_ITEM('color',(#6691),#3114);
#6691 = PRESENTATION_STYLE_ASSIGNMENT((#6692,#6697));
#6692 = SURFACE_STYLE_USAGE(.BOTH.,#6693);
#6693 = SURFACE_SIDE_STYLE('',(#6694));
#6694 = SURFACE_STYLE_FILL_AREA(#6695);
#6695 = FILL_AREA_STYLE('',(#6696));
#6696 = FILL_AREA_STYLE_COLOUR('',#4383);
#6697 = CURVE_STYLE('',#6698,POSITIVE_LENGTH_MEASURE(0.1),#4383);
#6698 = DRAUGHTING_PRE_DEFINED_CURVE_FONT('continuous');
#6699 = STYLED_ITEM('color',(#6700),#3126);
#6700 = PRESENTATION_STYLE_ASSIGNMENT((#6701,#6706));
#6701 = SURFACE_STYLE_USAGE(.BOTH.,#6702);
#6702 = SURFACE_SIDE_STYLE('',(#6703));
#6703 = SURFACE_STYLE_FILL_AREA(#6704);
#6704 = FILL_AREA_STYLE('',(#6705));
#6705 = FILL_AREA_STYLE_COLOUR('',#4383);
#6706 = CURVE_STYLE('',#6707,POSITIVE_LENGTH_MEASURE(0.1),#4383);
#6707 = DRAUGHTING_PRE_DEFINED_CURVE_FONT('continuous');
#6708 = STYLED_ITEM('color',(#6709),#3138);
#6709 = PRESENTATION_STYLE_ASSIGNMENT((#6710,#6715));
#6710 = SURFACE_STYLE_USAGE(.BOTH.,#6711);
#6711 = SURFACE_SIDE_STYLE('',(#6712));
#6712 = SURFACE_STYLE_FILL_AREA(#6713);
#6713 = FILL_AREA_STYLE('',(#6714));
#6714 = FILL_AREA_STYLE_COLOUR('',#4383);
#6715 = CURVE_STYLE('',#6716,POSITIVE_LENGTH_MEASURE(0.1),#4383);
#6716 = DRAUGHTING_PRE_DEFINED_CURVE_FONT('continuous');
#6717 = STYLED_ITEM('color',(#6718),#3150);
#6718 = PRESENTATION_STYLE_ASSIGNMENT((#6719,#6724));
#6719 = SURFACE_STYLE_USAGE(.BOTH.,#6720);
#6720 = SURFACE_SIDE_STYLE('',(#6721));
#6721 = SURFACE_STYLE_FILL_AREA(#6722);
#6722 = FILL_AREA_STYLE('',(#6723));
#6723 = FILL_AREA_STYLE_COLOUR('',#4383);
#6724 = CURVE_STYLE('',#6725,POSITIVE_LENGTH_MEASURE(0.1),#4383);
#6725 = DRAUGHTING_PRE_DEFINED_CURVE_FONT('continuous');
#6726 = STYLED_ITEM('color',(#6727),#3162);
#6727 = PRESENTATION_STYLE_ASSIGNMENT((#6728,#6733));
#6728 = SURFACE_STYLE_USAGE(.BOTH.,#6729);
#6729 = SURFACE_SIDE_STYLE('',(#6730));
#6730 = SURFACE_STYLE_FILL_AREA(#6731);
#6731 = FILL_AREA_STYLE('',(#6732));
#6732 = FILL_AREA_STYLE_COLOUR('',#4383);
#6733 = CURVE_STYLE('',#6734,POSITIVE_LENGTH_MEASURE(0.1),#4383);
#6734 = DRAUGHTING_PRE_DEFINED_CURVE_FONT('continuous');
#6735 = STYLED_ITEM('color',(#6736),#3174);
#6736 = PRESENTATION_STYLE_ASSIGNMENT((#6737,#6742));
#6737 = SURFACE_STYLE_USAGE(.BOTH.,#6738);
#6738 = SURFACE_SIDE_STYLE('',(#6739));
#6739 = SURFACE_STYLE_FILL_AREA(#6740);
#6740 = FILL_AREA_STYLE('',(#6741));
#6741 = FILL_AREA_STYLE_COLOUR('',#4383);
#6742 = CURVE_STYLE('',#6743,POSITIVE_LENGTH_MEASURE(0.1),#4383);
#6743 = DRAUGHTING_PRE_DEFINED_CURVE_FONT('continuous');
#6744 = STYLED_ITEM('color',(#6745),#3186);
#6745 = PRESENTATION_STYLE_ASSIGNMENT((#6746,#6751));
#6746 = SURFACE_STYLE_USAGE(.BOTH.,#6747);
#6747 = SURFACE_SIDE_STYLE('',(#6748));
#6748 = SURFACE_STYLE_FILL_AREA(#6749);
#6749 = FILL_AREA_STYLE('',(#6750));
#6750 = FILL_AREA_STYLE_COLOUR('',#4383);
#6751 = CURVE_STYLE('',#6752,POSITIVE_LENGTH_MEASURE(0.1),#4383);
#6752 = DRAUGHTING_PRE_DEFINED_CURVE_FONT('continuous');
#6753 = STYLED_ITEM('color',(#6754),#3198);
#6754 = PRESENTATION_STYLE_ASSIGNMENT((#6755,#6760));
#6755 = SURFACE_STYLE_USAGE(.BOTH.,#6756);
#6756 = SURFACE_SIDE_STYLE('',(#6757));
#6757 = SURFACE_STYLE_FILL_AREA(#6758);
#6758 = FILL_AREA_STYLE('',(#6759));
#6759 = FILL_AREA_STYLE_COLOUR('',#4383);
#6760 = CURVE_STYLE('',#6761,POSITIVE_LENGTH_MEASURE(0.1),#4383);
#6761 = DRAUGHTING_PRE_DEFINED_CURVE_FONT('continuous');
#6762 = STYLED_ITEM('color',(#6763),#3210);
#6763 = PRESENTATION_STYLE_ASSIGNMENT((#6764,#6769));
#6764 = SURFACE_STYLE_USAGE(.BOTH.,#6765);
#6765 = SURFACE_SIDE_STYLE('',(#6766));
#6766 = SURFACE_STYLE_FILL_AREA(#6767);
#6767 = FILL_AREA_STYLE('',(#6768));
#6768 = FILL_AREA_STYLE_COLOUR('',#4383);
#6769 = CURVE_STYLE('',#6770,POSITIVE_LENGTH_MEASURE(0.1),#4383);
#6770 = DRAUGHTING_PRE_DEFINED_CURVE_FONT('continuous');
#6771 = STYLED_ITEM('color',(#6772),#3222);
#6772 = PRESENTATION_STYLE_ASSIGNMENT((#6773,#6778));
#6773 = SURFACE_STYLE_USAGE(.BOTH.,#6774);
#6774 = SURFACE_SIDE_STYLE('',(#6775));
#6775 = SURFACE_STYLE_FILL_AREA(#6776);
#6776 = FILL_AREA_STYLE('',(#6777));
#6777 = FILL_AREA_STYLE_COLOUR('',#4383);
#6778 = CURVE_STYLE('',#6779,POSITIVE_LENGTH_MEASURE(0.1),#4383);
#6779 = DRAUGHTING_PRE_DEFINED_CURVE_FONT('continuous');
#6780 = STYLED_ITEM('color',(#6781),#3234);
#6781 = PRESENTATION_STYLE_ASSIGNMENT((#6782,#6787));
#6782 = SURFACE_STYLE_USAGE(.BOTH.,#6783);
#6783 = SURFACE_SIDE_STYLE('',(#6784));
#6784 = SURFACE_STYLE_FILL_AREA(#6785);
#6785 = FILL_AREA_STYLE('',(#6786));
#6786 = FILL_AREA_STYLE_COLOUR('',#4383);
#6787 = CURVE_STYLE('',#6788,POSITIVE_LENGTH_MEASURE(0.1),#4383);
#6788 = DRAUGHTING_PRE_DEFINED_CURVE_FONT('continuous');
#6789 = STYLED_ITEM('color',(#6790),#3246);
#6790 = PRESENTATION_STYLE_ASSIGNMENT((#6791,#6796));
#6791 = SURFACE_STYLE_USAGE(.BOTH.,#6792);
#6792 = SURFACE_SIDE_STYLE('',(#6793));
#6793 = SURFACE_STYLE_FILL_AREA(#6794);
#6794 = FILL_AREA_STYLE('',(#6795));
#6795 = FILL_AREA_STYLE_COLOUR('',#4383);
#6796 = CURVE_STYLE('',#6797,POSITIVE_LENGTH_MEASURE(0.1),#4383);
#6797 = DRAUGHTING_PRE_DEFINED_CURVE_FONT('continuous');
#6798 = STYLED_ITEM('color',(#6799),#3258);
#6799 = PRESENTATION_STYLE_ASSIGNMENT((#6800,#6805));
#6800 = SURFACE_STYLE_USAGE(.BOTH.,#6801);
#6801 = SURFACE_SIDE_STYLE('',(#6802));
#6802 = SURFACE_STYLE_FILL_AREA(#6803);
#6803 = FILL_AREA_STYLE('',(#6804));
#6804 = FILL_AREA_STYLE_COLOUR('',#4383);
#6805 = CURVE_STYLE('',#6806,POSITIVE_LENGTH_MEASURE(0.1),#4383);
#6806 = DRAUGHTING_PRE_DEFINED_CURVE_FONT('continuous');
#6807 = STYLED_ITEM('color',(#6808),#3270);
#6808 = PRESENTATION_STYLE_ASSIGNMENT((#6809,#6814));
#6809 = SURFACE_STYLE_USAGE(.BOTH.,#6810);
#6810 = SURFACE_SIDE_STYLE('',(#6811));
#6811 = SURFACE_STYLE_FILL_AREA(#6812);
#6812 = FILL_AREA_STYLE('',(#6813));
#6813 = FILL_AREA_STYLE_COLOUR('',#4383);
#6814 = CURVE_STYLE('',#6815,POSITIVE_LENGTH_MEASURE(0.1),#4383);
#6815 = DRAUGHTING_PRE_DEFINED_CURVE_FONT('continuous');
#6816 = STYLED_ITEM('color',(#6817),#3282);
#6817 = PRESENTATION_STYLE_ASSIGNMENT((#6818,#6823));
#6818 = SURFACE_STYLE_USAGE(.BOTH.,#6819);
#6819 = SURFACE_SIDE_STYLE('',(#6820));
#6820 = SURFACE_STYLE_FILL_AREA(#6821);
#6821 = FILL_AREA_STYLE('',(#6822));
#6822 = FILL_AREA_STYLE_COLOUR('',#4383);
#6823 = CURVE_STYLE('',#6824,POSITIVE_LENGTH_MEASURE(0.1),#4383);
#6824 = DRAUGHTING_PRE_DEFINED_CURVE_FONT('continuous');
#6825 = STYLED_ITEM('color',(#6826),#3294);
#6826 = PRESENTATION_STYLE_ASSIGNMENT((#6827,#6832));
#6827 = SURFACE_STYLE_USAGE(.BOTH.,#6828);
#6828 = SURFACE_SIDE_STYLE('',(#6829));
#6829 = SURFACE_STYLE_FILL_AREA(#6830);
#6830 = FILL_AREA_STYLE('',(#6831));
#6831 = FILL_AREA_STYLE_COLOUR('',#4383);
#6832 = CURVE_STYLE('',#6833,POSITIVE_LENGTH_MEASURE(0.1),#4383);
#6833 = DRAUGHTING_PRE_DEFINED_CURVE_FONT('continuous');
#6834 = STYLED_ITEM('color',(#6835),#3306);
#6835 = PRESENTATION_STYLE_ASSIGNMENT((#6836,#6841));
#6836 = SURFACE_STYLE_USAGE(.BOTH.,#6837);
#6837 = SURFACE_SIDE_STYLE('',(#6838));
#6838 = SURFACE_STYLE_FILL_AREA(#6839);
#6839 = FILL_AREA_STYLE('',(#6840));
#6840 = FILL_AREA_STYLE_COLOUR('',#4383);
#6841 = CURVE_STYLE('',#6842,POSITIVE_LENGTH_MEASURE(0.1),#4383);
#6842 = DRAUGHTING_PRE_DEFINED_CURVE_FONT('continuous');
#6843 = STYLED_ITEM('color',(#6844),#3318);
#6844 = PRESENTATION_STYLE_ASSIGNMENT((#6845,#6850));
#6845 = SURFACE_STYLE_USAGE(.BOTH.,#6846);
#6846 = SURFACE_SIDE_STYLE('',(#6847));
#6847 = SURFACE_STYLE_FILL_AREA(#6848);
#6848 = FILL_AREA_STYLE('',(#6849));
#6849 = FILL_AREA_STYLE_COLOUR('',#4383);
#6850 = CURVE_STYLE('',#6851,POSITIVE_LENGTH_MEASURE(0.1),#4383);
#6851 = DRAUGHTING_PRE_DEFINED_CURVE_FONT('continuous');
#6852 = STYLED_ITEM('color',(#6853),#3330);
#6853 = PRESENTATION_STYLE_ASSIGNMENT((#6854,#6859));
#6854 = SURFACE_STYLE_USAGE(.BOTH.,#6855);
#6855 = SURFACE_SIDE_STYLE('',(#6856));
#6856 = SURFACE_STYLE_FILL_AREA(#6857);
#6857 = FILL_AREA_STYLE('',(#6858));
#6858 = FILL_AREA_STYLE_COLOUR('',#4383);
#6859 = CURVE_STYLE('',#6860,POSITIVE_LENGTH_MEASURE(0.1),#4383);
#6860 = DRAUGHTING_PRE_DEFINED_CURVE_FONT('continuous');
#6861 = STYLED_ITEM('color',(#6862),#3342);
#6862 = PRESENTATION_STYLE_ASSIGNMENT((#6863,#6868));
#6863 = SURFACE_STYLE_USAGE(.BOTH.,#6864);
#6864 = SURFACE_SIDE_STYLE('',(#6865));
#6865 = SURFACE_STYLE_FILL_AREA(#6866);
#6866 = FILL_AREA_STYLE('',(#6867));
#6867 = FILL_AREA_STYLE_COLOUR('',#4383);
#6868 = CURVE_STYLE('',#6869,POSITIVE_LENGTH_MEASURE(0.1),#4383);
#6869 = DRAUGHTING_PRE_DEFINED_CURVE_FONT('continuous');
#6870 = STYLED_ITEM('color',(#6871),#3354);
#6871 = PRESENTATION_STYLE_ASSIGNMENT((#6872,#6877));
#6872 = SURFACE_STYLE_USAGE(.BOTH.,#6873);
#6873 = SURFACE_SIDE_STYLE('',(#6874));
#6874 = SURFACE_STYLE_FILL_AREA(#6875);
#6875 = FILL_AREA_STYLE('',(#6876));
#6876 = FILL_AREA_STYLE_COLOUR('',#4383);
#6877 = CURVE_STYLE('',#6878,POSITIVE_LENGTH_MEASURE(0.1),#4383);
#6878 = DRAUGHTING_PRE_DEFINED_CURVE_FONT('continuous');
#6879 = STYLED_ITEM('color',(#6880),#3366);
#6880 = PRESENTATION_STYLE_ASSIGNMENT((#6881,#6886));
#6881 = SURFACE_STYLE_USAGE(.BOTH.,#6882);
#6882 = SURFACE_SIDE_STYLE('',(#6883));
#6883 = SURFACE_STYLE_FILL_AREA(#6884);
#6884 = FILL_AREA_STYLE('',(#6885));
#6885 = FILL_AREA_STYLE_COLOUR('',#4383);
#6886 = CURVE_STYLE('',#6887,POSITIVE_LENGTH_MEASURE(0.1),#4383);
#6887 = DRAUGHTING_PRE_DEFINED_CURVE_FONT('continuous');
#6888 = STYLED_ITEM('color',(#6889),#3378);
#6889 = PRESENTATION_STYLE_ASSIGNMENT((#6890,#6895));
#6890 = SURFACE_STYLE_USAGE(.BOTH.,#6891);
#6891 = SURFACE_SIDE_STYLE('',(#6892));
#6892 = SURFACE_STYLE_FILL_AREA(#6893);
#6893 = FILL_AREA_STYLE('',(#6894));
#6894 = FILL_AREA_STYLE_COLOUR('',#4383);
#6895 = CURVE_STYLE('',#6896,POSITIVE_LENGTH_MEASURE(0.1),#4383);
#6896 = DRAUGHTING_PRE_DEFINED_CURVE_FONT('continuous');
#6897 = STYLED_ITEM('color',(#6898),#3390);
#6898 = PRESENTATION_STYLE_ASSIGNMENT((#6899,#6904));
#6899 = SURFACE_STYLE_USAGE(.BOTH.,#6900);
#6900 = SURFACE_SIDE_STYLE('',(#6901));
#6901 = SURFACE_STYLE_FILL_AREA(#6902);
#6902 = FILL_AREA_STYLE('',(#6903));
#6903 = FILL_AREA_STYLE_COLOUR('',#4383);
#6904 = CURVE_STYLE('',#6905,POSITIVE_LENGTH_MEASURE(0.1),#4383);
#6905 = DRAUGHTING_PRE_DEFINED_CURVE_FONT('continuous');
#6906 = STYLED_ITEM('color',(#6907),#3402);
#6907 = PRESENTATION_STYLE_ASSIGNMENT((#6908,#6913));
#6908 = SURFACE_STYLE_USAGE(.BOTH.,#6909);
#6909 = SURFACE_SIDE_STYLE('',(#6910));
#6910 = SURFACE_STYLE_FILL_AREA(#6911);
#6911 = FILL_AREA_STYLE('',(#6912));
#6912 = FILL_AREA_STYLE_COLOUR('',#4383);
#6913 = CURVE_STYLE('',#6914,POSITIVE_LENGTH_MEASURE(0.1),#4383);
#6914 = DRAUGHTING_PRE_DEFINED_CURVE_FONT('continuous');
#6915 = STYLED_ITEM('color',(#6916),#3414);
#6916 = PRESENTATION_STYLE_ASSIGNMENT((#6917,#6922));
#6917 = SURFACE_STYLE_USAGE(.BOTH.,#6918);
#6918 = SURFACE_SIDE_STYLE('',(#6919));
#6919 = SURFACE_STYLE_FILL_AREA(#6920);
#6920 = FILL_AREA_STYLE('',(#6921));
#6921 = FILL_AREA_STYLE_COLOUR('',#4383);
#6922 = CURVE_STYLE('',#6923,POSITIVE_LENGTH_MEASURE(0.1),#4383);
#6923 = DRAUGHTING_PRE_DEFINED_CURVE_FONT('continuous');
#6924 = STYLED_ITEM('color',(#6925),#3426);
#6925 = PRESENTATION_STYLE_ASSIGNMENT((#6926,#6931));
#6926 = SURFACE_STYLE_USAGE(.BOTH.,#6927);
#6927 = SURFACE_SIDE_STYLE('',(#6928));
#6928 = SURFACE_STYLE_FILL_AREA(#6929);
#6929 = FILL_AREA_STYLE('',(#6930));
#6930 = FILL_AREA_STYLE_COLOUR('',#4383);
#6931 = CURVE_STYLE('',#6932,POSITIVE_LENGTH_MEASURE(0.1),#4383);
#6932 = DRAUGHTING_PRE_DEFINED_CURVE_FONT('continuous');
#6933 = STYLED_ITEM('color',(#6934),#3438);
#6934 = PRESENTATION_STYLE_ASSIGNMENT((#6935,#6940));
#6935 = SURFACE_STYLE_USAGE(.BOTH.,#6936);
#6936 = SURFACE_SIDE_STYLE('',(#6937));
#6937 = SURFACE_STYLE_FILL_AREA(#6938);
#6938 = FILL_AREA_STYLE('',(#6939));
#6939 = FILL_AREA_STYLE_COLOUR('',#4383);
#6940 = CURVE_STYLE('',#6941,POSITIVE_LENGTH_MEASURE(0.1),#4383);
#6941 = DRAUGHTING_PRE_DEFINED_CURVE_FONT('continuous');
#6942 = STYLED_ITEM('color',(#6943),#3450);
#6943 = PRESENTATION_STYLE_ASSIGNMENT((#6944,#6949));
#6944 = SURFACE_STYLE_USAGE(.BOTH.,#6945);
#6945 = SURFACE_SIDE_STYLE('',(#6946));
#6946 = SURFACE_STYLE_FILL_AREA(#6947);
#6947 = FILL_AREA_STYLE('',(#6948));
#6948 = FILL_AREA_STYLE_COLOUR('',#4383);
#6949 = CURVE_STYLE('',#6950,POSITIVE_LENGTH_MEASURE(0.1),#4383);
#6950 = DRAUGHTING_PRE_DEFINED_CURVE_FONT('continuous');
#6951 = STYLED_ITEM('color',(#6952),#3462);
#6952 = PRESENTATION_STYLE_ASSIGNMENT((#6953,#6958));
#6953 = SURFACE_STYLE_USAGE(.BOTH.,#6954);
#6954 = SURFACE_SIDE_STYLE('',(#6955));
#6955 = SURFACE_STYLE_FILL_AREA(#6956);
#6956 = FILL_AREA_STYLE('',(#6957));
#6957 = FILL_AREA_STYLE_COLOUR('',#4383);
#6958 = CURVE_STYLE('',#6959,POSITIVE_LENGTH_MEASURE(0.1),#4383);
#6959 = DRAUGHTING_PRE_DEFINED_CURVE_FONT('continuous');
#6960 = STYLED_ITEM('color',(#6961),#3474);
#6961 = PRESENTATION_STYLE_ASSIGNMENT((#6962,#6967));
#6962 = SURFACE_STYLE_USAGE(.BOTH.,#6963);
#6963 = SURFACE_SIDE_STYLE('',(#6964));
#6964 = SURFACE_STYLE_FILL_AREA(#6965);
#6965 = FILL_AREA_STYLE('',(#6966));
#6966 = FILL_AREA_STYLE_COLOUR('',#4383);
#6967 = CURVE_STYLE('',#6968,POSITIVE_LENGTH_MEASURE(0.1),#4383);
#6968 = DRAUGHTING_PRE_DEFINED_CURVE_FONT('continuous');
#6969 = STYLED_ITEM('color',(#6970),#3486);
#6970 = PRESENTATION_STYLE_ASSIGNMENT((#6971,#6976));
#6971 = SURFACE_STYLE_USAGE(.BOTH.,#6972);
#6972 = SURFACE_SIDE_STYLE('',(#6973));
#6973 = SURFACE_STYLE_FILL_AREA(#6974);
#6974 = FILL_AREA_STYLE('',(#6975));
#6975 = FILL_AREA_STYLE_COLOUR('',#4383);
#6976 = CURVE_STYLE('',#6977,POSITIVE_LENGTH_MEASURE(0.1),#4383);
#6977 = DRAUGHTING_PRE_DEFINED_CURVE_FONT('continuous');
#6978 = STYLED_ITEM('color',(#6979),#3498);
#6979 = PRESENTATION_STYLE_ASSIGNMENT((#6980,#6985));
#6980 = SURFACE_STYLE_USAGE(.BOTH.,#6981);
#6981 = SURFACE_SIDE_STYLE('',(#6982));
#6982 = SURFACE_STYLE_FILL_AREA(#6983);
#6983 = FILL_AREA_STYLE('',(#6984));
#6984 = FILL_AREA_STYLE_COLOUR('',#4383);
#6985 = CURVE_STYLE('',#6986,POSITIVE_LENGTH_MEASURE(0.1),#4383);
#6986 = DRAUGHTING_PRE_DEFINED_CURVE_FONT('continuous');
#6987 = STYLED_ITEM('color',(#6988),#3510);
#6988 = PRESENTATION_STYLE_ASSIGNMENT((#6989,#6994));
#6989 = SURFACE_STYLE_USAGE(.BOTH.,#6990);
#6990 = SURFACE_SIDE_STYLE('',(#6991));
#6991 = SURFACE_STYLE_FILL_AREA(#6992);
#6992 = FILL_AREA_STYLE('',(#6993));
#6993 = FILL_AREA_STYLE_COLOUR('',#4383);
#6994 = CURVE_STYLE('',#6995,POSITIVE_LENGTH_MEASURE(0.1),#4383);
#6995 = DRAUGHTING_PRE_DEFINED_CURVE_FONT('continuous');
#6996 = STYLED_ITEM('color',(#6997),#3522);
#6997 = PRESENTATION_STYLE_ASSIGNMENT((#6998,#7003));
#6998 = SURFACE_STYLE_USAGE(.BOTH.,#6999);
#6999 = SURFACE_SIDE_STYLE('',(#7000));
#7000 = SURFACE_STYLE_FILL_AREA(#7001);
#7001 = FILL_AREA_STYLE('',(#7002));
#7002 = FILL_AREA_STYLE_COLOUR('',#4383);
#7003 = CURVE_STYLE('',#7004,POSITIVE_LENGTH_MEASURE(0.1),#4383);
#7004 = DRAUGHTING_PRE_DEFINED_CURVE_FONT('continuous');
#7005 = STYLED_ITEM('color',(#7006),#3534);
#7006 = PRESENTATION_STYLE_ASSIGNMENT((#7007,#7012));
#7007 = SURFACE_STYLE_USAGE(.BOTH.,#7008);
#7008 = SURFACE_SIDE_STYLE('',(#7009));
#7009 = SURFACE_STYLE_FILL_AREA(#7010);
#7010 = FILL_AREA_STYLE('',(#7011));
#7011 = FILL_AREA_STYLE_COLOUR('',#4383);
#7012 = CURVE_STYLE('',#7013,POSITIVE_LENGTH_MEASURE(0.1),#4383);
#7013 = DRAUGHTING_PRE_DEFINED_CURVE_FONT('continuous');
#7014 = STYLED_ITEM('color',(#7015),#3546);
#7015 = PRESENTATION_STYLE_ASSIGNMENT((#7016,#7021));
#7016 = SURFACE_STYLE_USAGE(.BOTH.,#7017);
#7017 = SURFACE_SIDE_STYLE('',(#7018));
#7018 = SURFACE_STYLE_FILL_AREA(#7019);
#7019 = FILL_AREA_STYLE('',(#7020));
#7020 = FILL_AREA_STYLE_COLOUR('',#4383);
#7021 = CURVE_STYLE('',#7022,POSITIVE_LENGTH_MEASURE(0.1),#4383);
#7022 = DRAUGHTING_PRE_DEFINED_CURVE_FONT('continuous');
#7023 = STYLED_ITEM('color',(#7024),#3558);
#7024 = PRESENTATION_STYLE_ASSIGNMENT((#7025,#7030));
#7025 = SURFACE_STYLE_USAGE(.BOTH.,#7026);
#7026 = SURFACE_SIDE_STYLE('',(#7027));
#7027 = SURFACE_STYLE_FILL_AREA(#7028);
#7028 = FILL_AREA_STYLE('',(#7029));
#7029 = FILL_AREA_STYLE_COLOUR('',#4383);
#7030 = CURVE_STYLE('',#7031,POSITIVE_LENGTH_MEASURE(0.1),#4383);
#7031 = DRAUGHTING_PRE_DEFINED_CURVE_FONT('continuous');
#7032 = STYLED_ITEM('color',(#7033),#3570);
#7033 = PRESENTATION_STYLE_ASSIGNMENT((#7034,#7039));
#7034 = SURFACE_STYLE_USAGE(.BOTH.,#7035);
#7035 = SURFACE_SIDE_STYLE('',(#7036));
#7036 = SURFACE_STYLE_FILL_AREA(#7037);
#7037 = FILL_AREA_STYLE('',(#7038));
#7038 = FILL_AREA_STYLE_COLOUR('',#4383);
#7039 = CURVE_STYLE('',#7040,POSITIVE_LENGTH_MEASURE(0.1),#4383);
#7040 = DRAUGHTING_PRE_DEFINED_CURVE_FONT('continuous');
#7041 = STYLED_ITEM('color',(#7042),#3582);
#7042 = PRESENTATION_STYLE_ASSIGNMENT((#7043,#7048));
#7043 = SURFACE_STYLE_USAGE(.BOTH.,#7044);
#7044 = SURFACE_SIDE_STYLE('',(#7045));
#7045 = SURFACE_STYLE_FILL_AREA(#7046);
#7046 = FILL_AREA_STYLE('',(#7047));
#7047 = FILL_AREA_STYLE_COLOUR('',#4383);
#7048 = CURVE_STYLE('',#7049,POSITIVE_LENGTH_MEASURE(0.1),#4383);
#7049 = DRAUGHTING_PRE_DEFINED_CURVE_FONT('continuous');
#7050 = STYLED_ITEM('color',(#7051),#3594);
#7051 = PRESENTATION_STYLE_ASSIGNMENT((#7052,#7057));
#7052 = SURFACE_STYLE_USAGE(.BOTH.,#7053);
#7053 = SURFACE_SIDE_STYLE('',(#7054));
#7054 = SURFACE_STYLE_FILL_AREA(#7055);
#7055 = FILL_AREA_STYLE('',(#7056));
#7056 = FILL_AREA_STYLE_COLOUR('',#4383);
#7057 = CURVE_STYLE('',#7058,POSITIVE_LENGTH_MEASURE(0.1),#4383);
#7058 = DRAUGHTING_PRE_DEFINED_CURVE_FONT('continuous');
#7059 = STYLED_ITEM('color',(#7060),#3606);
#7060 = PRESENTATION_STYLE_ASSIGNMENT((#7061,#7066));
#7061 = SURFACE_STYLE_USAGE(.BOTH.,#7062);
#7062 = SURFACE_SIDE_STYLE('',(#7063));
#7063 = SURFACE_STYLE_FILL_AREA(#7064);
#7064 = FILL_AREA_STYLE('',(#7065));
#7065 = FILL_AREA_STYLE_COLOUR('',#4383);
#7066 = CURVE_STYLE('',#7067,POSITIVE_LENGTH_MEASURE(0.1),#4383);
#7067 = DRAUGHTING_PRE_DEFINED_CURVE_FONT('continuous');
#7068 = STYLED_ITEM('color',(#7069),#3618);
#7069 = PRESENTATION_STYLE_ASSIGNMENT((#7070,#7075));
#7070 = SURFACE_STYLE_USAGE(.BOTH.,#7071);
#7071 = SURFACE_SIDE_STYLE('',(#7072));
#7072 = SURFACE_STYLE_FILL_AREA(#7073);
#7073 = FILL_AREA_STYLE('',(#7074));
#7074 = FILL_AREA_STYLE_COLOUR('',#4383);
#7075 = CURVE_STYLE('',#7076,POSITIVE_LENGTH_MEASURE(0.1),#4383);
#7076 = DRAUGHTING_PRE_DEFINED_CURVE_FONT('continuous');
#7077 = STYLED_ITEM('color',(#7078),#3630);
#7078 = PRESENTATION_STYLE_ASSIGNMENT((#7079,#7084));
#7079 = SURFACE_STYLE_USAGE(.BOTH.,#7080);
#7080 = SURFACE_SIDE_STYLE('',(#7081));
#7081 = SURFACE_STYLE_FILL_AREA(#7082);
#7082 = FILL_AREA_STYLE('',(#7083));
#7083 = FILL_AREA_STYLE_COLOUR('',#4383);
#7084 = CURVE_STYLE('',#7085,POSITIVE_LENGTH_MEASURE(0.1),#4383);
#7085 = DRAUGHTING_PRE_DEFINED_CURVE_FONT('continuous');
#7086 = STYLED_ITEM('color',(#7087),#3642);
#7087 = PRESENTATION_STYLE_ASSIGNMENT((#7088,#7093));
#7088 = SURFACE_STYLE_USAGE(.BOTH.,#7089);
#7089 = SURFACE_SIDE_STYLE('',(#7090));
#7090 = SURFACE_STYLE_FILL_AREA(#7091);
#7091 = FILL_AREA_STYLE('',(#7092));
#7092 = FILL_AREA_STYLE_COLOUR('',#4383);
#7093 = CURVE_STYLE('',#7094,POSITIVE_LENGTH_MEASURE(0.1),#4383);
#7094 = DRAUGHTING_PRE_DEFINED_CURVE_FONT('continuous');
#7095 = STYLED_ITEM('color',(#7096),#3654);
#7096 = PRESENTATION_STYLE_ASSIGNMENT((#7097,#7102));
#7097 = SURFACE_STYLE_USAGE(.BOTH.,#7098);
#7098 = SURFACE_SIDE_STYLE('',(#7099));
#7099 = SURFACE_STYLE_FILL_AREA(#7100);
#7100 = FILL_AREA_STYLE('',(#7101));
#7101 = FILL_AREA_STYLE_COLOUR('',#4383);
#7102 = CURVE_STYLE('',#7103,POSITIVE_LENGTH_MEASURE(0.1),#4383);
#7103 = DRAUGHTING_PRE_DEFINED_CURVE_FONT('continuous');
#7104 = STYLED_ITEM('color',(#7105),#3666);
#7105 = PRESENTATION_STYLE_ASSIGNMENT((#7106,#7111));
#7106 = SURFACE_STYLE_USAGE(.BOTH.,#7107);
#7107 = SURFACE_SIDE_STYLE('',(#7108));
#7108 = SURFACE_STYLE_FILL_AREA(#7109);
#7109 = FILL_AREA_STYLE('',(#7110));
#7110 = FILL_AREA_STYLE_COLOUR('',#4383);
#7111 = CURVE_STYLE('',#7112,POSITIVE_LENGTH_MEASURE(0.1),#4383);
#7112 = DRAUGHTING_PRE_DEFINED_CURVE_FONT('continuous');
#7113 = STYLED_ITEM('color',(#7114),#3678);
#7114 = PRESENTATION_STYLE_ASSIGNMENT((#7115,#7120));
#7115 = SURFACE_STYLE_USAGE(.BOTH.,#7116);
#7116 = SURFACE_SIDE_STYLE('',(#7117));
#7117 = SURFACE_STYLE_FILL_AREA(#7118);
#7118 = FILL_AREA_STYLE('',(#7119));
#7119 = FILL_AREA_STYLE_COLOUR('',#4383);
#7120 = CURVE_STYLE('',#7121,POSITIVE_LENGTH_MEASURE(0.1),#4383);
#7121 = DRAUGHTING_PRE_DEFINED_CURVE_FONT('continuous');
#7122 = STYLED_ITEM('color',(#7123),#3690);
#7123 = PRESENTATION_STYLE_ASSIGNMENT((#7124,#7129));
#7124 = SURFACE_STYLE_USAGE(.BOTH.,#7125);
#7125 = SURFACE_SIDE_STYLE('',(#7126));
#7126 = SURFACE_STYLE_FILL_AREA(#7127);
#7127 = FILL_AREA_STYLE('',(#7128));
#7128 = FILL_AREA_STYLE_COLOUR('',#4383);
#7129 = CURVE_STYLE('',#7130,POSITIVE_LENGTH_MEASURE(0.1),#4383);
#7130 = DRAUGHTING_PRE_DEFINED_CURVE_FONT('continuous');
#7131 = STYLED_ITEM('color',(#7132),#3702);
#7132 = PRESENTATION_STYLE_ASSIGNMENT((#7133,#7138));
#7133 = SURFACE_STYLE_USAGE(.BOTH.,#7134);
#7134 = SURFACE_SIDE_STYLE('',(#7135));
#7135 = SURFACE_STYLE_FILL_AREA(#7136);
#7136 = FILL_AREA_STYLE('',(#7137));
#7137 = FILL_AREA_STYLE_COLOUR('',#4383);
#7138 = CURVE_STYLE('',#7139,POSITIVE_LENGTH_MEASURE(0.1),#4383);
#7139 = DRAUGHTING_PRE_DEFINED_CURVE_FONT('continuous');
#7140 = STYLED_ITEM('color',(#7141),#3714);
#7141 = PRESENTATION_STYLE_ASSIGNMENT((#7142,#7147));
#7142 = SURFACE_STYLE_USAGE(.BOTH.,#7143);
#7143 = SURFACE_SIDE_STYLE('',(#7144));
#7144 = SURFACE_STYLE_FILL_AREA(#7145);
#7145 = FILL_AREA_STYLE('',(#7146));
#7146 = FILL_AREA_STYLE_COLOUR('',#4383);
#7147 = CURVE_STYLE('',#7148,POSITIVE_LENGTH_MEASURE(0.1),#4383);
#7148 = DRAUGHTING_PRE_DEFINED_CURVE_FONT('continuous');
#7149 = STYLED_ITEM('color',(#7150),#3726);
#7150 = PRESENTATION_STYLE_ASSIGNMENT((#7151,#7156));
#7151 = SURFACE_STYLE_USAGE(.BOTH.,#7152);
#7152 = SURFACE_SIDE_STYLE('',(#7153));
#7153 = SURFACE_STYLE_FILL_AREA(#7154);
#7154 = FILL_AREA_STYLE('',(#7155));
#7155 = FILL_AREA_STYLE_COLOUR('',#4383);
#7156 = CURVE_STYLE('',#7157,POSITIVE_LENGTH_MEASURE(0.1),#4383);
#7157 = DRAUGHTING_PRE_DEFINED_CURVE_FONT('continuous');
#7158 = STYLED_ITEM('color',(#7159),#3738);
#7159 = PRESENTATION_STYLE_ASSIGNMENT((#7160,#7165));
#7160 = SURFACE_STYLE_USAGE(.BOTH.,#7161);
#7161 = SURFACE_SIDE_STYLE('',(#7162));
#7162 = SURFACE_STYLE_FILL_AREA(#7163);
#7163 = FILL_AREA_STYLE('',(#7164));
#7164 = FILL_AREA_STYLE_COLOUR('',#4383);
#7165 = CURVE_STYLE('',#7166,POSITIVE_LENGTH_MEASURE(0.1),#4383);
#7166 = DRAUGHTING_PRE_DEFINED_CURVE_FONT('continuous');
#7167 = STYLED_ITEM('color',(#7168),#3750);
#7168 = PRESENTATION_STYLE_ASSIGNMENT((#7169,#7174));
#7169 = SURFACE_STYLE_USAGE(.BOTH.,#7170);
#7170 = SURFACE_SIDE_STYLE('',(#7171));
#7171 = SURFACE_STYLE_FILL_AREA(#7172);
#7172 = FILL_AREA_STYLE('',(#7173));
#7173 = FILL_AREA_STYLE_COLOUR('',#4383);
#7174 = CURVE_STYLE('',#7175,POSITIVE_LENGTH_MEASURE(0.1),#4383);
#7175 = DRAUGHTING_PRE_DEFINED_CURVE_FONT('continuous');
#7176 = STYLED_ITEM('color',(#7177),#3762);
#7177 = PRESENTATION_STYLE_ASSIGNMENT((#7178,#7183));
#7178 = SURFACE_STYLE_USAGE(.BOTH.,#7179);
#7179 = SURFACE_SIDE_STYLE('',(#7180));
#7180 = SURFACE_STYLE_FILL_AREA(#7181);
#7181 = FILL_AREA_STYLE('',(#7182));
#7182 = FILL_AREA_STYLE_COLOUR('',#4383);
#7183 = CURVE_STYLE('',#7184,POSITIVE_LENGTH_MEASURE(0.1),#4383);
#7184 = DRAUGHTING_PRE_DEFINED_CURVE_FONT('continuous');
#7185 = STYLED_ITEM('color',(#7186),#3774);
#7186 = PRESENTATION_STYLE_ASSIGNMENT((#7187,#7192));
#7187 = SURFACE_STYLE_USAGE(.BOTH.,#7188);
#7188 = SURFACE_SIDE_STYLE('',(#7189));
#7189 = SURFACE_STYLE_FILL_AREA(#7190);
#7190 = FILL_AREA_STYLE('',(#7191));
#7191 = FILL_AREA_STYLE_COLOUR('',#4383);
#7192 = CURVE_STYLE('',#7193,POSITIVE_LENGTH_MEASURE(0.1),#4383);
#7193 = DRAUGHTING_PRE_DEFINED_CURVE_FONT('continuous');
#7194 = STYLED_ITEM('color',(#7195),#3786);
#7195 = PRESENTATION_STYLE_ASSIGNMENT((#7196,#7201));
#7196 = SURFACE_STYLE_USAGE(.BOTH.,#7197);
#7197 = SURFACE_SIDE_STYLE('',(#7198));
#7198 = SURFACE_STYLE_FILL_AREA(#7199);
#7199 = FILL_AREA_STYLE('',(#7200));
#7200 = FILL_AREA_STYLE_COLOUR('',#4383);
#7201 = CURVE_STYLE('',#7202,POSITIVE_LENGTH_MEASURE(0.1),#4383);
#7202 = DRAUGHTING_PRE_DEFINED_CURVE_FONT('continuous');
#7203 = STYLED_ITEM('color',(#7204),#3798);
#7204 = PRESENTATION_STYLE_ASSIGNMENT((#7205,#7210));
#7205 = SURFACE_STYLE_USAGE(.BOTH.,#7206);
#7206 = SURFACE_SIDE_STYLE('',(#7207));
#7207 = SURFACE_STYLE_FILL_AREA(#7208);
#7208 = FILL_AREA_STYLE('',(#7209));
#7209 = FILL_AREA_STYLE_COLOUR('',#4383);
#7210 = CURVE_STYLE('',#7211,POSITIVE_LENGTH_MEASURE(0.1),#4383);
#7211 = DRAUGHTING_PRE_DEFINED_CURVE_FONT('continuous');
#7212 = STYLED_ITEM('color',(#7213),#3810);
#7213 = PRESENTATION_STYLE_ASSIGNMENT((#7214,#7219));
#7214 = SURFACE_STYLE_USAGE(.BOTH.,#7215);
#7215 = SURFACE_SIDE_STYLE('',(#7216));
#7216 = SURFACE_STYLE_FILL_AREA(#7217);
#7217 = FILL_AREA_STYLE('',(#7218));
#7218 = FILL_AREA_STYLE_COLOUR('',#4383);
#7219 = CURVE_STYLE('',#7220,POSITIVE_LENGTH_MEASURE(0.1),#4383);
#7220 = DRAUGHTING_PRE_DEFINED_CURVE_FONT('continuous');
#7221 = STYLED_ITEM('color',(#7222),#3822);
#7222 = PRESENTATION_STYLE_ASSIGNMENT((#7223,#7228));
#7223 = SURFACE_STYLE_USAGE(.BOTH.,#7224);
#7224 = SURFACE_SIDE_STYLE('',(#7225));
#7225 = SURFACE_STYLE_FILL_AREA(#7226);
#7226 = FILL_AREA_STYLE('',(#7227));
#7227 = FILL_AREA_STYLE_COLOUR('',#4383);
#7228 = CURVE_STYLE('',#7229,POSITIVE_LENGTH_MEASURE(0.1),#4383);
#7229 = DRAUGHTING_PRE_DEFINED_CURVE_FONT('continuous');
#7230 = STYLED_ITEM('color',(#7231),#3834);
#7231 = PRESENTATION_STYLE_ASSIGNMENT((#7232,#7237));
#7232 = SURFACE_STYLE_USAGE(.BOTH.,#7233);
#7233 = SURFACE_SIDE_STYLE('',(#7234));
#7234 = SURFACE_STYLE_FILL_AREA(#7235);
#7235 = FILL_AREA_STYLE('',(#7236));
#7236 = FILL_AREA_STYLE_COLOUR('',#4383);
#7237 = CURVE_STYLE('',#7238,POSITIVE_LENGTH_MEASURE(0.1),#4383);
#7238 = DRAUGHTING_PRE_DEFINED_CURVE_FONT('continuous');
#7239 = STYLED_ITEM('color',(#7240),#3846);
#7240 = PRESENTATION_STYLE_ASSIGNMENT((#7241,#7246));
#7241 = SURFACE_STYLE_USAGE(.BOTH.,#7242);
#7242 = SURFACE_SIDE_STYLE('',(#7243));
#7243 = SURFACE_STYLE_FILL_AREA(#7244);
#7244 = FILL_AREA_STYLE('',(#7245));
#7245 = FILL_AREA_STYLE_COLOUR('',#4383);
#7246 = CURVE_STYLE('',#7247,POSITIVE_LENGTH_MEASURE(0.1),#4383);
#7247 = DRAUGHTING_PRE_DEFINED_CURVE_FONT('continuous');
#7248 = STYLED_ITEM('color',(#7249),#3858);
#7249 = PRESENTATION_STYLE_ASSIGNMENT((#7250,#7255));
#7250 = SURFACE_STYLE_USAGE(.BOTH.,#7251);
#7251 = SURFACE_SIDE_STYLE('',(#7252));
#7252 = SURFACE_STYLE_FILL_AREA(#7253);
#7253 = FILL_AREA_STYLE('',(#7254));
#7254 = FILL_AREA_STYLE_COLOUR('',#4383);
#7255 = CURVE_STYLE('',#7256,POSITIVE_LENGTH_MEASURE(0.1),#4383);
#7256 = DRAUGHTING_PRE_DEFINED_CURVE_FONT('continuous');
#7257 = STYLED_ITEM('color',(#7258),#3870);
#7258 = PRESENTATION_STYLE_ASSIGNMENT((#7259,#7264));
#7259 = SURFACE_STYLE_USAGE(.BOTH.,#7260);
#7260 = SURFACE_SIDE_STYLE('',(#7261));
#7261 = SURFACE_STYLE_FILL_AREA(#7262);
#7262 = FILL_AREA_STYLE('',(#7263));
#7263 = FILL_AREA_STYLE_COLOUR('',#4383);
#7264 = CURVE_STYLE('',#7265,POSITIVE_LENGTH_MEASURE(0.1),#4383);
#7265 = DRAUGHTING_PRE_DEFINED_CURVE_FONT('continuous');
#7266 = STYLED_ITEM('color',(#7267),#3882);
#7267 = PRESENTATION_STYLE_ASSIGNMENT((#7268,#7273));
#7268 = SURFACE_STYLE_USAGE(.BOTH.,#7269);
#7269 = SURFACE_SIDE_STYLE('',(#7270));
#7270 = SURFACE_STYLE_FILL_AREA(#7271);
#7271 = FILL_AREA_STYLE('',(#7272));
#7272 = FILL_AREA_STYLE_COLOUR('',#4383);
#7273 = CURVE_STYLE('',#7274,POSITIVE_LENGTH_MEASURE(0.1),#4383);
#7274 = DRAUGHTING_PRE_DEFINED_CURVE_FONT('continuous');
#7275 = STYLED_ITEM('color',(#7276),#3894);
#7276 = PRESENTATION_STYLE_ASSIGNMENT((#7277,#7282));
#7277 = SURFACE_STYLE_USAGE(.BOTH.,#7278);
#7278 = SURFACE_SIDE_STYLE('',(#7279));
#7279 = SURFACE_STYLE_FILL_AREA(#7280);
#7280 = FILL_AREA_STYLE('',(#7281));
#7281 = FILL_AREA_STYLE_COLOUR('',#4383);
#7282 = CURVE_STYLE('',#7283,POSITIVE_LENGTH_MEASURE(0.1),#4383);
#7283 = DRAUGHTING_PRE_DEFINED_CURVE_FONT('continuous');
#7284 = STYLED_ITEM('color',(#7285),#3906);
#7285 = PRESENTATION_STYLE_ASSIGNMENT((#7286,#7291));
#7286 = SURFACE_STYLE_USAGE(.BOTH.,#7287);
#7287 = SURFACE_SIDE_STYLE('',(#7288));
#7288 = SURFACE_STYLE_FILL_AREA(#7289);
#7289 = FILL_AREA_STYLE('',(#7290));
#7290 = FILL_AREA_STYLE_COLOUR('',#4383);
#7291 = CURVE_STYLE('',#7292,POSITIVE_LENGTH_MEASURE(0.1),#4383);
#7292 = DRAUGHTING_PRE_DEFINED_CURVE_FONT('continuous');
#7293 = MECHANICAL_DESIGN_GEOMETRIC_PRESENTATION_REPRESENTATION('',(
    #7294),#4357);
#7294 = STYLED_ITEM('color',(#7295),#3937);
#7295 = PRESENTATION_STYLE_ASSIGNMENT((#7296,#7302));
#7296 = SURFACE_STYLE_USAGE(.BOTH.,#7297);
#7297 = SURFACE_SIDE_STYLE('',(#7298));
#7298 = SURFACE_STYLE_FILL_AREA(#7299);
#7299 = FILL_AREA_STYLE('',(#7300));
#7300 = FILL_AREA_STYLE_COLOUR('',#7301);
#7301 = COLOUR_RGB('',0.300000011921,0.300000011921,0.300000011921);
#7302 = CURVE_STYLE('',#7303,POSITIVE_LENGTH_MEASURE(0.1),#7301);
#7303 = DRAUGHTING_PRE_DEFINED_CURVE_FONT('continuous');
ENDSEC;
END-ISO-10303-21;
