
*** Running vivado
    with args -log top.vds -m64 -product Vivado -mode batch -messageDb vivado.pb -notrace -source top.tcl


****** Vivado v2025.2 (64-bit)
  **** SW Build 6299465 on Fri Nov 14 12:34:56 MST 2025
  **** IP Build 6300035 on Fri Nov 14 10:48:45 MST 2025
  **** SharedData Build 6298862 on Thu Nov 13 04:50:51 MST 2025
  **** Start of session at: Thu Aug 13 13:55:06 2026
    ** Copyright 1986-2022 Xilinx, Inc. All Rights Reserved.
    ** Copyright 2022-2025 Advanced Micro Devices, Inc. All Rights Reserved.

source top.tcl -notrace
Command: read_checkpoint -auto_incremental -incremental /media/tobiw/LocalData/Data/RASentinel/RASPMO/vivado/RASPMO.srcs/utils_1/imports/synth_1/top.dcp
INFO: [Vivado 12-5825] Read reference checkpoint from /media/tobiw/LocalData/Data/RASentinel/RASPMO/vivado/RASPMO.srcs/utils_1/imports/synth_1/top.dcp for incremental synthesis
INFO: [Vivado 12-7989] Please ensure there are no constraint changes
Command: synth_design -top top -part xc7a100tcsg324-2
Starting synth_design
Attempting to get a license for feature 'Synthesis' and/or device 'xc7a100t'
INFO: [Common 17-349] Got license for feature 'Synthesis' and/or device 'xc7a100t'
INFO: [Device 21-403] Loading part xc7a100tcsg324-2
INFO: [Synth 8-7079] Multithreading enabled for synth_design using a maximum of 7 processes.
INFO: [Synth 8-7078] Launching helper process for spawning children vivado processes
INFO: [Synth 8-7075] Helper process launched with PID 821093
---------------------------------------------------------------------------------
Starting RTL Elaboration : Time (s): cpu = 00:00:02 ; elapsed = 00:00:02 . Memory (MB): peak = 2237.457 ; gain = 481.875 ; free physical = 65918 ; free virtual = 86658
---------------------------------------------------------------------------------
WARNING: [Synth 8-11145] root scope declaration is not allowed in Verilog 95/2K mode [/media/tobiw/LocalData/Data/RASentinel/RASPMO/rtl/sources/video_define.v:121]
WARNING: [Synth 8-11145] root scope declaration is not allowed in Verilog 95/2K mode [/media/tobiw/LocalData/Data/RASentinel/RASPMO/rtl/sources/video_define.v:122]
WARNING: [Synth 8-11145] root scope declaration is not allowed in Verilog 95/2K mode [/media/tobiw/LocalData/Data/RASentinel/RASPMO/rtl/sources/video_define.v:123]
WARNING: [Synth 8-11145] root scope declaration is not allowed in Verilog 95/2K mode [/media/tobiw/LocalData/Data/RASentinel/RASPMO/rtl/sources/video_define.v:124]
WARNING: [Synth 8-11145] root scope declaration is not allowed in Verilog 95/2K mode [/media/tobiw/LocalData/Data/RASentinel/RASPMO/rtl/sources/video_define.v:125]
WARNING: [Synth 8-11145] root scope declaration is not allowed in Verilog 95/2K mode [/media/tobiw/LocalData/Data/RASentinel/RASPMO/rtl/sources/video_define.v:126]
WARNING: [Synth 8-11145] root scope declaration is not allowed in Verilog 95/2K mode [/media/tobiw/LocalData/Data/RASentinel/RASPMO/rtl/sources/video_define.v:127]
WARNING: [Synth 8-11145] root scope declaration is not allowed in Verilog 95/2K mode [/media/tobiw/LocalData/Data/RASentinel/RASPMO/rtl/sources/video_define.v:128]
WARNING: [Synth 8-11145] root scope declaration is not allowed in Verilog 95/2K mode [/media/tobiw/LocalData/Data/RASentinel/RASPMO/rtl/sources/video_define.v:129]
WARNING: [Synth 8-11145] root scope declaration is not allowed in Verilog 95/2K mode [/media/tobiw/LocalData/Data/RASentinel/RASPMO/rtl/sources/video_define.v:130]
WARNING: [Synth 8-11145] root scope declaration is not allowed in Verilog 95/2K mode [/media/tobiw/LocalData/Data/RASentinel/RASPMO/rtl/sources/video_define.v:132]
WARNING: [Synth 8-11145] root scope declaration is not allowed in Verilog 95/2K mode [/media/tobiw/LocalData/Data/RASentinel/RASPMO/rtl/sources/video_define.v:133]
WARNING: [Synth 8-11145] root scope declaration is not allowed in Verilog 95/2K mode [/media/tobiw/LocalData/Data/RASentinel/RASPMO/rtl/sources/video_define.v:135]
WARNING: [Synth 8-11145] root scope declaration is not allowed in Verilog 95/2K mode [/media/tobiw/LocalData/Data/RASentinel/RASPMO/rtl/sources/video_define.v:136]
WARNING: [Synth 8-11145] root scope declaration is not allowed in Verilog 95/2K mode [/media/tobiw/LocalData/Data/RASentinel/RASPMO/rtl/sources/video_define.v:137]
WARNING: [Synth 8-11145] root scope declaration is not allowed in Verilog 95/2K mode [/media/tobiw/LocalData/Data/RASentinel/RASPMO/rtl/sources/video_define.v:138]
WARNING: [Synth 8-11145] root scope declaration is not allowed in Verilog 95/2K mode [/media/tobiw/LocalData/Data/RASentinel/RASPMO/rtl/sources/video_define.v:139]
WARNING: [Synth 8-11145] root scope declaration is not allowed in Verilog 95/2K mode [/media/tobiw/LocalData/Data/RASentinel/RASPMO/rtl/sources/video_define.v:140]
WARNING: [Synth 8-11145] root scope declaration is not allowed in Verilog 95/2K mode [/media/tobiw/LocalData/Data/RASentinel/RASPMO/rtl/sources/video_define.v:141]
WARNING: [Synth 8-11145] root scope declaration is not allowed in Verilog 95/2K mode [/media/tobiw/LocalData/Data/RASentinel/RASPMO/rtl/sources/video_define.v:142]
WARNING: [Synth 8-11145] root scope declaration is not allowed in Verilog 95/2K mode [/media/tobiw/LocalData/Data/RASentinel/RASPMO/rtl/sources/video_define.v:143]
WARNING: [Synth 8-11145] root scope declaration is not allowed in Verilog 95/2K mode [/media/tobiw/LocalData/Data/RASentinel/RASPMO/rtl/sources/video_define.v:144]
WARNING: [Synth 8-11145] root scope declaration is not allowed in Verilog 95/2K mode [/media/tobiw/LocalData/Data/RASentinel/RASPMO/rtl/sources/video_define.v:145]
WARNING: [Synth 8-11145] root scope declaration is not allowed in Verilog 95/2K mode [/media/tobiw/LocalData/Data/RASentinel/RASPMO/rtl/sources/video_define.v:146]
WARNING: [Synth 8-11145] root scope declaration is not allowed in Verilog 95/2K mode [/media/tobiw/LocalData/Data/RASentinel/RASPMO/rtl/sources/video_define.v:147]
WARNING: [Synth 8-11145] root scope declaration is not allowed in Verilog 95/2K mode [/media/tobiw/LocalData/Data/RASentinel/RASPMO/rtl/sources/video_define.v:148]
WARNING: [Synth 8-11145] root scope declaration is not allowed in Verilog 95/2K mode [/media/tobiw/LocalData/Data/RASentinel/RASPMO/rtl/sources/video_define.v:149]
WARNING: [Synth 8-11145] root scope declaration is not allowed in Verilog 95/2K mode [/media/tobiw/LocalData/Data/RASentinel/RASPMO/rtl/sources/video_define.v:150]
WARNING: [Synth 8-11145] root scope declaration is not allowed in Verilog 95/2K mode [/media/tobiw/LocalData/Data/RASentinel/RASPMO/rtl/sources/video_define.v:151]
WARNING: [Synth 8-11145] root scope declaration is not allowed in Verilog 95/2K mode [/media/tobiw/LocalData/Data/RASentinel/RASPMO/rtl/sources/video_define.v:152]
WARNING: [Synth 8-11145] root scope declaration is not allowed in Verilog 95/2K mode [/media/tobiw/LocalData/Data/RASentinel/RASPMO/rtl/sources/video_define.v:153]
WARNING: [Synth 8-11145] root scope declaration is not allowed in Verilog 95/2K mode [/media/tobiw/LocalData/Data/RASentinel/RASPMO/rtl/sources/video_define.v:154]
WARNING: [Synth 8-11145] root scope declaration is not allowed in Verilog 95/2K mode [/media/tobiw/LocalData/Data/RASentinel/RASPMO/rtl/sources/video_define.v:155]
WARNING: [Synth 8-11145] root scope declaration is not allowed in Verilog 95/2K mode [/media/tobiw/LocalData/Data/RASentinel/RASPMO/rtl/sources/video_define.v:156]
WARNING: [Synth 8-11145] root scope declaration is not allowed in Verilog 95/2K mode [/media/tobiw/LocalData/Data/RASentinel/RASPMO/rtl/sources/video_define.v:157]
WARNING: [Synth 8-11145] root scope declaration is not allowed in Verilog 95/2K mode [/media/tobiw/LocalData/Data/RASentinel/RASPMO/rtl/sources/video_define.v:158]
INFO: [Synth 8-6157] synthesizing module 'top' [/media/tobiw/LocalData/Data/RASentinel/RASPMO/rtl/sources/top.v:57]
INFO: [Synth 8-6157] synthesizing module 'ramp_checker' [/media/tobiw/LocalData/Data/RASentinel/RASPMO/rtl/sources/ramp_checker.v:17]
	Parameter WIDTH bound to: 12 - type: integer 
INFO: [Synth 8-6155] done synthesizing module 'ramp_checker' (0#1) [/media/tobiw/LocalData/Data/RASentinel/RASPMO/rtl/sources/ramp_checker.v:17]
INFO: [Synth 8-6157] synthesizing module 'iq_balance' [/media/tobiw/LocalData/Data/RASentinel/RASPMO/rtl/sources/iq_balance.v:38]
INFO: [Synth 8-6155] done synthesizing module 'iq_balance' (0#1) [/media/tobiw/LocalData/Data/RASentinel/RASPMO/rtl/sources/iq_balance.v:38]
INFO: [Synth 8-6157] synthesizing module 'fftmain' [/media/tobiw/LocalData/Data/RASentinel/RASPMO/rtl/sources/fft/fftmain.v:78]
INFO: [Synth 8-6157] synthesizing module 'fftstage' [/media/tobiw/LocalData/Data/RASentinel/RASPMO/rtl/sources/fft/fftstage.v:65]
	Parameter IWIDTH bound to: 12 - type: integer 
	Parameter CWIDTH bound to: 14 - type: integer 
	Parameter OWIDTH bound to: 17 - type: integer 
	Parameter LGSPAN bound to: 9 - type: integer 
	Parameter BFLYSHIFT bound to: 0 - type: integer 
	Parameter OPT_HWMPY bound to: 1'b1 
	Parameter CKPCE bound to: 3 - type: integer 
	Parameter COEFFILE bound to: cmem_1024.hex - type: string 
INFO: [Synth 8-3876] $readmem data file 'cmem_1024.hex' is read successfully [/media/tobiw/LocalData/Data/RASentinel/RASPMO/rtl/sources/fft/fftstage.v:131]
INFO: [Synth 8-6157] synthesizing module 'hwbfly' [/media/tobiw/LocalData/Data/RASentinel/RASPMO/rtl/sources/fft/hwbfly.v:69]
	Parameter IWIDTH bound to: 12 - type: integer 
	Parameter CWIDTH bound to: 14 - type: integer 
	Parameter OWIDTH bound to: 17 - type: integer 
	Parameter SHIFT bound to: 0 - type: integer 
	Parameter CKPCE bound to: 3 - type: integer 
WARNING: [Synth 8-5974] attribute "use_dsp48" has been deprecated, please use "use_dsp" instead 
WARNING: [Synth 8-5974] attribute "use_dsp48" has been deprecated, please use "use_dsp" instead 
INFO: [Synth 8-6157] synthesizing module 'convround' [/media/tobiw/LocalData/Data/RASentinel/RASPMO/rtl/sources/fft/convround.v:49]
	Parameter IWID bound to: 27 - type: integer 
	Parameter OWID bound to: 17 - type: integer 
	Parameter SHIFT bound to: 2 - type: integer 
INFO: [Synth 8-6155] done synthesizing module 'convround' (0#1) [/media/tobiw/LocalData/Data/RASentinel/RASPMO/rtl/sources/fft/convround.v:49]
INFO: [Synth 8-6157] synthesizing module 'convround__parameterized0' [/media/tobiw/LocalData/Data/RASentinel/RASPMO/rtl/sources/fft/convround.v:49]
	Parameter IWID bound to: 29 - type: integer 
	Parameter OWID bound to: 17 - type: integer 
	Parameter SHIFT bound to: 4 - type: integer 
INFO: [Synth 8-6155] done synthesizing module 'convround__parameterized0' (0#1) [/media/tobiw/LocalData/Data/RASentinel/RASPMO/rtl/sources/fft/convround.v:49]
INFO: [Synth 8-6155] done synthesizing module 'hwbfly' (0#1) [/media/tobiw/LocalData/Data/RASentinel/RASPMO/rtl/sources/fft/hwbfly.v:69]
INFO: [Synth 8-6155] done synthesizing module 'fftstage' (0#1) [/media/tobiw/LocalData/Data/RASentinel/RASPMO/rtl/sources/fft/fftstage.v:65]
INFO: [Synth 8-6157] synthesizing module 'fftstage__parameterized0' [/media/tobiw/LocalData/Data/RASentinel/RASPMO/rtl/sources/fft/fftstage.v:65]
	Parameter IWIDTH bound to: 17 - type: integer 
	Parameter CWIDTH bound to: 19 - type: integer 
	Parameter OWIDTH bound to: 18 - type: integer 
	Parameter LGSPAN bound to: 8 - type: integer 
	Parameter BFLYSHIFT bound to: 0 - type: integer 
	Parameter OPT_HWMPY bound to: 1'b1 
	Parameter CKPCE bound to: 3 - type: integer 
	Parameter COEFFILE bound to: cmem_512.hex - type: string 
INFO: [Synth 8-3876] $readmem data file 'cmem_512.hex' is read successfully [/media/tobiw/LocalData/Data/RASentinel/RASPMO/rtl/sources/fft/fftstage.v:131]
INFO: [Synth 8-6157] synthesizing module 'hwbfly__parameterized0' [/media/tobiw/LocalData/Data/RASentinel/RASPMO/rtl/sources/fft/hwbfly.v:69]
	Parameter IWIDTH bound to: 17 - type: integer 
	Parameter CWIDTH bound to: 19 - type: integer 
	Parameter OWIDTH bound to: 18 - type: integer 
	Parameter SHIFT bound to: 0 - type: integer 
	Parameter CKPCE bound to: 3 - type: integer 
WARNING: [Synth 8-5974] attribute "use_dsp48" has been deprecated, please use "use_dsp" instead 
WARNING: [Synth 8-5974] attribute "use_dsp48" has been deprecated, please use "use_dsp" instead 
INFO: [Synth 8-6157] synthesizing module 'convround__parameterized1' [/media/tobiw/LocalData/Data/RASentinel/RASPMO/rtl/sources/fft/convround.v:49]
	Parameter IWID bound to: 37 - type: integer 
	Parameter OWID bound to: 18 - type: integer 
	Parameter SHIFT bound to: 2 - type: integer 
INFO: [Synth 8-6155] done synthesizing module 'convround__parameterized1' (0#1) [/media/tobiw/LocalData/Data/RASentinel/RASPMO/rtl/sources/fft/convround.v:49]
INFO: [Synth 8-6157] synthesizing module 'convround__parameterized2' [/media/tobiw/LocalData/Data/RASentinel/RASPMO/rtl/sources/fft/convround.v:49]
	Parameter IWID bound to: 39 - type: integer 
	Parameter OWID bound to: 18 - type: integer 
	Parameter SHIFT bound to: 4 - type: integer 
INFO: [Synth 8-6155] done synthesizing module 'convround__parameterized2' (0#1) [/media/tobiw/LocalData/Data/RASentinel/RASPMO/rtl/sources/fft/convround.v:49]
INFO: [Synth 8-6155] done synthesizing module 'hwbfly__parameterized0' (0#1) [/media/tobiw/LocalData/Data/RASentinel/RASPMO/rtl/sources/fft/hwbfly.v:69]
INFO: [Synth 8-6155] done synthesizing module 'fftstage__parameterized0' (0#1) [/media/tobiw/LocalData/Data/RASentinel/RASPMO/rtl/sources/fft/fftstage.v:65]
INFO: [Synth 8-6157] synthesizing module 'fftstage__parameterized1' [/media/tobiw/LocalData/Data/RASentinel/RASPMO/rtl/sources/fft/fftstage.v:65]
	Parameter IWIDTH bound to: 18 - type: integer 
	Parameter CWIDTH bound to: 20 - type: integer 
	Parameter OWIDTH bound to: 18 - type: integer 
	Parameter LGSPAN bound to: 7 - type: integer 
	Parameter BFLYSHIFT bound to: 0 - type: integer 
	Parameter OPT_HWMPY bound to: 1'b1 
	Parameter CKPCE bound to: 3 - type: integer 
	Parameter COEFFILE bound to: cmem_256.hex - type: string 
INFO: [Synth 8-3876] $readmem data file 'cmem_256.hex' is read successfully [/media/tobiw/LocalData/Data/RASentinel/RASPMO/rtl/sources/fft/fftstage.v:131]
INFO: [Synth 8-6157] synthesizing module 'hwbfly__parameterized1' [/media/tobiw/LocalData/Data/RASentinel/RASPMO/rtl/sources/fft/hwbfly.v:69]
	Parameter IWIDTH bound to: 18 - type: integer 
	Parameter CWIDTH bound to: 20 - type: integer 
	Parameter OWIDTH bound to: 18 - type: integer 
	Parameter SHIFT bound to: 0 - type: integer 
	Parameter CKPCE bound to: 3 - type: integer 
WARNING: [Synth 8-5974] attribute "use_dsp48" has been deprecated, please use "use_dsp" instead 
WARNING: [Synth 8-5974] attribute "use_dsp48" has been deprecated, please use "use_dsp" instead 
INFO: [Synth 8-6157] synthesizing module 'convround__parameterized3' [/media/tobiw/LocalData/Data/RASentinel/RASPMO/rtl/sources/fft/convround.v:49]
	Parameter IWID bound to: 39 - type: integer 
	Parameter OWID bound to: 18 - type: integer 
	Parameter SHIFT bound to: 2 - type: integer 
INFO: [Synth 8-6155] done synthesizing module 'convround__parameterized3' (0#1) [/media/tobiw/LocalData/Data/RASentinel/RASPMO/rtl/sources/fft/convround.v:49]
INFO: [Synth 8-6157] synthesizing module 'convround__parameterized4' [/media/tobiw/LocalData/Data/RASentinel/RASPMO/rtl/sources/fft/convround.v:49]
	Parameter IWID bound to: 41 - type: integer 
	Parameter OWID bound to: 18 - type: integer 
	Parameter SHIFT bound to: 4 - type: integer 
INFO: [Synth 8-6155] done synthesizing module 'convround__parameterized4' (0#1) [/media/tobiw/LocalData/Data/RASentinel/RASPMO/rtl/sources/fft/convround.v:49]
INFO: [Synth 8-6155] done synthesizing module 'hwbfly__parameterized1' (0#1) [/media/tobiw/LocalData/Data/RASentinel/RASPMO/rtl/sources/fft/hwbfly.v:69]
INFO: [Synth 8-6155] done synthesizing module 'fftstage__parameterized1' (0#1) [/media/tobiw/LocalData/Data/RASentinel/RASPMO/rtl/sources/fft/fftstage.v:65]
INFO: [Synth 8-6157] synthesizing module 'fftstage__parameterized2' [/media/tobiw/LocalData/Data/RASentinel/RASPMO/rtl/sources/fft/fftstage.v:65]
	Parameter IWIDTH bound to: 18 - type: integer 
	Parameter CWIDTH bound to: 20 - type: integer 
	Parameter OWIDTH bound to: 18 - type: integer 
	Parameter LGSPAN bound to: 6 - type: integer 
	Parameter BFLYSHIFT bound to: 0 - type: integer 
	Parameter OPT_HWMPY bound to: 1'b1 
	Parameter CKPCE bound to: 3 - type: integer 
	Parameter COEFFILE bound to: cmem_128.hex - type: string 
INFO: [Synth 8-3876] $readmem data file 'cmem_128.hex' is read successfully [/media/tobiw/LocalData/Data/RASentinel/RASPMO/rtl/sources/fft/fftstage.v:131]
INFO: [Synth 8-6155] done synthesizing module 'fftstage__parameterized2' (0#1) [/media/tobiw/LocalData/Data/RASentinel/RASPMO/rtl/sources/fft/fftstage.v:65]
INFO: [Synth 8-6157] synthesizing module 'fftstage__parameterized3' [/media/tobiw/LocalData/Data/RASentinel/RASPMO/rtl/sources/fft/fftstage.v:65]
	Parameter IWIDTH bound to: 18 - type: integer 
	Parameter CWIDTH bound to: 20 - type: integer 
	Parameter OWIDTH bound to: 18 - type: integer 
	Parameter LGSPAN bound to: 5 - type: integer 
	Parameter BFLYSHIFT bound to: 0 - type: integer 
	Parameter OPT_HWMPY bound to: 1'b1 
	Parameter CKPCE bound to: 3 - type: integer 
	Parameter COEFFILE bound to: cmem_64.hex - type: string 
INFO: [Synth 8-3876] $readmem data file 'cmem_64.hex' is read successfully [/media/tobiw/LocalData/Data/RASentinel/RASPMO/rtl/sources/fft/fftstage.v:131]
INFO: [Synth 8-6155] done synthesizing module 'fftstage__parameterized3' (0#1) [/media/tobiw/LocalData/Data/RASentinel/RASPMO/rtl/sources/fft/fftstage.v:65]
INFO: [Synth 8-6157] synthesizing module 'fftstage__parameterized4' [/media/tobiw/LocalData/Data/RASentinel/RASPMO/rtl/sources/fft/fftstage.v:65]
	Parameter IWIDTH bound to: 18 - type: integer 
	Parameter CWIDTH bound to: 20 - type: integer 
	Parameter OWIDTH bound to: 18 - type: integer 
	Parameter LGSPAN bound to: 4 - type: integer 
	Parameter BFLYSHIFT bound to: 0 - type: integer 
	Parameter OPT_HWMPY bound to: 1'b1 
	Parameter CKPCE bound to: 3 - type: integer 
	Parameter COEFFILE bound to: cmem_32.hex - type: string 
INFO: [Synth 8-3876] $readmem data file 'cmem_32.hex' is read successfully [/media/tobiw/LocalData/Data/RASentinel/RASPMO/rtl/sources/fft/fftstage.v:131]
INFO: [Synth 8-6155] done synthesizing module 'fftstage__parameterized4' (0#1) [/media/tobiw/LocalData/Data/RASentinel/RASPMO/rtl/sources/fft/fftstage.v:65]
INFO: [Synth 8-6157] synthesizing module 'fftstage__parameterized5' [/media/tobiw/LocalData/Data/RASentinel/RASPMO/rtl/sources/fft/fftstage.v:65]
	Parameter IWIDTH bound to: 18 - type: integer 
	Parameter CWIDTH bound to: 20 - type: integer 
	Parameter OWIDTH bound to: 18 - type: integer 
	Parameter LGSPAN bound to: 3 - type: integer 
	Parameter BFLYSHIFT bound to: 0 - type: integer 
	Parameter OPT_HWMPY bound to: 1'b1 
	Parameter CKPCE bound to: 3 - type: integer 
	Parameter COEFFILE bound to: cmem_16.hex - type: string 
INFO: [Synth 8-3876] $readmem data file 'cmem_16.hex' is read successfully [/media/tobiw/LocalData/Data/RASentinel/RASPMO/rtl/sources/fft/fftstage.v:131]
INFO: [Synth 8-6155] done synthesizing module 'fftstage__parameterized5' (0#1) [/media/tobiw/LocalData/Data/RASentinel/RASPMO/rtl/sources/fft/fftstage.v:65]
INFO: [Synth 8-6157] synthesizing module 'fftstage__parameterized6' [/media/tobiw/LocalData/Data/RASentinel/RASPMO/rtl/sources/fft/fftstage.v:65]
	Parameter IWIDTH bound to: 18 - type: integer 
	Parameter CWIDTH bound to: 20 - type: integer 
	Parameter OWIDTH bound to: 18 - type: integer 
	Parameter LGSPAN bound to: 2 - type: integer 
	Parameter BFLYSHIFT bound to: 0 - type: integer 
	Parameter OPT_HWMPY bound to: 1'b1 
	Parameter CKPCE bound to: 3 - type: integer 
	Parameter COEFFILE bound to: cmem_8.hex - type: string 
INFO: [Synth 8-3876] $readmem data file 'cmem_8.hex' is read successfully [/media/tobiw/LocalData/Data/RASentinel/RASPMO/rtl/sources/fft/fftstage.v:131]
INFO: [Synth 8-6155] done synthesizing module 'fftstage__parameterized6' (0#1) [/media/tobiw/LocalData/Data/RASentinel/RASPMO/rtl/sources/fft/fftstage.v:65]
INFO: [Synth 8-6157] synthesizing module 'qtrstage' [/media/tobiw/LocalData/Data/RASentinel/RASPMO/rtl/sources/fft/qtrstage.v:73]
	Parameter IWIDTH bound to: 18 - type: integer 
	Parameter OWIDTH bound to: 18 - type: integer 
	Parameter LGWIDTH bound to: 10 - type: integer 
	Parameter INVERSE bound to: 0 - type: integer 
	Parameter SHIFT bound to: 0 - type: integer 
INFO: [Synth 8-6157] synthesizing module 'convround__parameterized5' [/media/tobiw/LocalData/Data/RASentinel/RASPMO/rtl/sources/fft/convround.v:49]
	Parameter IWID bound to: 19 - type: integer 
	Parameter OWID bound to: 18 - type: integer 
	Parameter SHIFT bound to: 0 - type: integer 
INFO: [Synth 8-6155] done synthesizing module 'convround__parameterized5' (0#1) [/media/tobiw/LocalData/Data/RASentinel/RASPMO/rtl/sources/fft/convround.v:49]
INFO: [Synth 8-6155] done synthesizing module 'qtrstage' (0#1) [/media/tobiw/LocalData/Data/RASentinel/RASPMO/rtl/sources/fft/qtrstage.v:73]
INFO: [Synth 8-6157] synthesizing module 'laststage' [/media/tobiw/LocalData/Data/RASentinel/RASPMO/rtl/sources/fft/laststage.v:46]
	Parameter IWIDTH bound to: 18 - type: integer 
	Parameter OWIDTH bound to: 16 - type: integer 
	Parameter SHIFT bound to: 1 - type: integer 
INFO: [Synth 8-6157] synthesizing module 'convround__parameterized6' [/media/tobiw/LocalData/Data/RASentinel/RASPMO/rtl/sources/fft/convround.v:49]
	Parameter IWID bound to: 19 - type: integer 
	Parameter OWID bound to: 16 - type: integer 
	Parameter SHIFT bound to: 1 - type: integer 
INFO: [Synth 8-6155] done synthesizing module 'convround__parameterized6' (0#1) [/media/tobiw/LocalData/Data/RASentinel/RASPMO/rtl/sources/fft/convround.v:49]
INFO: [Synth 8-6155] done synthesizing module 'laststage' (0#1) [/media/tobiw/LocalData/Data/RASentinel/RASPMO/rtl/sources/fft/laststage.v:46]
INFO: [Synth 8-6157] synthesizing module 'bitreverse' [/media/tobiw/LocalData/Data/RASentinel/RASPMO/rtl/sources/fft/bitreverse.v:47]
	Parameter LGSIZE bound to: 10 - type: integer 
	Parameter WIDTH bound to: 16 - type: integer 
INFO: [Synth 8-6155] done synthesizing module 'bitreverse' (0#1) [/media/tobiw/LocalData/Data/RASentinel/RASPMO/rtl/sources/fft/bitreverse.v:47]
INFO: [Synth 8-6155] done synthesizing module 'fftmain' (0#1) [/media/tobiw/LocalData/Data/RASentinel/RASPMO/rtl/sources/fft/fftmain.v:78]
INFO: [Synth 8-6157] synthesizing module 'logfn' [/media/tobiw/LocalData/Data/RASentinel/RASPMO/rtl/sources/fft/logfn.v:43]
	Parameter IW bound to: 16 - type: integer 
	Parameter OW bound to: 8 - type: integer 
INFO: [Synth 8-6155] done synthesizing module 'logfn' (0#1) [/media/tobiw/LocalData/Data/RASentinel/RASPMO/rtl/sources/fft/logfn.v:43]
WARNING: [Synth 8-689] width (9) of port connection 'o_sample' does not match port width (8) of module 'logfn' [/media/tobiw/LocalData/Data/RASentinel/RASPMO/rtl/sources/top.v:970]
WARNING: [Synth 8-689] width (9) of port connection 'o_sample' does not match port width (8) of module 'logfn' [/media/tobiw/LocalData/Data/RASentinel/RASPMO/rtl/sources/top.v:970]
WARNING: [Synth 8-689] width (9) of port connection 'o_sample' does not match port width (8) of module 'logfn' [/media/tobiw/LocalData/Data/RASentinel/RASPMO/rtl/sources/top.v:970]
WARNING: [Synth 8-689] width (9) of port connection 'o_sample' does not match port width (8) of module 'logfn' [/media/tobiw/LocalData/Data/RASentinel/RASPMO/rtl/sources/top.v:970]
INFO: [Synth 8-6157] synthesizing module 'dp_ram' [/media/tobiw/LocalData/Data/RASentinel/RASPMO/rtl/sources/dp_ram.v:17]
	Parameter ADDRBITS bound to: 10 - type: integer 
	Parameter BITS bound to: 8 - type: integer 
INFO: [Synth 8-6155] done synthesizing module 'dp_ram' (0#1) [/media/tobiw/LocalData/Data/RASentinel/RASPMO/rtl/sources/dp_ram.v:17]
INFO: [Synth 8-6157] synthesizing module 'waterfall_mem' [/media/tobiw/LocalData/Data/RASentinel/RASPMO/rtl/sources/waterfall_mem.v:20]
	Parameter ROWBITS bound to: 7 - type: integer 
	Parameter COLBITS bound to: 9 - type: integer 
	Parameter BITS bound to: 8 - type: integer 
INFO: [Synth 8-6155] done synthesizing module 'waterfall_mem' (0#1) [/media/tobiw/LocalData/Data/RASentinel/RASPMO/rtl/sources/waterfall_mem.v:20]
INFO: [Synth 8-6157] synthesizing module 'pane_overlay' [/media/tobiw/LocalData/Data/RASentinel/RASPMO/rtl/sources/pane_overlay.v:36]
	Parameter PIXCLK_HZ bound to: 148750000 - type: integer 
	Parameter UPDATE_PERIOD_S bound to: 1 - type: integer 
	Parameter PANE_X0 bound to: 0 - type: integer 
	Parameter PANE_Y0 bound to: 0 - type: integer 
	Parameter SPEC_H bound to: 283 - type: integer 
	Parameter SHOW_RATES bound to: 1'b0 
INFO: [Synth 8-6157] synthesizing module 'bin2bcd' [/media/tobiw/LocalData/Data/RASentinel/RASPMO/rtl/sources/bin2bcd.v:12]
	Parameter WIDTH bound to: 32 - type: integer 
	Parameter DIGITS bound to: 10 - type: integer 
INFO: [Synth 8-6155] done synthesizing module 'bin2bcd' (0#1) [/media/tobiw/LocalData/Data/RASentinel/RASPMO/rtl/sources/bin2bcd.v:12]
INFO: [Synth 8-6155] done synthesizing module 'pane_overlay' (0#1) [/media/tobiw/LocalData/Data/RASentinel/RASPMO/rtl/sources/pane_overlay.v:36]
INFO: [Synth 8-6157] synthesizing module 'pane_overlay__parameterized0' [/media/tobiw/LocalData/Data/RASentinel/RASPMO/rtl/sources/pane_overlay.v:36]
	Parameter PIXCLK_HZ bound to: 148750000 - type: integer 
	Parameter UPDATE_PERIOD_S bound to: 1 - type: integer 
	Parameter PANE_X0 bound to: 960 - type: integer 
	Parameter PANE_Y0 bound to: 0 - type: integer 
	Parameter SPEC_H bound to: 283 - type: integer 
	Parameter SHOW_RATES bound to: 1'b0 
INFO: [Synth 8-6155] done synthesizing module 'pane_overlay__parameterized0' (0#1) [/media/tobiw/LocalData/Data/RASentinel/RASPMO/rtl/sources/pane_overlay.v:36]
INFO: [Synth 8-6157] synthesizing module 'pane_overlay__parameterized1' [/media/tobiw/LocalData/Data/RASentinel/RASPMO/rtl/sources/pane_overlay.v:36]
	Parameter PIXCLK_HZ bound to: 148750000 - type: integer 
	Parameter UPDATE_PERIOD_S bound to: 1 - type: integer 
	Parameter PANE_X0 bound to: 0 - type: integer 
	Parameter PANE_Y0 bound to: 540 - type: integer 
	Parameter SPEC_H bound to: 283 - type: integer 
	Parameter SHOW_RATES bound to: 1'b0 
INFO: [Synth 8-6155] done synthesizing module 'pane_overlay__parameterized1' (0#1) [/media/tobiw/LocalData/Data/RASentinel/RASPMO/rtl/sources/pane_overlay.v:36]
INFO: [Synth 8-6157] synthesizing module 'pane_overlay__parameterized2' [/media/tobiw/LocalData/Data/RASentinel/RASPMO/rtl/sources/pane_overlay.v:36]
	Parameter PIXCLK_HZ bound to: 148750000 - type: integer 
	Parameter UPDATE_PERIOD_S bound to: 1 - type: integer 
	Parameter PANE_X0 bound to: 960 - type: integer 
	Parameter PANE_Y0 bound to: 540 - type: integer 
	Parameter SPEC_H bound to: 283 - type: integer 
	Parameter SHOW_RATES bound to: 1'b0 
INFO: [Synth 8-6155] done synthesizing module 'pane_overlay__parameterized2' (0#1) [/media/tobiw/LocalData/Data/RASentinel/RASPMO/rtl/sources/pane_overlay.v:36]
INFO: [Synth 8-6157] synthesizing module 'Video_clk' [/media/tobiw/LocalData/Data/RASentinel/RASPMO/vivado/RASPMO.runs/synth_1/.Xil/Vivado-820915-R10DT01/realtime/Video_clk_stub.v:6]
INFO: [Synth 8-6155] done synthesizing module 'Video_clk' (0#1) [/media/tobiw/LocalData/Data/RASentinel/RASPMO/vivado/RASPMO.runs/synth_1/.Xil/Vivado-820915-R10DT01/realtime/Video_clk_stub.v:6]
INFO: [Synth 8-6157] synthesizing module 'hdmi_clk' [/media/tobiw/LocalData/Data/RASentinel/RASPMO/rtl/sources/hdmi_clk.v:23]
INFO: [Synth 8-6157] synthesizing module 'MMCME2_BASE' [/tools/2025.2/Vivado/scripts/rt/data/unisim_comp.v:95964]
	Parameter BANDWIDTH bound to: OPTIMIZED - type: string 
	Parameter CLKFBOUT_MULT_F bound to: 1.487500e+01 - type: double 
	Parameter CLKIN1_PERIOD bound to: 2.000000e+01 - type: double 
	Parameter CLKOUT0_DIVIDE_F bound to: 1.000000e+00 - type: double 
	Parameter CLKOUT0_PHASE bound to: 0.000000e+00 - type: double 
	Parameter CLKOUT1_DIVIDE bound to: 5 - type: integer 
	Parameter CLKOUT1_PHASE bound to: 0.000000e+00 - type: double 
	Parameter DIVCLK_DIVIDE bound to: 1 - type: integer 
	Parameter STARTUP_WAIT bound to: FALSE - type: string 
INFO: [Synth 8-6155] done synthesizing module 'MMCME2_BASE' (0#1) [/tools/2025.2/Vivado/scripts/rt/data/unisim_comp.v:95964]
INFO: [Synth 8-6157] synthesizing module 'BUFG' [/tools/2025.2/Vivado/scripts/rt/data/unisim_comp.v:2678]
INFO: [Synth 8-6155] done synthesizing module 'BUFG' (0#1) [/tools/2025.2/Vivado/scripts/rt/data/unisim_comp.v:2678]
INFO: [Synth 8-6155] done synthesizing module 'hdmi_clk' (0#1) [/media/tobiw/LocalData/Data/RASentinel/RASPMO/rtl/sources/hdmi_clk.v:23]
INFO: [Synth 8-6157] synthesizing module 'lvds_rx' [/media/tobiw/LocalData/Data/RASentinel/RASPMO/rtl/sources/lvds_rx_new.v:35]
	Parameter NLANES bound to: 4 - type: integer 
INFO: [Synth 8-6157] synthesizing module 'IBUFDS_DIFF_OUT' [/tools/2025.2/Vivado/scripts/rt/data/unisim_comp.v:82898]
	Parameter DIFF_TERM bound to: TRUE - type: string 
	Parameter IOSTANDARD bound to: DEFAULT - type: string 
INFO: [Synth 8-6155] done synthesizing module 'IBUFDS_DIFF_OUT' (0#1) [/tools/2025.2/Vivado/scripts/rt/data/unisim_comp.v:82898]
INFO: [Synth 8-6157] synthesizing module 'IDELAYE2' [/tools/2025.2/Vivado/scripts/rt/data/unisim_comp.v:85109]
	Parameter CINVCTRL_SEL bound to: FALSE - type: string 
	Parameter DELAY_SRC bound to: IDATAIN - type: string 
	Parameter HIGH_PERFORMANCE_MODE bound to: TRUE - type: string 
	Parameter IDELAY_TYPE bound to: VAR_LOAD - type: string 
	Parameter IDELAY_VALUE bound to: 0 - type: integer 
	Parameter PIPE_SEL bound to: FALSE - type: string 
	Parameter REFCLK_FREQUENCY bound to: 1.950000e+02 - type: double 
	Parameter SIGNAL_PATTERN bound to: DATA - type: string 
INFO: [Synth 8-6155] done synthesizing module 'IDELAYE2' (0#1) [/tools/2025.2/Vivado/scripts/rt/data/unisim_comp.v:85109]
INFO: [Synth 8-6157] synthesizing module 'ISERDESE2' [/tools/2025.2/Vivado/scripts/rt/data/unisim_comp.v:90334]
	Parameter DATA_RATE bound to: SDR - type: string 
	Parameter DATA_WIDTH bound to: 6 - type: integer 
	Parameter DYN_CLKDIV_INV_EN bound to: TRUE - type: string 
	Parameter DYN_CLK_INV_EN bound to: TRUE - type: string 
	Parameter INTERFACE_TYPE bound to: NETWORKING - type: string 
	Parameter IOBDELAY bound to: NONE - type: string 
	Parameter NUM_CE bound to: 1 - type: integer 
	Parameter OFB_USED bound to: FALSE - type: string 
	Parameter SERDES_MODE bound to: MASTER - type: string 
INFO: [Synth 8-6155] done synthesizing module 'ISERDESE2' (0#1) [/tools/2025.2/Vivado/scripts/rt/data/unisim_comp.v:90334]
WARNING: [Synth 8-7071] port 'O' of module 'ISERDESE2' is unconnected for instance 'ISERDESE2_EVEN_inst' [/media/tobiw/LocalData/Data/RASentinel/RASPMO/rtl/sources/lvds_rx_new.v:334]
WARNING: [Synth 8-7071] port 'Q7' of module 'ISERDESE2' is unconnected for instance 'ISERDESE2_EVEN_inst' [/media/tobiw/LocalData/Data/RASentinel/RASPMO/rtl/sources/lvds_rx_new.v:334]
WARNING: [Synth 8-7071] port 'Q8' of module 'ISERDESE2' is unconnected for instance 'ISERDESE2_EVEN_inst' [/media/tobiw/LocalData/Data/RASentinel/RASPMO/rtl/sources/lvds_rx_new.v:334]
WARNING: [Synth 8-7071] port 'SHIFTOUT1' of module 'ISERDESE2' is unconnected for instance 'ISERDESE2_EVEN_inst' [/media/tobiw/LocalData/Data/RASentinel/RASPMO/rtl/sources/lvds_rx_new.v:334]
WARNING: [Synth 8-7071] port 'SHIFTOUT2' of module 'ISERDESE2' is unconnected for instance 'ISERDESE2_EVEN_inst' [/media/tobiw/LocalData/Data/RASentinel/RASPMO/rtl/sources/lvds_rx_new.v:334]
WARNING: [Synth 8-7071] port 'DDLY' of module 'ISERDESE2' is unconnected for instance 'ISERDESE2_EVEN_inst' [/media/tobiw/LocalData/Data/RASentinel/RASPMO/rtl/sources/lvds_rx_new.v:334]
WARNING: [Synth 8-7071] port 'OCLK' of module 'ISERDESE2' is unconnected for instance 'ISERDESE2_EVEN_inst' [/media/tobiw/LocalData/Data/RASentinel/RASPMO/rtl/sources/lvds_rx_new.v:334]
WARNING: [Synth 8-7071] port 'OCLKB' of module 'ISERDESE2' is unconnected for instance 'ISERDESE2_EVEN_inst' [/media/tobiw/LocalData/Data/RASentinel/RASPMO/rtl/sources/lvds_rx_new.v:334]
WARNING: [Synth 8-7071] port 'SHIFTIN1' of module 'ISERDESE2' is unconnected for instance 'ISERDESE2_EVEN_inst' [/media/tobiw/LocalData/Data/RASentinel/RASPMO/rtl/sources/lvds_rx_new.v:334]
WARNING: [Synth 8-7071] port 'SHIFTIN2' of module 'ISERDESE2' is unconnected for instance 'ISERDESE2_EVEN_inst' [/media/tobiw/LocalData/Data/RASentinel/RASPMO/rtl/sources/lvds_rx_new.v:334]
WARNING: [Synth 8-7023] instance 'ISERDESE2_EVEN_inst' of module 'ISERDESE2' has 28 connections declared, but only 18 given [/media/tobiw/LocalData/Data/RASentinel/RASPMO/rtl/sources/lvds_rx_new.v:334]
INFO: [Synth 8-6157] synthesizing module 'ISERDESE2__parameterized0' [/tools/2025.2/Vivado/scripts/rt/data/unisim_comp.v:90334]
	Parameter DATA_RATE bound to: SDR - type: string 
	Parameter DATA_WIDTH bound to: 6 - type: integer 
	Parameter DYN_CLKDIV_INV_EN bound to: TRUE - type: string 
	Parameter DYN_CLK_INV_EN bound to: TRUE - type: string 
	Parameter INTERFACE_TYPE bound to: NETWORKING - type: string 
	Parameter IOBDELAY bound to: BOTH - type: string 
	Parameter NUM_CE bound to: 1 - type: integer 
	Parameter OFB_USED bound to: FALSE - type: string 
	Parameter SERDES_MODE bound to: MASTER - type: string 
INFO: [Synth 8-6155] done synthesizing module 'ISERDESE2__parameterized0' (0#1) [/tools/2025.2/Vivado/scripts/rt/data/unisim_comp.v:90334]
WARNING: [Synth 8-7071] port 'O' of module 'ISERDESE2' is unconnected for instance 'ISERDESE2_ODD_inst' [/media/tobiw/LocalData/Data/RASentinel/RASPMO/rtl/sources/lvds_rx_new.v:361]
WARNING: [Synth 8-7071] port 'Q7' of module 'ISERDESE2' is unconnected for instance 'ISERDESE2_ODD_inst' [/media/tobiw/LocalData/Data/RASentinel/RASPMO/rtl/sources/lvds_rx_new.v:361]
WARNING: [Synth 8-7071] port 'Q8' of module 'ISERDESE2' is unconnected for instance 'ISERDESE2_ODD_inst' [/media/tobiw/LocalData/Data/RASentinel/RASPMO/rtl/sources/lvds_rx_new.v:361]
WARNING: [Synth 8-7071] port 'SHIFTOUT1' of module 'ISERDESE2' is unconnected for instance 'ISERDESE2_ODD_inst' [/media/tobiw/LocalData/Data/RASentinel/RASPMO/rtl/sources/lvds_rx_new.v:361]
WARNING: [Synth 8-7071] port 'SHIFTOUT2' of module 'ISERDESE2' is unconnected for instance 'ISERDESE2_ODD_inst' [/media/tobiw/LocalData/Data/RASentinel/RASPMO/rtl/sources/lvds_rx_new.v:361]
WARNING: [Synth 8-7071] port 'D' of module 'ISERDESE2' is unconnected for instance 'ISERDESE2_ODD_inst' [/media/tobiw/LocalData/Data/RASentinel/RASPMO/rtl/sources/lvds_rx_new.v:361]
WARNING: [Synth 8-7071] port 'OCLK' of module 'ISERDESE2' is unconnected for instance 'ISERDESE2_ODD_inst' [/media/tobiw/LocalData/Data/RASentinel/RASPMO/rtl/sources/lvds_rx_new.v:361]
WARNING: [Synth 8-7071] port 'OCLKB' of module 'ISERDESE2' is unconnected for instance 'ISERDESE2_ODD_inst' [/media/tobiw/LocalData/Data/RASentinel/RASPMO/rtl/sources/lvds_rx_new.v:361]
WARNING: [Synth 8-7071] port 'SHIFTIN1' of module 'ISERDESE2' is unconnected for instance 'ISERDESE2_ODD_inst' [/media/tobiw/LocalData/Data/RASentinel/RASPMO/rtl/sources/lvds_rx_new.v:361]
WARNING: [Synth 8-7071] port 'SHIFTIN2' of module 'ISERDESE2' is unconnected for instance 'ISERDESE2_ODD_inst' [/media/tobiw/LocalData/Data/RASentinel/RASPMO/rtl/sources/lvds_rx_new.v:361]
WARNING: [Synth 8-7023] instance 'ISERDESE2_ODD_inst' of module 'ISERDESE2' has 28 connections declared, but only 18 given [/media/tobiw/LocalData/Data/RASentinel/RASPMO/rtl/sources/lvds_rx_new.v:361]
WARNING: [Synth 8-7071] port 'O' of module 'ISERDESE2' is unconnected for instance 'ISERDESE2_EVEN_inst' [/media/tobiw/LocalData/Data/RASentinel/RASPMO/rtl/sources/lvds_rx_new.v:334]
WARNING: [Synth 8-7071] port 'Q7' of module 'ISERDESE2' is unconnected for instance 'ISERDESE2_EVEN_inst' [/media/tobiw/LocalData/Data/RASentinel/RASPMO/rtl/sources/lvds_rx_new.v:334]
WARNING: [Synth 8-7071] port 'Q8' of module 'ISERDESE2' is unconnected for instance 'ISERDESE2_EVEN_inst' [/media/tobiw/LocalData/Data/RASentinel/RASPMO/rtl/sources/lvds_rx_new.v:334]
WARNING: [Synth 8-7071] port 'SHIFTOUT1' of module 'ISERDESE2' is unconnected for instance 'ISERDESE2_EVEN_inst' [/media/tobiw/LocalData/Data/RASentinel/RASPMO/rtl/sources/lvds_rx_new.v:334]
WARNING: [Synth 8-7071] port 'SHIFTOUT2' of module 'ISERDESE2' is unconnected for instance 'ISERDESE2_EVEN_inst' [/media/tobiw/LocalData/Data/RASentinel/RASPMO/rtl/sources/lvds_rx_new.v:334]
WARNING: [Synth 8-7071] port 'DDLY' of module 'ISERDESE2' is unconnected for instance 'ISERDESE2_EVEN_inst' [/media/tobiw/LocalData/Data/RASentinel/RASPMO/rtl/sources/lvds_rx_new.v:334]
WARNING: [Synth 8-7071] port 'OCLK' of module 'ISERDESE2' is unconnected for instance 'ISERDESE2_EVEN_inst' [/media/tobiw/LocalData/Data/RASentinel/RASPMO/rtl/sources/lvds_rx_new.v:334]
WARNING: [Synth 8-7071] port 'OCLKB' of module 'ISERDESE2' is unconnected for instance 'ISERDESE2_EVEN_inst' [/media/tobiw/LocalData/Data/RASentinel/RASPMO/rtl/sources/lvds_rx_new.v:334]
WARNING: [Synth 8-7071] port 'SHIFTIN1' of module 'ISERDESE2' is unconnected for instance 'ISERDESE2_EVEN_inst' [/media/tobiw/LocalData/Data/RASentinel/RASPMO/rtl/sources/lvds_rx_new.v:334]
WARNING: [Synth 8-7071] port 'SHIFTIN2' of module 'ISERDESE2' is unconnected for instance 'ISERDESE2_EVEN_inst' [/media/tobiw/LocalData/Data/RASentinel/RASPMO/rtl/sources/lvds_rx_new.v:334]
WARNING: [Synth 8-7023] instance 'ISERDESE2_EVEN_inst' of module 'ISERDESE2' has 28 connections declared, but only 18 given [/media/tobiw/LocalData/Data/RASentinel/RASPMO/rtl/sources/lvds_rx_new.v:334]
WARNING: [Synth 8-7071] port 'O' of module 'ISERDESE2' is unconnected for instance 'ISERDESE2_ODD_inst' [/media/tobiw/LocalData/Data/RASentinel/RASPMO/rtl/sources/lvds_rx_new.v:361]
WARNING: [Synth 8-7071] port 'Q7' of module 'ISERDESE2' is unconnected for instance 'ISERDESE2_ODD_inst' [/media/tobiw/LocalData/Data/RASentinel/RASPMO/rtl/sources/lvds_rx_new.v:361]
WARNING: [Synth 8-7071] port 'Q8' of module 'ISERDESE2' is unconnected for instance 'ISERDESE2_ODD_inst' [/media/tobiw/LocalData/Data/RASentinel/RASPMO/rtl/sources/lvds_rx_new.v:361]
WARNING: [Synth 8-7071] port 'SHIFTOUT1' of module 'ISERDESE2' is unconnected for instance 'ISERDESE2_ODD_inst' [/media/tobiw/LocalData/Data/RASentinel/RASPMO/rtl/sources/lvds_rx_new.v:361]
WARNING: [Synth 8-7071] port 'SHIFTOUT2' of module 'ISERDESE2' is unconnected for instance 'ISERDESE2_ODD_inst' [/media/tobiw/LocalData/Data/RASentinel/RASPMO/rtl/sources/lvds_rx_new.v:361]
WARNING: [Synth 8-7071] port 'D' of module 'ISERDESE2' is unconnected for instance 'ISERDESE2_ODD_inst' [/media/tobiw/LocalData/Data/RASentinel/RASPMO/rtl/sources/lvds_rx_new.v:361]
WARNING: [Synth 8-7071] port 'OCLK' of module 'ISERDESE2' is unconnected for instance 'ISERDESE2_ODD_inst' [/media/tobiw/LocalData/Data/RASentinel/RASPMO/rtl/sources/lvds_rx_new.v:361]
WARNING: [Synth 8-7071] port 'OCLKB' of module 'ISERDESE2' is unconnected for instance 'ISERDESE2_ODD_inst' [/media/tobiw/LocalData/Data/RASentinel/RASPMO/rtl/sources/lvds_rx_new.v:361]
WARNING: [Synth 8-7071] port 'SHIFTIN1' of module 'ISERDESE2' is unconnected for instance 'ISERDESE2_ODD_inst' [/media/tobiw/LocalData/Data/RASentinel/RASPMO/rtl/sources/lvds_rx_new.v:361]
WARNING: [Synth 8-7071] port 'SHIFTIN2' of module 'ISERDESE2' is unconnected for instance 'ISERDESE2_ODD_inst' [/media/tobiw/LocalData/Data/RASentinel/RASPMO/rtl/sources/lvds_rx_new.v:361]
WARNING: [Synth 8-7023] instance 'ISERDESE2_ODD_inst' of module 'ISERDESE2' has 28 connections declared, but only 18 given [/media/tobiw/LocalData/Data/RASentinel/RASPMO/rtl/sources/lvds_rx_new.v:361]
WARNING: [Synth 8-7071] port 'O' of module 'ISERDESE2' is unconnected for instance 'ISERDESE2_EVEN_inst' [/media/tobiw/LocalData/Data/RASentinel/RASPMO/rtl/sources/lvds_rx_new.v:334]
WARNING: [Synth 8-7071] port 'Q7' of module 'ISERDESE2' is unconnected for instance 'ISERDESE2_EVEN_inst' [/media/tobiw/LocalData/Data/RASentinel/RASPMO/rtl/sources/lvds_rx_new.v:334]
WARNING: [Synth 8-7071] port 'Q8' of module 'ISERDESE2' is unconnected for instance 'ISERDESE2_EVEN_inst' [/media/tobiw/LocalData/Data/RASentinel/RASPMO/rtl/sources/lvds_rx_new.v:334]
WARNING: [Synth 8-7071] port 'SHIFTOUT1' of module 'ISERDESE2' is unconnected for instance 'ISERDESE2_EVEN_inst' [/media/tobiw/LocalData/Data/RASentinel/RASPMO/rtl/sources/lvds_rx_new.v:334]
WARNING: [Synth 8-7071] port 'SHIFTOUT2' of module 'ISERDESE2' is unconnected for instance 'ISERDESE2_EVEN_inst' [/media/tobiw/LocalData/Data/RASentinel/RASPMO/rtl/sources/lvds_rx_new.v:334]
WARNING: [Synth 8-7071] port 'DDLY' of module 'ISERDESE2' is unconnected for instance 'ISERDESE2_EVEN_inst' [/media/tobiw/LocalData/Data/RASentinel/RASPMO/rtl/sources/lvds_rx_new.v:334]
WARNING: [Synth 8-7071] port 'OCLK' of module 'ISERDESE2' is unconnected for instance 'ISERDESE2_EVEN_inst' [/media/tobiw/LocalData/Data/RASentinel/RASPMO/rtl/sources/lvds_rx_new.v:334]
WARNING: [Synth 8-7071] port 'OCLKB' of module 'ISERDESE2' is unconnected for instance 'ISERDESE2_EVEN_inst' [/media/tobiw/LocalData/Data/RASentinel/RASPMO/rtl/sources/lvds_rx_new.v:334]
WARNING: [Synth 8-7071] port 'SHIFTIN1' of module 'ISERDESE2' is unconnected for instance 'ISERDESE2_EVEN_inst' [/media/tobiw/LocalData/Data/RASentinel/RASPMO/rtl/sources/lvds_rx_new.v:334]
WARNING: [Synth 8-7071] port 'SHIFTIN2' of module 'ISERDESE2' is unconnected for instance 'ISERDESE2_EVEN_inst' [/media/tobiw/LocalData/Data/RASentinel/RASPMO/rtl/sources/lvds_rx_new.v:334]
WARNING: [Synth 8-7023] instance 'ISERDESE2_EVEN_inst' of module 'ISERDESE2' has 28 connections declared, but only 18 given [/media/tobiw/LocalData/Data/RASentinel/RASPMO/rtl/sources/lvds_rx_new.v:334]
WARNING: [Synth 8-7071] port 'O' of module 'ISERDESE2' is unconnected for instance 'ISERDESE2_ODD_inst' [/media/tobiw/LocalData/Data/RASentinel/RASPMO/rtl/sources/lvds_rx_new.v:361]
WARNING: [Synth 8-7071] port 'Q7' of module 'ISERDESE2' is unconnected for instance 'ISERDESE2_ODD_inst' [/media/tobiw/LocalData/Data/RASentinel/RASPMO/rtl/sources/lvds_rx_new.v:361]
WARNING: [Synth 8-7071] port 'Q8' of module 'ISERDESE2' is unconnected for instance 'ISERDESE2_ODD_inst' [/media/tobiw/LocalData/Data/RASentinel/RASPMO/rtl/sources/lvds_rx_new.v:361]
WARNING: [Synth 8-7071] port 'SHIFTOUT1' of module 'ISERDESE2' is unconnected for instance 'ISERDESE2_ODD_inst' [/media/tobiw/LocalData/Data/RASentinel/RASPMO/rtl/sources/lvds_rx_new.v:361]
WARNING: [Synth 8-7071] port 'SHIFTOUT2' of module 'ISERDESE2' is unconnected for instance 'ISERDESE2_ODD_inst' [/media/tobiw/LocalData/Data/RASentinel/RASPMO/rtl/sources/lvds_rx_new.v:361]
WARNING: [Synth 8-7071] port 'D' of module 'ISERDESE2' is unconnected for instance 'ISERDESE2_ODD_inst' [/media/tobiw/LocalData/Data/RASentinel/RASPMO/rtl/sources/lvds_rx_new.v:361]
WARNING: [Synth 8-7071] port 'OCLK' of module 'ISERDESE2' is unconnected for instance 'ISERDESE2_ODD_inst' [/media/tobiw/LocalData/Data/RASentinel/RASPMO/rtl/sources/lvds_rx_new.v:361]
WARNING: [Synth 8-7071] port 'OCLKB' of module 'ISERDESE2' is unconnected for instance 'ISERDESE2_ODD_inst' [/media/tobiw/LocalData/Data/RASentinel/RASPMO/rtl/sources/lvds_rx_new.v:361]
WARNING: [Synth 8-7071] port 'SHIFTIN1' of module 'ISERDESE2' is unconnected for instance 'ISERDESE2_ODD_inst' [/media/tobiw/LocalData/Data/RASentinel/RASPMO/rtl/sources/lvds_rx_new.v:361]
WARNING: [Synth 8-7071] port 'SHIFTIN2' of module 'ISERDESE2' is unconnected for instance 'ISERDESE2_ODD_inst' [/media/tobiw/LocalData/Data/RASentinel/RASPMO/rtl/sources/lvds_rx_new.v:361]
WARNING: [Synth 8-7023] instance 'ISERDESE2_ODD_inst' of module 'ISERDESE2' has 28 connections declared, but only 18 given [/media/tobiw/LocalData/Data/RASentinel/RASPMO/rtl/sources/lvds_rx_new.v:361]
WARNING: [Synth 8-7071] port 'O' of module 'ISERDESE2' is unconnected for instance 'ISERDESE2_EVEN_inst' [/media/tobiw/LocalData/Data/RASentinel/RASPMO/rtl/sources/lvds_rx_new.v:334]
WARNING: [Synth 8-7071] port 'Q7' of module 'ISERDESE2' is unconnected for instance 'ISERDESE2_EVEN_inst' [/media/tobiw/LocalData/Data/RASentinel/RASPMO/rtl/sources/lvds_rx_new.v:334]
WARNING: [Synth 8-7071] port 'Q8' of module 'ISERDESE2' is unconnected for instance 'ISERDESE2_EVEN_inst' [/media/tobiw/LocalData/Data/RASentinel/RASPMO/rtl/sources/lvds_rx_new.v:334]
WARNING: [Synth 8-7071] port 'SHIFTOUT1' of module 'ISERDESE2' is unconnected for instance 'ISERDESE2_EVEN_inst' [/media/tobiw/LocalData/Data/RASentinel/RASPMO/rtl/sources/lvds_rx_new.v:334]
WARNING: [Synth 8-7071] port 'SHIFTOUT2' of module 'ISERDESE2' is unconnected for instance 'ISERDESE2_EVEN_inst' [/media/tobiw/LocalData/Data/RASentinel/RASPMO/rtl/sources/lvds_rx_new.v:334]
WARNING: [Synth 8-7071] port 'DDLY' of module 'ISERDESE2' is unconnected for instance 'ISERDESE2_EVEN_inst' [/media/tobiw/LocalData/Data/RASentinel/RASPMO/rtl/sources/lvds_rx_new.v:334]
WARNING: [Synth 8-7071] port 'OCLK' of module 'ISERDESE2' is unconnected for instance 'ISERDESE2_EVEN_inst' [/media/tobiw/LocalData/Data/RASentinel/RASPMO/rtl/sources/lvds_rx_new.v:334]
WARNING: [Synth 8-7071] port 'OCLKB' of module 'ISERDESE2' is unconnected for instance 'ISERDESE2_EVEN_inst' [/media/tobiw/LocalData/Data/RASentinel/RASPMO/rtl/sources/lvds_rx_new.v:334]
WARNING: [Synth 8-7071] port 'SHIFTIN1' of module 'ISERDESE2' is unconnected for instance 'ISERDESE2_EVEN_inst' [/media/tobiw/LocalData/Data/RASentinel/RASPMO/rtl/sources/lvds_rx_new.v:334]
WARNING: [Synth 8-7071] port 'SHIFTIN2' of module 'ISERDESE2' is unconnected for instance 'ISERDESE2_EVEN_inst' [/media/tobiw/LocalData/Data/RASentinel/RASPMO/rtl/sources/lvds_rx_new.v:334]
WARNING: [Synth 8-7023] instance 'ISERDESE2_EVEN_inst' of module 'ISERDESE2' has 28 connections declared, but only 18 given [/media/tobiw/LocalData/Data/RASentinel/RASPMO/rtl/sources/lvds_rx_new.v:334]
WARNING: [Synth 8-7071] port 'O' of module 'ISERDESE2' is unconnected for instance 'ISERDESE2_ODD_inst' [/media/tobiw/LocalData/Data/RASentinel/RASPMO/rtl/sources/lvds_rx_new.v:361]
WARNING: [Synth 8-7071] port 'Q7' of module 'ISERDESE2' is unconnected for instance 'ISERDESE2_ODD_inst' [/media/tobiw/LocalData/Data/RASentinel/RASPMO/rtl/sources/lvds_rx_new.v:361]
WARNING: [Synth 8-7071] port 'Q8' of module 'ISERDESE2' is unconnected for instance 'ISERDESE2_ODD_inst' [/media/tobiw/LocalData/Data/RASentinel/RASPMO/rtl/sources/lvds_rx_new.v:361]
WARNING: [Synth 8-7071] port 'SHIFTOUT1' of module 'ISERDESE2' is unconnected for instance 'ISERDESE2_ODD_inst' [/media/tobiw/LocalData/Data/RASentinel/RASPMO/rtl/sources/lvds_rx_new.v:361]
WARNING: [Synth 8-7071] port 'SHIFTOUT2' of module 'ISERDESE2' is unconnected for instance 'ISERDESE2_ODD_inst' [/media/tobiw/LocalData/Data/RASentinel/RASPMO/rtl/sources/lvds_rx_new.v:361]
WARNING: [Synth 8-7071] port 'D' of module 'ISERDESE2' is unconnected for instance 'ISERDESE2_ODD_inst' [/media/tobiw/LocalData/Data/RASentinel/RASPMO/rtl/sources/lvds_rx_new.v:361]
WARNING: [Synth 8-7071] port 'OCLK' of module 'ISERDESE2' is unconnected for instance 'ISERDESE2_ODD_inst' [/media/tobiw/LocalData/Data/RASentinel/RASPMO/rtl/sources/lvds_rx_new.v:361]
WARNING: [Synth 8-7071] port 'OCLKB' of module 'ISERDESE2' is unconnected for instance 'ISERDESE2_ODD_inst' [/media/tobiw/LocalData/Data/RASentinel/RASPMO/rtl/sources/lvds_rx_new.v:361]
WARNING: [Synth 8-7071] port 'SHIFTIN1' of module 'ISERDESE2' is unconnected for instance 'ISERDESE2_ODD_inst' [/media/tobiw/LocalData/Data/RASentinel/RASPMO/rtl/sources/lvds_rx_new.v:361]
WARNING: [Synth 8-7071] port 'SHIFTIN2' of module 'ISERDESE2' is unconnected for instance 'ISERDESE2_ODD_inst' [/media/tobiw/LocalData/Data/RASentinel/RASPMO/rtl/sources/lvds_rx_new.v:361]
WARNING: [Synth 8-7023] instance 'ISERDESE2_ODD_inst' of module 'ISERDESE2' has 28 connections declared, but only 18 given [/media/tobiw/LocalData/Data/RASentinel/RASPMO/rtl/sources/lvds_rx_new.v:361]
WARNING: [Synth 8-7071] port 'O' of module 'ISERDESE2' is unconnected for instance 'ISERDESE2_FCLK_EVEN_inst' [/media/tobiw/LocalData/Data/RASentinel/RASPMO/rtl/sources/lvds_rx_new.v:423]
WARNING: [Synth 8-7071] port 'Q7' of module 'ISERDESE2' is unconnected for instance 'ISERDESE2_FCLK_EVEN_inst' [/media/tobiw/LocalData/Data/RASentinel/RASPMO/rtl/sources/lvds_rx_new.v:423]
WARNING: [Synth 8-7071] port 'Q8' of module 'ISERDESE2' is unconnected for instance 'ISERDESE2_FCLK_EVEN_inst' [/media/tobiw/LocalData/Data/RASentinel/RASPMO/rtl/sources/lvds_rx_new.v:423]
WARNING: [Synth 8-7071] port 'SHIFTOUT1' of module 'ISERDESE2' is unconnected for instance 'ISERDESE2_FCLK_EVEN_inst' [/media/tobiw/LocalData/Data/RASentinel/RASPMO/rtl/sources/lvds_rx_new.v:423]
WARNING: [Synth 8-7071] port 'SHIFTOUT2' of module 'ISERDESE2' is unconnected for instance 'ISERDESE2_FCLK_EVEN_inst' [/media/tobiw/LocalData/Data/RASentinel/RASPMO/rtl/sources/lvds_rx_new.v:423]
WARNING: [Synth 8-7071] port 'DDLY' of module 'ISERDESE2' is unconnected for instance 'ISERDESE2_FCLK_EVEN_inst' [/media/tobiw/LocalData/Data/RASentinel/RASPMO/rtl/sources/lvds_rx_new.v:423]
WARNING: [Synth 8-7071] port 'OCLK' of module 'ISERDESE2' is unconnected for instance 'ISERDESE2_FCLK_EVEN_inst' [/media/tobiw/LocalData/Data/RASentinel/RASPMO/rtl/sources/lvds_rx_new.v:423]
WARNING: [Synth 8-7071] port 'OCLKB' of module 'ISERDESE2' is unconnected for instance 'ISERDESE2_FCLK_EVEN_inst' [/media/tobiw/LocalData/Data/RASentinel/RASPMO/rtl/sources/lvds_rx_new.v:423]
WARNING: [Synth 8-7071] port 'SHIFTIN1' of module 'ISERDESE2' is unconnected for instance 'ISERDESE2_FCLK_EVEN_inst' [/media/tobiw/LocalData/Data/RASentinel/RASPMO/rtl/sources/lvds_rx_new.v:423]
WARNING: [Synth 8-7071] port 'SHIFTIN2' of module 'ISERDESE2' is unconnected for instance 'ISERDESE2_FCLK_EVEN_inst' [/media/tobiw/LocalData/Data/RASentinel/RASPMO/rtl/sources/lvds_rx_new.v:423]
WARNING: [Synth 8-7023] instance 'ISERDESE2_FCLK_EVEN_inst' of module 'ISERDESE2' has 28 connections declared, but only 18 given [/media/tobiw/LocalData/Data/RASentinel/RASPMO/rtl/sources/lvds_rx_new.v:423]
WARNING: [Synth 8-7071] port 'O' of module 'ISERDESE2' is unconnected for instance 'ISERDESE2_FCLK_ODD_inst' [/media/tobiw/LocalData/Data/RASentinel/RASPMO/rtl/sources/lvds_rx_new.v:450]
WARNING: [Synth 8-7071] port 'Q7' of module 'ISERDESE2' is unconnected for instance 'ISERDESE2_FCLK_ODD_inst' [/media/tobiw/LocalData/Data/RASentinel/RASPMO/rtl/sources/lvds_rx_new.v:450]
WARNING: [Synth 8-7071] port 'Q8' of module 'ISERDESE2' is unconnected for instance 'ISERDESE2_FCLK_ODD_inst' [/media/tobiw/LocalData/Data/RASentinel/RASPMO/rtl/sources/lvds_rx_new.v:450]
WARNING: [Synth 8-7071] port 'SHIFTOUT1' of module 'ISERDESE2' is unconnected for instance 'ISERDESE2_FCLK_ODD_inst' [/media/tobiw/LocalData/Data/RASentinel/RASPMO/rtl/sources/lvds_rx_new.v:450]
WARNING: [Synth 8-7071] port 'SHIFTOUT2' of module 'ISERDESE2' is unconnected for instance 'ISERDESE2_FCLK_ODD_inst' [/media/tobiw/LocalData/Data/RASentinel/RASPMO/rtl/sources/lvds_rx_new.v:450]
WARNING: [Synth 8-7071] port 'D' of module 'ISERDESE2' is unconnected for instance 'ISERDESE2_FCLK_ODD_inst' [/media/tobiw/LocalData/Data/RASentinel/RASPMO/rtl/sources/lvds_rx_new.v:450]
WARNING: [Synth 8-7071] port 'OCLK' of module 'ISERDESE2' is unconnected for instance 'ISERDESE2_FCLK_ODD_inst' [/media/tobiw/LocalData/Data/RASentinel/RASPMO/rtl/sources/lvds_rx_new.v:450]
WARNING: [Synth 8-7071] port 'OCLKB' of module 'ISERDESE2' is unconnected for instance 'ISERDESE2_FCLK_ODD_inst' [/media/tobiw/LocalData/Data/RASentinel/RASPMO/rtl/sources/lvds_rx_new.v:450]
WARNING: [Synth 8-7071] port 'SHIFTIN1' of module 'ISERDESE2' is unconnected for instance 'ISERDESE2_FCLK_ODD_inst' [/media/tobiw/LocalData/Data/RASentinel/RASPMO/rtl/sources/lvds_rx_new.v:450]
WARNING: [Synth 8-7071] port 'SHIFTIN2' of module 'ISERDESE2' is unconnected for instance 'ISERDESE2_FCLK_ODD_inst' [/media/tobiw/LocalData/Data/RASentinel/RASPMO/rtl/sources/lvds_rx_new.v:450]
INFO: [Common 17-14] Message 'Synth 8-7071' appears 100 times and further instances of the messages will be disabled. Use the Tcl command set_msg_config to change the current settings.
WARNING: [Synth 8-7023] instance 'ISERDESE2_FCLK_ODD_inst' of module 'ISERDESE2' has 28 connections declared, but only 18 given [/media/tobiw/LocalData/Data/RASentinel/RASPMO/rtl/sources/lvds_rx_new.v:450]
INFO: [Synth 8-6155] done synthesizing module 'lvds_rx' (0#1) [/media/tobiw/LocalData/Data/RASentinel/RASPMO/rtl/sources/lvds_rx_new.v:35]
WARNING: [Synth 8-4446] all outputs are unconnected for this instance and logic may be removed [/media/tobiw/LocalData/Data/RASentinel/RASPMO/rtl/sources/top.v:316]
INFO: [Synth 8-6157] synthesizing module 'IDELAYCTRL' [/tools/2025.2/Vivado/scripts/rt/data/unisim_comp.v:85096]
INFO: [Synth 8-6155] done synthesizing module 'IDELAYCTRL' (0#1) [/tools/2025.2/Vivado/scripts/rt/data/unisim_comp.v:85096]
INFO: [Synth 8-6157] synthesizing module 'adc_sequencer' [/media/tobiw/LocalData/Data/RASentinel/RASPMO/rtl/sources/adc_sequencer.v:33]
INFO: [Synth 8-6155] done synthesizing module 'adc_sequencer' (0#1) [/media/tobiw/LocalData/Data/RASentinel/RASPMO/rtl/sources/adc_sequencer.v:33]
INFO: [Synth 8-6157] synthesizing module 'sample_cdc' [/media/tobiw/LocalData/Data/RASentinel/RASPMO/rtl/sources/sample_cdc.v:18]
	Parameter W bound to: 60 - type: integer 
INFO: [Synth 8-6155] done synthesizing module 'sample_cdc' (0#1) [/media/tobiw/LocalData/Data/RASentinel/RASPMO/rtl/sources/sample_cdc.v:18]
INFO: [Synth 8-6157] synthesizing module 'link_supervisor' [/media/tobiw/LocalData/Data/RASentinel/RASPMO/rtl/sources/link_supervisor.v:40]
INFO: [Synth 8-6155] done synthesizing module 'link_supervisor' (0#1) [/media/tobiw/LocalData/Data/RASentinel/RASPMO/rtl/sources/link_supervisor.v:40]
INFO: [Synth 8-155] case statement is not full and has no default [/media/tobiw/LocalData/Data/RASentinel/RASPMO/rtl/sources/top.v:1110]
INFO: [Synth 8-6157] synthesizing module 'screen' [/media/tobiw/LocalData/Data/RASentinel/RASPMO/rtl/sources/screen.v:60]
	Parameter PANE_W bound to: 960 - type: integer 
	Parameter PANE_H bound to: 540 - type: integer 
	Parameter SPEC_H bound to: 283 - type: integer 
	Parameter STRIP_H bound to: 1 - type: integer 
	Parameter WF_ROWS bound to: 128 - type: integer 
	Parameter BIN_OFS bound to: 32 - type: integer 
INFO: [Synth 8-6157] synthesizing module 'midmap' [/media/tobiw/LocalData/Data/RASentinel/RASPMO/rtl/sources/midmap.v:19]
INFO: [Synth 8-6155] done synthesizing module 'midmap' (0#1) [/media/tobiw/LocalData/Data/RASentinel/RASPMO/rtl/sources/midmap.v:19]
INFO: [Synth 8-6155] done synthesizing module 'screen' (0#1) [/media/tobiw/LocalData/Data/RASentinel/RASPMO/rtl/sources/screen.v:60]
INFO: [Synth 8-6157] synthesizing module 'df_amp' [/media/tobiw/LocalData/Data/RASentinel/RASPMO/rtl/sources/df_amp.v:70]
	Parameter FFTLEN bound to: 10 - type: integer 
	Parameter ANGBITS bound to: 9 - type: integer 
	Parameter FRQBITS bound to: 8 - type: integer 
	Parameter CH_E bound to: 1 - type: integer 
	Parameter CH_N bound to: 0 - type: integer 
	Parameter CH_W bound to: 3 - type: integer 
	Parameter CH_S bound to: 2 - type: integer 
	Parameter AMP_FLOOR bound to: 8'b10000000 
	Parameter AMP_SHIFT bound to: 1 - type: integer 
	Parameter DIR_MIN bound to: 11'b00000011000 
	Parameter STAGES bound to: 16 - type: integer 
INFO: [Synth 8-6157] synthesizing module 'cordic_vec' [/media/tobiw/LocalData/Data/RASentinel/RASPMO/rtl/sources/cordic_vec.v:62]
	Parameter XYW bound to: 10 - type: integer 
	Parameter STAGES bound to: 16 - type: integer 
	Parameter GUARD bound to: 10 - type: integer 
INFO: [Synth 8-6155] done synthesizing module 'cordic_vec' (0#1) [/media/tobiw/LocalData/Data/RASentinel/RASPMO/rtl/sources/cordic_vec.v:62]
INFO: [Synth 8-6157] synthesizing module 'dp_ram__parameterized0' [/media/tobiw/LocalData/Data/RASentinel/RASPMO/rtl/sources/dp_ram.v:17]
	Parameter ADDRBITS bound to: 9 - type: integer 
	Parameter BITS bound to: 16 - type: integer 
INFO: [Synth 8-6155] done synthesizing module 'dp_ram__parameterized0' (0#1) [/media/tobiw/LocalData/Data/RASentinel/RASPMO/rtl/sources/dp_ram.v:17]
INFO: [Synth 8-6155] done synthesizing module 'df_amp' (0#1) [/media/tobiw/LocalData/Data/RASentinel/RASPMO/rtl/sources/df_amp.v:70]
INFO: [Synth 8-6157] synthesizing module 'polar_view' [/media/tobiw/LocalData/Data/RASentinel/RASPMO/rtl/sources/polar_view.v:72]
	Parameter REG_X0 bound to: 0 - type: integer 
	Parameter REG_Y0 bound to: 0 - type: integer 
	Parameter REG_W bound to: 1920 - type: integer 
	Parameter REG_H bound to: 1080 - type: integer 
	Parameter R_MAX bound to: 256 - type: integer 
	Parameter STAGES bound to: 16 - type: integer 
INFO: [Synth 8-6157] synthesizing module 'cordic_vec__parameterized0' [/media/tobiw/LocalData/Data/RASentinel/RASPMO/rtl/sources/cordic_vec.v:62]
	Parameter XYW bound to: 13 - type: integer 
	Parameter STAGES bound to: 16 - type: integer 
	Parameter GUARD bound to: 10 - type: integer 
INFO: [Synth 8-6155] done synthesizing module 'cordic_vec__parameterized0' (0#1) [/media/tobiw/LocalData/Data/RASentinel/RASPMO/rtl/sources/cordic_vec.v:62]
WARNING: [Synth 8-689] width (14) of port connection 'o_mag' does not match port width (15) of module 'cordic_vec__parameterized0' [/media/tobiw/LocalData/Data/RASentinel/RASPMO/rtl/sources/polar_view.v:161]
INFO: [Synth 8-6157] synthesizing module 'freqmap' [/media/tobiw/LocalData/Data/RASentinel/RASPMO/rtl/sources/freqmap.v:30]
INFO: [Synth 8-6155] done synthesizing module 'freqmap' (0#1) [/media/tobiw/LocalData/Data/RASentinel/RASPMO/rtl/sources/freqmap.v:30]
INFO: [Synth 8-6155] done synthesizing module 'polar_view' (0#1) [/media/tobiw/LocalData/Data/RASentinel/RASPMO/rtl/sources/polar_view.v:72]
INFO: [Synth 8-638] synthesizing module 'rgb2dvi' [/media/tobiw/LocalData/Data/RASentinel/RASPMO/rtl/sources/hdmi/rgb2dvi.vhd:89]
	Parameter kGenerateSerialClk bound to: 0 - type: bool 
	Parameter kClkRange bound to: 1 - type: integer 
	Parameter kRstActiveHigh bound to: 1 - type: bool 
INFO: [Synth 8-638] synthesizing module 'ResetBridge' [/media/tobiw/LocalData/Data/RASentinel/RASPMO/rtl/sources/hdmi/SyncAsyncReset.vhd:72]
	Parameter kPolarity bound to: 1'b1 
INFO: [Synth 8-638] synthesizing module 'SyncAsync' [/media/tobiw/LocalData/Data/RASentinel/RASPMO/rtl/sources/hdmi/SyncAsync.vhd:72]
	Parameter kResetTo bound to: 1'b1 
	Parameter kStages bound to: 2 - type: integer 
INFO: [Synth 8-256] done synthesizing module 'SyncAsync' (0#1) [/media/tobiw/LocalData/Data/RASentinel/RASPMO/rtl/sources/hdmi/SyncAsync.vhd:72]
INFO: [Synth 8-256] done synthesizing module 'ResetBridge' (0#1) [/media/tobiw/LocalData/Data/RASentinel/RASPMO/rtl/sources/hdmi/SyncAsyncReset.vhd:72]
INFO: [Synth 8-638] synthesizing module 'OutputSERDES' [/media/tobiw/LocalData/Data/RASentinel/RASPMO/rtl/sources/hdmi/OutputSERDES.vhd:76]
	Parameter kParallelWidth bound to: 10 - type: integer 
	Parameter IOSTANDARD bound to: TMDS_33 - type: string 
INFO: [Synth 8-113] binding component instance 'OutputBuffer' to cell 'OBUFDS' [/media/tobiw/LocalData/Data/RASentinel/RASPMO/rtl/sources/hdmi/OutputSERDES.vhd:83]
	Parameter DATA_RATE_OQ bound to: DDR - type: string 
	Parameter DATA_RATE_TQ bound to: SDR - type: string 
	Parameter DATA_WIDTH bound to: 10 - type: integer 
	Parameter SERDES_MODE bound to: MASTER - type: string 
	Parameter TBYTE_CTL bound to: FALSE - type: string 
	Parameter TBYTE_SRC bound to: FALSE - type: string 
	Parameter TRISTATE_WIDTH bound to: 1 - type: integer 
INFO: [Synth 8-113] binding component instance 'SerializerMaster' to cell 'OSERDESE2' [/media/tobiw/LocalData/Data/RASentinel/RASPMO/rtl/sources/hdmi/OutputSERDES.vhd:92]
	Parameter DATA_RATE_OQ bound to: DDR - type: string 
	Parameter DATA_RATE_TQ bound to: SDR - type: string 
	Parameter DATA_WIDTH bound to: 10 - type: integer 
	Parameter SERDES_MODE bound to: SLAVE - type: string 
	Parameter TBYTE_CTL bound to: FALSE - type: string 
	Parameter TBYTE_SRC bound to: FALSE - type: string 
	Parameter TRISTATE_WIDTH bound to: 1 - type: integer 
INFO: [Synth 8-113] binding component instance 'SerializerSlave' to cell 'OSERDESE2' [/media/tobiw/LocalData/Data/RASentinel/RASPMO/rtl/sources/hdmi/OutputSERDES.vhd:135]
INFO: [Synth 8-256] done synthesizing module 'OutputSERDES' (0#1) [/media/tobiw/LocalData/Data/RASentinel/RASPMO/rtl/sources/hdmi/OutputSERDES.vhd:76]
INFO: [Synth 8-638] synthesizing module 'TMDS_Encoder' [/media/tobiw/LocalData/Data/RASentinel/RASPMO/rtl/sources/hdmi/TMDS_Encoder.vhd:80]
INFO: [Synth 8-256] done synthesizing module 'TMDS_Encoder' (0#1) [/media/tobiw/LocalData/Data/RASentinel/RASPMO/rtl/sources/hdmi/TMDS_Encoder.vhd:80]
INFO: [Synth 8-256] done synthesizing module 'rgb2dvi' (0#1) [/media/tobiw/LocalData/Data/RASentinel/RASPMO/rtl/sources/hdmi/rgb2dvi.vhd:89]
INFO: [Synth 8-6155] done synthesizing module 'top' (0#1) [/media/tobiw/LocalData/Data/RASentinel/RASPMO/rtl/sources/top.v:57]
WARNING: [Synth 8-6014] Unused sequential element display_digits_reg[0] was removed.  [/media/tobiw/LocalData/Data/RASentinel/RASPMO/rtl/sources/pane_overlay.v:182]
WARNING: [Synth 8-6014] Unused sequential element display_digits_reg[1] was removed.  [/media/tobiw/LocalData/Data/RASentinel/RASPMO/rtl/sources/pane_overlay.v:182]
WARNING: [Synth 8-6014] Unused sequential element blank_mask_reg[0] was removed.  [/media/tobiw/LocalData/Data/RASentinel/RASPMO/rtl/sources/pane_overlay.v:219]
WARNING: [Synth 8-6014] Unused sequential element blank_mask_reg[1] was removed.  [/media/tobiw/LocalData/Data/RASentinel/RASPMO/rtl/sources/pane_overlay.v:219]
WARNING: [Synth 8-6014] Unused sequential element s2_white_reg was removed.  [/media/tobiw/LocalData/Data/RASentinel/RASPMO/rtl/sources/pane_overlay.v:316]
WARNING: [Synth 8-6014] Unused sequential element display_digits_reg[0] was removed.  [/media/tobiw/LocalData/Data/RASentinel/RASPMO/rtl/sources/pane_overlay.v:182]
WARNING: [Synth 8-6014] Unused sequential element display_digits_reg[1] was removed.  [/media/tobiw/LocalData/Data/RASentinel/RASPMO/rtl/sources/pane_overlay.v:182]
WARNING: [Synth 8-6014] Unused sequential element blank_mask_reg[0] was removed.  [/media/tobiw/LocalData/Data/RASentinel/RASPMO/rtl/sources/pane_overlay.v:219]
WARNING: [Synth 8-6014] Unused sequential element blank_mask_reg[1] was removed.  [/media/tobiw/LocalData/Data/RASentinel/RASPMO/rtl/sources/pane_overlay.v:219]
WARNING: [Synth 8-6014] Unused sequential element s2_white_reg was removed.  [/media/tobiw/LocalData/Data/RASentinel/RASPMO/rtl/sources/pane_overlay.v:316]
WARNING: [Synth 8-6014] Unused sequential element display_digits_reg[0] was removed.  [/media/tobiw/LocalData/Data/RASentinel/RASPMO/rtl/sources/pane_overlay.v:182]
WARNING: [Synth 8-6014] Unused sequential element display_digits_reg[1] was removed.  [/media/tobiw/LocalData/Data/RASentinel/RASPMO/rtl/sources/pane_overlay.v:182]
WARNING: [Synth 8-6014] Unused sequential element blank_mask_reg[0] was removed.  [/media/tobiw/LocalData/Data/RASentinel/RASPMO/rtl/sources/pane_overlay.v:219]
WARNING: [Synth 8-6014] Unused sequential element blank_mask_reg[1] was removed.  [/media/tobiw/LocalData/Data/RASentinel/RASPMO/rtl/sources/pane_overlay.v:219]
WARNING: [Synth 8-6014] Unused sequential element s2_white_reg was removed.  [/media/tobiw/LocalData/Data/RASentinel/RASPMO/rtl/sources/pane_overlay.v:316]
WARNING: [Synth 8-6014] Unused sequential element display_digits_reg[0] was removed.  [/media/tobiw/LocalData/Data/RASentinel/RASPMO/rtl/sources/pane_overlay.v:182]
WARNING: [Synth 8-6014] Unused sequential element display_digits_reg[1] was removed.  [/media/tobiw/LocalData/Data/RASentinel/RASPMO/rtl/sources/pane_overlay.v:182]
WARNING: [Synth 8-6014] Unused sequential element blank_mask_reg[0] was removed.  [/media/tobiw/LocalData/Data/RASentinel/RASPMO/rtl/sources/pane_overlay.v:219]
WARNING: [Synth 8-6014] Unused sequential element blank_mask_reg[1] was removed.  [/media/tobiw/LocalData/Data/RASentinel/RASPMO/rtl/sources/pane_overlay.v:219]
WARNING: [Synth 8-6014] Unused sequential element s2_white_reg was removed.  [/media/tobiw/LocalData/Data/RASentinel/RASPMO/rtl/sources/pane_overlay.v:316]
INFO: [Synth 8-6071] Mark debug on the nets applies keep_hierarchy on instance 'ISERDESE2_FCLK_ODD_inst'. This will prevent further optimization [/media/tobiw/LocalData/Data/RASentinel/RASPMO/rtl/sources/lvds_rx_new.v:450]
INFO: [Synth 8-6071] Mark debug on the nets applies keep_hierarchy on instance 'ISERDESE2_FCLK_EVEN_inst'. This will prevent further optimization [/media/tobiw/LocalData/Data/RASentinel/RASPMO/rtl/sources/lvds_rx_new.v:423]
INFO: [Synth 8-6071] Mark debug on the nets applies keep_hierarchy on instance 'gen_data_block[3].ISERDESE2_ODD_inst'. This will prevent further optimization [/media/tobiw/LocalData/Data/RASentinel/RASPMO/rtl/sources/lvds_rx_new.v:361]
INFO: [Synth 8-6071] Mark debug on the nets applies keep_hierarchy on instance 'gen_data_block[3].ISERDESE2_EVEN_inst'. This will prevent further optimization [/media/tobiw/LocalData/Data/RASentinel/RASPMO/rtl/sources/lvds_rx_new.v:334]
INFO: [Synth 8-6071] Mark debug on the nets applies keep_hierarchy on instance 'gen_data_block[2].ISERDESE2_ODD_inst'. This will prevent further optimization [/media/tobiw/LocalData/Data/RASentinel/RASPMO/rtl/sources/lvds_rx_new.v:361]
INFO: [Synth 8-6071] Mark debug on the nets applies keep_hierarchy on instance 'gen_data_block[2].ISERDESE2_EVEN_inst'. This will prevent further optimization [/media/tobiw/LocalData/Data/RASentinel/RASPMO/rtl/sources/lvds_rx_new.v:334]
INFO: [Synth 8-6071] Mark debug on the nets applies keep_hierarchy on instance 'gen_data_block[1].ISERDESE2_ODD_inst'. This will prevent further optimization [/media/tobiw/LocalData/Data/RASentinel/RASPMO/rtl/sources/lvds_rx_new.v:361]
INFO: [Synth 8-6071] Mark debug on the nets applies keep_hierarchy on instance 'gen_data_block[1].ISERDESE2_EVEN_inst'. This will prevent further optimization [/media/tobiw/LocalData/Data/RASentinel/RASPMO/rtl/sources/lvds_rx_new.v:334]
INFO: [Synth 8-6071] Mark debug on the nets applies keep_hierarchy on instance 'gen_data_block[0].ISERDESE2_ODD_inst'. This will prevent further optimization [/media/tobiw/LocalData/Data/RASentinel/RASPMO/rtl/sources/lvds_rx_new.v:361]
INFO: [Synth 8-6071] Mark debug on the nets applies keep_hierarchy on instance 'gen_data_block[0].ISERDESE2_EVEN_inst'. This will prevent further optimization [/media/tobiw/LocalData/Data/RASentinel/RASPMO/rtl/sources/lvds_rx_new.v:334]
WARNING: [Synth 8-6014] Unused sequential element adc_processClock_tmp_reg was removed.  [/media/tobiw/LocalData/Data/RASentinel/RASPMO/rtl/sources/adc_sequencer.v:92]
WARNING: [Synth 8-6014] Unused sequential element gen_stage[15].ys_reg[16] was removed.  [/media/tobiw/LocalData/Data/RASentinel/RASPMO/rtl/sources/cordic_vec.v:154]
WARNING: [Synth 8-6014] Unused sequential element gen_stage[15].ys_reg[16] was removed.  [/media/tobiw/LocalData/Data/RASentinel/RASPMO/rtl/sources/cordic_vec.v:154]
INFO: [Synth 8-6071] Mark debug on the nets applies keep_hierarchy on instance 'lvds_irx0'. This will prevent further optimization [/media/tobiw/LocalData/Data/RASentinel/RASPMO/rtl/sources/top.v:268]
INFO: [Synth 8-6071] Mark debug on the nets applies keep_hierarchy on instance 'adc_sequencer0'. This will prevent further optimization [/media/tobiw/LocalData/Data/RASentinel/RASPMO/rtl/sources/top.v:327]
INFO: [Synth 8-6071] Mark debug on the nets applies keep_hierarchy on instance 'sup_adc2'. This will prevent further optimization [/media/tobiw/LocalData/Data/RASentinel/RASPMO/rtl/sources/top.v:600]
INFO: [Synth 8-6071] Mark debug on the nets applies keep_hierarchy on instance 'sup_adc1'. This will prevent further optimization [/media/tobiw/LocalData/Data/RASentinel/RASPMO/rtl/sources/top.v:589]
INFO: [Synth 8-6071] Mark debug on the nets applies keep_hierarchy on instance 'adc2_cdc'. This will prevent further optimization [/media/tobiw/LocalData/Data/RASentinel/RASPMO/rtl/sources/top.v:359]
INFO: [Synth 8-6071] Mark debug on the nets applies keep_hierarchy on instance 'gen_fft[3].fftx'. This will prevent further optimization [/media/tobiw/LocalData/Data/RASentinel/RASPMO/rtl/sources/top.v:952]
INFO: [Synth 8-6071] Mark debug on the nets applies keep_hierarchy on instance 'gen_fft[2].fftx'. This will prevent further optimization [/media/tobiw/LocalData/Data/RASentinel/RASPMO/rtl/sources/top.v:952]
INFO: [Synth 8-6071] Mark debug on the nets applies keep_hierarchy on instance 'gen_fft[1].fftx'. This will prevent further optimization [/media/tobiw/LocalData/Data/RASentinel/RASPMO/rtl/sources/top.v:952]
INFO: [Synth 8-6071] Mark debug on the nets applies keep_hierarchy on instance 'gen_fft[0].fftx'. This will prevent further optimization [/media/tobiw/LocalData/Data/RASentinel/RASPMO/rtl/sources/top.v:952]
INFO: [Synth 8-6071] Mark debug on the nets applies keep_hierarchy on instance 'gen_ch[3].iq_bal'. This will prevent further optimization [/media/tobiw/LocalData/Data/RASentinel/RASPMO/rtl/sources/top.v:749]
INFO: [Synth 8-6071] Mark debug on the nets applies keep_hierarchy on instance 'gen_ch[2].iq_bal'. This will prevent further optimization [/media/tobiw/LocalData/Data/RASentinel/RASPMO/rtl/sources/top.v:749]
INFO: [Synth 8-6071] Mark debug on the nets applies keep_hierarchy on instance 'gen_ch[1].iq_bal'. This will prevent further optimization [/media/tobiw/LocalData/Data/RASentinel/RASPMO/rtl/sources/top.v:749]
INFO: [Synth 8-6071] Mark debug on the nets applies keep_hierarchy on instance 'gen_ch[0].iq_bal'. This will prevent further optimization [/media/tobiw/LocalData/Data/RASentinel/RASPMO/rtl/sources/top.v:749]
INFO: [Synth 8-6071] Mark debug on the nets applies keep_hierarchy on instance 'gen_rampchk[7].ramp_checker_lane'. This will prevent further optimization [/media/tobiw/LocalData/Data/RASentinel/RASPMO/rtl/sources/top.v:542]
INFO: [Synth 8-6071] Mark debug on the nets applies keep_hierarchy on instance 'gen_rampchk[6].ramp_checker_lane'. This will prevent further optimization [/media/tobiw/LocalData/Data/RASentinel/RASPMO/rtl/sources/top.v:542]
INFO: [Synth 8-6071] Mark debug on the nets applies keep_hierarchy on instance 'gen_rampchk[5].ramp_checker_lane'. This will prevent further optimization [/media/tobiw/LocalData/Data/RASentinel/RASPMO/rtl/sources/top.v:542]
INFO: [Synth 8-6071] Mark debug on the nets applies keep_hierarchy on instance 'gen_rampchk[4].ramp_checker_lane'. This will prevent further optimization [/media/tobiw/LocalData/Data/RASentinel/RASPMO/rtl/sources/top.v:542]
INFO: [Synth 8-6071] Mark debug on the nets applies keep_hierarchy on instance 'gen_rampchk[3].ramp_checker_lane'. This will prevent further optimization [/media/tobiw/LocalData/Data/RASentinel/RASPMO/rtl/sources/top.v:542]
INFO: [Synth 8-6071] Mark debug on the nets applies keep_hierarchy on instance 'gen_rampchk[2].ramp_checker_lane'. This will prevent further optimization [/media/tobiw/LocalData/Data/RASentinel/RASPMO/rtl/sources/top.v:542]
INFO: [Synth 8-6071] Mark debug on the nets applies keep_hierarchy on instance 'gen_rampchk[1].ramp_checker_lane'. This will prevent further optimization [/media/tobiw/LocalData/Data/RASentinel/RASPMO/rtl/sources/top.v:542]
INFO: [Synth 8-6071] Mark debug on the nets applies keep_hierarchy on instance 'gen_rampchk[0].ramp_checker_lane'. This will prevent further optimization [/media/tobiw/LocalData/Data/RASentinel/RASPMO/rtl/sources/top.v:542]
INFO: [Synth 8-6071] Mark debug on the nets applies keep_hierarchy on instance 'screen_0'. This will prevent further optimization [/media/tobiw/LocalData/Data/RASentinel/RASPMO/rtl/sources/top.v:1280]
INFO: [Synth 8-6071] Mark debug on the nets applies keep_hierarchy on instance 'polar_0'. This will prevent further optimization [/media/tobiw/LocalData/Data/RASentinel/RASPMO/rtl/sources/top.v:1381]
INFO: [Synth 8-6071] Mark debug on the nets applies keep_hierarchy on instance 'gen_overlay[3].pane_overlay_i'. This will prevent further optimization [/media/tobiw/LocalData/Data/RASentinel/RASPMO/rtl/sources/top.v:1453]
INFO: [Synth 8-6071] Mark debug on the nets applies keep_hierarchy on instance 'gen_overlay[2].pane_overlay_i'. This will prevent further optimization [/media/tobiw/LocalData/Data/RASentinel/RASPMO/rtl/sources/top.v:1453]
INFO: [Synth 8-6071] Mark debug on the nets applies keep_hierarchy on instance 'gen_overlay[1].pane_overlay_i'. This will prevent further optimization [/media/tobiw/LocalData/Data/RASentinel/RASPMO/rtl/sources/top.v:1453]
INFO: [Synth 8-6071] Mark debug on the nets applies keep_hierarchy on instance 'gen_overlay[0].pane_overlay_i'. This will prevent further optimization [/media/tobiw/LocalData/Data/RASentinel/RASPMO/rtl/sources/top.v:1453]
INFO: [Synth 8-6071] Mark debug on the nets applies keep_hierarchy on instance 'video_clk0'. This will prevent further optimization [/media/tobiw/LocalData/Data/RASentinel/RASPMO/rtl/sources/top.v:171]
INFO: [Synth 8-6071] Mark debug on the nets applies keep_hierarchy on instance 'rgb2dvi_m0'. This will prevent further optimization [/media/tobiw/LocalData/Data/RASentinel/RASPMO/rtl/sources/top.v:1585]
INFO: [Synth 8-6071] Mark debug on the nets applies keep_hierarchy on instance 'df_0'. This will prevent further optimization [/media/tobiw/LocalData/Data/RASentinel/RASPMO/rtl/sources/top.v:1356]
INFO: [Synth 8-6071] Mark debug on the nets applies keep_hierarchy on instance 'IDELAYCTRL0'. This will prevent further optimization [/media/tobiw/LocalData/Data/RASentinel/RASPMO/rtl/sources/top.v:316]
INFO: [Synth 8-6071] Mark debug on the nets applies keep_hierarchy on instance 'gen_fft[3].logfnx'. This will prevent further optimization [/media/tobiw/LocalData/Data/RASentinel/RASPMO/rtl/sources/top.v:963]
INFO: [Synth 8-6071] Mark debug on the nets applies keep_hierarchy on instance 'gen_fft[2].logfnx'. This will prevent further optimization [/media/tobiw/LocalData/Data/RASentinel/RASPMO/rtl/sources/top.v:963]
INFO: [Synth 8-6071] Mark debug on the nets applies keep_hierarchy on instance 'gen_fft[1].logfnx'. This will prevent further optimization [/media/tobiw/LocalData/Data/RASentinel/RASPMO/rtl/sources/top.v:963]
INFO: [Synth 8-6071] Mark debug on the nets applies keep_hierarchy on instance 'gen_fft[0].logfnx'. This will prevent further optimization [/media/tobiw/LocalData/Data/RASentinel/RASPMO/rtl/sources/top.v:963]
WARNING: [Synth 8-7129] Port SerialClk in module TMDS_Encoder is either unconnected or has no load
WARNING: [Synth 8-7129] Port aRst in module TMDS_Encoder is either unconnected or has no load
WARNING: [Synth 8-7129] Port aRst_n in module rgb2dvi is either unconnected or has no load
WARNING: [Synth 8-7129] Port i_video_hs in module polar_view is either unconnected or has no load
WARNING: [Synth 8-7129] Port i_video_hs in module pane_overlay__parameterized2 is either unconnected or has no load
WARNING: [Synth 8-7129] Port i_video_hs in module pane_overlay__parameterized1 is either unconnected or has no load
WARNING: [Synth 8-7129] Port i_video_hs in module pane_overlay__parameterized0 is either unconnected or has no load
WARNING: [Synth 8-7129] Port i_video_hs in module pane_overlay is either unconnected or has no load
WARNING: [Synth 8-7129] Port i_val[18] in module convround__parameterized6 is either unconnected or has no load
WARNING: [Synth 8-7129] Port i_val[40] in module convround__parameterized4 is either unconnected or has no load
WARNING: [Synth 8-7129] Port i_val[39] in module convround__parameterized4 is either unconnected or has no load
WARNING: [Synth 8-7129] Port i_val[38] in module convround__parameterized4 is either unconnected or has no load
WARNING: [Synth 8-7129] Port i_val[37] in module convround__parameterized4 is either unconnected or has no load
WARNING: [Synth 8-7129] Port i_val[38] in module convround__parameterized3 is either unconnected or has no load
WARNING: [Synth 8-7129] Port i_val[37] in module convround__parameterized3 is either unconnected or has no load
WARNING: [Synth 8-7129] Port i_val[38] in module convround__parameterized2 is either unconnected or has no load
WARNING: [Synth 8-7129] Port i_val[37] in module convround__parameterized2 is either unconnected or has no load
WARNING: [Synth 8-7129] Port i_val[36] in module convround__parameterized2 is either unconnected or has no load
WARNING: [Synth 8-7129] Port i_val[35] in module convround__parameterized2 is either unconnected or has no load
WARNING: [Synth 8-7129] Port i_val[36] in module convround__parameterized1 is either unconnected or has no load
WARNING: [Synth 8-7129] Port i_val[35] in module convround__parameterized1 is either unconnected or has no load
WARNING: [Synth 8-7129] Port i_val[28] in module convround__parameterized0 is either unconnected or has no load
WARNING: [Synth 8-7129] Port i_val[27] in module convround__parameterized0 is either unconnected or has no load
WARNING: [Synth 8-7129] Port i_val[26] in module convround__parameterized0 is either unconnected or has no load
WARNING: [Synth 8-7129] Port i_val[25] in module convround__parameterized0 is either unconnected or has no load
WARNING: [Synth 8-7129] Port i_val[26] in module convround is either unconnected or has no load
WARNING: [Synth 8-7129] Port i_val[25] in module convround is either unconnected or has no load
---------------------------------------------------------------------------------
Finished RTL Elaboration : Time (s): cpu = 00:00:03 ; elapsed = 00:00:03 . Memory (MB): peak = 2396.395 ; gain = 640.812 ; free physical = 65747 ; free virtual = 86505
---------------------------------------------------------------------------------
---------------------------------------------------------------------------------
Start Handling Custom Attributes
---------------------------------------------------------------------------------
---------------------------------------------------------------------------------
Finished Handling Custom Attributes : Time (s): cpu = 00:00:03 ; elapsed = 00:00:03 . Memory (MB): peak = 2396.395 ; gain = 640.812 ; free physical = 65747 ; free virtual = 86505
---------------------------------------------------------------------------------
---------------------------------------------------------------------------------
Finished RTL Optimization Phase 1 : Time (s): cpu = 00:00:03 ; elapsed = 00:00:03 . Memory (MB): peak = 2396.395 ; gain = 640.812 ; free physical = 65747 ; free virtual = 86505
---------------------------------------------------------------------------------
Netlist sorting complete. Time (s): cpu = 00:00:00.21 ; elapsed = 00:00:00.21 . Memory (MB): peak = 2396.395 ; gain = 0.000 ; free physical = 65750 ; free virtual = 86507
INFO: [Netlist 29-17] Analyzing 47 Unisim elements for replacement
INFO: [Netlist 29-28] Unisim Transformation completed in 0 CPU seconds
INFO: [Project 1-570] Preparing netlist for logic optimization

Processing XDC Constraints
Initializing timing engine
Parsing XDC File [/media/tobiw/LocalData/Data/RASentinel/RASPMO/vivado/RASPMO.runs/synth_1/.Xil/Vivado-820915-R10DT01/Video_clk/Video_clk/Video_clk_in_context.xdc] for cell 'video_clk0'
Finished Parsing XDC File [/media/tobiw/LocalData/Data/RASentinel/RASPMO/vivado/RASPMO.runs/synth_1/.Xil/Vivado-820915-R10DT01/Video_clk/Video_clk/Video_clk_in_context.xdc] for cell 'video_clk0'
Parsing XDC File [/media/tobiw/LocalData/Data/RASentinel/RASPMO/rtl/constrs/RASPMO.xdc]
CRITICAL WARNING: [Constraints 18-1056] Clock 'SYS_clk' completely overrides clock 'i_SYS_clk'.
New: create_clock -period 20.000 -name SYS_clk -waveform {0.000 10.000} [get_ports i_SYS_clk], [/media/tobiw/LocalData/Data/RASentinel/RASPMO/rtl/constrs/RASPMO.xdc:16]
Previous: create_clock -period 20.000 [get_ports i_SYS_clk], [/media/tobiw/LocalData/Data/RASentinel/RASPMO/vivado/RASPMO.runs/synth_1/.Xil/Vivado-820915-R10DT01/Video_clk/Video_clk/Video_clk_in_context.xdc:1]
Resolution: Review the constraint files and remove the redundant clock definition(s). If the clock constraints are not saved in a file, you can first save the constraints to an XDC file and reload the design once the constraints have been corrected.
INFO: [Vivado 12-4777] Setting CLOCK_DEDICATED_ROUTE constraint on the PARENT net instead of the specified net segment (net name: lvds_irx0/IBUFDS_adc_dclk/i). Placer only honors CLOCK_DEDICATED_ROUTE when set on the PARENT net, e.g. net segment directly connected to the driver. To eliminate this message, please update your constraint to specify the PARENT net instead. [/media/tobiw/LocalData/Data/RASentinel/RASPMO/rtl/constrs/RASPMO.xdc:96]
INFO: [Vivado 12-4777] Setting CLOCK_DEDICATED_ROUTE constraint on the PARENT net instead of the specified net segment (net name: lvds_irx0/IBUFDS_adc_dclk/ib). Placer only honors CLOCK_DEDICATED_ROUTE when set on the PARENT net, e.g. net segment directly connected to the driver. To eliminate this message, please update your constraint to specify the PARENT net instead. [/media/tobiw/LocalData/Data/RASentinel/RASPMO/rtl/constrs/RASPMO.xdc:96]
INFO: [Vivado 12-4777] Setting CLOCK_DEDICATED_ROUTE constraint on the PARENT net instead of the specified net segment (net name: lvds_irx1/IBUFDS_adc_dclk/i). Placer only honors CLOCK_DEDICATED_ROUTE when set on the PARENT net, e.g. net segment directly connected to the driver. To eliminate this message, please update your constraint to specify the PARENT net instead. [/media/tobiw/LocalData/Data/RASentinel/RASPMO/rtl/constrs/RASPMO.xdc:97]
INFO: [Vivado 12-4777] Setting CLOCK_DEDICATED_ROUTE constraint on the PARENT net instead of the specified net segment (net name: lvds_irx1/IBUFDS_adc_dclk/ib). Placer only honors CLOCK_DEDICATED_ROUTE when set on the PARENT net, e.g. net segment directly connected to the driver. To eliminate this message, please update your constraint to specify the PARENT net instead. [/media/tobiw/LocalData/Data/RASentinel/RASPMO/rtl/constrs/RASPMO.xdc:97]
WARNING: [Constraints 18-401] set_multicycle_path: 'lvds_irx0/ISERDESE2_FCLK_EVEN_inst/DDLY' is not a valid endpoint. [/media/tobiw/LocalData/Data/RASentinel/RASPMO/rtl/constrs/RASPMO.xdc:101]
Resolution: A valid end point is a data pin of a sequential cell or a primary output or inout port. Please validate that all the objects returned by your query belong to this list.
WARNING: [Constraints 18-401] set_multicycle_path: 'lvds_irx0/gen_data_block[0].ISERDESE2_EVEN_inst/DDLY' is not a valid endpoint. [/media/tobiw/LocalData/Data/RASentinel/RASPMO/rtl/constrs/RASPMO.xdc:101]
Resolution: A valid end point is a data pin of a sequential cell or a primary output or inout port. Please validate that all the objects returned by your query belong to this list.
WARNING: [Constraints 18-401] set_multicycle_path: 'lvds_irx0/gen_data_block[1].ISERDESE2_EVEN_inst/DDLY' is not a valid endpoint. [/media/tobiw/LocalData/Data/RASentinel/RASPMO/rtl/constrs/RASPMO.xdc:101]
Resolution: A valid end point is a data pin of a sequential cell or a primary output or inout port. Please validate that all the objects returned by your query belong to this list.
WARNING: [Constraints 18-401] set_multicycle_path: 'lvds_irx0/gen_data_block[2].ISERDESE2_EVEN_inst/DDLY' is not a valid endpoint. [/media/tobiw/LocalData/Data/RASentinel/RASPMO/rtl/constrs/RASPMO.xdc:101]
Resolution: A valid end point is a data pin of a sequential cell or a primary output or inout port. Please validate that all the objects returned by your query belong to this list.
WARNING: [Constraints 18-401] set_multicycle_path: 'lvds_irx0/gen_data_block[3].ISERDESE2_EVEN_inst/DDLY' is not a valid endpoint. [/media/tobiw/LocalData/Data/RASentinel/RASPMO/rtl/constrs/RASPMO.xdc:101]
Resolution: A valid end point is a data pin of a sequential cell or a primary output or inout port. Please validate that all the objects returned by your query belong to this list.
WARNING: [Constraints 18-401] set_multicycle_path: 'lvds_irx1/ISERDESE2_FCLK_EVEN_inst/DDLY' is not a valid endpoint. [/media/tobiw/LocalData/Data/RASentinel/RASPMO/rtl/constrs/RASPMO.xdc:101]
Resolution: A valid end point is a data pin of a sequential cell or a primary output or inout port. Please validate that all the objects returned by your query belong to this list.
WARNING: [Constraints 18-401] set_multicycle_path: 'lvds_irx1/gen_data_block[0].ISERDESE2_EVEN_inst/DDLY' is not a valid endpoint. [/media/tobiw/LocalData/Data/RASentinel/RASPMO/rtl/constrs/RASPMO.xdc:101]
Resolution: A valid end point is a data pin of a sequential cell or a primary output or inout port. Please validate that all the objects returned by your query belong to this list.
WARNING: [Constraints 18-401] set_multicycle_path: 'lvds_irx1/gen_data_block[1].ISERDESE2_EVEN_inst/DDLY' is not a valid endpoint. [/media/tobiw/LocalData/Data/RASentinel/RASPMO/rtl/constrs/RASPMO.xdc:101]
Resolution: A valid end point is a data pin of a sequential cell or a primary output or inout port. Please validate that all the objects returned by your query belong to this list.
WARNING: [Constraints 18-401] set_multicycle_path: 'lvds_irx1/gen_data_block[2].ISERDESE2_EVEN_inst/DDLY' is not a valid endpoint. [/media/tobiw/LocalData/Data/RASentinel/RASPMO/rtl/constrs/RASPMO.xdc:101]
Resolution: A valid end point is a data pin of a sequential cell or a primary output or inout port. Please validate that all the objects returned by your query belong to this list.
WARNING: [Constraints 18-401] set_multicycle_path: 'lvds_irx1/gen_data_block[3].ISERDESE2_EVEN_inst/DDLY' is not a valid endpoint. [/media/tobiw/LocalData/Data/RASentinel/RASPMO/rtl/constrs/RASPMO.xdc:101]
Resolution: A valid end point is a data pin of a sequential cell or a primary output or inout port. Please validate that all the objects returned by your query belong to this list.
WARNING: [Constraints 18-401] set_multicycle_path: 'lvds_irx0/ISERDESE2_FCLK_EVEN_inst/DDLY' is not a valid endpoint. [/media/tobiw/LocalData/Data/RASentinel/RASPMO/rtl/constrs/RASPMO.xdc:102]
Resolution: A valid end point is a data pin of a sequential cell or a primary output or inout port. Please validate that all the objects returned by your query belong to this list.
WARNING: [Constraints 18-401] set_multicycle_path: 'lvds_irx0/gen_data_block[0].ISERDESE2_EVEN_inst/DDLY' is not a valid endpoint. [/media/tobiw/LocalData/Data/RASentinel/RASPMO/rtl/constrs/RASPMO.xdc:102]
Resolution: A valid end point is a data pin of a sequential cell or a primary output or inout port. Please validate that all the objects returned by your query belong to this list.
WARNING: [Constraints 18-401] set_multicycle_path: 'lvds_irx0/gen_data_block[1].ISERDESE2_EVEN_inst/DDLY' is not a valid endpoint. [/media/tobiw/LocalData/Data/RASentinel/RASPMO/rtl/constrs/RASPMO.xdc:102]
Resolution: A valid end point is a data pin of a sequential cell or a primary output or inout port. Please validate that all the objects returned by your query belong to this list.
WARNING: [Constraints 18-401] set_multicycle_path: 'lvds_irx0/gen_data_block[2].ISERDESE2_EVEN_inst/DDLY' is not a valid endpoint. [/media/tobiw/LocalData/Data/RASentinel/RASPMO/rtl/constrs/RASPMO.xdc:102]
Resolution: A valid end point is a data pin of a sequential cell or a primary output or inout port. Please validate that all the objects returned by your query belong to this list.
WARNING: [Constraints 18-401] set_multicycle_path: 'lvds_irx0/gen_data_block[3].ISERDESE2_EVEN_inst/DDLY' is not a valid endpoint. [/media/tobiw/LocalData/Data/RASentinel/RASPMO/rtl/constrs/RASPMO.xdc:102]
Resolution: A valid end point is a data pin of a sequential cell or a primary output or inout port. Please validate that all the objects returned by your query belong to this list.
WARNING: [Constraints 18-401] set_multicycle_path: 'lvds_irx1/ISERDESE2_FCLK_EVEN_inst/DDLY' is not a valid endpoint. [/media/tobiw/LocalData/Data/RASentinel/RASPMO/rtl/constrs/RASPMO.xdc:102]
Resolution: A valid end point is a data pin of a sequential cell or a primary output or inout port. Please validate that all the objects returned by your query belong to this list.
WARNING: [Constraints 18-401] set_multicycle_path: 'lvds_irx1/gen_data_block[0].ISERDESE2_EVEN_inst/DDLY' is not a valid endpoint. [/media/tobiw/LocalData/Data/RASentinel/RASPMO/rtl/constrs/RASPMO.xdc:102]
Resolution: A valid end point is a data pin of a sequential cell or a primary output or inout port. Please validate that all the objects returned by your query belong to this list.
WARNING: [Constraints 18-401] set_multicycle_path: 'lvds_irx1/gen_data_block[1].ISERDESE2_EVEN_inst/DDLY' is not a valid endpoint. [/media/tobiw/LocalData/Data/RASentinel/RASPMO/rtl/constrs/RASPMO.xdc:102]
Resolution: A valid end point is a data pin of a sequential cell or a primary output or inout port. Please validate that all the objects returned by your query belong to this list.
WARNING: [Constraints 18-401] set_multicycle_path: 'lvds_irx1/gen_data_block[2].ISERDESE2_EVEN_inst/DDLY' is not a valid endpoint. [/media/tobiw/LocalData/Data/RASentinel/RASPMO/rtl/constrs/RASPMO.xdc:102]
Resolution: A valid end point is a data pin of a sequential cell or a primary output or inout port. Please validate that all the objects returned by your query belong to this list.
WARNING: [Constraints 18-401] set_multicycle_path: 'lvds_irx1/gen_data_block[3].ISERDESE2_EVEN_inst/DDLY' is not a valid endpoint. [/media/tobiw/LocalData/Data/RASentinel/RASPMO/rtl/constrs/RASPMO.xdc:102]
Resolution: A valid end point is a data pin of a sequential cell or a primary output or inout port. Please validate that all the objects returned by your query belong to this list.
INFO: [Timing 38-2] Deriving generated clocks [/media/tobiw/LocalData/Data/RASentinel/RASPMO/rtl/constrs/RASPMO.xdc:158]
CRITICAL WARNING: [Vivado 12-4739] set_clock_groups:No valid object(s) found for '-group [get_clocks -quiet {video_clk0/inst/i_clk_50M clkfbout_Video_clk o_clk_120M_Video_clk o_clk_195M_Video_clk o_clk_65M_Video_clk o_clk_325M_Video_clk}]'. [/media/tobiw/LocalData/Data/RASentinel/RASPMO/rtl/constrs/RASPMO.xdc:158]
Resolution: Check if the specified object(s) exists in the current design. If it does, ensure that the correct design hierarchy was specified for the object. If you are working with clocks, make sure create_clock was used to create the clock object before it is referenced.
CRITICAL WARNING: [Vivado 12-4739] set_clock_groups:No valid object(s) found for '-group '. [/media/tobiw/LocalData/Data/RASentinel/RASPMO/rtl/constrs/RASPMO.xdc:158]
Resolution: Check if the specified object(s) exists in the current design. If it does, ensure that the correct design hierarchy was specified for the object. If you are working with clocks, make sure create_clock was used to create the clock object before it is referenced.
CRITICAL WARNING: [Constraints 18-376] set_output_delay: more than one reference clocks specified. [/media/tobiw/LocalData/Data/RASentinel/RASPMO/rtl/constrs/RASPMO.xdc:185]
CRITICAL WARNING: [Constraints 18-376] set_output_delay: more than one reference clocks specified. [/media/tobiw/LocalData/Data/RASentinel/RASPMO/rtl/constrs/RASPMO.xdc:186]
WARNING: [Constraints 18-401] set_false_path: 'IDELAYCTRL0/RST' is not a valid endpoint. [/media/tobiw/LocalData/Data/RASentinel/RASPMO/rtl/constrs/RASPMO.xdc:196]
Resolution: A valid end point is a data pin of a sequential cell or a primary output or inout port. Please validate that all the objects returned by your query belong to this list.
WARNING: [Constraints 18-401] set_false_path: 'gen_agc[0].shift_r_reg[2]/RST' is not a valid endpoint. [/media/tobiw/LocalData/Data/RASentinel/RASPMO/rtl/constrs/RASPMO.xdc:196]
Resolution: A valid end point is a data pin of a sequential cell or a primary output or inout port. Please validate that all the objects returned by your query belong to this list.
WARNING: [Constraints 18-401] set_false_path: 'gen_agc[1].shift_r_reg[2]/RST' is not a valid endpoint. [/media/tobiw/LocalData/Data/RASentinel/RASPMO/rtl/constrs/RASPMO.xdc:196]
Resolution: A valid end point is a data pin of a sequential cell or a primary output or inout port. Please validate that all the objects returned by your query belong to this list.
WARNING: [Constraints 18-401] set_false_path: 'gen_agc[2].shift_r_reg[2]/RST' is not a valid endpoint. [/media/tobiw/LocalData/Data/RASentinel/RASPMO/rtl/constrs/RASPMO.xdc:196]
Resolution: A valid end point is a data pin of a sequential cell or a primary output or inout port. Please validate that all the objects returned by your query belong to this list.
WARNING: [Constraints 18-401] set_false_path: 'gen_agc[3].shift_r_reg[2]/RST' is not a valid endpoint. [/media/tobiw/LocalData/Data/RASentinel/RASPMO/rtl/constrs/RASPMO.xdc:196]
Resolution: A valid end point is a data pin of a sequential cell or a primary output or inout port. Please validate that all the objects returned by your query belong to this list.
WARNING: [Constraints 18-401] set_false_path: 'out_shift_reg[11]/RST' is not a valid endpoint. [/media/tobiw/LocalData/Data/RASentinel/RASPMO/rtl/constrs/RASPMO.xdc:196]
Resolution: A valid end point is a data pin of a sequential cell or a primary output or inout port. Please validate that all the objects returned by your query belong to this list.
WARNING: [Constraints 18-401] set_false_path: 'out_shift_reg[2]/RST' is not a valid endpoint. [/media/tobiw/LocalData/Data/RASentinel/RASPMO/rtl/constrs/RASPMO.xdc:196]
Resolution: A valid end point is a data pin of a sequential cell or a primary output or inout port. Please validate that all the objects returned by your query belong to this list.
WARNING: [Constraints 18-401] set_false_path: 'out_shift_reg[5]/RST' is not a valid endpoint. [/media/tobiw/LocalData/Data/RASentinel/RASPMO/rtl/constrs/RASPMO.xdc:196]
Resolution: A valid end point is a data pin of a sequential cell or a primary output or inout port. Please validate that all the objects returned by your query belong to this list.
WARNING: [Constraints 18-401] set_false_path: 'out_shift_reg[8]/RST' is not a valid endpoint. [/media/tobiw/LocalData/Data/RASentinel/RASPMO/rtl/constrs/RASPMO.xdc:196]
Resolution: A valid end point is a data pin of a sequential cell or a primary output or inout port. Please validate that all the objects returned by your query belong to this list.
WARNING: [Constraints 18-401] set_false_path: 'gen_fft[0].fftx/stage_1024/HWBFLY.bfly/CKPCE_THREE.ce_phase_reg[0]/RST' is not a valid endpoint. [/media/tobiw/LocalData/Data/RASentinel/RASPMO/rtl/constrs/RASPMO.xdc:196]
Resolution: A valid end point is a data pin of a sequential cell or a primary output or inout port. Please validate that all the objects returned by your query belong to this list.
WARNING: [Constraints 18-401] set_false_path: 'gen_fft[0].fftx/stage_1024/HWBFLY.bfly/CKPCE_THREE.ce_phase_reg[1]/RST' is not a valid endpoint. [/media/tobiw/LocalData/Data/RASentinel/RASPMO/rtl/constrs/RASPMO.xdc:196]
Resolution: A valid end point is a data pin of a sequential cell or a primary output or inout port. Please validate that all the objects returned by your query belong to this list.
WARNING: [Constraints 18-401] set_false_path: 'gen_fft[0].fftx/stage_1024/HWBFLY.bfly/CKPCE_THREE.mpy_pipe_c_reg[15]/RST' is not a valid endpoint. [/media/tobiw/LocalData/Data/RASentinel/RASPMO/rtl/constrs/RASPMO.xdc:196]
Resolution: A valid end point is a data pin of a sequential cell or a primary output or inout port. Please validate that all the objects returned by your query belong to this list.
WARNING: [Constraints 18-401] set_false_path: 'gen_fft[0].fftx/stage_1024/HWBFLY.bfly/CKPCE_THREE.mpy_pipe_c_reg[16]/RST' is not a valid endpoint. [/media/tobiw/LocalData/Data/RASentinel/RASPMO/rtl/constrs/RASPMO.xdc:196]
Resolution: A valid end point is a data pin of a sequential cell or a primary output or inout port. Please validate that all the objects returned by your query belong to this list.
WARNING: [Constraints 18-401] set_false_path: 'gen_fft[0].fftx/stage_1024/HWBFLY.bfly/CKPCE_THREE.mpy_pipe_c_reg[17]/RST' is not a valid endpoint. [/media/tobiw/LocalData/Data/RASentinel/RASPMO/rtl/constrs/RASPMO.xdc:196]
Resolution: A valid end point is a data pin of a sequential cell or a primary output or inout port. Please validate that all the objects returned by your query belong to this list.
WARNING: [Constraints 18-401] set_false_path: 'gen_fft[0].fftx/stage_1024/HWBFLY.bfly/CKPCE_THREE.mpy_pipe_c_reg[18]/RST' is not a valid endpoint. [/media/tobiw/LocalData/Data/RASentinel/RASPMO/rtl/constrs/RASPMO.xdc:196]
Resolution: A valid end point is a data pin of a sequential cell or a primary output or inout port. Please validate that all the objects returned by your query belong to this list.
WARNING: [Constraints 18-401] set_false_path: 'gen_fft[0].fftx/stage_1024/HWBFLY.bfly/CKPCE_THREE.mpy_pipe_c_reg[19]/RST' is not a valid endpoint. [/media/tobiw/LocalData/Data/RASentinel/RASPMO/rtl/constrs/RASPMO.xdc:196]
Resolution: A valid end point is a data pin of a sequential cell or a primary output or inout port. Please validate that all the objects returned by your query belong to this list.
WARNING: [Constraints 18-401] set_false_path: 'gen_fft[0].fftx/stage_1024/HWBFLY.bfly/CKPCE_THREE.mpy_pipe_c_reg[20]/RST' is not a valid endpoint. [/media/tobiw/LocalData/Data/RASentinel/RASPMO/rtl/constrs/RASPMO.xdc:196]
Resolution: A valid end point is a data pin of a sequential cell or a primary output or inout port. Please validate that all the objects returned by your query belong to this list.
WARNING: [Constraints 18-401] set_false_path: 'gen_fft[0].fftx/stage_1024/HWBFLY.bfly/CKPCE_THREE.mpy_pipe_c_reg[21]/RST' is not a valid endpoint. [/media/tobiw/LocalData/Data/RASentinel/RASPMO/rtl/constrs/RASPMO.xdc:196]
Resolution: A valid end point is a data pin of a sequential cell or a primary output or inout port. Please validate that all the objects returned by your query belong to this list.
WARNING: [Constraints 18-401] set_false_path: 'gen_fft[0].fftx/stage_1024/HWBFLY.bfly/CKPCE_THREE.mpy_pipe_c_reg[22]/RST' is not a valid endpoint. [/media/tobiw/LocalData/Data/RASentinel/RASPMO/rtl/constrs/RASPMO.xdc:196]
Resolution: A valid end point is a data pin of a sequential cell or a primary output or inout port. Please validate that all the objects returned by your query belong to this list.
WARNING: [Constraints 18-401] set_false_path: 'gen_fft[0].fftx/stage_1024/HWBFLY.bfly/CKPCE_THREE.mpy_pipe_c_reg[23]/RST' is not a valid endpoint. [/media/tobiw/LocalData/Data/RASentinel/RASPMO/rtl/constrs/RASPMO.xdc:196]
Resolution: A valid end point is a data pin of a sequential cell or a primary output or inout port. Please validate that all the objects returned by your query belong to this list.
WARNING: [Constraints 18-401] set_false_path: 'gen_fft[0].fftx/stage_1024/HWBFLY.bfly/CKPCE_THREE.mpy_pipe_c_reg[24]/RST' is not a valid endpoint. [/media/tobiw/LocalData/Data/RASentinel/RASPMO/rtl/constrs/RASPMO.xdc:196]
Resolution: A valid end point is a data pin of a sequential cell or a primary output or inout port. Please validate that all the objects returned by your query belong to this list.
WARNING: [Constraints 18-401] set_false_path: 'gen_fft[0].fftx/stage_1024/HWBFLY.bfly/CKPCE_THREE.mpy_pipe_c_reg[25]/RST' is not a valid endpoint. [/media/tobiw/LocalData/Data/RASentinel/RASPMO/rtl/constrs/RASPMO.xdc:196]
Resolution: A valid end point is a data pin of a sequential cell or a primary output or inout port. Please validate that all the objects returned by your query belong to this list.
WARNING: [Constraints 18-401] set_false_path: 'gen_fft[0].fftx/stage_1024/HWBFLY.bfly/CKPCE_THREE.mpy_pipe_c_reg[26]/RST' is not a valid endpoint. [/media/tobiw/LocalData/Data/RASentinel/RASPMO/rtl/constrs/RASPMO.xdc:196]
Resolution: A valid end point is a data pin of a sequential cell or a primary output or inout port. Please validate that all the objects returned by your query belong to this list.
WARNING: [Constraints 18-401] set_false_path: 'gen_fft[0].fftx/stage_1024/HWBFLY.bfly/CKPCE_THREE.mpy_pipe_c_reg[27]/RST' is not a valid endpoint. [/media/tobiw/LocalData/Data/RASentinel/RASPMO/rtl/constrs/RASPMO.xdc:196]
Resolution: A valid end point is a data pin of a sequential cell or a primary output or inout port. Please validate that all the objects returned by your query belong to this list.
WARNING: [Constraints 18-401] set_false_path: 'gen_fft[0].fftx/stage_1024/HWBFLY.bfly/CKPCE_THREE.mpy_pipe_c_reg[28]/RST' is not a valid endpoint. [/media/tobiw/LocalData/Data/RASentinel/RASPMO/rtl/constrs/RASPMO.xdc:196]
Resolution: A valid end point is a data pin of a sequential cell or a primary output or inout port. Please validate that all the objects returned by your query belong to this list.
WARNING: [Constraints 18-401] set_false_path: 'gen_fft[0].fftx/stage_1024/HWBFLY.bfly/CKPCE_THREE.mpy_pipe_c_reg[29]/RST' is not a valid endpoint. [/media/tobiw/LocalData/Data/RASentinel/RASPMO/rtl/constrs/RASPMO.xdc:196]
Resolution: A valid end point is a data pin of a sequential cell or a primary output or inout port. Please validate that all the objects returned by your query belong to this list.
WARNING: [Constraints 18-401] set_false_path: 'gen_fft[0].fftx/stage_1024/HWBFLY.bfly/CKPCE_THREE.mpy_pipe_c_reg[30]/RST' is not a valid endpoint. [/media/tobiw/LocalData/Data/RASentinel/RASPMO/rtl/constrs/RASPMO.xdc:196]
Resolution: A valid end point is a data pin of a sequential cell or a primary output or inout port. Please validate that all the objects returned by your query belong to this list.
WARNING: [Constraints 18-401] set_false_path: 'gen_fft[0].fftx/stage_1024/HWBFLY.bfly/CKPCE_THREE.mpy_pipe_c_reg[31]/RST' is not a valid endpoint. [/media/tobiw/LocalData/Data/RASentinel/RASPMO/rtl/constrs/RASPMO.xdc:196]
Resolution: A valid end point is a data pin of a sequential cell or a primary output or inout port. Please validate that all the objects returned by your query belong to this list.
WARNING: [Constraints 18-401] set_false_path: 'gen_fft[0].fftx/stage_1024/HWBFLY.bfly/CKPCE_THREE.mpy_pipe_c_reg[32]/RST' is not a valid endpoint. [/media/tobiw/LocalData/Data/RASentinel/RASPMO/rtl/constrs/RASPMO.xdc:196]
Resolution: A valid end point is a data pin of a sequential cell or a primary output or inout port. Please validate that all the objects returned by your query belong to this list.
WARNING: [Constraints 18-401] set_false_path: 'gen_fft[0].fftx/stage_1024/HWBFLY.bfly/CKPCE_THREE.mpy_pipe_c_reg[33]/RST' is not a valid endpoint. [/media/tobiw/LocalData/Data/RASentinel/RASPMO/rtl/constrs/RASPMO.xdc:196]
Resolution: A valid end point is a data pin of a sequential cell or a primary output or inout port. Please validate that all the objects returned by your query belong to this list.
WARNING: [Constraints 18-401] set_false_path: 'gen_fft[0].fftx/stage_1024/HWBFLY.bfly/CKPCE_THREE.mpy_pipe_c_reg[34]/RST' is not a valid endpoint. [/media/tobiw/LocalData/Data/RASentinel/RASPMO/rtl/constrs/RASPMO.xdc:196]
Resolution: A valid end point is a data pin of a sequential cell or a primary output or inout port. Please validate that all the objects returned by your query belong to this list.
WARNING: [Constraints 18-401] set_false_path: 'gen_fft[0].fftx/stage_1024/HWBFLY.bfly/CKPCE_THREE.mpy_pipe_c_reg[35]/RST' is not a valid endpoint. [/media/tobiw/LocalData/Data/RASentinel/RASPMO/rtl/constrs/RASPMO.xdc:196]
Resolution: A valid end point is a data pin of a sequential cell or a primary output or inout port. Please validate that all the objects returned by your query belong to this list.
WARNING: [Constraints 18-401] set_false_path: 'gen_fft[0].fftx/stage_1024/HWBFLY.bfly/CKPCE_THREE.mpy_pipe_c_reg[36]/RST' is not a valid endpoint. [/media/tobiw/LocalData/Data/RASentinel/RASPMO/rtl/constrs/RASPMO.xdc:196]
Resolution: A valid end point is a data pin of a sequential cell or a primary output or inout port. Please validate that all the objects returned by your query belong to this list.
WARNING: [Constraints 18-401] set_false_path: 'gen_fft[0].fftx/stage_1024/HWBFLY.bfly/CKPCE_THREE.mpy_pipe_c_reg[37]/RST' is not a valid endpoint. [/media/tobiw/LocalData/Data/RASentinel/RASPMO/rtl/constrs/RASPMO.xdc:196]
Resolution: A valid end point is a data pin of a sequential cell or a primary output or inout port. Please validate that all the objects returned by your query belong to this list.
WARNING: [Constraints 18-401] set_false_path: 'gen_fft[0].fftx/stage_1024/HWBFLY.bfly/CKPCE_THREE.mpy_pipe_c_reg[38]/RST' is not a valid endpoint. [/media/tobiw/LocalData/Data/RASentinel/RASPMO/rtl/constrs/RASPMO.xdc:196]
Resolution: A valid end point is a data pin of a sequential cell or a primary output or inout port. Please validate that all the objects returned by your query belong to this list.
WARNING: [Constraints 18-401] set_false_path: 'gen_fft[0].fftx/stage_1024/HWBFLY.bfly/CKPCE_THREE.mpy_pipe_c_reg[39]/RST' is not a valid endpoint. [/media/tobiw/LocalData/Data/RASentinel/RASPMO/rtl/constrs/RASPMO.xdc:196]
Resolution: A valid end point is a data pin of a sequential cell or a primary output or inout port. Please validate that all the objects returned by your query belong to this list.
WARNING: [Constraints 18-401] set_false_path: 'gen_fft[0].fftx/stage_1024/HWBFLY.bfly/CKPCE_THREE.mpy_pipe_c_reg[40]/RST' is not a valid endpoint. [/media/tobiw/LocalData/Data/RASentinel/RASPMO/rtl/constrs/RASPMO.xdc:196]
Resolution: A valid end point is a data pin of a sequential cell or a primary output or inout port. Please validate that all the objects returned by your query belong to this list.
WARNING: [Constraints 18-401] set_false_path: 'gen_fft[0].fftx/stage_1024/HWBFLY.bfly/CKPCE_THREE.mpy_pipe_c_reg[41]/RST' is not a valid endpoint. [/media/tobiw/LocalData/Data/RASentinel/RASPMO/rtl/constrs/RASPMO.xdc:196]
Resolution: A valid end point is a data pin of a sequential cell or a primary output or inout port. Please validate that all the objects returned by your query belong to this list.
WARNING: [Constraints 18-401] set_false_path: 'gen_fft[0].fftx/stage_1024/HWBFLY.bfly/CKPCE_THREE.mpy_pipe_c_reg[42]/RST' is not a valid endpoint. [/media/tobiw/LocalData/Data/RASentinel/RASPMO/rtl/constrs/RASPMO.xdc:196]
Resolution: A valid end point is a data pin of a sequential cell or a primary output or inout port. Please validate that all the objects returned by your query belong to this list.
WARNING: [Constraints 18-401] set_false_path: 'gen_fft[0].fftx/stage_1024/HWBFLY.bfly/CKPCE_THREE.mpy_pipe_c_reg[43]/RST' is not a valid endpoint. [/media/tobiw/LocalData/Data/RASentinel/RASPMO/rtl/constrs/RASPMO.xdc:196]
Resolution: A valid end point is a data pin of a sequential cell or a primary output or inout port. Please validate that all the objects returned by your query belong to this list.
WARNING: [Constraints 18-401] set_false_path: 'gen_fft[0].fftx/stage_1024/HWBFLY.bfly/CKPCE_THREE.mpy_pipe_c_reg[44]/RST' is not a valid endpoint. [/media/tobiw/LocalData/Data/RASentinel/RASPMO/rtl/constrs/RASPMO.xdc:196]
Resolution: A valid end point is a data pin of a sequential cell or a primary output or inout port. Please validate that all the objects returned by your query belong to this list.
WARNING: [Constraints 18-401] set_false_path: 'gen_fft[0].fftx/stage_1024/HWBFLY.bfly/CKPCE_THREE.mpy_pipe_d_reg[14]/RST' is not a valid endpoint. [/media/tobiw/LocalData/Data/RASentinel/RASPMO/rtl/constrs/RASPMO.xdc:196]
Resolution: A valid end point is a data pin of a sequential cell or a primary output or inout port. Please validate that all the objects returned by your query belong to this list.
WARNING: [Constraints 18-401] set_false_path: 'gen_fft[0].fftx/stage_1024/HWBFLY.bfly/CKPCE_THREE.mpy_pipe_d_reg[15]/RST' is not a valid endpoint. [/media/tobiw/LocalData/Data/RASentinel/RASPMO/rtl/constrs/RASPMO.xdc:196]
Resolution: A valid end point is a data pin of a sequential cell or a primary output or inout port. Please validate that all the objects returned by your query belong to this list.
WARNING: [Constraints 18-401] set_false_path: 'gen_fft[0].fftx/stage_1024/HWBFLY.bfly/CKPCE_THREE.mpy_pipe_d_reg[16]/RST' is not a valid endpoint. [/media/tobiw/LocalData/Data/RASentinel/RASPMO/rtl/constrs/RASPMO.xdc:196]
Resolution: A valid end point is a data pin of a sequential cell or a primary output or inout port. Please validate that all the objects returned by your query belong to this list.
WARNING: [Constraints 18-401] set_false_path: 'gen_fft[0].fftx/stage_1024/HWBFLY.bfly/CKPCE_THREE.mpy_pipe_d_reg[17]/RST' is not a valid endpoint. [/media/tobiw/LocalData/Data/RASentinel/RASPMO/rtl/constrs/RASPMO.xdc:196]
Resolution: A valid end point is a data pin of a sequential cell or a primary output or inout port. Please validate that all the objects returned by your query belong to this list.
WARNING: [Constraints 18-401] set_false_path: 'gen_fft[0].fftx/stage_1024/HWBFLY.bfly/CKPCE_THREE.mpy_pipe_d_reg[18]/RST' is not a valid endpoint. [/media/tobiw/LocalData/Data/RASentinel/RASPMO/rtl/constrs/RASPMO.xdc:196]
Resolution: A valid end point is a data pin of a sequential cell or a primary output or inout port. Please validate that all the objects returned by your query belong to this list.
WARNING: [Constraints 18-401] set_false_path: 'gen_fft[0].fftx/stage_1024/HWBFLY.bfly/CKPCE_THREE.mpy_pipe_d_reg[19]/RST' is not a valid endpoint. [/media/tobiw/LocalData/Data/RASentinel/RASPMO/rtl/constrs/RASPMO.xdc:196]
Resolution: A valid end point is a data pin of a sequential cell or a primary output or inout port. Please validate that all the objects returned by your query belong to this list.
WARNING: [Constraints 18-401] set_false_path: 'gen_fft[0].fftx/stage_1024/HWBFLY.bfly/CKPCE_THREE.mpy_pipe_d_reg[20]/RST' is not a valid endpoint. [/media/tobiw/LocalData/Data/RASentinel/RASPMO/rtl/constrs/RASPMO.xdc:196]
Resolution: A valid end point is a data pin of a sequential cell or a primary output or inout port. Please validate that all the objects returned by your query belong to this list.
WARNING: [Constraints 18-401] set_false_path: 'gen_fft[0].fftx/stage_1024/HWBFLY.bfly/CKPCE_THREE.mpy_pipe_d_reg[21]/RST' is not a valid endpoint. [/media/tobiw/LocalData/Data/RASentinel/RASPMO/rtl/constrs/RASPMO.xdc:196]
Resolution: A valid end point is a data pin of a sequential cell or a primary output or inout port. Please validate that all the objects returned by your query belong to this list.
WARNING: [Constraints 18-401] set_false_path: 'gen_fft[0].fftx/stage_1024/HWBFLY.bfly/CKPCE_THREE.mpy_pipe_d_reg[22]/RST' is not a valid endpoint. [/media/tobiw/LocalData/Data/RASentinel/RASPMO/rtl/constrs/RASPMO.xdc:196]
Resolution: A valid end point is a data pin of a sequential cell or a primary output or inout port. Please validate that all the objects returned by your query belong to this list.
WARNING: [Constraints 18-401] set_false_path: 'gen_fft[0].fftx/stage_1024/HWBFLY.bfly/CKPCE_THREE.mpy_pipe_d_reg[23]/RST' is not a valid endpoint. [/media/tobiw/LocalData/Data/RASentinel/RASPMO/rtl/constrs/RASPMO.xdc:196]
Resolution: A valid end point is a data pin of a sequential cell or a primary output or inout port. Please validate that all the objects returned by your query belong to this list.
WARNING: [Constraints 18-401] set_false_path: 'gen_fft[0].fftx/stage_1024/HWBFLY.bfly/CKPCE_THREE.mpy_pipe_d_reg[24]/RST' is not a valid endpoint. [/media/tobiw/LocalData/Data/RASentinel/RASPMO/rtl/constrs/RASPMO.xdc:196]
Resolution: A valid end point is a data pin of a sequential cell or a primary output or inout port. Please validate that all the objects returned by your query belong to this list.
WARNING: [Constraints 18-401] set_false_path: 'gen_fft[0].fftx/stage_1024/HWBFLY.bfly/CKPCE_THREE.mpy_pipe_d_reg[25]/RST' is not a valid endpoint. [/media/tobiw/LocalData/Data/RASentinel/RASPMO/rtl/constrs/RASPMO.xdc:196]
Resolution: A valid end point is a data pin of a sequential cell or a primary output or inout port. Please validate that all the objects returned by your query belong to this list.
WARNING: [Constraints 18-401] set_false_path: 'gen_fft[0].fftx/stage_1024/HWBFLY.bfly/CKPCE_THREE.mpy_pipe_d_reg[26]/RST' is not a valid endpoint. [/media/tobiw/LocalData/Data/RASentinel/RASPMO/rtl/constrs/RASPMO.xdc:196]
Resolution: A valid end point is a data pin of a sequential cell or a primary output or inout port. Please validate that all the objects returned by your query belong to this list.
WARNING: [Constraints 18-401] set_false_path: 'gen_fft[0].fftx/stage_1024/HWBFLY.bfly/CKPCE_THREE.mpy_pipe_d_reg[27]/RST' is not a valid endpoint. [/media/tobiw/LocalData/Data/RASentinel/RASPMO/rtl/constrs/RASPMO.xdc:196]
Resolution: A valid end point is a data pin of a sequential cell or a primary output or inout port. Please validate that all the objects returned by your query belong to this list.
WARNING: [Constraints 18-401] set_false_path: 'gen_fft[0].fftx/stage_1024/HWBFLY.bfly/CKPCE_THREE.mpy_pipe_d_reg[28]/RST' is not a valid endpoint. [/media/tobiw/LocalData/Data/RASentinel/RASPMO/rtl/constrs/RASPMO.xdc:196]
Resolution: A valid end point is a data pin of a sequential cell or a primary output or inout port. Please validate that all the objects returned by your query belong to this list.
WARNING: [Constraints 18-401] set_false_path: 'gen_fft[0].fftx/stage_1024/HWBFLY.bfly/CKPCE_THREE.mpy_pipe_d_reg[29]/RST' is not a valid endpoint. [/media/tobiw/LocalData/Data/RASentinel/RASPMO/rtl/constrs/RASPMO.xdc:196]
Resolution: A valid end point is a data pin of a sequential cell or a primary output or inout port. Please validate that all the objects returned by your query belong to this list.
WARNING: [Constraints 18-401] set_false_path: 'gen_fft[0].fftx/stage_1024/HWBFLY.bfly/CKPCE_THREE.mpy_pipe_d_reg[30]/RST' is not a valid endpoint. [/media/tobiw/LocalData/Data/RASentinel/RASPMO/rtl/constrs/RASPMO.xdc:196]
Resolution: A valid end point is a data pin of a sequential cell or a primary output or inout port. Please validate that all the objects returned by your query belong to this list.
WARNING: [Constraints 18-401] set_false_path: 'gen_fft[0].fftx/stage_1024/HWBFLY.bfly/CKPCE_THREE.mpy_pipe_d_reg[31]/RST' is not a valid endpoint. [/media/tobiw/LocalData/Data/RASentinel/RASPMO/rtl/constrs/RASPMO.xdc:196]
Resolution: A valid end point is a data pin of a sequential cell or a primary output or inout port. Please validate that all the objects returned by your query belong to this list.
WARNING: [Constraints 18-401] set_false_path: 'gen_fft[0].fftx/stage_1024/HWBFLY.bfly/CKPCE_THREE.mpy_pipe_d_reg[32]/RST' is not a valid endpoint. [/media/tobiw/LocalData/Data/RASentinel/RASPMO/rtl/constrs/RASPMO.xdc:196]
Resolution: A valid end point is a data pin of a sequential cell or a primary output or inout port. Please validate that all the objects returned by your query belong to this list.
WARNING: [Constraints 18-401] set_false_path: 'gen_fft[0].fftx/stage_1024/HWBFLY.bfly/CKPCE_THREE.mpy_pipe_d_reg[33]/RST' is not a valid endpoint. [/media/tobiw/LocalData/Data/RASentinel/RASPMO/rtl/constrs/RASPMO.xdc:196]
Resolution: A valid end point is a data pin of a sequential cell or a primary output or inout port. Please validate that all the objects returned by your query belong to this list.
WARNING: [Constraints 18-401] set_false_path: 'gen_fft[0].fftx/stage_1024/HWBFLY.bfly/CKPCE_THREE.mpy_pipe_d_reg[34]/RST' is not a valid endpoint. [/media/tobiw/LocalData/Data/RASentinel/RASPMO/rtl/constrs/RASPMO.xdc:196]
Resolution: A valid end point is a data pin of a sequential cell or a primary output or inout port. Please validate that all the objects returned by your query belong to this list.
WARNING: [Constraints 18-401] set_false_path: 'gen_fft[0].fftx/stage_1024/HWBFLY.bfly/CKPCE_THREE.mpy_pipe_d_reg[35]/RST' is not a valid endpoint. [/media/tobiw/LocalData/Data/RASentinel/RASPMO/rtl/constrs/RASPMO.xdc:196]
Resolution: A valid end point is a data pin of a sequential cell or a primary output or inout port. Please validate that all the objects returned by your query belong to this list.
WARNING: [Constraints 18-401] set_false_path: 'gen_fft[0].fftx/stage_1024/HWBFLY.bfly/CKPCE_THREE.mpy_pipe_d_reg[36]/RST' is not a valid endpoint. [/media/tobiw/LocalData/Data/RASentinel/RASPMO/rtl/constrs/RASPMO.xdc:196]
Resolution: A valid end point is a data pin of a sequential cell or a primary output or inout port. Please validate that all the objects returned by your query belong to this list.
WARNING: [Constraints 18-401] set_false_path: 'gen_fft[0].fftx/stage_1024/HWBFLY.bfly/CKPCE_THREE.mpy_pipe_d_reg[37]/RST' is not a valid endpoint. [/media/tobiw/LocalData/Data/RASentinel/RASPMO/rtl/constrs/RASPMO.xdc:196]
Resolution: A valid end point is a data pin of a sequential cell or a primary output or inout port. Please validate that all the objects returned by your query belong to this list.
WARNING: [Constraints 18-401] set_false_path: 'gen_fft[0].fftx/stage_1024/HWBFLY.bfly/CKPCE_THREE.mpy_pipe_d_reg[38]/RST' is not a valid endpoint. [/media/tobiw/LocalData/Data/RASentinel/RASPMO/rtl/constrs/RASPMO.xdc:196]
Resolution: A valid end point is a data pin of a sequential cell or a primary output or inout port. Please validate that all the objects returned by your query belong to this list.
WARNING: [Constraints 18-401] set_false_path: 'gen_fft[0].fftx/stage_1024/HWBFLY.bfly/CKPCE_THREE.mpy_pipe_d_reg[39]/RST' is not a valid endpoint. [/media/tobiw/LocalData/Data/RASentinel/RASPMO/rtl/constrs/RASPMO.xdc:196]
Resolution: A valid end point is a data pin of a sequential cell or a primary output or inout port. Please validate that all the objects returned by your query belong to this list.
WARNING: [Constraints 18-401] set_false_path: 'gen_fft[0].fftx/stage_1024/HWBFLY.bfly/CKPCE_THREE.mpy_pipe_d_reg[40]/RST' is not a valid endpoint. [/media/tobiw/LocalData/Data/RASentinel/RASPMO/rtl/constrs/RASPMO.xdc:196]
Resolution: A valid end point is a data pin of a sequential cell or a primary output or inout port. Please validate that all the objects returned by your query belong to this list.
WARNING: [Constraints 18-401] set_false_path: 'gen_fft[0].fftx/stage_1024/HWBFLY.bfly/CKPCE_THREE.mpy_pipe_d_reg[41]/RST' is not a valid endpoint. [/media/tobiw/LocalData/Data/RASentinel/RASPMO/rtl/constrs/RASPMO.xdc:196]
Resolution: A valid end point is a data pin of a sequential cell or a primary output or inout port. Please validate that all the objects returned by your query belong to this list.
WARNING: [Constraints 18-401] set_false_path: 'gen_fft[0].fftx/stage_128/HWBFLY.bfly/CKPCE_THREE.ce_phase_reg[0]/RST' is not a valid endpoint. [/media/tobiw/LocalData/Data/RASentinel/RASPMO/rtl/constrs/RASPMO.xdc:196]
Resolution: A valid end point is a data pin of a sequential cell or a primary output or inout port. Please validate that all the objects returned by your query belong to this list.
WARNING: [Constraints 18-401] set_false_path: 'gen_fft[0].fftx/stage_128/HWBFLY.bfly/CKPCE_THREE.ce_phase_reg[1]/RST' is not a valid endpoint. [/media/tobiw/LocalData/Data/RASentinel/RASPMO/rtl/constrs/RASPMO.xdc:196]
Resolution: A valid end point is a data pin of a sequential cell or a primary output or inout port. Please validate that all the objects returned by your query belong to this list.
WARNING: [Constraints 18-401] set_false_path: 'gen_fft[0].fftx/stage_128/HWBFLY.bfly/CKPCE_THREE.mpy_pipe_c_reg[21]/RST' is not a valid endpoint. [/media/tobiw/LocalData/Data/RASentinel/RASPMO/rtl/constrs/RASPMO.xdc:196]
Resolution: A valid end point is a data pin of a sequential cell or a primary output or inout port. Please validate that all the objects returned by your query belong to this list.
WARNING: [Constraints 18-401] set_false_path: 'gen_fft[0].fftx/stage_128/HWBFLY.bfly/CKPCE_THREE.mpy_pipe_c_reg[22]/RST' is not a valid endpoint. [/media/tobiw/LocalData/Data/RASentinel/RASPMO/rtl/constrs/RASPMO.xdc:196]
Resolution: A valid end point is a data pin of a sequential cell or a primary output or inout port. Please validate that all the objects returned by your query belong to this list.
WARNING: [Constraints 18-401] set_false_path: 'gen_fft[0].fftx/stage_128/HWBFLY.bfly/CKPCE_THREE.mpy_pipe_c_reg[23]/RST' is not a valid endpoint. [/media/tobiw/LocalData/Data/RASentinel/RASPMO/rtl/constrs/RASPMO.xdc:196]
Resolution: A valid end point is a data pin of a sequential cell or a primary output or inout port. Please validate that all the objects returned by your query belong to this list.
WARNING: [Constraints 18-401] set_false_path: 'gen_fft[0].fftx/stage_128/HWBFLY.bfly/CKPCE_THREE.mpy_pipe_c_reg[24]/RST' is not a valid endpoint. [/media/tobiw/LocalData/Data/RASentinel/RASPMO/rtl/constrs/RASPMO.xdc:196]
Resolution: A valid end point is a data pin of a sequential cell or a primary output or inout port. Please validate that all the objects returned by your query belong to this list.
WARNING: [Constraints 18-401] set_false_path: 'gen_fft[0].fftx/stage_128/HWBFLY.bfly/CKPCE_THREE.mpy_pipe_c_reg[25]/RST' is not a valid endpoint. [/media/tobiw/LocalData/Data/RASentinel/RASPMO/rtl/constrs/RASPMO.xdc:196]
Resolution: A valid end point is a data pin of a sequential cell or a primary output or inout port. Please validate that all the objects returned by your query belong to this list.
WARNING: [Constraints 18-401] set_false_path: 'gen_fft[0].fftx/stage_128/HWBFLY.bfly/CKPCE_THREE.mpy_pipe_c_reg[26]/RST' is not a valid endpoint. [/media/tobiw/LocalData/Data/RASentinel/RASPMO/rtl/constrs/RASPMO.xdc:196]
Resolution: A valid end point is a data pin of a sequential cell or a primary output or inout port. Please validate that all the objects returned by your query belong to this list.
WARNING: [Constraints 18-401] set_false_path: 'gen_fft[0].fftx/stage_128/HWBFLY.bfly/CKPCE_THREE.mpy_pipe_c_reg[27]/RST' is not a valid endpoint. [/media/tobiw/LocalData/Data/RASentinel/RASPMO/rtl/constrs/RASPMO.xdc:196]
Resolution: A valid end point is a data pin of a sequential cell or a primary output or inout port. Please validate that all the objects returned by your query belong to this list.
WARNING: [Constraints 18-401] set_false_path: 'gen_fft[0].fftx/stage_128/HWBFLY.bfly/CKPCE_THREE.mpy_pipe_c_reg[28]/RST' is not a valid endpoint. [/media/tobiw/LocalData/Data/RASentinel/RASPMO/rtl/constrs/RASPMO.xdc:196]
Resolution: A valid end point is a data pin of a sequential cell or a primary output or inout port. Please validate that all the objects returned by your query belong to this list.
WARNING: [Constraints 18-401] set_false_path: 'gen_fft[0].fftx/stage_128/HWBFLY.bfly/CKPCE_THREE.mpy_pipe_c_reg[29]/RST' is not a valid endpoint. [/media/tobiw/LocalData/Data/RASentinel/RASPMO/rtl/constrs/RASPMO.xdc:196]
Resolution: A valid end point is a data pin of a sequential cell or a primary output or inout port. Please validate that all the objects returned by your query belong to this list.
INFO: [Common 17-14] Message 'Constraints 18-401' appears 100 times and further instances of the messages will be disabled. Use the Tcl command set_msg_config to change the current settings. [/media/tobiw/LocalData/Data/RASentinel/RASPMO/rtl/constrs/RASPMO.xdc:196]
WARNING: [Vivado 12-627] No clocks matched 'o_clk_120M_Video_clk'. [/media/tobiw/LocalData/Data/RASentinel/RASPMO/rtl/constrs/RASPMO.xdc:205]
INFO: [Vivado 12-626] No clocks found. Please use 'create_clock' or 'create_generated_clock' command to create clocks. [/media/tobiw/LocalData/Data/RASentinel/RASPMO/rtl/constrs/RASPMO.xdc:205]
Finished Parsing XDC File [/media/tobiw/LocalData/Data/RASentinel/RASPMO/rtl/constrs/RASPMO.xdc]
WARNING: [Project 1-498] One or more constraints failed evaluation while reading constraint file [/media/tobiw/LocalData/Data/RASentinel/RASPMO/rtl/constrs/RASPMO.xdc] and the design contains unresolved black boxes. These constraints will be read post-synthesis (as long as their source constraint file is marked as used_in_implementation) and should be applied correctly then. You should review the constraints listed in the file [.Xil/top_propImpl.xdc] and check the run log file to verify that these constraints were correctly applied.
INFO: [Project 1-236] Implementation specific constraints were found while reading constraint file [/media/tobiw/LocalData/Data/RASentinel/RASPMO/rtl/constrs/RASPMO.xdc]. These constraints will be ignored for synthesis but will be used in implementation. Impacted constraints are listed in the file [.Xil/top_propImpl.xdc].
Resolution: To avoid this warning, move constraints listed in [.Xil/top_propImpl.xdc] to another XDC file and exclude this new file from synthesis with the used_in_synthesis property (File Properties dialog in GUI) and re-run elaboration/synthesis.
Parsing XDC File [/media/tobiw/LocalData/Data/RASentinel/RASPMO/vivado/RASPMO.runs/synth_1/dont_touch.xdc]
Finished Parsing XDC File [/media/tobiw/LocalData/Data/RASentinel/RASPMO/vivado/RASPMO.runs/synth_1/dont_touch.xdc]
Completed Processing XDC Constraints

Netlist sorting complete. Time (s): cpu = 00:00:00.01 ; elapsed = 00:00:00.01 . Memory (MB): peak = 2544.797 ; gain = 0.000 ; free physical = 65724 ; free virtual = 86483
INFO: [Project 1-111] Unisim Transformation Summary:
  A total of 13 instances were transformed.
  IBUFDS_DIFF_OUT => IBUFDS_DIFF_OUT (IBUFDS(x2)): 12 instances
  MMCME2_BASE => MMCME2_ADV: 1 instance 

WARNING: [Constraints 18-929] The number of objects selected for the constraint defined at line 196 of constraint file '/media/tobiw/LocalData/Data/RASentinel/RASPMO/rtl/constrs/RASPMO.xdc' exceeds the default limit of 10000, this constraint will be excluded from synthesis.
Constraint Validation Runtime : Time (s): cpu = 00:00:00.07 ; elapsed = 00:00:00.06 . Memory (MB): peak = 2544.832 ; gain = 0.000 ; free physical = 65724 ; free virtual = 86483
---------------------------------------------------------------------------------
Finished Constraint Validation : Time (s): cpu = 00:00:11 ; elapsed = 00:00:10 . Memory (MB): peak = 2544.832 ; gain = 789.250 ; free physical = 65704 ; free virtual = 86481
---------------------------------------------------------------------------------
---------------------------------------------------------------------------------
Start Loading Part and Timing Information
---------------------------------------------------------------------------------
Loading part: xc7a100tcsg324-2
---------------------------------------------------------------------------------
Finished Loading Part and Timing Information : Time (s): cpu = 00:00:11 ; elapsed = 00:00:10 . Memory (MB): peak = 2552.801 ; gain = 797.219 ; free physical = 65704 ; free virtual = 86481
---------------------------------------------------------------------------------
---------------------------------------------------------------------------------
Start Applying 'set_property' XDC Constraints
---------------------------------------------------------------------------------
WARNING: set_property CLOCK_DEDICATED_ROUTE could not find object (constraint file  /media/tobiw/LocalData/Data/RASentinel/RASPMO/rtl/constrs/RASPMO.xdc, line 96).
WARNING: set_property CLOCK_DEDICATED_ROUTE could not find object (constraint file  /media/tobiw/LocalData/Data/RASentinel/RASPMO/rtl/constrs/RASPMO.xdc, line 96).
WARNING: set_property CLOCK_DEDICATED_ROUTE could not find object (constraint file  /media/tobiw/LocalData/Data/RASentinel/RASPMO/rtl/constrs/RASPMO.xdc, line 97).
WARNING: set_property CLOCK_DEDICATED_ROUTE could not find object (constraint file  /media/tobiw/LocalData/Data/RASentinel/RASPMO/rtl/constrs/RASPMO.xdc, line 97).
---------------------------------------------------------------------------------
Finished applying 'set_property' XDC Constraints : Time (s): cpu = 00:00:11 ; elapsed = 00:00:10 . Memory (MB): peak = 2552.801 ; gain = 797.219 ; free physical = 65704 ; free virtual = 86481
---------------------------------------------------------------------------------
---------------------------------------------------------------------------------
Start Preparing Guide Design
---------------------------------------------------------------------------------
---------------------------------------------------------------------------------
Finished Doing Graph Differ : Time (s): cpu = 00:00:11 ; elapsed = 00:00:11 . Memory (MB): peak = 2552.801 ; gain = 797.219 ; free physical = 65630 ; free virtual = 86458
---------------------------------------------------------------------------------
top__GCB3top__GCB2top__GCB1top__GCB0rgb2dvi__GC0OutputSERDES__GClvds_rx__GC0fftmain---------------------------------------------------------------------------------
Finished Preparing Guide Design : Time (s): cpu = 00:00:12 ; elapsed = 00:00:11 . Memory (MB): peak = 2552.801 ; gain = 797.219 ; free physical = 65630 ; free virtual = 86458
---------------------------------------------------------------------------------
---------------------------------------------------------------------------------
Finished RTL Optimization Phase 2 : Time (s): cpu = 00:00:12 ; elapsed = 00:00:12 . Memory (MB): peak = 2552.801 ; gain = 797.219 ; free physical = 65630 ; free virtual = 86458
---------------------------------------------------------------------------------
---------------------------------------------------------------------------------
Start Mimic Skeleton from Reference
---------------------------------------------------------------------------------
---------------------------------------------------------------------------------
Finished Mimic Skeleton from Reference : Time (s): cpu = 00:00:12 ; elapsed = 00:00:12 . Memory (MB): peak = 2552.801 ; gain = 797.219 ; free physical = 65630 ; free virtual = 86458
---------------------------------------------------------------------------------


Incremental Synthesis Report Summary:

1. Incremental synthesis run: yes

   Stitch points used : changed


2. Change Summary

Report Incremental Modules: 
+-+----------------+------------+----------+----------+
| |Changed Modules |Replication |Instances |Changed % |
+-+----------------+------------+----------+----------+
+-+----------------+------------+----------+----------+


   Full Design Size (number of cells) : 179473
   Resynthesis Design Size (number of cells) : 16
   Resynth % : 0.0089,  Reuse % : 99.9911

3. Reference Checkpoint Information

+-------------------------------------------------------------------------------------------------------------------+
| DCP Location:  | /media/tobiw/LocalData/Data/RASentinel/RASPMO/vivado/RASPMO.srcs/utils_1/imports/synth_1/top.dcp |
+-------------------------------------------------------------------------------------------------------------------+


+--------------------------------+------------------------------+
|         DCP Information        |             Value            |
+--------------------------------+------------------------------+
| Vivado Version                 |                    v2025.2 |
| DCP State                      |                              |
+--------------------------------+------------------------------+



Report RTL Partitions: 
+------+-------------------------+------------+----------+
|      |RTL Partition            |Replication |Instances |
+------+-------------------------+------------+----------+
|1     |fftmain_#REUSE#          |           4|         0|
|2     |lvds_rx__GC0_#REUSE#     |           1|         0|
|3     |OutputSERDES__GC_#REUSE# |           1|         0|
|4     |rgb2dvi__GC0_#REUSE#     |           1|         0|
|5     |top__GCB0_#REUSE#        |           1|         0|
|6     |top__GCB1_#REUSE#        |           1|         0|
|7     |top__GCB2_#REUSE#        |           1|         0|
|8     |top__GCB3_#REUSE#        |           1|         0|
+------+-------------------------+------------+----------+
---------------------------------------------------------------------------------
Start RTL Component Statistics 
---------------------------------------------------------------------------------
Detailed RTL Component Info : 
---------------------------------------------------------------------------------
Finished RTL Component Statistics 
---------------------------------------------------------------------------------
---------------------------------------------------------------------------------
Start Part Resource Summary
---------------------------------------------------------------------------------
Part Resources:
DSPs: 240 (col length:80)
BRAMs: 270 (col length: RAMB18 80 RAMB36 40)
---------------------------------------------------------------------------------
Finished Part Resource Summary
---------------------------------------------------------------------------------
---------------------------------------------------------------------------------
Start Cross Boundary and Area Optimization
---------------------------------------------------------------------------------
WARNING: [Synth 8-7077] IncrSyn: subsequent runs will still be incremental as the reference run was parallel and that data is reused
WARNING: [Synth 8-7129] Port aRst_n in module rgb2dvi is either unconnected or has no load
---------------------------------------------------------------------------------
Finished Cross Boundary and Area Optimization : Time (s): cpu = 00:00:13 ; elapsed = 00:00:13 . Memory (MB): peak = 2552.801 ; gain = 797.219 ; free physical = 65596 ; free virtual = 86483
---------------------------------------------------------------------------------
---------------------------------------------------------------------------------
Start Stitch Unchanged AreaOpt Partitions
---------------------------------------------------------------------------------
---------------------------------------------------------------------------------
Finished Stitch Unchanged AreaOpt Partitions : Time (s): cpu = 00:00:13 ; elapsed = 00:00:13 . Memory (MB): peak = 2552.801 ; gain = 797.219 ; free physical = 65596 ; free virtual = 86483
---------------------------------------------------------------------------------
---------------------------------------------------------------------------------
Start Applying XDC Timing Constraints
---------------------------------------------------------------------------------
---------------------------------------------------------------------------------
Finished Applying XDC Timing Constraints : Time (s): cpu = 00:00:17 ; elapsed = 00:00:17 . Memory (MB): peak = 2669.801 ; gain = 914.219 ; free physical = 65441 ; free virtual = 86370
---------------------------------------------------------------------------------
---------------------------------------------------------------------------------
Start Timing Optimization
---------------------------------------------------------------------------------
---------------------------------------------------------------------------------
Finished Timing Optimization : Time (s): cpu = 00:00:17 ; elapsed = 00:00:17 . Memory (MB): peak = 2669.801 ; gain = 914.219 ; free physical = 65441 ; free virtual = 86370
---------------------------------------------------------------------------------
---------------------------------------------------------------------------------
Start Technology Mapping
---------------------------------------------------------------------------------
WARNING: [Synth 8-7077] IncrSyn: subsequent runs will still be incremental as the reference run was parallel and that data is reused
---------------------------------------------------------------------------------
Finished Technology Mapping : Time (s): cpu = 00:00:17 ; elapsed = 00:00:17 . Memory (MB): peak = 2678.816 ; gain = 923.234 ; free physical = 65441 ; free virtual = 86370
---------------------------------------------------------------------------------
---------------------------------------------------------------------------------
Start Stitch Unchanged Partitions
---------------------------------------------------------------------------------
---------------------------------------------------------------------------------
Finished Stitch Unchanged Partitions : Time (s): cpu = 00:00:17 ; elapsed = 00:00:17 . Memory (MB): peak = 2715.816 ; gain = 960.234 ; free physical = 65402 ; free virtual = 86331
---------------------------------------------------------------------------------
---------------------------------------------------------------------------------
Start IO Insertion
---------------------------------------------------------------------------------
---------------------------------------------------------------------------------
Start Flattening Before IO Insertion
---------------------------------------------------------------------------------
---------------------------------------------------------------------------------
Finished Flattening Before IO Insertion
---------------------------------------------------------------------------------
---------------------------------------------------------------------------------
Start Final Netlist Cleanup
---------------------------------------------------------------------------------
INFO: [Synth 8-7052] The timing for the instance gen_fft[0].fftx/stage_1024/omem_reg (implemented as a Block RAM) might be sub-optimal as no optional output register could be merged into the ram block. Providing additional output register may help in improving timing.
INFO: [Synth 8-7052] The timing for the instance gen_fft[0].fftx/stage_512/omem_reg (implemented as a Block RAM) might be sub-optimal as no optional output register could be merged into the ram block. Providing additional output register may help in improving timing.
INFO: [Synth 8-7052] The timing for the instance gen_fft[0].fftx/stage_256/omem_reg (implemented as a Block RAM) might be sub-optimal as no optional output register could be merged into the ram block. Providing additional output register may help in improving timing.
INFO: [Synth 8-7052] The timing for the instance gen_fft[0].fftx/stage_128/omem_reg (implemented as a Block RAM) might be sub-optimal as no optional output register could be merged into the ram block. Providing additional output register may help in improving timing.
INFO: [Synth 8-7052] The timing for the instance gen_fft[0].fftx/stage_64/omem_reg (implemented as a Block RAM) might be sub-optimal as no optional output register could be merged into the ram block. Providing additional output register may help in improving timing.
INFO: [Synth 8-7052] The timing for the instance gen_fft[1].fftx/stage_1024/omem_reg (implemented as a Block RAM) might be sub-optimal as no optional output register could be merged into the ram block. Providing additional output register may help in improving timing.
INFO: [Synth 8-7052] The timing for the instance gen_fft[1].fftx/stage_512/omem_reg (implemented as a Block RAM) might be sub-optimal as no optional output register could be merged into the ram block. Providing additional output register may help in improving timing.
INFO: [Synth 8-7052] The timing for the instance gen_fft[1].fftx/stage_256/omem_reg (implemented as a Block RAM) might be sub-optimal as no optional output register could be merged into the ram block. Providing additional output register may help in improving timing.
INFO: [Synth 8-7052] The timing for the instance gen_fft[1].fftx/stage_128/omem_reg (implemented as a Block RAM) might be sub-optimal as no optional output register could be merged into the ram block. Providing additional output register may help in improving timing.
INFO: [Synth 8-7052] The timing for the instance gen_fft[1].fftx/stage_64/omem_reg (implemented as a Block RAM) might be sub-optimal as no optional output register could be merged into the ram block. Providing additional output register may help in improving timing.
INFO: [Synth 8-7052] The timing for the instance gen_fft[2].fftx/stage_1024/omem_reg (implemented as a Block RAM) might be sub-optimal as no optional output register could be merged into the ram block. Providing additional output register may help in improving timing.
INFO: [Synth 8-7052] The timing for the instance gen_fft[2].fftx/stage_512/omem_reg (implemented as a Block RAM) might be sub-optimal as no optional output register could be merged into the ram block. Providing additional output register may help in improving timing.
INFO: [Synth 8-7052] The timing for the instance gen_fft[2].fftx/stage_256/omem_reg (implemented as a Block RAM) might be sub-optimal as no optional output register could be merged into the ram block. Providing additional output register may help in improving timing.
INFO: [Synth 8-7052] The timing for the instance gen_fft[2].fftx/stage_128/omem_reg (implemented as a Block RAM) might be sub-optimal as no optional output register could be merged into the ram block. Providing additional output register may help in improving timing.
INFO: [Synth 8-7052] The timing for the instance gen_fft[2].fftx/stage_64/omem_reg (implemented as a Block RAM) might be sub-optimal as no optional output register could be merged into the ram block. Providing additional output register may help in improving timing.
INFO: [Synth 8-7052] The timing for the instance gen_fft[3].fftx/stage_1024/omem_reg (implemented as a Block RAM) might be sub-optimal as no optional output register could be merged into the ram block. Providing additional output register may help in improving timing.
INFO: [Synth 8-7052] The timing for the instance gen_fft[3].fftx/stage_512/omem_reg (implemented as a Block RAM) might be sub-optimal as no optional output register could be merged into the ram block. Providing additional output register may help in improving timing.
INFO: [Synth 8-7052] The timing for the instance gen_fft[3].fftx/stage_256/omem_reg (implemented as a Block RAM) might be sub-optimal as no optional output register could be merged into the ram block. Providing additional output register may help in improving timing.
INFO: [Synth 8-7052] The timing for the instance gen_fft[3].fftx/stage_128/omem_reg (implemented as a Block RAM) might be sub-optimal as no optional output register could be merged into the ram block. Providing additional output register may help in improving timing.
INFO: [Synth 8-7052] The timing for the instance gen_fft[3].fftx/stage_64/omem_reg (implemented as a Block RAM) might be sub-optimal as no optional output register could be merged into the ram block. Providing additional output register may help in improving timing.
INFO: [Synth 8-7052] The timing for the instance df_0/angTbl/mem_reg (implemented as a Block RAM) might be sub-optimal as no optional output register could be merged into the ram block. Providing additional output register may help in improving timing.
INFO: [Synth 8-7052] The timing for the instance df_0/angTbl/mem_reg (implemented as a Block RAM) might be sub-optimal as no optional output register could be merged into the ram block. Providing additional output register may help in improving timing.
INFO: [Synth 8-7052] The timing for the instance gen_membank[3].wfMem/mem_reg_1_0 (implemented as a Block RAM) might be sub-optimal as no optional output register could be merged into the ram block. Providing additional output register may help in improving timing.
INFO: [Synth 8-7052] The timing for the instance gen_membank[3].wfMem/mem_reg_1_1 (implemented as a Block RAM) might be sub-optimal as no optional output register could be merged into the ram block. Providing additional output register may help in improving timing.
INFO: [Synth 8-7052] The timing for the instance gen_membank[3].wfMem/mem_reg_1_2 (implemented as a Block RAM) might be sub-optimal as no optional output register could be merged into the ram block. Providing additional output register may help in improving timing.
INFO: [Synth 8-7052] The timing for the instance gen_membank[3].wfMem/mem_reg_1_3 (implemented as a Block RAM) might be sub-optimal as no optional output register could be merged into the ram block. Providing additional output register may help in improving timing.
INFO: [Synth 8-7052] The timing for the instance gen_membank[3].wfMem/mem_reg_1_4 (implemented as a Block RAM) might be sub-optimal as no optional output register could be merged into the ram block. Providing additional output register may help in improving timing.
INFO: [Synth 8-7052] The timing for the instance gen_membank[3].wfMem/mem_reg_1_5 (implemented as a Block RAM) might be sub-optimal as no optional output register could be merged into the ram block. Providing additional output register may help in improving timing.
INFO: [Synth 8-7052] The timing for the instance gen_membank[3].wfMem/mem_reg_1_6 (implemented as a Block RAM) might be sub-optimal as no optional output register could be merged into the ram block. Providing additional output register may help in improving timing.
INFO: [Synth 8-7052] The timing for the instance gen_membank[3].wfMem/mem_reg_1_7 (implemented as a Block RAM) might be sub-optimal as no optional output register could be merged into the ram block. Providing additional output register may help in improving timing.
INFO: [Synth 8-7052] The timing for the instance gen_membank[3].peakMem/mem_reg (implemented as a Block RAM) might be sub-optimal as no optional output register could be merged into the ram block. Providing additional output register may help in improving timing.
INFO: [Synth 8-7052] The timing for the instance gen_membank[3].peakMem/mem_reg (implemented as a Block RAM) might be sub-optimal as no optional output register could be merged into the ram block. Providing additional output register may help in improving timing.
INFO: [Synth 8-7052] The timing for the instance gen_membank[3].specMem/mem_reg (implemented as a Block RAM) might be sub-optimal as no optional output register could be merged into the ram block. Providing additional output register may help in improving timing.
INFO: [Synth 8-7052] The timing for the instance gen_membank[2].wfMem/mem_reg_1_0 (implemented as a Block RAM) might be sub-optimal as no optional output register could be merged into the ram block. Providing additional output register may help in improving timing.
INFO: [Synth 8-7052] The timing for the instance gen_membank[2].wfMem/mem_reg_1_1 (implemented as a Block RAM) might be sub-optimal as no optional output register could be merged into the ram block. Providing additional output register may help in improving timing.
INFO: [Synth 8-7052] The timing for the instance gen_membank[2].wfMem/mem_reg_1_2 (implemented as a Block RAM) might be sub-optimal as no optional output register could be merged into the ram block. Providing additional output register may help in improving timing.
INFO: [Synth 8-7052] The timing for the instance gen_membank[2].wfMem/mem_reg_1_3 (implemented as a Block RAM) might be sub-optimal as no optional output register could be merged into the ram block. Providing additional output register may help in improving timing.
INFO: [Synth 8-7052] The timing for the instance gen_membank[2].wfMem/mem_reg_1_4 (implemented as a Block RAM) might be sub-optimal as no optional output register could be merged into the ram block. Providing additional output register may help in improving timing.
INFO: [Synth 8-7052] The timing for the instance gen_membank[2].wfMem/mem_reg_1_5 (implemented as a Block RAM) might be sub-optimal as no optional output register could be merged into the ram block. Providing additional output register may help in improving timing.
INFO: [Synth 8-7052] The timing for the instance gen_membank[2].wfMem/mem_reg_1_6 (implemented as a Block RAM) might be sub-optimal as no optional output register could be merged into the ram block. Providing additional output register may help in improving timing.
INFO: [Synth 8-7052] The timing for the instance gen_membank[2].wfMem/mem_reg_1_7 (implemented as a Block RAM) might be sub-optimal as no optional output register could be merged into the ram block. Providing additional output register may help in improving timing.
INFO: [Synth 8-7052] The timing for the instance gen_membank[2].peakMem/mem_reg (implemented as a Block RAM) might be sub-optimal as no optional output register could be merged into the ram block. Providing additional output register may help in improving timing.
INFO: [Synth 8-7052] The timing for the instance gen_membank[2].peakMem/mem_reg (implemented as a Block RAM) might be sub-optimal as no optional output register could be merged into the ram block. Providing additional output register may help in improving timing.
INFO: [Synth 8-7052] The timing for the instance gen_membank[2].specMem/mem_reg (implemented as a Block RAM) might be sub-optimal as no optional output register could be merged into the ram block. Providing additional output register may help in improving timing.
INFO: [Synth 8-7052] The timing for the instance gen_membank[1].wfMem/mem_reg_1_0 (implemented as a Block RAM) might be sub-optimal as no optional output register could be merged into the ram block. Providing additional output register may help in improving timing.
INFO: [Synth 8-7052] The timing for the instance gen_membank[1].wfMem/mem_reg_1_1 (implemented as a Block RAM) might be sub-optimal as no optional output register could be merged into the ram block. Providing additional output register may help in improving timing.
INFO: [Synth 8-7052] The timing for the instance gen_membank[1].wfMem/mem_reg_1_2 (implemented as a Block RAM) might be sub-optimal as no optional output register could be merged into the ram block. Providing additional output register may help in improving timing.
INFO: [Synth 8-7052] The timing for the instance gen_membank[1].wfMem/mem_reg_1_3 (implemented as a Block RAM) might be sub-optimal as no optional output register could be merged into the ram block. Providing additional output register may help in improving timing.
INFO: [Synth 8-7052] The timing for the instance gen_membank[1].wfMem/mem_reg_1_4 (implemented as a Block RAM) might be sub-optimal as no optional output register could be merged into the ram block. Providing additional output register may help in improving timing.
INFO: [Synth 8-7052] The timing for the instance gen_membank[1].wfMem/mem_reg_1_5 (implemented as a Block RAM) might be sub-optimal as no optional output register could be merged into the ram block. Providing additional output register may help in improving timing.
INFO: [Synth 8-7052] The timing for the instance gen_membank[1].wfMem/mem_reg_1_6 (implemented as a Block RAM) might be sub-optimal as no optional output register could be merged into the ram block. Providing additional output register may help in improving timing.
INFO: [Synth 8-7052] The timing for the instance gen_membank[1].wfMem/mem_reg_1_7 (implemented as a Block RAM) might be sub-optimal as no optional output register could be merged into the ram block. Providing additional output register may help in improving timing.
INFO: [Synth 8-7052] The timing for the instance gen_membank[1].peakMem/mem_reg (implemented as a Block RAM) might be sub-optimal as no optional output register could be merged into the ram block. Providing additional output register may help in improving timing.
INFO: [Synth 8-7052] The timing for the instance gen_membank[1].peakMem/mem_reg (implemented as a Block RAM) might be sub-optimal as no optional output register could be merged into the ram block. Providing additional output register may help in improving timing.
INFO: [Synth 8-7052] The timing for the instance gen_membank[1].specMem/mem_reg (implemented as a Block RAM) might be sub-optimal as no optional output register could be merged into the ram block. Providing additional output register may help in improving timing.
INFO: [Synth 8-7052] The timing for the instance gen_membank[0].wfMem/mem_reg_1_0 (implemented as a Block RAM) might be sub-optimal as no optional output register could be merged into the ram block. Providing additional output register may help in improving timing.
INFO: [Synth 8-7052] The timing for the instance gen_membank[0].wfMem/mem_reg_1_1 (implemented as a Block RAM) might be sub-optimal as no optional output register could be merged into the ram block. Providing additional output register may help in improving timing.
INFO: [Synth 8-7052] The timing for the instance gen_membank[0].wfMem/mem_reg_1_2 (implemented as a Block RAM) might be sub-optimal as no optional output register could be merged into the ram block. Providing additional output register may help in improving timing.
INFO: [Synth 8-7052] The timing for the instance gen_membank[0].wfMem/mem_reg_1_3 (implemented as a Block RAM) might be sub-optimal as no optional output register could be merged into the ram block. Providing additional output register may help in improving timing.
INFO: [Synth 8-7052] The timing for the instance gen_membank[0].wfMem/mem_reg_1_4 (implemented as a Block RAM) might be sub-optimal as no optional output register could be merged into the ram block. Providing additional output register may help in improving timing.
INFO: [Synth 8-7052] The timing for the instance gen_membank[0].wfMem/mem_reg_1_5 (implemented as a Block RAM) might be sub-optimal as no optional output register could be merged into the ram block. Providing additional output register may help in improving timing.
INFO: [Synth 8-7052] The timing for the instance gen_membank[0].wfMem/mem_reg_1_6 (implemented as a Block RAM) might be sub-optimal as no optional output register could be merged into the ram block. Providing additional output register may help in improving timing.
INFO: [Synth 8-7052] The timing for the instance gen_membank[0].wfMem/mem_reg_1_7 (implemented as a Block RAM) might be sub-optimal as no optional output register could be merged into the ram block. Providing additional output register may help in improving timing.
INFO: [Synth 8-7052] The timing for the instance gen_membank[0].peakMem/mem_reg (implemented as a Block RAM) might be sub-optimal as no optional output register could be merged into the ram block. Providing additional output register may help in improving timing.
INFO: [Synth 8-7052] The timing for the instance gen_membank[0].peakMem/mem_reg (implemented as a Block RAM) might be sub-optimal as no optional output register could be merged into the ram block. Providing additional output register may help in improving timing.
INFO: [Synth 8-7052] The timing for the instance gen_membank[0].specMem/mem_reg (implemented as a Block RAM) might be sub-optimal as no optional output register could be merged into the ram block. Providing additional output register may help in improving timing.
---------------------------------------------------------------------------------
Finished Final Netlist Cleanup
---------------------------------------------------------------------------------
WARNING: [Synth 8-5396] Clock pin CLKDIV has keep related attribute (keep/mark_debug/dont_touch) which could create extra logic on its net [/media/tobiw/LocalData/Data/RASentinel/RASPMO/RASPMO.srcs/sources_1/lvds_rx_new.v:453]
WARNING: [Synth 8-5396] Clock pin CLKDIV has keep related attribute (keep/mark_debug/dont_touch) which could create extra logic on its net [/media/tobiw/LocalData/Data/RASentinel/RASPMO/RASPMO.srcs/sources_1/lvds_rx_new.v:453]
---------------------------------------------------------------------------------
Finished IO Insertion : Time (s): cpu = 00:00:21 ; elapsed = 00:00:21 . Memory (MB): peak = 2888.770 ; gain = 1133.188 ; free physical = 65138 ; free virtual = 86151
---------------------------------------------------------------------------------
---------------------------------------------------------------------------------
Start Renaming Generated Instances
---------------------------------------------------------------------------------
---------------------------------------------------------------------------------
Finished Renaming Generated Instances : Time (s): cpu = 00:00:21 ; elapsed = 00:00:21 . Memory (MB): peak = 2888.770 ; gain = 1133.188 ; free physical = 65138 ; free virtual = 86151
---------------------------------------------------------------------------------
---------------------------------------------------------------------------------
Start Rebuilding User Hierarchy
---------------------------------------------------------------------------------
---------------------------------------------------------------------------------
Finished Rebuilding User Hierarchy : Time (s): cpu = 00:00:22 ; elapsed = 00:00:22 . Memory (MB): peak = 2901.770 ; gain = 1146.188 ; free physical = 65106 ; free virtual = 86119
---------------------------------------------------------------------------------
---------------------------------------------------------------------------------
Start Renaming Generated Ports
---------------------------------------------------------------------------------
---------------------------------------------------------------------------------
Finished Renaming Generated Ports : Time (s): cpu = 00:00:22 ; elapsed = 00:00:22 . Memory (MB): peak = 2901.770 ; gain = 1146.188 ; free physical = 65106 ; free virtual = 86119
---------------------------------------------------------------------------------
---------------------------------------------------------------------------------
Start Handling Custom Attributes
---------------------------------------------------------------------------------
---------------------------------------------------------------------------------
Finished Handling Custom Attributes : Time (s): cpu = 00:00:23 ; elapsed = 00:00:23 . Memory (MB): peak = 2903.340 ; gain = 1147.758 ; free physical = 65135 ; free virtual = 86148
---------------------------------------------------------------------------------
---------------------------------------------------------------------------------
Start Renaming Generated Nets
---------------------------------------------------------------------------------
---------------------------------------------------------------------------------
Finished Renaming Generated Nets : Time (s): cpu = 00:00:23 ; elapsed = 00:00:23 . Memory (MB): peak = 2905.340 ; gain = 1149.758 ; free physical = 65135 ; free virtual = 86148
---------------------------------------------------------------------------------
---------------------------------------------------------------------------------
Start ROM, RAM, DSP, Shift Register and Retiming Reporting
---------------------------------------------------------------------------------

Static Shift Register Report:
+------------+----------------------------------------+--------+-------+--------------+--------------------+-------------------+--------+---------+
|Module Name | RTL Name                               | Length | Width | Reset Signal | Pull out first Reg | Pull out last Reg | SRL16E | SRLC32E | 
+------------+----------------------------------------+--------+-------+--------------+--------------------+-------------------+--------+---------+
|fftmain     | stage_32/HWBFLY.bfly/ir_coef_i_reg[17] | 3      | 72    | NO           | NO                 | YES               | 72     | 0       | 
|fftmain     | stage_32/HWBFLY.bfly/ir_coef_r_reg[19] | 3      | 80    | NO           | NO                 | YES               | 80     | 0       | 
|fftmain     | stage_16/HWBFLY.bfly/ir_coef_i_reg[18] | 3      | 28    | NO           | NO                 | YES               | 28     | 0       | 
|fftmain     | stage_16/HWBFLY.bfly/ir_coef_r_reg[18] | 3      | 48    | NO           | NO                 | YES               | 48     | 0       | 
|fftmain     | stage_8/HWBFLY.bfly/ir_coef_i_reg[18]  | 3      | 4     | NO           | NO                 | YES               | 4      | 0       | 
|fftmain     | stage_8/HWBFLY.bfly/ir_coef_r_reg[18]  | 3      | 16    | NO           | NO                 | YES               | 16     | 0       | 
|fftmain     | stage_4/omem_reg[1][35]                | 3      | 144   | NO           | NO                 | YES               | 144    | 0       | 
|fftmain     | stage_1024/HWBFLY.bfly/o_aux_reg       | 7      | 4     | YES          | NO                 | YES               | 4      | 0       | 
|fftmain     | stage_512/HWBFLY.bfly/o_aux_reg        | 7      | 4     | YES          | NO                 | YES               | 4      | 0       | 
|fftmain     | stage_256/HWBFLY.bfly/o_aux_reg        | 7      | 4     | YES          | NO                 | YES               | 4      | 0       | 
|fftmain     | stage_128/HWBFLY.bfly/o_aux_reg        | 7      | 4     | YES          | NO                 | YES               | 4      | 0       | 
|fftmain     | stage_64/HWBFLY.bfly/o_aux_reg         | 7      | 4     | YES          | NO                 | YES               | 4      | 0       | 
|fftmain     | stage_32/HWBFLY.bfly/o_aux_reg         | 7      | 4     | YES          | NO                 | YES               | 4      | 0       | 
|fftmain     | stage_16/HWBFLY.bfly/o_aux_reg         | 7      | 4     | YES          | NO                 | YES               | 4      | 0       | 
|fftmain     | stage_8/HWBFLY.bfly/o_aux_reg          | 7      | 4     | YES          | NO                 | YES               | 4      | 0       | 
|polar_view  | dy_zero_sr_reg[19]                     | 20     | 1     | NO           | NO                 | YES               | 0      | 1       | 
|polar_view  | dx_zero_sr_reg[19]                     | 20     | 1     | NO           | NO                 | YES               | 0      | 1       | 
|polar_view  | de_fed_sr_reg[19]                      | 19     | 1     | NO           | NO                 | YES               | 0      | 1       | 
|df_amp      | amp_dly_reg[16][7]                     | 20     | 8     | NO           | NO                 | YES               | 0      | 8       | 
|df_amp      | frq_dly_reg[16][7]                     | 22     | 8     | NO           | NO                 | NO                | 0      | 8       | 
|df_amp      | cordic_df/gen_stage[15].vs_reg[16]     | 17     | 1     | NO           | NO                 | YES               | 1      | 0       | 
+------------+----------------------------------------+--------+-------+--------------+--------------------+-------------------+--------+---------+

---------------------------------------------------------------------------------
Finished ROM, RAM, DSP, Shift Register and Retiming Reporting
---------------------------------------------------------------------------------
---------------------------------------------------------------------------------
Start Writing Synthesis Report
---------------------------------------------------------------------------------

DSP Final Report (the ' indicates corresponding REG is set)
+------------+----------------+--------+--------+--------+--------+--------+------+------+------+------+-------+------+------+
|Module Name | DSP Mapping    | A Size | B Size | C Size | D Size | P Size | AREG | BREG | CREG | DREG | ADREG | MREG | PREG | 
+------------+----------------+--------+--------+--------+--------+--------+------+------+------+------+-------+------+------+
|hwbfly      | (A'*B')'       | 30     | 18     | -      | -      | 25     | 1    | 1    | -    | -    | -     | 0    | 1    | 
|hwbfly      | A'*B'          | 30     | 17     | -      | -      | 48     | 1    | 1    | -    | -    | -     | 0    | 0    | 
|hwbfly      | A'*B'          | 30     | 17     | -      | -      | 48     | 1    | 1    | -    | -    | -     | 0    | 0    | 
|hwbfly      | A'*B'          | 30     | 17     | -      | -      | 48     | 1    | 1    | -    | -    | -     | 0    | 0    | 
|hwbfly      | A'*B'          | 30     | 17     | -      | -      | 48     | 1    | 1    | -    | -    | -     | 0    | 0    | 
|hwbfly      | Dynamic        | -      | -      | -      | -      | 34     | -    | -    | -    | -    | -     | 0    | 1    | 
|hwbfly      | A'*B'          | 30     | 17     | -      | -      | 48     | 1    | 1    | -    | -    | -     | 0    | 0    | 
|hwbfly      | A'*B'          | 30     | 17     | -      | -      | 48     | 1    | 1    | -    | -    | -     | 0    | 0    | 
|hwbfly      | (A'*B')'       | 30     | 18     | -      | -      | 25     | 1    | 1    | -    | -    | -     | 0    | 1    | 
|hwbfly      | A'*B'          | 30     | 17     | -      | -      | 48     | 1    | 1    | -    | -    | -     | 0    | 0    | 
|hwbfly      | A'*B'          | 30     | 17     | -      | -      | 48     | 1    | 1    | -    | -    | -     | 0    | 0    | 
|hwbfly      | A'*B'          | 30     | 17     | -      | -      | 48     | 1    | 1    | -    | -    | -     | 0    | 0    | 
|hwbfly      | A'*B'          | 30     | 17     | -      | -      | 48     | 1    | 1    | -    | -    | -     | 0    | 0    | 
|hwbfly      | Dynamic        | -      | -      | -      | -      | 34     | -    | -    | -    | -    | -     | 0    | 1    | 
|hwbfly      | A'*B'          | 30     | 17     | -      | -      | 48     | 1    | 1    | -    | -    | -     | 0    | 0    | 
|hwbfly      | A'*B'          | 30     | 17     | -      | -      | 48     | 1    | 1    | -    | -    | -     | 0    | 0    | 
|hwbfly      | (A'*B')'       | 30     | 18     | -      | -      | 25     | 1    | 1    | -    | -    | -     | 0    | 1    | 
|hwbfly      | A'*B'          | 30     | 17     | -      | -      | 48     | 1    | 1    | -    | -    | -     | 0    | 0    | 
|hwbfly      | A'*B'          | 30     | 17     | -      | -      | 48     | 1    | 1    | -    | -    | -     | 0    | 0    | 
|hwbfly      | A'*B'          | 30     | 17     | -      | -      | 48     | 1    | 1    | -    | -    | -     | 0    | 0    | 
|hwbfly      | A'*B'          | 30     | 17     | -      | -      | 48     | 1    | 1    | -    | -    | -     | 0    | 0    | 
|hwbfly      | Dynamic        | -      | -      | -      | -      | 34     | -    | -    | -    | -    | -     | 0    | 1    | 
|hwbfly      | A'*B'          | 30     | 17     | -      | -      | 48     | 1    | 1    | -    | -    | -     | 0    | 0    | 
|hwbfly      | A'*B'          | 30     | 17     | -      | -      | 48     | 1    | 1    | -    | -    | -     | 0    | 0    | 
|hwbfly      | (A'*B')'       | 30     | 18     | -      | -      | 25     | 1    | 1    | -    | -    | -     | 0    | 1    | 
|hwbfly      | A'*B'          | 30     | 17     | -      | -      | 48     | 1    | 1    | -    | -    | -     | 0    | 0    | 
|hwbfly      | A'*B'          | 30     | 17     | -      | -      | 48     | 1    | 1    | -    | -    | -     | 0    | 0    | 
|hwbfly      | A'*B'          | 30     | 17     | -      | -      | 48     | 1    | 1    | -    | -    | -     | 0    | 0    | 
|hwbfly      | A'*B'          | 30     | 17     | -      | -      | 48     | 1    | 1    | -    | -    | -     | 0    | 0    | 
|hwbfly      | Dynamic        | -      | -      | -      | -      | 34     | -    | -    | -    | -    | -     | 0    | 1    | 
|hwbfly      | A'*B'          | 30     | 17     | -      | -      | 48     | 1    | 1    | -    | -    | -     | 0    | 0    | 
|hwbfly      | A'*B'          | 30     | 17     | -      | -      | 48     | 1    | 1    | -    | -    | -     | 0    | 0    | 
|iq_balance  | (A'*B')'       | 30     | 18     | -      | -      | 0      | 1    | 1    | -    | -    | -     | 0    | 1    | 
|iq_balance  | PCIN+(A'*B')'  | 30     | 18     | -      | -      | 29     | 1    | 1    | -    | -    | -     | 1    | 0    | 
|logfn       | (A*B)'         | 30     | 18     | -      | -      | 32     | 0    | 0    | -    | -    | -     | 0    | 1    | 
|logfn       | (PCIN+(A*B)')' | 30     | 18     | -      | -      | 33     | 0    | 0    | -    | -    | -     | 1    | 1    | 
|logfn       | (A*B)'         | 30     | 18     | -      | -      | 32     | 0    | 0    | -    | -    | -     | 0    | 1    | 
|logfn       | (PCIN+(A*B)')' | 30     | 18     | -      | -      | 33     | 0    | 0    | -    | -    | -     | 1    | 1    | 
|iq_balance  | (A'*B')'       | 30     | 18     | -      | -      | 0      | 1    | 1    | -    | -    | -     | 0    | 1    | 
|iq_balance  | PCIN+(A'*B')'  | 30     | 18     | -      | -      | 29     | 1    | 1    | -    | -    | -     | 1    | 0    | 
|iq_balance  | (A'*B')'       | 30     | 18     | -      | -      | 0      | 1    | 1    | -    | -    | -     | 0    | 1    | 
|iq_balance  | PCIN+(A'*B')'  | 30     | 18     | -      | -      | 29     | 1    | 1    | -    | -    | -     | 1    | 0    | 
|iq_balance  | (A'*B')'       | 30     | 18     | -      | -      | 0      | 1    | 1    | -    | -    | -     | 0    | 1    | 
|iq_balance  | PCIN+(A'*B')'  | 30     | 18     | -      | -      | 29     | 1    | 1    | -    | -    | -     | 1    | 0    | 
|logfn       | (A*B)'         | 30     | 18     | -      | -      | 32     | 0    | 0    | -    | -    | -     | 0    | 1    | 
|logfn       | (PCIN+(A*B)')' | 30     | 18     | -      | -      | 33     | 0    | 0    | -    | -    | -     | 1    | 1    | 
|logfn       | (A*B)'         | 30     | 18     | -      | -      | 32     | 0    | 0    | -    | -    | -     | 0    | 1    | 
|logfn       | (PCIN+(A*B)')' | 30     | 18     | -      | -      | 33     | 0    | 0    | -    | -    | -     | 1    | 1    | 
+------------+----------------+--------+--------+--------+--------+--------+------+------+------+------+-------+------+------+


Report BlackBoxes: 
+------+--------------+----------+
|      |BlackBox name |Instances |
+------+--------------+----------+
|1     |Video_clk     |         1|
+------+--------------+----------+

Report Cell Usage: 
+------+----------------+------+
|      |Cell            |Count |
+------+----------------+------+
|1     |Video_clk       |     1|
|2     |BUFG            |     4|
|3     |CARRY4          |  4058|
|4     |DSP48E1         |    48|
|5     |IDELAYCTRL      |     1|
|6     |IDELAYE2        |    10|
|7     |ISERDESE2       |    20|
|8     |LUT1            |   884|
|9     |LUT2            |  8391|
|10    |LUT3            |  5206|
|11    |LUT4            |  5562|
|12    |LUT5            |  1049|
|13    |LUT6            |  3077|
|14    |MMCME2_BASE     |     1|
|15    |MUXF7           |    58|
|16    |MUXF8           |    10|
|17    |OSERDESE2       |     8|
|18    |RAM16X1S        |   432|
|19    |RAM32M          |    84|
|20    |RAMB18E1        |    89|
|21    |RAMB36E1        |    72|
|22    |SRL16E          |   425|
|23    |SRLC32E         |    19|
|24    |FDCE            |   118|
|25    |FDE             |    64|
|26    |FDPE            |     4|
|27    |FDRE            | 35067|
|28    |FDSE            |   278|
|29    |FD              |     4|
|30    |IBUFDS_DIFF_OUT |    12|
|31    |OBUFDS          |     4|
+------+----------------+------+
---------------------------------------------------------------------------------
Finished Writing Synthesis Report : Time (s): cpu = 00:00:23 ; elapsed = 00:00:23 . Memory (MB): peak = 2905.340 ; gain = 1149.758 ; free physical = 65135 ; free virtual = 86148
---------------------------------------------------------------------------------
Synthesis finished with 0 errors, 0 critical warnings and 5 warnings.
Synthesis Optimization Runtime : Time (s): cpu = 00:00:17 ; elapsed = 00:00:18 . Memory (MB): peak = 2905.340 ; gain = 1001.320 ; free physical = 65135 ; free virtual = 86148
Synthesis Optimization Complete : Time (s): cpu = 00:00:23 ; elapsed = 00:00:23 . Memory (MB): peak = 2905.348 ; gain = 1149.758 ; free physical = 65135 ; free virtual = 86148
INFO: [Project 1-571] Translating synthesized netlist
Netlist sorting complete. Time (s): cpu = 00:00:00.21 ; elapsed = 00:00:00.22 . Memory (MB): peak = 2905.348 ; gain = 0.000 ; free physical = 65322 ; free virtual = 86343
INFO: [Netlist 29-17] Analyzing 4966 Unisim elements for replacement
INFO: [Netlist 29-28] Unisim Transformation completed in 0 CPU seconds
INFO: [Project 1-570] Preparing netlist for logic optimization
INFO: [Opt 31-140] Inserted 1 IBUFs to IO ports without IO buffers.
INFO: [Opt 31-138] Pushed 2 inverter(s) to 10 load pin(s).
Netlist sorting complete. Time (s): cpu = 00:00:00.01 ; elapsed = 00:00:00.01 . Memory (MB): peak = 2961.367 ; gain = 0.000 ; free physical = 65316 ; free virtual = 86361
INFO: [Project 1-111] Unisim Transformation Summary:
  A total of 597 instances were transformed.
  FDE_1 => FDRE (inverted pins: C): 64 instances
  FD_1 => FDRE (inverted pins: C): 4 instances
  IBUFDS_DIFF_OUT => IBUFDS_DIFF_OUT (IBUFDS(x2)): 12 instances
  MMCME2_BASE => MMCME2_ADV: 1 instance 
  RAM16X1S => RAM32X1S (RAMS32): 432 instances
  RAM32M => RAM32M (RAMD32(x6), RAMS32(x2)): 84 instances

Synth Design complete | Checksum: bdfef52a
INFO: [Common 17-83] Releasing license: Synthesis
271 Infos, 316 Warnings, 5 Critical Warnings and 0 Errors encountered.
synth_design completed successfully
synth_design: Time (s): cpu = 00:00:30 ; elapsed = 00:00:29 . Memory (MB): peak = 2961.402 ; gain = 1335.094 ; free physical = 65316 ; free virtual = 86361
INFO: [Common 17-2834] synth_design peak Physical Memory [PSS] (MB): overall = 2141.711; main = 2065.249; forked = 280.206
INFO: [Common 17-2834] synth_design peak Virtual Memory [VSS] (MB): overall = 3755.965; main = 2961.371; forked = 997.004
INFO: [runtcl-6] Synthesis results are not added to the cache due to CRITICAL_WARNING
Write ShapeDB Complete: Time (s): cpu = 00:00:00.14 ; elapsed = 00:00:00.06 . Memory (MB): peak = 2985.379 ; gain = 0.000 ; free physical = 65298 ; free virtual = 86362
INFO: [Common 17-1381] The checkpoint '/media/tobiw/LocalData/Data/RASentinel/RASPMO/vivado/RASPMO.runs/synth_1/top.dcp' has been generated.
INFO: [Vivado 12-24828] Executing command : report_utilization -file top_utilization_synth.rpt -pb top_utilization_synth.pb
INFO: [Common 17-206] Exiting Vivado at Thu Aug 13 13:55:40 2026...
