Copyright 1986-2022 Xilinx, Inc. All Rights Reserved. Copyright 2022-2025 Advanced Micro Devices, Inc. All Rights Reserved.
---------------------------------------------------------------------------------------------------------------------------------------------
| Tool Version : Vivado v.2025.2 (lin64) Build 6299465 Fri Nov 14 12:34:56 MST 2025
| Date         : Thu Aug 13 13:56:45 2026
| Host         : R10DT01 running 64-bit Ubuntu 26.04 LTS
| Command      : report_control_sets -verbose -file top_control_sets_placed.rpt
| Design       : top
| Device       : xc7a100t
---------------------------------------------------------------------------------------------------------------------------------------------

Control Set Information

Table of Contents
-----------------
1. Summary
2. Histogram
3. Flip-Flop Distribution
4. Detailed Control Set Information

1. Summary
----------

+----------------------------------------------------------+-------+
|                          Status                          | Count |
+----------------------------------------------------------+-------+
| Total control sets                                       |   404 |
|    Minimum number of control sets                        |   404 |
|    Addition due to synthesis replication                 |     0 |
|    Addition due to physical synthesis replication        |     0 |
| Unused register locations in slices containing registers |  1227 |
+----------------------------------------------------------+-------+
* Control sets can be merged at opt_design using control_set_merge or merge_equivalent_drivers
** Run report_qor_suggestions for automated merging and remapping suggestions


2. Histogram
------------

+--------------------+-------+
|       Fanout       | Count |
+--------------------+-------+
| Total control sets |   404 |
| >= 0 to < 4        |     1 |
| >= 4 to < 6        |    52 |
| >= 6 to < 8        |    39 |
| >= 8 to < 10       |    35 |
| >= 10 to < 12      |    16 |
| >= 12 to < 14      |    22 |
| >= 14 to < 16      |     1 |
| >= 16              |   238 |
+--------------------+-------+
* Control sets can be remapped at either synth_design or opt_design


3. Flip-Flop Distribution
-------------------------

+--------------+-----------------------+------------------------+-----------------+--------------+
| Clock Enable | Synchronous Set/Reset | Asynchronous Set/Reset | Total Registers | Total Slices |
+--------------+-----------------------+------------------------+-----------------+--------------+
| No           | No                    | No                     |            2642 |          818 |
| No           | No                    | Yes                    |              54 |           32 |
| No           | Yes                   | No                     |             965 |          342 |
| Yes          | No                    | No                     |           24278 |         5399 |
| Yes          | No                    | Yes                    |              68 |           22 |
| Yes          | Yes                   | No                     |            7350 |         1780 |
+--------------+-----------------------+------------------------+-----------------+--------------+


4. Detailed Control Set Information
-----------------------------------

+----------------------------------------------+-------------------------------------------------------------------------------+-----------------------------------------------------------------------------+------------------+----------------+--------------+
|                 Clock Signal                 |                                 Enable Signal                                 |                               Set/Reset Signal                              | Slice Load Count | Bel Load Count | Bels / Slice |
+----------------------------------------------+-------------------------------------------------------------------------------+-----------------------------------------------------------------------------+------------------+----------------+--------------+
|  video_clk0/inst/o_clk_120M                  |                                                                               | hdmi_clk0/SR[0]                                                             |                1 |              1 |         1.00 |
|  lvds_dclk_buffered                          | gen_fft[1].fftx/stage_8/wait_for_sync0                                        | global_rst                                                                  |                1 |              4 |         4.00 |
|  lvds_dclk_buffered                          | sup_adc1/grace[3]_i_1_n_0                                                     | lvds_irx1/SR[0]                                                             |                1 |              4 |         4.00 |
|  lvds_dclk_buffered                          | sup_adc2/grace[3]_i_1_n_0                                                     | lvds_irx1/SR[0]                                                             |                1 |              4 |         4.00 |
|  lvds_dclk_buffered                          | gen_fft[1].fftx/stage_16/HWBFLY.bfly/E[0]                                     | global_rst                                                                  |                1 |              4 |         4.00 |
|  lvds_dclk2_buffered                         | adc_sequencer1/fclk_expect[3]_i_1_n_0                                         |                                                                             |                1 |              4 |         4.00 |
|  lvds_dclk2_buffered                         | adc_sequencer1/i_wen                                                          | lvds_irx1/SR[0]                                                             |                1 |              4 |         4.00 |
|  lvds_dclk2_buffered                         | adc_sequencer1/resync_ctr[3]_i_2_n_0                                          | adc_sequencer1/resync_ctr[3]_i_1_n_0                                        |                1 |              4 |         4.00 |
|  lvds_dclk2_buffered                         | adc_sequencer1/CKPCEdiv[3]_i_2_n_0                                            | adc_sequencer1/CKPCEdiv[3]_i_1_n_0                                          |                1 |              4 |         4.00 |
|  lvds_dclk_buffered                          | gen_fft[0].fftx/stage_8/wait_for_sync0                                        | global_rst                                                                  |                1 |              4 |         4.00 |
|  lvds_dclk2_buffered                         |                                                                               |                                                                             |                3 |              4 |         1.33 |
|  lvds_dclk_buffered                          | gen_fft[3].fftx/stage_16/HWBFLY.bfly/E[0]                                     | global_rst                                                                  |                1 |              4 |         4.00 |
|  lvds_dclk_buffered                          | gen_fft[0].fftx/stage_16/HWBFLY.bfly/E[0]                                     | global_rst                                                                  |                1 |              4 |         4.00 |
|  lvds_dclk_buffered                          | gen_fft[2].fftx/stage_16/HWBFLY.bfly/E[0]                                     | global_rst                                                                  |                1 |              4 |         4.00 |
|  lvds_dclk_buffered                          | adc_sequencer0/fclk_expect[3]_i_1_n_0                                         |                                                                             |                1 |              4 |         4.00 |
|  lvds_dclk_buffered                          | adc_sequencer0/resync_ctr[3]_i_2_n_0                                          | adc_sequencer0/resync_ctr[3]_i_1_n_0                                        |                2 |              4 |         2.00 |
|  lvds_dclk_buffered                          | gen_fft[2].fftx/stage_8/wait_for_sync0                                        | global_rst                                                                  |                2 |              4 |         2.00 |
|  lvds_dclk_buffered                          | adc_sequencer0/CKPCEdiv[3]_i_2_n_0                                            | adc_sequencer0/CKPCEdiv[3]_i_1_n_0                                          |                1 |              4 |         4.00 |
|  lvds_dclk_buffered                          | p_2_in__0                                                                     | df_round_dly[4]_i_1_n_0                                                     |                2 |              4 |         2.00 |
|  lvds_irx1/IBUFDS_adc_dclk/ob                | lvds_irx1/fclk_rise                                                           | lvds_irx1/mism_ctr[3]_i_1_n_0                                               |                1 |              4 |         4.00 |
|  lvds_dclk_buffered                          | gen_fft[3].fftx/stage_8/wait_for_sync0                                        | global_rst                                                                  |                1 |              4 |         4.00 |
|  lvds_dclk_buffered                          | rot2_cnt[0]                                                                   | rot2_cnt[3]_i_1_n_0                                                         |                1 |              4 |         4.00 |
|  lvds_irx0/IBUFDS_adc_dclk/ob                | lvds_irx0/fclk_rise                                                           | lvds_irx0/mism_ctr[3]_i_1_n_0                                               |                1 |              4 |         4.00 |
|  lvds_dclk_buffered                          | rot1_cand[0]                                                                  | lvds_irx1/SR[0]                                                             |                2 |              4 |         2.00 |
|  video_clk0/inst/o_clk_120M                  | hdmi_clk0/E[0]                                                                | hdmi_clk0/SR[0]                                                             |                1 |              4 |         4.00 |
|  lvds_dclk_buffered                          | rot2_cand[0]                                                                  | lvds_irx1/SR[0]                                                             |                1 |              4 |         4.00 |
|  lvds_dclk_buffered                          | rot1_cnt[0]                                                                   | rot1_cnt[3]_i_1_n_0                                                         |                1 |              4 |         4.00 |
|  lvds_dclk_buffered                          | gen_fft[1].fftx/stage_16/wait_for_sync0                                       | global_rst                                                                  |                2 |              5 |         2.50 |
|  lvds_dclk_buffered                          | sup_adc2/bestrun_len[4]_i_1_n_0                                               | lvds_irx1/SR[0]                                                             |                2 |              5 |         2.50 |
|  lvds_dclk_buffered                          | vframe_tick                                                                   | global_rst                                                                  |                2 |              5 |         2.50 |
|  lvds_dclk_buffered                          | gen_fft[2].fftx/stage_32/HWBFLY.bfly/E[0]                                     | global_rst                                                                  |                1 |              5 |         5.00 |
|  lvds_dclk_buffered                          | gen_fft[1].fftx/stage_32/HWBFLY.bfly/E[0]                                     | global_rst                                                                  |                1 |              5 |         5.00 |
|  lvds_dclk_buffered                          | gen_fft[3].fftx/stage_16/wait_for_sync0                                       | global_rst                                                                  |                1 |              5 |         5.00 |
|  lvds_dclk_buffered                          | sup_adc1/run_start[0]                                                         | lvds_irx1/SR[0]                                                             |                1 |              5 |         5.00 |
|  lvds_dclk_buffered                          | gen_fft[0].fftx/stage_32/HWBFLY.bfly/E[0]                                     | global_rst                                                                  |                1 |              5 |         5.00 |
|  lvds_irx0/IBUFDS_adc_dclk/ob                |                                                                               |                                                                             |                3 |              5 |         1.67 |
|  lvds_dclk_buffered                          | gen_fft[0].fftx/stage_16/wait_for_sync0                                       | global_rst                                                                  |                1 |              5 |         5.00 |
|  lvds_dclk_buffered                          | gen_fft[3].fftx/stage_32/HWBFLY.bfly/E[0]                                     | global_rst                                                                  |                1 |              5 |         5.00 |
|  lvds_dclk_buffered                          | sup_adc1/bestrun_len[4]_i_1_n_0                                               | lvds_irx1/SR[0]                                                             |                2 |              5 |         2.50 |
|  lvds_dclk_buffered                          | sup_adc1/bestrun_start[0]                                                     | lvds_irx1/SR[0]                                                             |                1 |              5 |         5.00 |
|  lvds_dclk_buffered                          | adc_sequencer0/o_mem_sampleStrobe                                             | global_rst                                                                  |                5 |              5 |         1.00 |
|  lvds_dclk_buffered                          | sup_adc1/best_tap[0]                                                          | lvds_irx1/SR[0]                                                             |                1 |              5 |         5.00 |
|  lvds_dclk_buffered                          | sup_adc1/tap_i[4]_i_1_n_0                                                     | lvds_irx1/SR[0]                                                             |                2 |              5 |         2.50 |
|  lvds_dclk_buffered                          | sup_adc1/run_len[4]_i_1_n_0                                                   | lvds_irx1/SR[0]                                                             |                1 |              5 |         5.00 |
|  lvds_dclk_buffered                          | sup_adc1/o_tap[4]_i_1_n_0                                                     | lvds_irx1/SR[0]                                                             |                3 |              5 |         1.67 |
|  lvds_irx1/IBUFDS_adc_dclk/ob                |                                                                               |                                                                             |                2 |              5 |         2.50 |
|  lvds_dclk_buffered                          | sup_adc2/run_start[0]                                                         | lvds_irx1/SR[0]                                                             |                1 |              5 |         5.00 |
|  lvds_dclk_buffered                          | sup_adc2/bestrun_start[0]                                                     | lvds_irx1/SR[0]                                                             |                2 |              5 |         2.50 |
|  lvds_dclk_buffered                          | sup_adc2/best_tap[0]                                                          | lvds_irx1/SR[0]                                                             |                2 |              5 |         2.50 |
|  lvds_dclk_buffered                          | sup_adc2/tap_i[4]_i_1_n_0                                                     | lvds_irx1/SR[0]                                                             |                2 |              5 |         2.50 |
|  lvds_dclk_buffered                          | gen_fft[2].fftx/stage_16/wait_for_sync0                                       | global_rst                                                                  |                1 |              5 |         5.00 |
|  lvds_dclk_buffered                          | sup_adc2/run_len[4]_i_1_n_0                                                   | lvds_irx1/SR[0]                                                             |                1 |              5 |         5.00 |
|  lvds_dclk_buffered                          | sup_adc2/o_tap[4]_i_1_n_0                                                     | lvds_irx1/SR[0]                                                             |                2 |              5 |         2.50 |
|  lvds_dclk_buffered                          | gen_fft[2].fftx/stage_8/HWBFLY.bfly/CKPCE_THREE.mpy_pipe_d[59]_i_1_n_0        | gen_fft[2].fftx/stage_8/HWBFLY.bfly/CKPCE_THREE.mpy_pipe_c[38]_i_1__4_n_0   |                2 |              6 |         3.00 |
|  lvds_dclk_buffered                          | gen_fft[2].fftx/stage_32/wait_for_sync0                                       | global_rst                                                                  |                1 |              6 |         6.00 |
|  lvds_dclk_buffered                          | gen_fft[2].fftx/stage_64/wait_for_sync0                                       | global_rst                                                                  |                1 |              6 |         6.00 |
|  lvds_dclk_buffered                          | gen_fft[2].fftx/stage_64/HWBFLY.bfly/E[0]                                     | global_rst                                                                  |                1 |              6 |         6.00 |
|  lvds_dclk_buffered                          | gen_fft[0].fftx/stage_64/HWBFLY.bfly/E[0]                                     | global_rst                                                                  |                1 |              6 |         6.00 |
|  lvds_dclk_buffered                          | gen_fft[0].fftx/stage_64/wait_for_sync0                                       | global_rst                                                                  |                2 |              6 |         3.00 |
|  lvds_dclk_buffered                          | df_0/drain_ctr[0]                                                             | global_rst                                                                  |                2 |              6 |         3.00 |
|  lvds_dclk_buffered                          | gen_fft[0].fftx/stage_32/wait_for_sync0                                       | global_rst                                                                  |                1 |              6 |         6.00 |
|  lvds_dclk_buffered                          | gen_fft[3].fftx/stage_64/wait_for_sync0                                       | global_rst                                                                  |                3 |              6 |         2.00 |
|  lvds_dclk_buffered                          |                                                                               | df_0/s3_c[0][5]_i_1_n_0                                                     |                2 |              6 |         3.00 |
|  lvds_dclk_buffered                          | gen_fft[3].fftx/stage_64/HWBFLY.bfly/E[0]                                     | global_rst                                                                  |                1 |              6 |         6.00 |
|  hdmi_clk0/o_clk_pix                         |                                                                               | gen_overlay[0].pane_overlay_i/s2_segs[6]_i_1_n_0                            |                2 |              6 |         3.00 |
|  hdmi_clk0/o_clk_pix                         |                                                                               | gen_overlay[1].pane_overlay_i/s2_segs[6]_i_1_n_0                            |                2 |              6 |         3.00 |
|  hdmi_clk0/o_clk_pix                         | gen_overlay[0].pane_overlay_i/bcd_conv/busy                                   | gen_overlay[0].pane_overlay_i/bcd_conv/bit_cnt[5]_i_1_n_0                   |                2 |              6 |         3.00 |
|  hdmi_clk0/o_clk_pix                         | gen_overlay[1].pane_overlay_i/bcd_conv/busy                                   | gen_overlay[1].pane_overlay_i/bcd_conv/bit_cnt[5]_i_1_n_0                   |                2 |              6 |         3.00 |
|  hdmi_clk0/o_clk_pix                         | gen_overlay[2].pane_overlay_i/bcd_conv/busy                                   | gen_overlay[2].pane_overlay_i/bcd_conv/bit_cnt[5]_i_1_n_0                   |                2 |              6 |         3.00 |
|  hdmi_clk0/o_clk_pix                         | gen_overlay[3].pane_overlay_i/bcd_conv/busy                                   | gen_overlay[3].pane_overlay_i/bcd_conv/bit_cnt[5]_i_1_n_0                   |                2 |              6 |         3.00 |
|  lvds_dclk_buffered                          | gen_fft[1].fftx/stage_64/wait_for_sync0                                       | global_rst                                                                  |                3 |              6 |         2.00 |
|  lvds_dclk_buffered                          | gen_fft[3].fftx/stage_8/HWBFLY.bfly/CKPCE_THREE.mpy_pipe_d[59]_i_1_n_0        | gen_fft[3].fftx/stage_8/HWBFLY.bfly/CKPCE_THREE.mpy_pipe_c[38]_i_1__4_n_0   |                2 |              6 |         3.00 |
|  lvds_dclk_buffered                          | gen_fft[1].fftx/stage_32/wait_for_sync0                                       | global_rst                                                                  |                2 |              6 |         3.00 |
|  hdmi_clk0/o_clk_pix                         |                                                                               | gen_overlay[3].pane_overlay_i/s2_segs[6]_i_1_n_0                            |                1 |              6 |         6.00 |
|  lvds_dclk_buffered                          |                                                                               | df_0/s3_c[1][5]_i_1_n_0                                                     |                2 |              6 |         3.00 |
|  lvds_dclk_buffered                          |                                                                               | df_0/s3_c[2][5]_i_1_n_0                                                     |                2 |              6 |         3.00 |
|  lvds_dclk_buffered                          |                                                                               | df_0/s3_c[3][5]_i_1_n_0                                                     |                2 |              6 |         3.00 |
|  lvds_dclk_buffered                          | gen_fft[1].fftx/stage_8/HWBFLY.bfly/CKPCE_THREE.mpy_pipe_d[59]_i_1_n_0        | gen_fft[1].fftx/stage_8/HWBFLY.bfly/CKPCE_THREE.mpy_pipe_c[38]_i_1__4_n_0   |                2 |              6 |         3.00 |
|  lvds_dclk_buffered                          | gen_fft[1].fftx/stage_64/HWBFLY.bfly/E[0]                                     | global_rst                                                                  |                1 |              6 |         6.00 |
|  hdmi_clk0/o_clk_pix                         |                                                                               | gen_overlay[2].pane_overlay_i/s2_segs[6]_i_1_n_0                            |                2 |              6 |         3.00 |
|  lvds_dclk_buffered                          | gen_fft[0].fftx/stage_8/HWBFLY.bfly/CKPCE_THREE.mpy_pipe_d[59]_i_1_n_0        | gen_fft[0].fftx/stage_8/HWBFLY.bfly/CKPCE_THREE.mpy_pipe_c[38]_i_1__4_n_0   |                2 |              6 |         3.00 |
|  lvds_dclk_buffered                          | gen_fft[3].fftx/stage_32/wait_for_sync0                                       | global_rst                                                                  |                2 |              6 |         3.00 |
|  lvds_dclk_buffered                          | gen_fft[3].fftx/stage_128/HWBFLY.bfly/E[0]                                    | global_rst                                                                  |                2 |              7 |         3.50 |
|  lvds_dclk_buffered                          | gen_fft[1].fftx/stage_128/HWBFLY.bfly/E[0]                                    | global_rst                                                                  |                2 |              7 |         3.50 |
|  lvds_dclk_buffered                          | gen_fft[2].fftx/stage_128/HWBFLY.bfly/E[0]                                    | global_rst                                                                  |                2 |              7 |         3.50 |
|  lvds_dclk_buffered                          | gen_fft[3].fftx/stage_128/wait_for_sync0                                      | global_rst                                                                  |                2 |              7 |         3.50 |
|  video_clk0/inst/o_clk_120M                  | heal_pulse[6]_i_1_n_0                                                         | global_rst                                                                  |                2 |              7 |         3.50 |
|  lvds_dclk_buffered                          | gen_fft[1].fftx/stage_128/wait_for_sync0                                      | global_rst                                                                  |                2 |              7 |         3.50 |
|  lvds_dclk_buffered                          | gen_fft[2].fftx/stage_128/wait_for_sync0                                      | global_rst                                                                  |                2 |              7 |         3.50 |
|  hdmi_clk0/o_clk_pix                         | screen_0/o_wf_sync                                                            |                                                                             |                2 |              7 |         3.50 |
|  lvds_dclk_buffered                          | gen_fft[0].fftx/stage_128/wait_for_sync0                                      | global_rst                                                                  |                2 |              7 |         3.50 |
|  lvds_dclk_buffered                          | gen_fft[0].fftx/stage_128/HWBFLY.bfly/E[0]                                    | global_rst                                                                  |                2 |              7 |         3.50 |
|  lvds_dclk_buffered                          |                                                                               | gen_membank[2].peakMem/SR[0]                                                |                2 |              8 |         4.00 |
|  lvds_dclk_buffered                          | adc_sequencer0/o_adc_frameStrobe                                              | gen_fft[1].fftx/stage_1024/o_data[20]_i_1__6_n_0                            |                1 |              8 |         8.00 |
|  lvds_dclk_buffered                          |                                                                               | gen_specfresh[3].comp[8]                                                    |                6 |              8 |         1.33 |
|  lvds_dclk_buffered                          |                                                                               | gen_specfresh[1].comp[8]                                                    |                5 |              8 |         1.60 |
|  lvds_dclk_buffered                          |                                                                               | p_0_in__1                                                                   |                4 |              8 |         2.00 |
|  lvds_dclk_buffered                          | gen_fft[2].fftx/stage_256/HWBFLY.bfly/E[0]                                    | global_rst                                                                  |                2 |              8 |         4.00 |
|  lvds_dclk_buffered                          |                                                                               | gen_membank[3].peakMem/SR[0]                                                |                3 |              8 |         2.67 |
|  lvds_dclk_buffered                          |                                                                               | gen_specfresh[2].comp[8]                                                    |                3 |              8 |         2.67 |
|  lvds_dclk_buffered                          |                                                                               | gen_membank[1].peakMem/SR[0]                                                |                2 |              8 |         4.00 |
|  lvds_dclk_buffered                          |                                                                               | gen_membank[0].peakMem/SR[0]                                                |                3 |              8 |         2.67 |
|  lvds_dclk_buffered                          | gen_fft[1].fftx/stage_256/HWBFLY.bfly/E[0]                                    | global_rst                                                                  |                2 |              8 |         4.00 |
|  lvds_dclk_buffered                          | gen_fft[3].fftx/stage_256/HWBFLY.bfly/E[0]                                    | global_rst                                                                  |                2 |              8 |         4.00 |
|  video_clk0/inst/o_clk_195M_Video_clk_en_clk |                                                                               |                                                                             |                1 |              8 |         8.00 |
|  video_clk0/inst/o_clk_120M_Video_clk_en_clk |                                                                               |                                                                             |                1 |              8 |         8.00 |
|  video_clk0/inst/o_clk_120M                  |                                                                               | global_rst                                                                  |                3 |              8 |         2.67 |
|  lvds_dclk_buffered                          | adc_sequencer0/o_adc_frameStrobe                                              | gen_fft[0].fftx/stage_1024/o_data[20]_i_1__6_n_0                            |                1 |              8 |         8.00 |
|  lvds_dclk_buffered                          | adc_sequencer0/o_mem_sampleStrobe                                             | gen_fft[3].logfnx/pre_output[0]                                             |                2 |              8 |         4.00 |
|  lvds_dclk_buffered                          | adc_sequencer0/o_adc_frameStrobe                                              | gen_fft[3].fftx/stage_1024/o_data[20]_i_1__6_n_0                            |                2 |              8 |         4.00 |
|  lvds_dclk_buffered                          | gen_fft[0].fftx/stage_256/HWBFLY.bfly/E[0]                                    | global_rst                                                                  |                2 |              8 |         4.00 |
|  lvds_dclk_buffered                          | adc_sequencer0/o_mem_sampleStrobe                                             | gen_fft[2].logfnx/pre_output[0]                                             |                2 |              8 |         4.00 |
|  lvds_dclk_buffered                          | adc_sequencer0/o_mem_sampleStrobe                                             | gen_fft[1].logfnx/pre_output[0]                                             |                2 |              8 |         4.00 |
|  lvds_dclk_buffered                          | adc_sequencer0/o_adc_frameStrobe                                              | gen_fft[2].fftx/stage_1024/o_data[20]_i_1__6_n_0                            |                1 |              8 |         8.00 |
|  lvds_dclk_buffered                          | adc_sequencer0/o_mem_sampleStrobe                                             | gen_fft[0].logfnx/pre_output[0]                                             |                2 |              8 |         4.00 |
|  lvds_dclk_buffered                          | df_0/cordic_df/E[0]                                                           | global_rst                                                                  |                3 |              9 |         3.00 |
|  lvds_dclk_buffered                          | df_0/didx[0]                                                                  | global_rst                                                                  |                2 |              9 |         4.50 |
|  lvds_dclk_buffered                          | gen_fft[3].fftx/stage_256/wait_for_sync0                                      | global_rst                                                                  |                3 |              9 |         3.00 |
|  lvds_dclk_buffered                          | gen_fft[3].fftx/stage_512/HWBFLY.bfly/E[0]                                    | global_rst                                                                  |                2 |              9 |         4.50 |
|  lvds_dclk2_buffered                         |                                                                               | lvds_irx1/SR[0]                                                             |                3 |              9 |         3.00 |
|  lvds_dclk_buffered                          | gen_fft[1].fftx/stage_256/wait_for_sync0                                      | global_rst                                                                  |                4 |              9 |         2.25 |
|  lvds_dclk_buffered                          | df_0/cordic_df/FSM_onehot_state_reg[0][0]                                     |                                                                             |                4 |              9 |         2.25 |
|  lvds_dclk_buffered                          | gen_fft[1].fftx/stage_512/HWBFLY.bfly/E[0]                                    | global_rst                                                                  |                2 |              9 |         4.50 |
|  lvds_dclk_buffered                          | gen_fft[0].fftx/stage_512/HWBFLY.bfly/E[0]                                    | global_rst                                                                  |                2 |              9 |         4.50 |
|  lvds_dclk_buffered                          | gen_fft[2].fftx/stage_512/HWBFLY.bfly/E[0]                                    | global_rst                                                                  |                2 |              9 |         4.50 |
|  lvds_dclk_buffered                          | gen_fft[2].fftx/stage_256/wait_for_sync0                                      | global_rst                                                                  |                3 |              9 |         3.00 |
|  lvds_dclk_buffered                          | gen_fft[0].fftx/stage_256/wait_for_sync0                                      | global_rst                                                                  |                3 |              9 |         3.00 |
|  lvds_dclk_buffered                          | gen_fft[1].fftx/stage_1024/wait_for_sync0                                     | global_rst                                                                  |                4 |             10 |         2.50 |
|  lvds_dclk_buffered                          | gen_fft[1].fftx/stage_1024/HWBFLY.bfly/E[0]                                   | global_rst                                                                  |                2 |             10 |         5.00 |
|  lvds_dclk_buffered                          | gen_fft[0].fftx/stage_1024/wait_for_sync0                                     | global_rst                                                                  |                3 |             10 |         3.33 |
|  lvds_dclk_buffered                          | gen_fft[2].fftx/stage_1024/wait_for_sync0                                     | global_rst                                                                  |                3 |             10 |         3.33 |
|  lvds_dclk_buffered                          | gen_fft[3].fftx/stage_1024/wait_for_sync0                                     | global_rst                                                                  |                2 |             10 |         5.00 |
|  lvds_dclk_buffered                          | gen_fft[3].fftx/stage_1024/HWBFLY.bfly/E[0]                                   | global_rst                                                                  |                2 |             10 |         5.00 |
|  lvds_dclk_buffered                          | gen_fft[2].fftx/stage_1024/HWBFLY.bfly/E[0]                                   | global_rst                                                                  |                2 |             10 |         5.00 |
|  lvds_dclk_buffered                          | df_0/bin_ctr[0]                                                               | global_rst                                                                  |                3 |             10 |         3.33 |
|  lvds_dclk_buffered                          | gen_fft[0].fftx/stage_1024/HWBFLY.bfly/E[0]                                   | global_rst                                                                  |                2 |             10 |         5.00 |
|  lvds_dclk_buffered                          | adc_sequencer0/frameCounter_tmp[9]_i_2_n_0                                    | adc_sequencer0/frameCounter_tmp[9]_i_1_n_0                                  |                2 |             10 |         5.00 |
|  hdmi_clk0/o_clk_pix                         |                                                                               | rgb2dvi_m0/DataEncoders[0].DataEncoder/pDataOutRaw[9]_i_1__1_n_0            |                4 |             10 |         2.50 |
|  hdmi_clk0/o_clk_pix                         |                                                                               | disp_g_q[7]_i_1_n_0                                                         |                2 |             10 |         5.00 |
|  lvds_dclk_buffered                          | gen_fft[1].fftx/stage_2/o_sync_reg_0                                          | global_rst                                                                  |                2 |             11 |         5.50 |
|  lvds_dclk_buffered                          | gen_fft[2].fftx/stage_2/o_sync_reg_0                                          | global_rst                                                                  |                2 |             11 |         5.50 |
|  lvds_dclk_buffered                          | gen_fft[0].fftx/stage_2/o_sync_reg_0                                          | global_rst                                                                  |                5 |             11 |         2.20 |
|  lvds_dclk_buffered                          | gen_fft[3].fftx/stage_2/o_sync_reg_0                                          | global_rst                                                                  |                3 |             11 |         3.67 |
|  hdmi_clk0/o_clk_pix                         |                                                                               | gen_overlay[2].pane_overlay_i/active_x[0]_i_1_n_0                           |                3 |             12 |         4.00 |
|  hdmi_clk0/o_clk_pix                         | gen_overlay[1].pane_overlay_i/line_start                                      | gen_overlay[1].pane_overlay_i/active_y[0]_i_1_n_0                           |                3 |             12 |         4.00 |
|  hdmi_clk0/o_clk_pix                         |                                                                               | gen_overlay[3].pane_overlay_i/active_x[0]_i_1_n_0                           |                3 |             12 |         4.00 |
|  hdmi_clk0/o_clk_pix                         | polar_0/active_y[11]_i_1_n_0                                                  | global_rst                                                                  |                2 |             12 |         6.00 |
|  hdmi_clk0/o_clk_pix                         | gen_overlay[0].pane_overlay_i/line_start                                      | gen_overlay[0].pane_overlay_i/active_y[0]_i_1_n_0                           |                3 |             12 |         4.00 |
|  hdmi_clk0/o_clk_pix                         | gen_overlay[2].pane_overlay_i/line_start                                      | gen_overlay[2].pane_overlay_i/active_y[0]_i_1_n_0                           |                3 |             12 |         4.00 |
|  hdmi_clk0/o_clk_pix                         | gen_overlay[3].pane_overlay_i/line_start                                      | gen_overlay[3].pane_overlay_i/active_y[0]_i_1_n_0                           |                3 |             12 |         4.00 |
|  hdmi_clk0/o_clk_pix                         | screen_0/active_x[11]_i_1_n_0                                                 | global_rst                                                                  |                4 |             12 |         3.00 |
|  hdmi_clk0/o_clk_pix                         | screen_0/active_y[0]                                                          | global_rst                                                                  |                4 |             12 |         3.00 |
|  hdmi_clk0/o_clk_pix                         | screen_0/v_cnt[0]                                                             | global_rst                                                                  |                4 |             12 |         3.00 |
|  lvds_dclk_buffered                          | gen_rampchk[1].ramp_checker_lane/o_expected[11]_i_1_n_0                       | lvds_irx1/SR[0]                                                             |                3 |             12 |         4.00 |
|  hdmi_clk0/o_clk_pix                         |                                                                               | polar_0/px_r[7]_i_1_n_0                                                     |                2 |             12 |         6.00 |
|  lvds_dclk_buffered                          | gen_agc[0].avg_peak_r[0][11]_i_1_n_0                                          | global_rst                                                                  |                4 |             12 |         3.00 |
|  lvds_dclk_buffered                          | gen_agc[1].avg_peak_r[1][11]_i_1_n_0                                          | global_rst                                                                  |                4 |             12 |         3.00 |
|  lvds_dclk_buffered                          | gen_agc[2].avg_peak_r[2][11]_i_1_n_0                                          | global_rst                                                                  |                4 |             12 |         3.00 |
|  lvds_dclk_buffered                          | gen_agc[3].avg_peak_r[3][11]_i_1_n_0                                          | global_rst                                                                  |                4 |             12 |         3.00 |
|  hdmi_clk0/o_clk_pix                         |                                                                               | polar_0/active_x[0]_i_1_n_0                                                 |                3 |             12 |         4.00 |
| ~lvds_dclk_buffered                          |                                                                               |                                                                             |               12 |             12 |         1.00 |
|  hdmi_clk0/o_clk_pix                         |                                                                               | gen_overlay[0].pane_overlay_i/active_x[0]_i_1_n_0                           |                3 |             12 |         4.00 |
|  hdmi_clk0/o_clk_pix                         |                                                                               | gen_overlay[1].pane_overlay_i/active_x[0]_i_1_n_0                           |                3 |             12 |         4.00 |
|  lvds_dclk_buffered                          | gen_rampchk[0].ramp_checker_lane/o_expected[11]_i_1_n_0                       | lvds_irx1/SR[0]                                                             |                3 |             12 |         4.00 |
|  lvds_dclk_buffered                          | out_shift[11]_i_1_n_0                                                         | global_rst                                                                  |                2 |             12 |         6.00 |
|  lvds_dclk_buffered                          | df_0/cordic_df/FSM_onehot_rmw_st_reg[0][0]                                    |                                                                             |                4 |             15 |         3.75 |
|  lvds_dclk_buffered                          | df_0/tbl_din[0]                                                               | global_rst                                                                  |                7 |             16 |         2.29 |
|  lvds_irx0/IBUFDS_adc_dclk/ob                | lvds_irx0/initctr[15]_i_1_n_0                                                 | lvds_irx1/SR[0]                                                             |                5 |             16 |         3.20 |
|  lvds_irx1/IBUFDS_adc_dclk/ob                | lvds_irx1/initctr[15]_i_1_n_0                                                 | lvds_irx1/SR[0]                                                             |                5 |             16 |         3.20 |
|  lvds_dclk_buffered                          | tag_mem_reg_0_7_0_5_i_1_n_0                                                   |                                                                             |                2 |             16 |         8.00 |
|  lvds_irx0/IBUFDS_adc_dclk/ob                |                                                                               | lvds_irx1/SR[0]                                                             |                7 |             17 |         2.43 |
|  lvds_irx1/IBUFDS_adc_dclk/ob                |                                                                               | lvds_irx1/SR[0]                                                             |                7 |             17 |         2.43 |
|  lvds_dclk_buffered                          | sup_adc1/miss_ctr[17]_i_1_n_0                                                 | lvds_irx1/SR[0]                                                             |                7 |             18 |         2.57 |
|  lvds_dclk_buffered                          | sup_adc1/best_miss[17]_i_1_n_0                                                | lvds_irx1/SR[0]                                                             |                5 |             18 |         3.60 |
|  lvds_dclk_buffered                          | sup_adc2/miss_ctr[17]_i_1_n_0                                                 | lvds_irx1/SR[0]                                                             |                7 |             18 |         2.57 |
|  lvds_dclk_buffered                          | sup_adc2/best_miss[17]_i_1_n_0                                                | lvds_irx1/SR[0]                                                             |                4 |             18 |         4.50 |
|  hdmi_clk0/o_clk_pix                         | gen_overlay[0].pane_overlay_i/conv_idx0                                       | global_rst                                                                  |                4 |             19 |         4.75 |
|  hdmi_clk0/o_clk_pix                         | gen_overlay[3].pane_overlay_i/conv_idx0                                       | global_rst                                                                  |                7 |             19 |         2.71 |
|  hdmi_clk0/o_clk_pix                         | gen_overlay[1].pane_overlay_i/conv_idx0                                       | global_rst                                                                  |                5 |             19 |         3.80 |
|  hdmi_clk0/o_clk_pix                         | gen_overlay[2].pane_overlay_i/conv_idx0                                       | global_rst                                                                  |                6 |             19 |         3.17 |
|  lvds_dclk_buffered                          | sup_adc1/ce_ctr[21]_i_1_n_0                                                   | lvds_irx1/SR[0]                                                             |                7 |             22 |         3.14 |
|  lvds_dclk_buffered                          | sup_adc2/ce_ctr[21]_i_1_n_0                                                   | lvds_irx1/SR[0]                                                             |                7 |             22 |         3.14 |
|  lvds_dclk_buffered                          |                                                                               | df_0/decay_ctr[0]_i_1_n_0                                                   |                6 |             23 |         3.83 |
|  lvds_dclk_buffered                          | gen_ch[2].iq_bal/sig_cnt[0]                                                   | lvds_irx1/SR[0]                                                             |                6 |             24 |         4.00 |
|  lvds_dclk_buffered                          | gen_ch[0].iq_bal/sig_cnt[0]                                                   | lvds_irx1/SR[0]                                                             |                6 |             24 |         4.00 |
|  lvds_dclk_buffered                          | gen_ch[1].iq_bal/sig_cnt[0]                                                   | lvds_irx1/SR[0]                                                             |                6 |             24 |         4.00 |
|  lvds_dclk_buffered                          | gen_ch[3].iq_bal/sig_cnt[0]                                                   | lvds_irx1/SR[0]                                                             |                6 |             24 |         4.00 |
|  lvds_dclk_buffered                          | gen_fft[3].fftx/stage_1024/HWBFLY.bfly/CKPCE_THREE.mpy_pipe_c[14]_i_2_n_0     |                                                                             |               10 |             25 |         2.50 |
|  lvds_dclk_buffered                          | gen_fft[1].fftx/stage_1024/HWBFLY.bfly/CKPCE_THREE.rp_three[24]_i_1_n_0       |                                                                             |                4 |             25 |         6.25 |
|  lvds_dclk_buffered                          | gen_fft[3].fftx/stage_1024/HWBFLY.bfly/CKPCE_THREE.rp_three[24]_i_1_n_0       |                                                                             |               10 |             25 |         2.50 |
|  lvds_dclk_buffered                          | gen_fft[0].fftx/stage_1024/HWBFLY.bfly/CKPCE_THREE.rp_three[24]_i_1_n_0       |                                                                             |                5 |             25 |         5.00 |
|  lvds_dclk_buffered                          | gen_fft[0].fftx/stage_1024/HWBFLY.bfly/CKPCE_THREE.mpy_pipe_c[14]_i_2_n_0     |                                                                             |                7 |             25 |         3.57 |
|  lvds_dclk_buffered                          | gen_fft[2].fftx/stage_1024/HWBFLY.bfly/CKPCE_THREE.rp_three[24]_i_1_n_0       |                                                                             |                6 |             25 |         4.17 |
|  lvds_dclk_buffered                          | gen_fft[2].fftx/stage_1024/HWBFLY.bfly/CKPCE_THREE.mpy_pipe_c[14]_i_2_n_0     |                                                                             |                6 |             25 |         4.17 |
|  lvds_dclk_buffered                          | gen_fft[1].fftx/stage_1024/HWBFLY.bfly/CKPCE_THREE.mpy_pipe_c[14]_i_2_n_0     |                                                                             |                8 |             25 |         3.12 |
|  lvds_dclk_buffered                          | in_frame_end                                                                  | gen_agc[3].pk_sum[0]_i_1_n_0                                                |                7 |             26 |         3.71 |
|  lvds_dclk_buffered                          | in_frame_end                                                                  | gen_agc[2].pk_sum[0]_i_1_n_0                                                |                7 |             26 |         3.71 |
|  lvds_dclk_buffered                          | in_frame_end                                                                  | gen_agc[1].pk_sum[0]_i_1_n_0                                                |                7 |             26 |         3.71 |
|  lvds_dclk_buffered                          | in_frame_end                                                                  | gen_agc[0].pk_sum[0]_i_1_n_0                                                |                7 |             26 |         3.71 |
|  video_clk0/inst/o_clk_120M                  |                                                                               | dead_ctr[0]_i_1_n_0                                                         |                7 |             28 |         4.00 |
|  lvds_dclk_buffered                          | gen_fft[0].fftx/stage_1024/HWBFLY.bfly/CKPCE_THREE.mpy_pipe_c[29]_i_1__4_n_0  |                                                                             |               14 |             29 |         2.07 |
|  lvds_dclk_buffered                          | gen_fft[3].fftx/stage_1024/HWBFLY.bfly/CKPCE_THREE.mpy_pipe_c[29]_i_1__4_n_0  |                                                                             |               15 |             29 |         1.93 |
|  lvds_dclk_buffered                          | gen_fft[3].fftx/stage_1024/HWBFLY.bfly/CKPCE_THREE.mpy_pipe_c[14]_i_2_n_0     | gen_fft[3].fftx/stage_1024/HWBFLY.bfly/CKPCE_THREE.mpy_pipe_c[14]_i_1_n_0   |                8 |             29 |         3.62 |
|  lvds_dclk_buffered                          | gen_fft[0].fftx/stage_1024/HWBFLY.bfly/CKPCE_THREE.mpy_pipe_c[14]_i_2_n_0     | gen_fft[0].fftx/stage_1024/HWBFLY.bfly/CKPCE_THREE.mpy_pipe_c[14]_i_1_n_0   |                8 |             29 |         3.62 |
|  lvds_dclk_buffered                          | gen_fft[2].fftx/stage_1024/HWBFLY.bfly/CKPCE_THREE.mpy_pipe_c[29]_i_1__4_n_0  |                                                                             |               13 |             29 |         2.23 |
|  lvds_dclk_buffered                          | gen_fft[2].fftx/stage_1024/HWBFLY.bfly/CKPCE_THREE.mpy_pipe_c[14]_i_2_n_0     | gen_fft[2].fftx/stage_1024/HWBFLY.bfly/CKPCE_THREE.mpy_pipe_c[14]_i_1_n_0   |                8 |             29 |         3.62 |
|  lvds_dclk_buffered                          | gen_fft[1].fftx/stage_1024/HWBFLY.bfly/CKPCE_THREE.mpy_pipe_c[14]_i_2_n_0     | gen_fft[1].fftx/stage_1024/HWBFLY.bfly/CKPCE_THREE.mpy_pipe_c[14]_i_1_n_0   |                8 |             29 |         3.62 |
|  lvds_dclk_buffered                          | gen_fft[1].fftx/stage_1024/HWBFLY.bfly/CKPCE_THREE.mpy_pipe_c[29]_i_1__4_n_0  |                                                                             |               13 |             29 |         2.23 |
|  hdmi_clk0/o_clk_pix                         |                                                                               | gen_overlay[2].pane_overlay_i/tick_ctr[0]_i_1_n_0                           |                8 |             32 |         4.00 |
|  hdmi_clk0/o_clk_pix                         |                                                                               | gen_overlay[3].pane_overlay_i/tick_ctr[0]_i_1_n_0                           |                8 |             32 |         4.00 |
|  hdmi_clk0/o_clk_pix                         |                                                                               | gen_overlay[1].pane_overlay_i/tick_ctr[0]_i_1_n_0                           |                8 |             32 |         4.00 |
|  hdmi_clk0/o_clk_pix                         |                                                                               | gen_overlay[0].pane_overlay_i/tick_ctr[0]_i_1_n_0                           |                8 |             32 |         4.00 |
|  hdmi_clk0/o_clk_pix                         |                                                                               | rgb2dvi_m0/DataEncoders[0].DataEncoder/SR[0]                                |               13 |             32 |         2.46 |
| ~lvds_dclk_buffered                          | wf_hold[0]                                                                    |                                                                             |                9 |             32 |         3.56 |
|  lvds_dclk_buffered                          | gen_fft[2].fftx/stage_512/HWBFLY.bfly/CKPCE_THREE.rp_three[34]_i_1_n_0        |                                                                             |               17 |             35 |         2.06 |
|  lvds_dclk_buffered                          | gen_fft[1].fftx/stage_512/HWBFLY.bfly/CKPCE_THREE.mpy_pipe_c[19]_i_2_n_0      |                                                                             |                7 |             35 |         5.00 |
|  lvds_dclk_buffered                          | gen_fft[3].fftx/stage_512/HWBFLY.bfly/CKPCE_THREE.rp_three[34]_i_1_n_0        |                                                                             |               10 |             35 |         3.50 |
|  lvds_dclk_buffered                          | gen_fft[3].fftx/stage_512/HWBFLY.bfly/CKPCE_THREE.mpy_pipe_c[19]_i_2_n_0      |                                                                             |               12 |             35 |         2.92 |
|  lvds_dclk_buffered                          | gen_fft[1].fftx/stage_512/HWBFLY.bfly/CKPCE_THREE.rp_three[34]_i_1_n_0        |                                                                             |               10 |             35 |         3.50 |
|  lvds_dclk_buffered                          | gen_fft[2].fftx/stage_512/HWBFLY.bfly/CKPCE_THREE.mpy_pipe_c[19]_i_2_n_0      |                                                                             |               18 |             35 |         1.94 |
|  lvds_dclk_buffered                          | gen_fft[0].fftx/stage_512/HWBFLY.bfly/CKPCE_THREE.mpy_pipe_c[19]_i_2_n_0      |                                                                             |               12 |             35 |         2.92 |
|  lvds_dclk_buffered                          | gen_fft[0].fftx/stage_512/HWBFLY.bfly/CKPCE_THREE.rp_three[34]_i_1_n_0        |                                                                             |                8 |             35 |         4.38 |
|  lvds_dclk_buffered                          | gen_fft[2].fftx/stage_2/m_r[0]                                                |                                                                             |                8 |             36 |         4.50 |
|  lvds_dclk_buffered                          | gen_fft[0].fftx/stage_2/m_r[0]                                                |                                                                             |               10 |             36 |         3.60 |
|  lvds_dclk_buffered                          | gen_fft[0].fftx/stage_32/p_0_in3_out                                          |                                                                             |                9 |             36 |         4.00 |
|  lvds_dclk_buffered                          | gen_fft[2].fftx/stage_2/sto_r[0]                                              |                                                                             |               10 |             36 |         3.60 |
|  lvds_dclk_buffered                          | gen_fft[3].fftx/stage_16/p_0_in3_out                                          |                                                                             |                9 |             36 |         4.00 |
|  lvds_dclk_buffered                          | gen_fft[2].fftx/stage_8/p_0_in3_out                                           |                                                                             |                9 |             36 |         4.00 |
|  lvds_dclk_buffered                          | gen_fft[2].fftx/stage_16/p_0_in3_out                                          |                                                                             |                9 |             36 |         4.00 |
|  lvds_dclk_buffered                          | gen_fft[0].fftx/stage_16/p_0_in3_out                                          |                                                                             |                9 |             36 |         4.00 |
|  lvds_dclk_buffered                          | gen_fft[0].fftx/stage_8/p_0_in3_out                                           |                                                                             |                9 |             36 |         4.00 |
|  lvds_dclk_buffered                          | gen_fft[1].fftx/stage_16/p_0_in3_out                                          |                                                                             |                9 |             36 |         4.00 |
|  lvds_dclk_buffered                          | gen_fft[3].fftx/stage_2/m_r[0]                                                |                                                                             |                6 |             36 |         6.00 |
|  lvds_dclk_buffered                          | gen_fft[0].fftx/stage_2/sto_r[0]                                              |                                                                             |               10 |             36 |         3.60 |
|  lvds_dclk_buffered                          | gen_fft[1].fftx/stage_32/p_0_in3_out                                          |                                                                             |                9 |             36 |         4.00 |
|  lvds_dclk_buffered                          | gen_fft[3].fftx/stage_8/p_0_in3_out                                           |                                                                             |                9 |             36 |         4.00 |
|  lvds_dclk_buffered                          | gen_fft[1].fftx/stage_2/sto_r[0]                                              |                                                                             |               10 |             36 |         3.60 |
|  lvds_dclk_buffered                          | gen_ch[3].hp_q_r[0]                                                           | gen_ch[2].hp_q_r[11]_i_1_n_0                                                |                6 |             36 |         6.00 |
|  lvds_dclk_buffered                          | gen_fft[3].fftx/stage_2/sto_r[0]                                              |                                                                             |               10 |             36 |         3.60 |
|  lvds_dclk_buffered                          | gen_fft[1].fftx/stage_2/m_r[0]                                                |                                                                             |                9 |             36 |         4.00 |
|  lvds_dclk_buffered                          | gen_fft[1].fftx/stage_8/p_0_in3_out                                           |                                                                             |                9 |             36 |         4.00 |
|  lvds_dclk_buffered                          | gen_fft[2].fftx/stage_32/p_0_in3_out                                          |                                                                             |                9 |             36 |         4.00 |
|  lvds_dclk_buffered                          | gen_fft[3].fftx/stage_32/p_0_in3_out                                          |                                                                             |                9 |             36 |         4.00 |
|  lvds_dclk_buffered                          | gen_fft[1].fftx/stage_16/HWBFLY.bfly/CKPCE_THREE.mpy_pipe_out[16]_i_1__3_n_0  |                                                                             |                8 |             37 |         4.62 |
|  lvds_dclk_buffered                          | gen_fft[0].fftx/stage_64/HWBFLY.bfly/CKPCE_THREE.mpy_pipe_out[16]_i_1__1_n_0  |                                                                             |               11 |             37 |         3.36 |
|  lvds_dclk_buffered                          | gen_fft[3].fftx/stage_256/HWBFLY.bfly/CKPCE_THREE.rp_three[36]_i_1_n_0        |                                                                             |               10 |             37 |         3.70 |
|  lvds_dclk_buffered                          | gen_fft[3].fftx/stage_256/HWBFLY.bfly/CKPCE_THREE.mpy_pipe_out[16]_i_1_n_0    |                                                                             |                8 |             37 |         4.62 |
|  lvds_dclk_buffered                          | gen_fft[3].fftx/stage_256/HWBFLY.bfly/CKPCE_THREE.mpy_pipe_d[19]_i_2_n_0      |                                                                             |               11 |             37 |         3.36 |
|  lvds_dclk_buffered                          | gen_fft[1].fftx/stage_16/HWBFLY.bfly/CKPCE_THREE.rp_three[36]_i_1__3_n_0      |                                                                             |               10 |             37 |         3.70 |
|  lvds_dclk_buffered                          | gen_fft[2].fftx/stage_64/HWBFLY.bfly/CKPCE_THREE.mpy_pipe_d[19]_i_2__1_n_0    |                                                                             |               12 |             37 |         3.08 |
|  lvds_dclk_buffered                          | gen_fft[2].fftx/stage_64/HWBFLY.bfly/CKPCE_THREE.mpy_pipe_out[16]_i_1__1_n_0  |                                                                             |                6 |             37 |         6.17 |
|  lvds_dclk_buffered                          | gen_fft[2].fftx/stage_64/HWBFLY.bfly/CKPCE_THREE.rp_three[36]_i_1__1_n_0      |                                                                             |               10 |             37 |         3.70 |
|  lvds_dclk_buffered                          | gen_fft[3].fftx/stage_32/HWBFLY.bfly/CKPCE_THREE.rp_three[36]_i_1__2_n_0      |                                                                             |               13 |             37 |         2.85 |
|  lvds_dclk_buffered                          | gen_fft[0].fftx/stage_8/HWBFLY.bfly/CKPCE_THREE.rp_three[36]_i_1__4_n_0       |                                                                             |               12 |             37 |         3.08 |
|  lvds_dclk_buffered                          | gen_fft[0].fftx/stage_8/HWBFLY.bfly/CKPCE_THREE.mpy_pipe_out[16]_i_1__4_n_0   |                                                                             |                9 |             37 |         4.11 |
|  lvds_dclk_buffered                          | gen_fft[0].fftx/stage_8/HWBFLY.bfly/CKPCE_THREE.mpy_pipe_d[19]_i_2__4_n_0     |                                                                             |               15 |             37 |         2.47 |
|  lvds_dclk_buffered                          | gen_fft[3].fftx/stage_32/HWBFLY.bfly/CKPCE_THREE.mpy_pipe_out[16]_i_1__2_n_0  |                                                                             |                8 |             37 |         4.62 |
|  lvds_dclk_buffered                          | gen_fft[1].fftx/stage_8/HWBFLY.bfly/CKPCE_THREE.mpy_pipe_d[19]_i_2__4_n_0     |                                                                             |               10 |             37 |         3.70 |
|  lvds_dclk_buffered                          | gen_fft[0].fftx/stage_16/HWBFLY.bfly/CKPCE_THREE.rp_three[36]_i_1__3_n_0      |                                                                             |               12 |             37 |         3.08 |
|  lvds_dclk_buffered                          | gen_fft[0].fftx/stage_16/HWBFLY.bfly/CKPCE_THREE.mpy_pipe_out[16]_i_1__3_n_0  |                                                                             |               10 |             37 |         3.70 |
|  lvds_dclk_buffered                          | gen_fft[0].fftx/stage_16/HWBFLY.bfly/CKPCE_THREE.mpy_pipe_d[19]_i_2__3_n_0    |                                                                             |                8 |             37 |         4.62 |
|  lvds_dclk_buffered                          | gen_fft[2].fftx/stage_32/HWBFLY.bfly/CKPCE_THREE.mpy_pipe_d[19]_i_2__2_n_0    |                                                                             |                9 |             37 |         4.11 |
|  lvds_dclk_buffered                          | gen_fft[0].fftx/stage_32/HWBFLY.bfly/CKPCE_THREE.rp_three[36]_i_1__2_n_0      |                                                                             |               10 |             37 |         3.70 |
|  lvds_dclk_buffered                          | gen_fft[0].fftx/stage_32/HWBFLY.bfly/CKPCE_THREE.mpy_pipe_out[16]_i_1__2_n_0  |                                                                             |               11 |             37 |         3.36 |
|  lvds_dclk_buffered                          | gen_fft[0].fftx/stage_32/HWBFLY.bfly/CKPCE_THREE.mpy_pipe_d[19]_i_2__2_n_0    |                                                                             |               11 |             37 |         3.36 |
|  lvds_dclk_buffered                          | gen_fft[0].fftx/stage_64/HWBFLY.bfly/CKPCE_THREE.rp_three[36]_i_1__1_n_0      |                                                                             |                9 |             37 |         4.11 |
|  lvds_dclk_buffered                          | gen_fft[3].fftx/stage_8/HWBFLY.bfly/CKPCE_THREE.mpy_pipe_d[19]_i_2__4_n_0     |                                                                             |               10 |             37 |         3.70 |
|  lvds_dclk_buffered                          | gen_fft[1].fftx/stage_128/HWBFLY.bfly/CKPCE_THREE.mpy_pipe_out[16]_i_1__0_n_0 |                                                                             |                7 |             37 |         5.29 |
|  lvds_dclk_buffered                          | gen_fft[3].fftx/stage_16/HWBFLY.bfly/CKPCE_THREE.rp_three[36]_i_1__3_n_0      |                                                                             |                8 |             37 |         4.62 |
|  lvds_dclk_buffered                          | gen_fft[3].fftx/stage_16/HWBFLY.bfly/CKPCE_THREE.mpy_pipe_out[16]_i_1__3_n_0  |                                                                             |                6 |             37 |         6.17 |
|  lvds_dclk_buffered                          | gen_fft[1].fftx/stage_256/HWBFLY.bfly/CKPCE_THREE.mpy_pipe_d[19]_i_2_n_0      |                                                                             |               12 |             37 |         3.08 |
|  lvds_dclk_buffered                          | gen_fft[1].fftx/stage_256/HWBFLY.bfly/CKPCE_THREE.mpy_pipe_out[16]_i_1_n_0    |                                                                             |                9 |             37 |         4.11 |
|  lvds_dclk_buffered                          | gen_fft[1].fftx/stage_256/HWBFLY.bfly/CKPCE_THREE.rp_three[36]_i_1_n_0        |                                                                             |               12 |             37 |         3.08 |
|  lvds_dclk_buffered                          | gen_fft[2].fftx/stage_256/HWBFLY.bfly/CKPCE_THREE.mpy_pipe_d[19]_i_2_n_0      |                                                                             |                7 |             37 |         5.29 |
|  lvds_dclk_buffered                          | gen_fft[1].fftx/stage_128/HWBFLY.bfly/CKPCE_THREE.mpy_pipe_d[19]_i_2__0_n_0   |                                                                             |                7 |             37 |         5.29 |
|  lvds_dclk_buffered                          | gen_fft[2].fftx/stage_256/HWBFLY.bfly/CKPCE_THREE.mpy_pipe_out[16]_i_1_n_0    |                                                                             |                8 |             37 |         4.62 |
|  lvds_dclk_buffered                          | gen_fft[2].fftx/stage_256/HWBFLY.bfly/CKPCE_THREE.rp_three[36]_i_1_n_0        |                                                                             |                9 |             37 |         4.11 |
|  lvds_dclk_buffered                          | gen_fft[3].fftx/stage_16/HWBFLY.bfly/CKPCE_THREE.mpy_pipe_d[19]_i_2__3_n_0    |                                                                             |                9 |             37 |         4.11 |
|  lvds_dclk_buffered                          | gen_fft[2].fftx/stage_128/HWBFLY.bfly/CKPCE_THREE.mpy_pipe_d[19]_i_2__0_n_0   |                                                                             |               13 |             37 |         2.85 |
|  lvds_dclk_buffered                          | gen_fft[1].fftx/stage_16/HWBFLY.bfly/CKPCE_THREE.mpy_pipe_d[19]_i_2__3_n_0    |                                                                             |                9 |             37 |         4.11 |
|  lvds_dclk_buffered                          | gen_fft[1].fftx/stage_128/HWBFLY.bfly/CKPCE_THREE.rp_three[36]_i_1__0_n_0     |                                                                             |                7 |             37 |         5.29 |
|  lvds_dclk_buffered                          | gen_fft[2].fftx/stage_128/HWBFLY.bfly/CKPCE_THREE.mpy_pipe_out[16]_i_1__0_n_0 |                                                                             |                6 |             37 |         6.17 |
|  lvds_dclk_buffered                          | gen_fft[1].fftx/stage_64/HWBFLY.bfly/CKPCE_THREE.mpy_pipe_d[19]_i_2__1_n_0    |                                                                             |               11 |             37 |         3.36 |
|  lvds_dclk_buffered                          | gen_fft[1].fftx/stage_64/HWBFLY.bfly/CKPCE_THREE.mpy_pipe_out[16]_i_1__1_n_0  |                                                                             |                9 |             37 |         4.11 |
|  lvds_dclk_buffered                          | gen_fft[1].fftx/stage_64/HWBFLY.bfly/CKPCE_THREE.rp_three[36]_i_1__1_n_0      |                                                                             |                8 |             37 |         4.62 |
|  lvds_dclk_buffered                          | gen_fft[3].fftx/stage_8/HWBFLY.bfly/CKPCE_THREE.rp_three[36]_i_1__4_n_0       |                                                                             |               11 |             37 |         3.36 |
|  lvds_dclk_buffered                          | gen_fft[1].fftx/stage_32/HWBFLY.bfly/CKPCE_THREE.mpy_pipe_d[19]_i_2__2_n_0    |                                                                             |               11 |             37 |         3.36 |
|  lvds_dclk_buffered                          | gen_fft[1].fftx/stage_32/HWBFLY.bfly/CKPCE_THREE.mpy_pipe_out[16]_i_1__2_n_0  |                                                                             |                6 |             37 |         6.17 |
|  lvds_dclk_buffered                          | gen_fft[1].fftx/stage_32/HWBFLY.bfly/CKPCE_THREE.rp_three[36]_i_1__2_n_0      |                                                                             |                9 |             37 |         4.11 |
|  lvds_dclk_buffered                          | gen_fft[3].fftx/stage_8/HWBFLY.bfly/CKPCE_THREE.mpy_pipe_out[16]_i_1__4_n_0   |                                                                             |               10 |             37 |         3.70 |
|  lvds_dclk_buffered                          | gen_fft[2].fftx/stage_128/HWBFLY.bfly/CKPCE_THREE.rp_three[36]_i_1__0_n_0     |                                                                             |                7 |             37 |         5.29 |
|  lvds_dclk_buffered                          | gen_fft[1].fftx/stage_8/HWBFLY.bfly/CKPCE_THREE.rp_three[36]_i_1__4_n_0       |                                                                             |                6 |             37 |         6.17 |
|  lvds_dclk_buffered                          | gen_fft[2].fftx/stage_32/HWBFLY.bfly/CKPCE_THREE.rp_three[36]_i_1__2_n_0      |                                                                             |                8 |             37 |         4.62 |
|  lvds_dclk_buffered                          | gen_fft[2].fftx/stage_8/HWBFLY.bfly/CKPCE_THREE.mpy_pipe_d[19]_i_2__4_n_0     |                                                                             |               14 |             37 |         2.64 |
|  lvds_dclk_buffered                          | gen_fft[0].fftx/stage_256/HWBFLY.bfly/CKPCE_THREE.mpy_pipe_d[19]_i_2_n_0      |                                                                             |               14 |             37 |         2.64 |
|  lvds_dclk_buffered                          | gen_fft[3].fftx/stage_128/HWBFLY.bfly/CKPCE_THREE.mpy_pipe_d[19]_i_2__0_n_0   |                                                                             |                8 |             37 |         4.62 |
|  lvds_dclk_buffered                          | gen_fft[3].fftx/stage_64/HWBFLY.bfly/CKPCE_THREE.rp_three[36]_i_1__1_n_0      |                                                                             |               12 |             37 |         3.08 |
|  lvds_dclk_buffered                          | gen_fft[2].fftx/stage_8/HWBFLY.bfly/CKPCE_THREE.mpy_pipe_out[16]_i_1__4_n_0   |                                                                             |                8 |             37 |         4.62 |
|  lvds_dclk_buffered                          | gen_fft[0].fftx/stage_256/HWBFLY.bfly/CKPCE_THREE.mpy_pipe_out[16]_i_1_n_0    |                                                                             |               12 |             37 |         3.08 |
|  lvds_dclk_buffered                          | gen_fft[0].fftx/stage_256/HWBFLY.bfly/CKPCE_THREE.rp_three[36]_i_1_n_0        |                                                                             |               16 |             37 |         2.31 |
|  lvds_dclk_buffered                          | gen_fft[2].fftx/stage_16/HWBFLY.bfly/CKPCE_THREE.mpy_pipe_d[19]_i_2__3_n_0    |                                                                             |               12 |             37 |         3.08 |
|  lvds_dclk_buffered                          | gen_fft[2].fftx/stage_8/HWBFLY.bfly/CKPCE_THREE.rp_three[36]_i_1__4_n_0       |                                                                             |               10 |             37 |         3.70 |
|  lvds_dclk_buffered                          | gen_fft[1].fftx/stage_8/HWBFLY.bfly/CKPCE_THREE.mpy_pipe_out[16]_i_1__4_n_0   |                                                                             |                8 |             37 |         4.62 |
|  lvds_dclk_buffered                          | gen_fft[0].fftx/stage_128/HWBFLY.bfly/CKPCE_THREE.mpy_pipe_d[19]_i_2__0_n_0   |                                                                             |               11 |             37 |         3.36 |
|  lvds_dclk_buffered                          | gen_fft[3].fftx/stage_64/HWBFLY.bfly/CKPCE_THREE.mpy_pipe_out[16]_i_1__1_n_0  |                                                                             |                7 |             37 |         5.29 |
|  lvds_dclk_buffered                          | gen_fft[0].fftx/stage_128/HWBFLY.bfly/CKPCE_THREE.mpy_pipe_out[16]_i_1__0_n_0 |                                                                             |                8 |             37 |         4.62 |
|  lvds_dclk_buffered                          | gen_fft[2].fftx/stage_32/HWBFLY.bfly/CKPCE_THREE.mpy_pipe_out[16]_i_1__2_n_0  |                                                                             |                7 |             37 |         5.29 |
|  lvds_dclk_buffered                          | gen_fft[0].fftx/stage_64/HWBFLY.bfly/CKPCE_THREE.mpy_pipe_d[19]_i_2__1_n_0    |                                                                             |               11 |             37 |         3.36 |
|  lvds_dclk_buffered                          | gen_fft[3].fftx/stage_64/HWBFLY.bfly/CKPCE_THREE.mpy_pipe_d[19]_i_2__1_n_0    |                                                                             |               15 |             37 |         2.47 |
|  lvds_dclk_buffered                          | gen_fft[2].fftx/stage_16/HWBFLY.bfly/CKPCE_THREE.mpy_pipe_out[16]_i_1__3_n_0  |                                                                             |                9 |             37 |         4.11 |
|  lvds_dclk_buffered                          | gen_fft[2].fftx/stage_16/HWBFLY.bfly/CKPCE_THREE.rp_three[36]_i_1__3_n_0      |                                                                             |                9 |             37 |         4.11 |
|  lvds_dclk_buffered                          | gen_fft[3].fftx/stage_32/HWBFLY.bfly/CKPCE_THREE.mpy_pipe_d[19]_i_2__2_n_0    |                                                                             |               11 |             37 |         3.36 |
|  lvds_dclk_buffered                          | gen_fft[3].fftx/stage_128/HWBFLY.bfly/CKPCE_THREE.rp_three[36]_i_1__0_n_0     |                                                                             |               11 |             37 |         3.36 |
|  lvds_dclk_buffered                          | gen_fft[3].fftx/stage_128/HWBFLY.bfly/CKPCE_THREE.mpy_pipe_out[16]_i_1__0_n_0 |                                                                             |                7 |             37 |         5.29 |
|  lvds_dclk_buffered                          | gen_fft[0].fftx/stage_128/HWBFLY.bfly/CKPCE_THREE.rp_three[36]_i_1__0_n_0     |                                                                             |               17 |             37 |         2.18 |
|  lvds_dclk_buffered                          | gen_fft[3].fftx/stage_8/HWBFLY.bfly/CKPCE_THREE.mpy_pipe_d[19]_i_2__4_n_0     | gen_fft[3].fftx/stage_8/HWBFLY.bfly/CKPCE_THREE.mpy_pipe_d[19]_i_1__6_n_0   |               10 |             38 |         3.80 |
|  lvds_dclk_buffered                          | gen_fft[0].fftx/stage_8/HWBFLY.bfly/CKPCE_THREE.mpy_pipe_d[19]_i_2__4_n_0     | gen_fft[0].fftx/stage_8/HWBFLY.bfly/CKPCE_THREE.mpy_pipe_d[19]_i_1__6_n_0   |               10 |             38 |         3.80 |
|  lvds_dclk_buffered                          | gen_fft[2].fftx/stage_8/HWBFLY.bfly/CKPCE_THREE.mpy_pipe_d[19]_i_2__4_n_0     | gen_fft[2].fftx/stage_8/HWBFLY.bfly/CKPCE_THREE.mpy_pipe_d[19]_i_1__6_n_0   |               10 |             38 |         3.80 |
|  lvds_dclk_buffered                          | gen_fft[1].fftx/stage_8/HWBFLY.bfly/CKPCE_THREE.mpy_pipe_d[19]_i_2__4_n_0     | gen_fft[1].fftx/stage_8/HWBFLY.bfly/CKPCE_THREE.mpy_pipe_d[19]_i_1__6_n_0   |               10 |             38 |         3.80 |
|  lvds_dclk_buffered                          | gen_fft[0].fftx/stage_512/HWBFLY.bfly/CKPCE_THREE.mpy_pipe_c[19]_i_2_n_0      | gen_fft[0].fftx/stage_512/HWBFLY.bfly/CKPCE_THREE.mpy_pipe_c[19]_i_1__0_n_0 |               10 |             39 |         3.90 |
|  lvds_dclk_buffered                          | gen_fft[1].fftx/stage_512/HWBFLY.bfly/CKPCE_THREE.mpy_pipe_c[19]_i_2_n_0      | gen_fft[1].fftx/stage_512/HWBFLY.bfly/CKPCE_THREE.mpy_pipe_c[19]_i_1__0_n_0 |               10 |             39 |         3.90 |
|  lvds_dclk_buffered                          | gen_fft[2].fftx/stage_512/HWBFLY.bfly/CKPCE_THREE.mpy_pipe_c[19]_i_2_n_0      | gen_fft[2].fftx/stage_512/HWBFLY.bfly/CKPCE_THREE.mpy_pipe_c[19]_i_1__0_n_0 |               10 |             39 |         3.90 |
|  lvds_dclk_buffered                          | gen_fft[3].fftx/stage_512/HWBFLY.bfly/CKPCE_THREE.mpy_pipe_c[19]_i_2_n_0      | gen_fft[3].fftx/stage_512/HWBFLY.bfly/CKPCE_THREE.mpy_pipe_c[19]_i_1__0_n_0 |               10 |             39 |         3.90 |
|  lvds_dclk_buffered                          | gen_fft[1].fftx/stage_16/HWBFLY.bfly/CKPCE_THREE.mpy_pipe_d[19]_i_2__3_n_0    | gen_fft[1].fftx/stage_16/HWBFLY.bfly/CKPCE_THREE.mpy_pipe_d[19]_i_1__5_n_0  |               11 |             41 |         3.73 |
|  lvds_dclk_buffered                          | gen_fft[3].fftx/stage_256/HWBFLY.bfly/CKPCE_THREE.mpy_pipe_d[19]_i_2_n_0      | gen_fft[3].fftx/stage_256/HWBFLY.bfly/CKPCE_THREE.mpy_pipe_d[19]_i_1__1_n_0 |               11 |             41 |         3.73 |
|  lvds_dclk_buffered                          | gen_fft[0].fftx/stage_512/HWBFLY.bfly/CKPCE_THREE.mpy_pipe_c[40]_i_1__3_n_0   |                                                                             |               17 |             41 |         2.41 |
|  lvds_dclk_buffered                          | gen_fft[3].fftx/stage_16/HWBFLY.bfly/CKPCE_THREE.mpy_pipe_d[19]_i_2__3_n_0    | gen_fft[3].fftx/stage_16/HWBFLY.bfly/CKPCE_THREE.mpy_pipe_d[19]_i_1__5_n_0  |               11 |             41 |         3.73 |
|  lvds_dclk_buffered                          | gen_fft[3].fftx/stage_128/HWBFLY.bfly/CKPCE_THREE.mpy_pipe_d[19]_i_2__0_n_0   | gen_fft[3].fftx/stage_128/HWBFLY.bfly/CKPCE_THREE.mpy_pipe_d[19]_i_1__2_n_0 |               11 |             41 |         3.73 |
|  lvds_dclk_buffered                          | gen_fft[1].fftx/stage_128/HWBFLY.bfly/CKPCE_THREE.mpy_pipe_d[19]_i_2__0_n_0   | gen_fft[1].fftx/stage_128/HWBFLY.bfly/CKPCE_THREE.mpy_pipe_d[19]_i_1__2_n_0 |               11 |             41 |         3.73 |
|  lvds_dclk_buffered                          | gen_fft[0].fftx/stage_64/HWBFLY.bfly/CKPCE_THREE.mpy_pipe_d[19]_i_2__1_n_0    | gen_fft[0].fftx/stage_64/HWBFLY.bfly/CKPCE_THREE.mpy_pipe_d[19]_i_1__3_n_0  |               11 |             41 |         3.73 |
|  lvds_dclk_buffered                          | gen_fft[2].fftx/stage_128/HWBFLY.bfly/CKPCE_THREE.mpy_pipe_d[19]_i_2__0_n_0   | gen_fft[2].fftx/stage_128/HWBFLY.bfly/CKPCE_THREE.mpy_pipe_d[19]_i_1__2_n_0 |               11 |             41 |         3.73 |
|  lvds_dclk_buffered                          | gen_fft[3].fftx/stage_32/HWBFLY.bfly/CKPCE_THREE.mpy_pipe_d[19]_i_2__2_n_0    | gen_fft[3].fftx/stage_32/HWBFLY.bfly/CKPCE_THREE.mpy_pipe_d[19]_i_1__4_n_0  |               11 |             41 |         3.73 |
|  lvds_dclk_buffered                          | gen_fft[1].fftx/stage_32/HWBFLY.bfly/CKPCE_THREE.mpy_pipe_d[19]_i_2__2_n_0    | gen_fft[1].fftx/stage_32/HWBFLY.bfly/CKPCE_THREE.mpy_pipe_d[19]_i_1__4_n_0  |               11 |             41 |         3.73 |
|  lvds_dclk_buffered                          | gen_fft[3].fftx/stage_64/HWBFLY.bfly/CKPCE_THREE.mpy_pipe_d[19]_i_2__1_n_0    | gen_fft[3].fftx/stage_64/HWBFLY.bfly/CKPCE_THREE.mpy_pipe_d[19]_i_1__3_n_0  |               11 |             41 |         3.73 |
|  lvds_dclk_buffered                          | gen_fft[1].fftx/stage_64/HWBFLY.bfly/CKPCE_THREE.mpy_pipe_d[19]_i_2__1_n_0    | gen_fft[1].fftx/stage_64/HWBFLY.bfly/CKPCE_THREE.mpy_pipe_d[19]_i_1__3_n_0  |               11 |             41 |         3.73 |
|  lvds_dclk_buffered                          | gen_fft[0].fftx/stage_32/HWBFLY.bfly/CKPCE_THREE.mpy_pipe_d[19]_i_2__2_n_0    | gen_fft[0].fftx/stage_32/HWBFLY.bfly/CKPCE_THREE.mpy_pipe_d[19]_i_1__4_n_0  |               11 |             41 |         3.73 |
|  lvds_dclk_buffered                          | gen_fft[0].fftx/stage_128/HWBFLY.bfly/CKPCE_THREE.mpy_pipe_d[19]_i_2__0_n_0   | gen_fft[0].fftx/stage_128/HWBFLY.bfly/CKPCE_THREE.mpy_pipe_d[19]_i_1__2_n_0 |               11 |             41 |         3.73 |
|  lvds_dclk_buffered                          | gen_fft[1].fftx/stage_512/HWBFLY.bfly/CKPCE_THREE.mpy_pipe_c[40]_i_1__3_n_0   |                                                                             |               19 |             41 |         2.16 |
|  lvds_dclk_buffered                          | gen_fft[0].fftx/stage_16/HWBFLY.bfly/CKPCE_THREE.mpy_pipe_d[19]_i_2__3_n_0    | gen_fft[0].fftx/stage_16/HWBFLY.bfly/CKPCE_THREE.mpy_pipe_d[19]_i_1__5_n_0  |               11 |             41 |         3.73 |
|  lvds_dclk_buffered                          | gen_fft[2].fftx/stage_32/HWBFLY.bfly/CKPCE_THREE.mpy_pipe_d[19]_i_2__2_n_0    | gen_fft[2].fftx/stage_32/HWBFLY.bfly/CKPCE_THREE.mpy_pipe_d[19]_i_1__4_n_0  |               11 |             41 |         3.73 |
|  lvds_dclk_buffered                          | gen_fft[1].fftx/stage_256/HWBFLY.bfly/CKPCE_THREE.mpy_pipe_d[19]_i_2_n_0      | gen_fft[1].fftx/stage_256/HWBFLY.bfly/CKPCE_THREE.mpy_pipe_d[19]_i_1__1_n_0 |               11 |             41 |         3.73 |
|  lvds_dclk_buffered                          | gen_fft[2].fftx/stage_512/HWBFLY.bfly/CKPCE_THREE.mpy_pipe_c[40]_i_1__3_n_0   |                                                                             |               19 |             41 |         2.16 |
|  lvds_dclk_buffered                          | gen_fft[2].fftx/stage_16/HWBFLY.bfly/CKPCE_THREE.mpy_pipe_d[19]_i_2__3_n_0    | gen_fft[2].fftx/stage_16/HWBFLY.bfly/CKPCE_THREE.mpy_pipe_d[19]_i_1__5_n_0  |               11 |             41 |         3.73 |
|  lvds_dclk_buffered                          | gen_fft[0].fftx/stage_256/HWBFLY.bfly/CKPCE_THREE.mpy_pipe_d[19]_i_2_n_0      | gen_fft[0].fftx/stage_256/HWBFLY.bfly/CKPCE_THREE.mpy_pipe_d[19]_i_1__1_n_0 |               11 |             41 |         3.73 |
|  lvds_dclk_buffered                          | gen_fft[2].fftx/stage_256/HWBFLY.bfly/CKPCE_THREE.mpy_pipe_d[19]_i_2_n_0      | gen_fft[2].fftx/stage_256/HWBFLY.bfly/CKPCE_THREE.mpy_pipe_d[19]_i_1__1_n_0 |               11 |             41 |         3.73 |
|  lvds_dclk_buffered                          | gen_fft[2].fftx/stage_64/HWBFLY.bfly/CKPCE_THREE.mpy_pipe_d[19]_i_2__1_n_0    | gen_fft[2].fftx/stage_64/HWBFLY.bfly/CKPCE_THREE.mpy_pipe_d[19]_i_1__3_n_0  |               11 |             41 |         3.73 |
|  lvds_dclk_buffered                          | gen_fft[3].fftx/stage_512/HWBFLY.bfly/CKPCE_THREE.mpy_pipe_c[40]_i_1__3_n_0   |                                                                             |               19 |             41 |         2.16 |
|  lvds_dclk_buffered                          | gen_fft[3].fftx/stage_32/omem_reg_0_15_0_5_i_1_n_0                            |                                                                             |                6 |             48 |         8.00 |
|  lvds_dclk_buffered                          | gen_fft[3].fftx/stage_8/omem_reg_0_3_0_5_i_1_n_0                              |                                                                             |                6 |             48 |         8.00 |
|  lvds_dclk_buffered                          | gen_fft[0].fftx/stage_32/omem_reg_0_15_0_5_i_1_n_0                            |                                                                             |                6 |             48 |         8.00 |
|  lvds_dclk_buffered                          | gen_fft[1].fftx/stage_8/omem_reg_0_3_0_5_i_1_n_0                              |                                                                             |                6 |             48 |         8.00 |
|  lvds_dclk_buffered                          | gen_fft[3].fftx/stage_16/omem_reg_0_7_0_5_i_1_n_0                             |                                                                             |                6 |             48 |         8.00 |
|  lvds_dclk_buffered                          | gen_fft[2].fftx/stage_8/omem_reg_0_3_0_5_i_1_n_0                              |                                                                             |                6 |             48 |         8.00 |
|  lvds_dclk_buffered                          | gen_fft[0].fftx/stage_16/omem_reg_0_7_0_5_i_1_n_0                             |                                                                             |                6 |             48 |         8.00 |
|  lvds_dclk_buffered                          | gen_fft[1].fftx/stage_32/omem_reg_0_15_0_5_i_1_n_0                            |                                                                             |                6 |             48 |         8.00 |
|  lvds_dclk_buffered                          | gen_fft[2].fftx/stage_32/omem_reg_0_15_0_5_i_1_n_0                            |                                                                             |                6 |             48 |         8.00 |
|  lvds_dclk_buffered                          | adc_sequencer0/o_adc_frameStrobe                                              | gen_agc[3].peak_acc[0]                                                      |               18 |             48 |         2.67 |
|  lvds_dclk_buffered                          | gen_fft[2].fftx/stage_16/omem_reg_0_7_0_5_i_1_n_0                             |                                                                             |                6 |             48 |         8.00 |
|  lvds_dclk_buffered                          | gen_fft[0].fftx/stage_8/omem_reg_0_3_0_5_i_1_n_0                              |                                                                             |                6 |             48 |         8.00 |
|  lvds_dclk_buffered                          | gen_fft[1].fftx/stage_16/omem_reg_0_7_0_5_i_1_n_0                             |                                                                             |                6 |             48 |         8.00 |
|  lvds_dclk_buffered                          | gen_fft[2].fftx/stage_8/HWBFLY.bfly/CKPCE_THREE.mpy_pipe_d[59]_i_1_n_0        |                                                                             |               21 |             54 |         2.57 |
|  lvds_dclk_buffered                          | gen_fft[3].fftx/stage_8/HWBFLY.bfly/CKPCE_THREE.mpy_pipe_d[59]_i_1_n_0        |                                                                             |               22 |             54 |         2.45 |
|  lvds_dclk_buffered                          | gen_fft[0].fftx/stage_8/HWBFLY.bfly/CKPCE_THREE.mpy_pipe_d[59]_i_1_n_0        |                                                                             |               22 |             54 |         2.45 |
|  lvds_dclk_buffered                          | gen_fft[1].fftx/stage_8/HWBFLY.bfly/CKPCE_THREE.mpy_pipe_d[59]_i_1_n_0        |                                                                             |               21 |             54 |         2.57 |
|  hdmi_clk0/o_clk_pix                         |                                                                               | global_rst                                                                  |               32 |             55 |         1.72 |
|  lvds_dclk_buffered                          | in_frame_end                                                                  | global_rst                                                                  |               16 |             56 |         3.50 |
| ~lvds_dclk_buffered                          | wf_wcol[8]_i_1_n_0                                                            |                                                                             |               16 |             59 |         3.69 |
|  lvds_dclk_buffered                          | gen_ch[3].hp_q_r[0]                                                           |                                                                             |               17 |             60 |         3.53 |
|  lvds_dclk_buffered                          | gen_fft[0].fftx/stage_128/HWBFLY.bfly/CKPCE_THREE.mpy_pipe_d[59]_i_1__3_n_0   |                                                                             |               25 |             64 |         2.56 |
|  lvds_dclk_buffered                          | gen_fft[2].fftx/stage_64/HWBFLY.bfly/CKPCE_THREE.mpy_pipe_d[59]_i_1__2_n_0    |                                                                             |               21 |             64 |         3.05 |
|  lvds_dclk_buffered                          | gen_fft[1].fftx/stage_64/HWBFLY.bfly/CKPCE_THREE.mpy_pipe_d[59]_i_1__2_n_0    |                                                                             |               25 |             64 |         2.56 |
|  lvds_dclk_buffered                          | gen_fft[0].fftx/stage_256/HWBFLY.bfly/CKPCE_THREE.mpy_pipe_d[59]_i_1__4_n_0   |                                                                             |               26 |             64 |         2.46 |
|  lvds_dclk_buffered                          | gen_fft[1].fftx/stage_256/HWBFLY.bfly/CKPCE_THREE.mpy_pipe_d[59]_i_1__4_n_0   |                                                                             |               26 |             64 |         2.46 |
|  lvds_dclk_buffered                          | gen_fft[3].fftx/stage_16/HWBFLY.bfly/CKPCE_THREE.mpy_pipe_d[59]_i_1__0_n_0    |                                                                             |               23 |             64 |         2.78 |
|  lvds_dclk_buffered                          | gen_fft[0].fftx/stage_16/HWBFLY.bfly/CKPCE_THREE.mpy_pipe_d[59]_i_1__0_n_0    |                                                                             |               26 |             64 |         2.46 |
|  lvds_dclk_buffered                          | gen_fft[2].fftx/stage_32/HWBFLY.bfly/CKPCE_THREE.mpy_pipe_d[59]_i_1__1_n_0    |                                                                             |               24 |             64 |         2.67 |
| ~lvds_dclk_buffered                          | wrSpec_new[0]                                                                 |                                                                             |               19 |             64 |         3.37 |
|  video_clk0/inst/o_clk_120M                  |                                                                               |                                                                             |               23 |             64 |         2.78 |
|  lvds_dclk_buffered                          | gen_fft[0].fftx/stage_32/HWBFLY.bfly/CKPCE_THREE.mpy_pipe_d[59]_i_1__1_n_0    |                                                                             |               27 |             64 |         2.37 |
|  lvds_dclk_buffered                          | gen_fft[2].fftx/stage_16/HWBFLY.bfly/CKPCE_THREE.mpy_pipe_d[59]_i_1__0_n_0    |                                                                             |               21 |             64 |         3.05 |
|  lvds_dclk_buffered                          | gen_fft[3].fftx/stage_32/HWBFLY.bfly/CKPCE_THREE.mpy_pipe_d[59]_i_1__1_n_0    |                                                                             |               21 |             64 |         3.05 |
|  lvds_dclk_buffered                          | gen_fft[3].fftx/stage_64/HWBFLY.bfly/CKPCE_THREE.mpy_pipe_d[59]_i_1__2_n_0    |                                                                             |               26 |             64 |         2.46 |
|  lvds_dclk_buffered                          | gen_fft[1].fftx/stage_32/HWBFLY.bfly/CKPCE_THREE.mpy_pipe_d[59]_i_1__1_n_0    |                                                                             |               28 |             64 |         2.29 |
|  lvds_dclk_buffered                          | gen_fft[2].fftx/stage_128/HWBFLY.bfly/CKPCE_THREE.mpy_pipe_d[59]_i_1__3_n_0   |                                                                             |               25 |             64 |         2.56 |
|  lvds_dclk_buffered                          | gen_fft[3].fftx/stage_128/HWBFLY.bfly/CKPCE_THREE.mpy_pipe_d[59]_i_1__3_n_0   |                                                                             |               25 |             64 |         2.56 |
|  lvds_dclk_buffered                          | gen_fft[0].fftx/stage_64/HWBFLY.bfly/CKPCE_THREE.mpy_pipe_d[59]_i_1__2_n_0    |                                                                             |               28 |             64 |         2.29 |
|  lvds_dclk_buffered                          | gen_fft[1].fftx/stage_128/HWBFLY.bfly/CKPCE_THREE.mpy_pipe_d[59]_i_1__3_n_0   |                                                                             |               23 |             64 |         2.78 |
|  lvds_dclk_buffered                          | adc2_cdc/o_rdata[59]_i_1_n_0                                                  | lvds_irx1/SR[0]                                                             |               19 |             64 |         3.37 |
|  lvds_dclk_buffered                          | gen_fft[1].fftx/stage_16/HWBFLY.bfly/CKPCE_THREE.mpy_pipe_d[59]_i_1__0_n_0    |                                                                             |               24 |             64 |         2.67 |
|  lvds_dclk_buffered                          | gen_fft[3].fftx/stage_256/HWBFLY.bfly/CKPCE_THREE.mpy_pipe_d[59]_i_1__4_n_0   |                                                                             |               28 |             64 |         2.29 |
|  lvds_dclk_buffered                          | gen_fft[2].fftx/stage_256/HWBFLY.bfly/CKPCE_THREE.mpy_pipe_d[59]_i_1__4_n_0   |                                                                             |               27 |             64 |         2.37 |
|  lvds_dclk_buffered                          | gen_fft[2].fftx/stage_4/sum_r0                                                |                                                                             |               20 |             76 |         3.80 |
|  lvds_dclk_buffered                          | gen_fft[3].fftx/stage_4/sum_r0                                                |                                                                             |               20 |             76 |         3.80 |
|  lvds_dclk_buffered                          | gen_fft[0].fftx/stage_4/sum_r0                                                |                                                                             |               20 |             76 |         3.80 |
|  lvds_dclk_buffered                          | gen_fft[1].fftx/stage_4/sum_r0                                                |                                                                             |               20 |             76 |         3.80 |
|  lvds_dclk2_buffered                         | adc2_cdc/p_0_in                                                               |                                                                             |               10 |             80 |         8.00 |
|  lvds_dclk_buffered                          | adc_sequencer0/o_mem_sampleStrobe                                             |                                                                             |               48 |            100 |         2.08 |
|  lvds_dclk_buffered                          |                                                                               | global_rst                                                                  |               98 |            204 |         2.08 |
|  lvds_dclk_buffered                          |                                                                               | lvds_irx1/SR[0]                                                             |               99 |            293 |         2.96 |
|  lvds_dclk_buffered                          | adc_sequencer0/o_adc_frameStrobe                                              | lvds_irx1/SR[0]                                                             |              293 |            920 |         3.14 |
|  lvds_dclk_buffered                          |                                                                               |                                                                             |              307 |           1052 |         3.43 |
|  hdmi_clk0/o_clk_pix                         |                                                                               |                                                                             |              468 |           1504 |         3.21 |
|  lvds_dclk_buffered                          | adc_sequencer0/o_adc_frameStrobe                                              | global_rst                                                                  |              735 |           3699 |         5.03 |
|  lvds_dclk_buffered                          | adc_sequencer0/o_adc_frameStrobe                                              |                                                                             |             3556 |          18836 |         5.30 |
+----------------------------------------------+-------------------------------------------------------------------------------+-----------------------------------------------------------------------------+------------------+----------------+--------------+


